A,nu,a,at,dt,dtt,taut,n_steps,arm,seed,A_hat,xc_hat,nu_hat,fit_rms,at_bound,l2_vs_exact,runtime_s
1.0,0.5,2.0,2.0,0.0025,0.005,0.5,100,cond_mean,0,1.000172969643002,2.003167284318991,0.5013768163583462,0.0018873186830342943,0,0.01008753871112976,0.23383598214214935
1.0,0.5,2.0,2.0,0.0025,0.005,1.0,200,cond_mean,0,1.0002757546368648,1.9934993170682247,0.5093026132249198,0.0019188079942912036,0,0.01675291712881565,0.23383598214214935
1.0,0.5,2.0,2.0,0.0025,0.005,2.0,400,cond_mean,0,1.0003266924308838,2.004624176790652,0.5091123296091903,0.0024558478701194953,0,0.017385141161093264,0.23383598214214935
1.0,0.5,2.0,2.0,0.0025,0.005,3.5,700,cond_mean,0,1.0001130908999196,2.0005457882317366,0.5051972786333293,0.0013489368905388883,0,0.009353717505881294,0.23383598214214935
1.0,0.5,2.0,2.0,0.0025,0.005,5.0,1000,cond_mean,0,0.9997566986256602,2.032241679884215,0.49851248017592825,0.002168956057154694,0,0.03879157658556077,0.23383598214214935
1.0,0.5,2.0,2.0,0.0025,0.005,10.0,2000,cond_mean,0,0.9998979387562644,2.002255932369437,0.5024789569962483,0.0012754705502272233,0,0.007624951631966956,0.23383598214214935
1.0,0.5,2.0,2.0,0.0025,0.005,20.0,4000,cond_mean,0,0.9998646711696683,1.9636901580319928,0.49377572443717554,0.00142409766047246,0,0.04335310915650257,0.23383598214214935
1.0,0.5,2.0,2.0,0.0025,0.005,0.5,100,cond_mean,1,0.999935615157595,1.995633968385094,0.5020085849181388,0.0015189069570909087,0,0.009417095016830933,0.23171739285213075
1.0,0.5,2.0,2.0,0.0025,0.005,1.0,200,cond_mean,1,0.999971762306129,1.9905905113192148,0.5065744943766032,0.0020897702545150084,0,0.017263734359205078,0.23171739285213075
1.0,0.5,2.0,2.0,0.0025,0.005,2.0,400,cond_mean,1,1.0001195945465744,2.000171438630107,0.5035711700647729,0.0027257545939802755,0,0.014093219387044583,0.23171739285213075
1.0,0.5,2.0,2.0,0.0025,0.005,3.5,700,cond_mean,1,0.9996647869319186,1.9831679104791005,0.4978123118168143,0.002298366351731627,0,0.022632612466223428,0.23171739285213075
1.0,0.5,2.0,2.0,0.0025,0.005,5.0,1000,cond_mean,1,0.9999199001188694,1.972957138202326,0.5095212359807152,0.003056237068204505,0,0.03661112641677987,0.23171739285213075
1.0,0.5,2.0,2.0,0.0025,0.005,10.0,2000,cond_mean,1,0.9997787139961848,1.9737938156417096,0.49957667569455755,0.002441091454478586,0,0.032565979100709616,0.23171739285213075
1.0,0.5,2.0,2.0,0.0025,0.005,20.0,4000,cond_mean,1,0.9996961244917831,1.9461497239678174,0.4956713247047199,0.0019842150512016537,0,0.06326443088958097,0.23171739285213075
1.0,0.5,2.0,2.0,0.0025,0.005,0.5,100,cond_mean,2,0.9998019068880357,1.992288527898028,0.49665121515338784,0.0014412729273952719,0,0.012085824501249166,0.25398007141692297
1.0,0.5,2.0,2.0,0.0025,0.005,1.0,200,cond_mean,2,0.9998154749907179,1.9972914556287715,0.49471195008388086,0.001975701960878883,0,0.01214422585163723,0.25398007141692297
1.0,0.5,2.0,2.0,0.0025,0.005,2.0,400,cond_mean,2,0.9996168333974976,2.0164114832254416,0.5009961679091595,0.00225484882651022,0,0.022112157160210533,0.25398007141692297
1.0,0.5,2.0,2.0,0.0025,0.005,3.5,700,cond_mean,2,1.0001791001606795,2.0330035374812794,0.5031600966691577,0.002043526967231754,0,0.039537484596147254,0.25398007141692297
1.0,0.5,2.0,2.0,0.0025,0.005,5.0,1000,cond_mean,2,1.000203419472792,2.0421094218227234,0.5051842227253684,0.0017119779334283857,0,0.04960712851782192,0.25398007141692297
1.0,0.5,2.0,2.0,0.0025,0.005,10.0,2000,cond_mean,2,1.0003175952106875,2.0408881317861947,0.49794724415974356,0.0020016533672550757,0,0.048396536404562776,0.25398007141692297
1.0,0.5,2.0,2.0,0.0025,0.005,20.0,4000,cond_mean,2,0.999739744699249,2.0725465856506458,0.4896726782069809,0.0025474248334130564,0,0.08598525986852541,0.25398007141692297
1.0,0.5,2.0,2.0,0.0025,0.005,0.5,100,cond_mean,3,1.000502644855727,1.9992040552130772,0.5111092323029754,0.0022380989883775677,0,0.01755126748512268,0.22937839885707945
1.0,0.5,2.0,2.0,0.0025,0.005,1.0,200,cond_mean,3,1.0003957175745872,2.001101838494566,0.5107616849857809,0.002274551672745705,0,0.01745644576427797,0.22937839885707945
1.0,0.5,2.0,2.0,0.0025,0.005,2.0,400,cond_mean,3,1.0000348118828783,2.009262788518612,0.5018009059420994,0.002121229649692241,0,0.015100320677371777,0.22937839885707945
1.0,0.5,2.0,2.0,0.0025,0.005,3.5,700,cond_mean,3,0.9998683194880525,1.9984449081756215,0.49827381774104773,0.0019713435553224924,0,0.010051471764280373,0.22937839885707945
1.0,0.5,2.0,2.0,0.0025,0.005,5.0,1000,cond_mean,3,0.9998748967284076,1.990877421685033,0.5078853265501762,0.001965332147351849,0,0.017725651580982882,0.22937839885707945
1.0,0.5,2.0,2.0,0.0025,0.005,10.0,2000,cond_mean,3,1.0001215433156319,1.9639643140314453,0.5102080948181918,0.0021898315977707697,0,0.04465095279404832,0.22937839885707945
1.0,0.5,2.0,2.0,0.0025,0.005,20.0,4000,cond_mean,3,1.0000336562987688,1.9442801380045904,0.49997301625408785,0.0018032339274898317,0,0.06494681625997636,0.22937839885707945
1.0,0.5,2.0,2.0,0.0025,0.005,0.5,100,cond_mean,4,1.0002003276206082,1.999745421686425,0.5069965430994696,0.002112710782124005,0,0.013564964151734884,0.2304147917145331
1.0,0.5,2.0,2.0,0.0025,0.005,1.0,200,cond_mean,4,1.0005577466627158,1.9986646894882336,0.5167882587307908,0.0030209848700052297,0,0.02567429146812109,0.2304147917145331
1.0,0.5,2.0,2.0,0.0025,0.005,2.0,400,cond_mean,4,1.0006210040390255,1.988176232210397,0.5203058132239349,0.004260989526464217,0,0.035687392130369845,0.2304147917145331
1.0,0.5,2.0,2.0,0.0025,0.005,3.5,700,cond_mean,4,0.9998384634499071,1.99655217440132,0.5005825876594382,0.0027923485262646213,0,0.014326173958414281,0.2304147917145331
1.0,0.5,2.0,2.0,0.0025,0.005,5.0,1000,cond_mean,4,1.00031274056287,2.013773120733091,0.4985838901888971,0.0017515217421652874,0,0.018313041053107215,0.2304147917145331
1.0,0.5,2.0,2.0,0.0025,0.005,10.0,2000,cond_mean,4,1.000327527065112,2.0037639091731285,0.5057905688965956,0.0019281230765353051,0,0.01256954728567095,0.2304147917145331
1.0,0.5,2.0,2.0,0.0025,0.005,20.0,4000,cond_mean,4,0.9994165203357456,1.991376378424572,0.5036536728670387,0.002573772735594816,0,0.01736110285076493,0.2304147917145331
1.0,0.5,2.0,2.0,0.0025,0.005,0.5,100,cond_mean,5,0.9999750197997991,2.001802063394775,0.5015603505258175,0.0018592245437823675,0,0.009584578734334308,0.2321095892860155
1.0,0.5,2.0,2.0,0.0025,0.005,1.0,200,cond_mean,5,0.999949969820992,1.9971470415572412,0.49861687289803913,0.0020655495500180917,0,0.010789757773172664,0.2321095892860155
1.0,0.5,2.0,2.0,0.0025,0.005,2.0,400,cond_mean,5,0.9998407973649007,2.0002994898236777,0.49484244387890214,0.0018219426485212343,0,0.011030331495466986,0.2321095892860155
1.0,0.5,2.0,2.0,0.0025,0.005,3.5,700,cond_mean,5,1.0000905281622157,1.987837623563643,0.4998614055544006,0.0022600645940212944,0,0.01790425921405374,0.2321095892860155
1.0,0.5,2.0,2.0,0.0025,0.005,5.0,1000,cond_mean,5,1.0000494171892265,1.9762580032443227,0.5033294543693023,0.004092890916696239,0,0.03426387315042868,0.2321095892860155
1.0,0.5,2.0,2.0,0.0025,0.005,10.0,2000,cond_mean,5,1.0000237467791147,1.9906548936447317,0.5021486142209111,0.0013953086242559558,0,0.013062699128787885,0.2321095892860155
1.0,0.5,2.0,2.0,0.0025,0.005,20.0,4000,cond_mean,5,1.0003156656544738,1.923803794030449,0.5006953144018687,0.002452595771301005,0,0.08877475173669844,0.2321095892860155
1.0,0.5,2.0,2.0,0.0025,0.005,0.5,100,cond_mean,6,1.000300765385879,1.9997746482203924,0.5061058666091462,0.0020562435875326407,0,0.012550380961695131,0.22919277984848513
1.0,0.5,2.0,2.0,0.0025,0.005,1.0,200,cond_mean,6,1.0002484623166559,1.99748727510798,0.5030698066981142,0.001994144520896181,0,0.010842194956130095,0.22919277984848513
1.0,0.5,2.0,2.0,0.0025,0.005,2.0,400,cond_mean,6,1.0004383745207646,1.9951288819354895,0.5101948554319056,0.002338093866015798,0,0.01792068058962486,0.22919277984848513
1.0,0.5,2.0,2.0,0.0025,0.005,3.5,700,cond_mean,6,1.0000226621733075,1.98843130914763,0.50546300475834,0.001773309097508467,0,0.01745202130036613,0.22919277984848513
1.0,0.5,2.0,2.0,0.0025,0.005,5.0,1000,cond_mean,6,1.000075242287903,1.9740443017582214,0.5121603634590698,0.0017387039921490106,0,0.034735268715174336,0.22919277984848513
1.0,0.5,2.0,2.0,0.0025,0.005,10.0,2000,cond_mean,6,1.0001735413884514,1.954525506900989,0.5105486414684396,0.0012435760733723786,0,0.05428003231644523,0.22919277984848513
1.0,0.5,2.0,2.0,0.0025,0.005,20.0,4000,cond_mean,6,1.000008215476275,1.9639660819987605,0.4955661846976453,0.0026834577841395577,0,0.044127809021696676,0.22919277984848513
1.0,0.5,2.0,2.0,0.0025,0.005,0.5,100,cond_mean,7,1.0001089476614993,1.9973050798326017,0.5012025925643894,0.002190247317754589,0,0.011272101281227844,0.22978901184563125
1.0,0.5,2.0,2.0,0.0025,0.005,1.0,200,cond_mean,7,1.0000712276049553,1.9958829818942523,0.5071173623931733,0.002207472426840265,0,0.014924657892205574,0.22978901184563125
1.0,0.5,2.0,2.0,0.0025,0.005,2.0,400,cond_mean,7,1.0000201065713041,1.9762998735140929,0.5002766599177727,0.00183793349247678,0,0.028808877840240582,0.22978901184563125
1.0,0.5,2.0,2.0,0.0025,0.005,3.5,700,cond_mean,7,1.0000434295965854,1.978171720388318,0.4986330042429862,0.002063804344733776,0,0.027249930054024263,0.22978901184563125
1.0,0.5,2.0,2.0,0.0025,0.005,5.0,1000,cond_mean,7,1.0000738489937415,1.9784131299642873,0.49892263774001266,0.0016680728612594238,0,0.02629101220199724,0.22978901184563125
1.0,0.5,2.0,2.0,0.0025,0.005,10.0,2000,cond_mean,7,1.0003058124350612,1.988067424377552,0.5095096742522586,0.001781836825644405,0,0.020107596915058163,0.22978901184563125
1.0,0.5,2.0,2.0,0.0025,0.005,20.0,4000,cond_mean,7,0.9999875900029511,2.0222018859812745,0.5021697816802194,0.0018192823969407665,0,0.02727336623659247,0.22978901184563125
1.0,0.5,2.0,2.0,0.0025,0.005,0.5,100,cond_mean,8,1.0000543976594773,1.9917049974322978,0.4984435724793899,0.0015475075243850367,0,0.012420309530618479,0.2297818690006222
1.0,0.5,2.0,2.0,0.0025,0.005,1.0,200,cond_mean,8,1.0001767722414392,1.9959953874160756,0.5027178917803499,0.0016277718977290496,0,0.009783832298675233,0.2297818690006222
1.0,0.5,2.0,2.0,0.0025,0.005,2.0,400,cond_mean,8,1.000391428717045,1.9995044451481545,0.5091694250251858,0.002327742350592277,0,0.01606813394789802,0.2297818690006222
1.0,0.5,2.0,2.0,0.0025,0.005,3.5,700,cond_mean,8,1.0008789914337766,2.0003730136631743,0.5255053777647652,0.003348341383988656,0,0.035632860565610124,0.2297818690006222
1.0,0.5,2.0,2.0,0.0025,0.005,5.0,1000,cond_mean,8,1.000284350458721,2.0023695012026805,0.5171153803630548,0.0017304239502626325,0,0.023467223515818876,0.2297818690006222
1.0,0.5,2.0,2.0,0.0025,0.005,10.0,2000,cond_mean,8,0.999607441456459,1.978866018610731,0.4914665023192887,0.002422813679350175,0,0.029247928772463256,0.2297818690006222
1.0,0.5,2.0,2.0,0.0025,0.005,20.0,4000,cond_mean,8,0.9999161105161285,2.0239490540244462,0.5036368659778807,0.0015020816882695205,0,0.028983025217735804,0.2297818690006222
1.0,0.5,2.0,2.0,0.0025,0.005,0.5,100,cond_mean,9,0.9999446472476745,2.0017399967823017,0.4969480684707083,0.001766621300069793,0,0.00970727147199363,0.23100305957320547
1.0,0.5,2.0,2.0,0.0025,0.005,1.0,200,cond_mean,9,1.0001027836211476,2.0023262453428736,0.5012007433444913,0.0019232245388063657,0,0.009912524992467243,0.23100305957320547
1.0,0.5,2.0,2.0,0.0025,0.005,2.0,400,cond_mean,9,1.0001774831297825,1.999577256593114,0.5053249948674974,0.0013801101977749025,0,0.009494185031274523,0.23100305957320547
1.0,0.5,2.0,2.0,0.0025,0.005,3.5,700,cond_mean,9,0.9997458840484502,1.9987784395322195,0.49865633831712275,0.0025650057403450686,0,0.01276753383460109,0.23100305957320547
1.0,0.5,2.0,2.0,0.0025,0.005,5.0,1000,cond_mean,9,0.999748067571756,2.0074288599461982,0.48934780999617455,0.001762556339918621,0,0.018240816289703574,0.23100305957320547
1.0,0.5,2.0,2.0,0.0025,0.005,10.0,2000,cond_mean,9,1.0000387998947213,2.0332627362232674,0.5033118611962755,0.0028402341215173084,0,0.04106039676327124,0.23100305957320547
1.0,0.5,2.0,2.0,0.0025,0.005,20.0,4000,cond_mean,9,1.0004115057194052,2.042375986789793,0.49700981710468844,0.0037787023861020805,0,0.05259576874861951,0.23100305957320547
1.0,0.5,2.0,2.0,0.0025,0.005,0.5,100,cond_mean,10,1.0001913442538133,2.0177902593290877,0.5106590832368213,0.0027713095939025456,0,0.02812631716494118,0.22956457729118743
1.0,0.5,2.0,2.0,0.0025,0.005,1.0,200,cond_mean,10,0.9999790442488373,2.0201455788783615,0.5107454915094243,0.002043426738441175,0,0.028944940365128808,0.22956457729118743
1.0,0.5,2.0,2.0,0.0025,0.005,2.0,400,cond_mean,10,0.9995494694680996,2.0178669595461365,0.4931583743478832,0.003106730398237178,0,0.026928872517735455,0.22956457729118743
1.0,0.5,2.0,2.0,0.0025,0.005,3.5,700,cond_mean,10,0.9996490987963106,2.012309182542477,0.48740190050891996,0.0022430977260680884,0,0.024058410295297684,0.22956457729118743
1.0,0.5,2.0,2.0,0.0025,0.005,5.0,1000,cond_mean,10,0.9998313124931434,2.0129555767130105,0.485311498459918,0.00206888365437744,0,0.026274915581188767,0.22956457729118743
1.0,0.5,2.0,2.0,0.0025,0.005,10.0,2000,cond_mean,10,1.0000250397539507,2.033561520508313,0.49844232286439993,0.0015274905037208312,0,0.039554534787022824,0.22956457729118743
1.0,0.5,2.0,2.0,0.0025,0.005,20.0,4000,cond_mean,10,0.9995896602275608,1.9901813717599777,0.505922889135539,0.0022330535471405105,0,0.018062393629722378,0.22956457729118743
1.0,0.5,2.0,2.0,0.0025,0.005,0.5,100,cond_mean,11,1.0000799850099313,1.9903977597616007,0.5020118883748037,0.0019742564547538186,0,0.014923539398410643,0.237620619142295
1.0,0.5,2.0,2.0,0.0025,0.005,1.0,200,cond_mean,11,1.0001669368154857,1.981868185903638,0.4988151447125571,0.0026033008797251658,0,0.02460513037936124,0.237620619142295
1.0,0.5,2.0,2.0,0.0025,0.005,2.0,400,cond_mean,11,1.000439647834841,1.982134650477371,0.5024333542139586,0.0026023405189512234,0,0.024427089300471848,0.237620619142295
1.0,0.5,2.0,2.0,0.0025,0.005,3.5,700,cond_mean,11,0.9998345798391154,1.988527797969966,0.503878254337614,0.002332410684048124,0,0.018345720376633012,0.237620619142295
1.0,0.5,2.0,2.0,0.0025,0.005,5.0,1000,cond_mean,11,0.9995775830055755,1.991371754875884,0.49239112193934803,0.0021095893314675845,0,0.017079822550697125,0.237620619142295
1.0,0.5,2.0,2.0,0.0025,0.005,10.0,2000,cond_mean,11,0.9998904632996667,1.9687094849861102,0.49391786113718344,0.0025176057466664106,0,0.039062374613432024,0.237620619142295
1.0,0.5,2.0,2.0,0.0025,0.005,20.0,4000,cond_mean,11,0.9996583304941932,1.9238950116009375,0.4971994447109749,0.003010815005096422,0,0.08925025445170036,0.237620619142295
1.0,0.5,2.0,2.0,0.0025,0.005,0.5,100,cond_mean,12,1.0000960147542803,2.004216640638579,0.5028511310266436,0.002165685756850052,0,0.012219569517250764,0.22975111900762255
1.0,0.5,2.0,2.0,0.0025,0.005,1.0,200,cond_mean,12,0.9999366355200002,2.001317442001086,0.4988122419830803,0.001956345908313483,0,0.009823943080489821,0.22975111900762255
1.0,0.5,2.0,2.0,0.0025,0.005,2.0,400,cond_mean,12,1.0002724933880347,2.0150634627737154,0.5011102997515939,0.0020904981672544925,0,0.020233824289754537,0.22975111900762255
1.0,0.5,2.0,2.0,0.0025,0.005,3.5,700,cond_mean,12,1.0000959364078257,2.0323763302113145,0.5002649455127565,0.003092851993393054,0,0.040337862571112895,0.22975111900762255
1.0,0.5,2.0,2.0,0.0025,0.005,5.0,1000,cond_mean,12,1.00059450155113,2.0401757232560898,0.5116986329288166,0.002763350241218308,0,0.05016245887948375,0.22975111900762255
1.0,0.5,2.0,2.0,0.0025,0.005,10.0,2000,cond_mean,12,0.9997929316297746,2.0280458942086406,0.490662486851403,0.0017206326550419575,0,0.035625003661822766,0.22975111900762255
1.0,0.5,2.0,2.0,0.0025,0.005,20.0,4000,cond_mean,12,0.9998773384544689,1.9998550045859638,0.5050026952712425,0.00147293494318182,0,0.009947556685311757,0.22975111900762255
1.0,0.5,2.0,2.0,0.0025,0.005,0.5,100,cond_mean,13,1.0000815016378033,1.9944361477452686,0.5022757085509642,0.002019849092259953,0,0.012148678801597949,0.23233316657466016
1.0,0.5,2.0,2.0,0.0025,0.005,1.0,200,cond_mean,13,1.0001423238750404,2.0011425056013867,0.5000750402325931,0.001502514625070044,0,0.007516807315701589,0.23233316657466016
1.0,0.5,2.0,2.0,0.0025,0.005,2.0,400,cond_mean,13,1.000387038074957,2.0099217935903093,0.510367564948388,0.002597025797758266,0,0.02135380277005129,0.23233316657466016
1.0,0.5,2.0,2.0,0.0025,0.005,3.5,700,cond_mean,13,1.0004469093401356,2.0210759412340313,0.5127065706262923,0.0022629564819944834,0,0.03085583276486428,0.23233316657466016
1.0,0.5,2.0,2.0,0.0025,0.005,5.0,1000,cond_mean,13,1.0002806371655006,2.012079619835618,0.5072609726394937,0.0023724071768290956,0,0.020206751839827838,0.23233316657466016
1.0,0.5,2.0,2.0,0.0025,0.005,10.0,2000,cond_mean,13,1.0000614204744862,2.0099672788650698,0.49240554242611045,0.0019327043952629057,0,0.018037873111062936,0.23233316657466016
1.0,0.5,2.0,2.0,0.0025,0.005,20.0,4000,cond_mean,13,0.9999918039763942,1.9772418952710504,0.5018291964212561,0.0035231273093626783,0,0.03154441910245579,0.23233316657466016
1.0,0.5,2.0,2.0,0.0025,0.005,0.5,100,cond_mean,14,0.9999958852841866,1.9956120421150447,0.4979184651410034,0.001451404458602818,0,0.009158825325904073,0.23261208928722357
1.0,0.5,2.0,2.0,0.0025,0.005,1.0,200,cond_mean,14,0.9999405122293146,2.0077952913692614,0.4973069497916103,0.0014491325682940853,0,0.01197160769459811,0.23261208928722357
1.0,0.5,2.0,2.0,0.0025,0.005,2.0,400,cond_mean,14,1.000424041007576,1.9968985249219628,0.5016446002286785,0.002884320308137555,0,0.014761683105664314,0.23261208928722357
1.0,0.5,2.0,2.0,0.0025,0.005,3.5,700,cond_mean,14,1.0001013717168217,1.9883966342215176,0.49412146277149616,0.0016023300234163534,0,0.01748764050114484,0.23261208928722357
1.0,0.5,2.0,2.0,0.0025,0.005,5.0,1000,cond_mean,14,1.0001076077195745,1.9812644290470733,0.4972660650261502,0.0010570512490437277,0,0.022611775317843173,0.23261208928722357
1.0,0.5,2.0,2.0,0.0025,0.005,10.0,2000,cond_mean,14,1.0000726649319216,1.9868238740165984,0.49061865783335096,0.0018765105654826178,0,0.021838645060135723,0.23261208928722357
1.0,0.5,2.0,2.0,0.0025,0.005,20.0,4000,cond_mean,14,0.9998590355964356,1.9405388355588509,0.5024600376578591,0.0020755696492815805,0,0.06940617917941436,0.23261208928722357
1.0,0.5,2.0,2.0,0.0025,0.005,0.5,100,cond_mean,15,1.0001790286846777,1.9938068646804015,0.5043643716583317,0.0016775585924107906,0,0.012147178777993251,0.22907016657492413
1.0,0.5,2.0,2.0,0.0025,0.005,1.0,200,cond_mean,15,0.9996374877819193,1.9855721186689488,0.49600083752396024,0.002274938389222679,0,0.02061323785038817,0.22907016657492413
1.0,0.5,2.0,2.0,0.0025,0.005,2.0,400,cond_mean,15,0.999989485149258,1.992202954010562,0.4965968600996436,0.0014333588111078556,0,0.012266665881066533,0.22907016657492413
1.0,0.5,2.0,2.0,0.0025,0.005,3.5,700,cond_mean,15,1.0000642822867398,1.9893778956817711,0.5015115899399916,0.001828781783423809,0,0.015308118807143134,0.22907016657492413
1.0,0.5,2.0,2.0,0.0025,0.005,5.0,1000,cond_mean,15,0.9999601948283032,1.9996468993297032,0.5057135825346009,0.0017876718382058576,0,0.011583350506931949,0.22907016657492413
1.0,0.5,2.0,2.0,0.0025,0.005,10.0,2000,cond_mean,15,1.0001062205322828,2.035213102715682,0.4987536802675488,0.0023800368839711644,0,0.042355894768340056,0.22907016657492413
1.0,0.5,2.0,2.0,0.0025,0.005,20.0,4000,cond_mean,15,0.9997328163786953,2.0301722843197636,0.4868592689652295,0.002055788996278842,0,0.040226275113684394,0.22907016657492413
1.0,0.5,2.0,2.0,0.0025,0.005,0.5,100,cond_mean,16,0.9999114692320027,2.0081623992299873,0.49849078643077205,0.001949427070444433,0,0.013562288876609438,0.22957436913358314
1.0,0.5,2.0,2.0,0.0025,0.005,1.0,200,cond_mean,16,0.9998101065864021,2.01436935194432,0.496395255411482,0.0019814499832760406,0,0.019765985377723245,0.22957436913358314
1.0,0.5,2.0,2.0,0.0025,0.005,2.0,400,cond_mean,16,1.0000405652191346,2.0309087907511256,0.4968741353173613,0.0032047037958297542,0,0.039325814663871604,0.22957436913358314
1.0,0.5,2.0,2.0,0.0025,0.005,3.5,700,cond_mean,16,1.0002956399464507,2.0286902504376148,0.49629073022265285,0.0018689946328947664,0,0.034891430091168664,0.22957436913358314
1.0,0.5,2.0,2.0,0.0025,0.005,5.0,1000,cond_mean,16,1.0000505152169124,2.0124872697035734,0.49244381762681894,0.0021247373535134995,0,0.020502844814134606,0.22957436913358314
1.0,0.5,2.0,2.0,0.0025,0.005,10.0,2000,cond_mean,16,0.9997238433188741,2.0226559931726693,0.5058074598794757,0.0019070869364876495,0,0.028891152249652812,0.22957436913358314
1.0,0.5,2.0,2.0,0.0025,0.005,20.0,4000,cond_mean,16,1.0000746986440296,2.0230097173301558,0.5086909599389795,0.0018361444985553652,0,0.030111826055039283,0.22957436913358314
1.0,0.5,2.0,2.0,0.0025,0.005,0.5,100,cond_mean,17,1.000370283498402,1.9927492112312875,0.5069877948577975,0.0019191286212892169,0,0.015193176948722287,0.22913336314793145
1.0,0.5,2.0,2.0,0.0025,0.005,1.0,200,cond_mean,17,1.0002227476670118,1.991562940102736,0.5045445069779917,0.002801138747927487,0,0.017757867910985842,0.22913336314793145
1.0,0.5,2.0,2.0,0.0025,0.005,2.0,400,cond_mean,17,1.0002128722986694,1.9899547035928065,0.5053339663418659,0.00305620211824423,0,0.020096864574037778,0.22913336314793145
1.0,0.5,2.0,2.0,0.0025,0.005,3.5,700,cond_mean,17,1.0001157829339158,1.990387664215478,0.5044963935887956,0.002296647515562708,0,0.016804708266726854,0.22913336314793145
1.0,0.5,2.0,2.0,0.0025,0.005,5.0,1000,cond_mean,17,1.0001566690157413,2.002942708192835,0.5118487082249096,0.0020956706009154103,0,0.018600479717507588,0.22913336314793145
1.0,0.5,2.0,2.0,0.0025,0.005,10.0,2000,cond_mean,17,0.9999268184096521,2.013576509183857,0.5070861785358245,0.0013158216647457678,0,0.0193588681208535,0.22913336314793145
1.0,0.5,2.0,2.0,0.0025,0.005,20.0,4000,cond_mean,17,1.0005940332286432,2.032650397436617,0.5052678026133691,0.002168474179760971,0,0.03956938922219323,0.22913336314793145
1.0,0.5,2.0,2.0,0.0025,0.005,0.5,100,cond_mean,18,1.0002057469646963,2.019499115634985,0.5046603429206045,0.002153429293913996,0,0.025509029538190852,0.23240308927571668
1.0,0.5,2.0,2.0,0.0025,0.005,1.0,200,cond_mean,18,0.999940931159899,2.014628306791408,0.501640835552577,0.0018939304420741967,0,0.01940594864827199,0.23240308927571668
1.0,0.5,2.0,2.0,0.0025,0.005,2.0,400,cond_mean,18,1.000076247114337,2.0010182777625407,0.4999042711109849,0.0014198908565851269,0,0.007077566240198426,0.23240308927571668
1.0,0.5,2.0,2.0,0.0025,0.005,3.5,700,cond_mean,18,0.9997979914377109,2.0137036893028175,0.5047937185282323,0.0025645592037936513,0,0.02124197111942466,0.23240308927571668
1.0,0.5,2.0,2.0,0.0025,0.005,5.0,1000,cond_mean,18,1.0002031709805355,2.00732430034401,0.5000497591004367,0.00260299034575099,0,0.015344627531511328,0.23240308927571668
1.0,0.5,2.0,2.0,0.0025,0.005,10.0,2000,cond_mean,18,1.0003696568402758,1.9853149638215848,0.5033003280210768,0.001814269773746683,0,0.01951941111003891,0.23240308927571668
1.0,0.5,2.0,2.0,0.0025,0.005,20.0,4000,cond_mean,18,1.0001653084385778,1.988668171687065,0.500788326188479,0.0013363590867105104,0,0.014665830424581883,0.23240308927571668
1.0,0.5,2.0,2.0,0.0025,0.005,0.5,100,cond_mean,19,1.000140025443545,2.000001751200801,0.4981617996520084,0.0019264991246572653,0,0.009854571420719969,0.23491423214519663
1.0,0.5,2.0,2.0,0.0025,0.005,1.0,200,cond_mean,19,0.9999104369497815,1.9917353890039404,0.4948822133998972,0.002481592525391896,0,0.0167766146846009,0.23491423214519663
1.0,0.5,2.0,2.0,0.0025,0.005,2.0,400,cond_mean,19,1.0002710620534638,2.001048655321897,0.4984908348119076,0.0028124641186099996,0,0.014139392664795343,0.23491423214519663
1.0,0.5,2.0,2.0,0.0025,0.005,3.5,700,cond_mean,19,1.0001106817852743,2.0095018336077977,0.5083456344284363,0.0018078297000999081,0,0.01769412323472835,0.23491423214519663
1.0,0.5,2.0,2.0,0.0025,0.005,5.0,1000,cond_mean,19,1.0004483947592098,2.001718372366192,0.5070295818686461,0.001930206631835577,0,0.012863474754106322,0.23491423214519663
1.0,0.5,2.0,2.0,0.0025,0.005,10.0,2000,cond_mean,19,0.9999497346259925,2.0163306892790893,0.4998240824506269,0.0017753077180363006,0,0.02077649153704536,0.23491423214519663
1.0,0.5,2.0,2.0,0.0025,0.005,20.0,4000,cond_mean,19,0.9999804774078408,2.0147713793075805,0.5076852608210646,0.0022877418971663406,0,0.022723956246109768,0.23491423214519663
1.0,0.5,2.0,2.0,0.0025,0.005,0.5,100,cond_mean,20,0.9998706262851572,1.9970326679429187,0.5009414543643345,0.0018724301604959865,0,0.009937610706426942,0.2331069701384487
1.0,0.5,2.0,2.0,0.0025,0.005,1.0,200,cond_mean,20,0.9999598448546897,1.997157944956108,0.5043033054401189,0.002198382076246864,0,0.012646500189624104,0.2331069701384487
1.0,0.5,2.0,2.0,0.0025,0.005,2.0,400,cond_mean,20,0.9998040159700848,1.999506436137604,0.5023332582271067,0.0024033229683473206,0,0.012332865094670126,0.2331069701384487
1.0,0.5,2.0,2.0,0.0025,0.005,3.5,700,cond_mean,20,1.0000834731548458,1.9754125665193658,0.5015864540441022,0.0013188276764499,0,0.0291585914210211,0.2331069701384487
1.0,0.5,2.0,2.0,0.0025,0.005,5.0,1000,cond_mean,20,1.0000343508781726,1.9743040715254483,0.49999891886764153,0.001605220913766601,0,0.03069806838918172,0.2331069701384487
1.0,0.5,2.0,2.0,0.0025,0.005,10.0,2000,cond_mean,20,1.0002468894157919,1.966363191941939,0.4923572981346464,0.0023284883441239924,0,0.04200826406203532,0.2331069701384487
1.0,0.5,2.0,2.0,0.0025,0.005,20.0,4000,cond_mean,20,1.000346111468752,1.9773037042037855,0.49730567445646695,0.0020948124924148655,0,0.02855973857617451,0.2331069701384487
1.0,0.5,2.0,2.0,0.0025,0.005,0.5,100,cond_mean,21,1.000092814722401,1.9885520067579667,0.4982017915908102,0.0023739927179634783,0,0.01782776152678104,0.23322666655959828
1.0,0.5,2.0,2.0,0.0025,0.005,1.0,200,cond_mean,21,1.0002823691616507,1.9822991065547533,0.4994234075398839,0.0016567644947185851,0,0.02207798609908654,0.23322666655959828
1.0,0.5,2.0,2.0,0.0025,0.005,2.0,400,cond_mean,21,1.000293807716665,1.970403624538036,0.5040739661765258,0.002003737054733822,0,0.03581551002320077,0.23322666655959828
1.0,0.5,2.0,2.0,0.0025,0.005,3.5,700,cond_mean,21,1.000284438866403,1.9857682718312466,0.5049596472777176,0.002341257889047007,0,0.020911069781593884,0.23322666655959828
1.0,0.5,2.0,2.0,0.0025,0.005,5.0,1000,cond_mean,21,1.0002241466423494,1.9665242261102371,0.4983753130976772,0.002440679318572775,0,0.04057135477806871,0.23322666655959828
1.0,0.5,2.0,2.0,0.0025,0.005,10.0,2000,cond_mean,21,1.0000290162280905,1.9732444874007415,0.5000351304117099,0.002166536609717108,0,0.03267275578308577,0.23322666655959828
1.0,0.5,2.0,2.0,0.0025,0.005,20.0,4000,cond_mean,21,1.0003412532384002,2.0413572601529126,0.5109421977650052,0.0030416238176820044,0,0.051462276158102616,0.23322666655959828
1.0,0.5,2.0,2.0,0.0025,0.005,0.5,100,cond_mean,22,0.9999550036952011,1.9990611214684675,0.4990641275841686,0.0018585256372400133,0,0.00925257622773438,0.23323171427806041
1.0,0.5,2.0,2.0,0.0025,0.005,1.0,200,cond_mean,22,0.9998145567515547,1.9982974799862665,0.5041074583934294,0.001684942621991453,0,0.010300084494079572,0.23323171427806041
1.0,0.5,2.0,2.0,0.0025,0.005,2.0,400,cond_mean,22,1.0000954435886529,1.9999198087674142,0.5018007736401442,0.0022178289654311715,0,0.011099235073385571,0.23323171427806041
1.0,0.5,2.0,2.0,0.0025,0.005,3.5,700,cond_mean,22,0.9999451802900107,2.0104515594487964,0.5106064216754242,0.0014831126962121632,0,0.0197830168100554,0.23323171427806041
1.0,0.5,2.0,2.0,0.0025,0.005,5.0,1000,cond_mean,22,0.9998865323248425,2.0151092725225475,0.5039504659138151,0.0018200277096973442,0,0.020317159681578684,0.23323171427806041
1.0,0.5,2.0,2.0,0.0025,0.005,10.0,2000,cond_mean,22,1.0000622790623874,1.9769204818560284,0.5056326956126256,0.0020723039779590433,0,0.029389985573767395,0.23323171427806041
1.0,0.5,2.0,2.0,0.0025,0.005,20.0,4000,cond_mean,22,0.999985209311628,1.9833879642470151,0.5008956518963888,0.0021648141124784234,0,0.02195889097240886,0.23323171427806041
1.0,0.5,2.0,2.0,0.0025,0.005,0.5,100,cond_mean,23,0.9999300465992673,1.998492841740834,0.5002759391036885,0.0015201925601579743,0,0.007680955055248579,0.23381458928010293
1.0,0.5,2.0,2.0,0.0025,0.005,1.0,200,cond_mean,23,0.9998928254081166,2.013652190193596,0.5029659148491871,0.0016518441404355915,0,0.018189121742699217,0.23381458928010293
1.0,0.5,2.0,2.0,0.0025,0.005,2.0,400,cond_mean,23,1.0001394199955465,2.007164495197283,0.5019841592982746,0.002581766152630104,0,0.015298196362318245,0.23381458928010293
1.0,0.5,2.0,2.0,0.0025,0.005,3.5,700,cond_mean,23,0.999982274687084,1.9900561037968096,0.49448505822386757,0.0013483898216027565,0,0.015105994071574152,0.23381458928010293
1.0,0.5,2.0,2.0,0.0025,0.005,5.0,1000,cond_mean,23,0.9999205692677284,1.9805997366973687,0.5003586383903882,0.0022249092673550367,0,0.0249209581816945,0.23381458928010293
1.0,0.5,2.0,2.0,0.0025,0.005,10.0,2000,cond_mean,23,1.000040571255712,1.9569965614954328,0.5030322886884419,0.002172622233967759,0,0.05088952649461219,0.23381458928010293
1.0,0.5,2.0,2.0,0.0025,0.005,20.0,4000,cond_mean,23,0.9999176560916025,1.9687909870991935,0.508336364085233,0.0018606920748888516,0,0.03858667587174656,0.23381458928010293
1.0,0.5,2.0,2.0,0.0025,0.005,0.5,100,cond_mean,24,0.9999471445893611,1.999862278022522,0.5000026474199527,0.0015439938879012953,0,0.007579702720132357,0.27713474998849313
1.0,0.5,2.0,2.0,0.0025,0.005,1.0,200,cond_mean,24,1.0001228147152141,1.999061114843346,0.500925616384208,0.00178755173576302,0,0.00890246563330495,0.27713474998849313
1.0,0.5,2.0,2.0,0.0025,0.005,2.0,400,cond_mean,24,1.0005212715504916,2.002845693320494,0.5085744003281454,0.0037671223303125958,0,0.021442129469871334,0.27713474998849313
1.0,0.5,2.0,2.0,0.0025,0.005,3.5,700,cond_mean,24,1.0002275764275808,2.0179371911022055,0.5051408062644352,0.001682505850028255,0,0.023140346828121557,0.27713474998849313
1.0,0.5,2.0,2.0,0.0025,0.005,5.0,1000,cond_mean,24,1.0000849126082714,2.0328028850241466,0.5093656241840255,0.0014883476331784128,0,0.04025707462462331,0.27713474998849313
1.0,0.5,2.0,2.0,0.0025,0.005,10.0,2000,cond_mean,24,0.9999774853786331,2.053581075088607,0.510912492462082,0.0017848418233245953,0,0.06376813910480102,0.27713474998849313
1.0,0.5,2.0,2.0,0.0025,0.005,20.0,4000,cond_mean,24,0.9999566399320032,2.0370679155266966,0.5057664111361355,0.0022181316266109167,0,0.04467333391545256,0.27713474998849313
1.0,0.5,2.0,2.0,0.0025,0.005,0.5,100,cond_mean,25,1.000070477990384,1.9855873272899696,0.5018734553026146,0.001388632102967898,0,0.018121768981479915,0.24447857743195658
1.0,0.5,2.0,2.0,0.0025,0.005,1.0,200,cond_mean,25,0.9998143531645973,1.976634687435127,0.5006723256334645,0.001310967323257834,0,0.027770445559815903,0.24447857743195658
1.0,0.5,2.0,2.0,0.0025,0.005,2.0,400,cond_mean,25,1.0000293164813647,1.9688880619797766,0.5005588956385969,0.001891931491056336,0,0.037096399068093554,0.24447857743195658
1.0,0.5,2.0,2.0,0.0025,0.005,3.5,700,cond_mean,25,1.000336221621234,1.9614902835692751,0.4998167863579634,0.0018537883657186473,0,0.045421588329134385,0.24447857743195658
1.0,0.5,2.0,2.0,0.0025,0.005,5.0,1000,cond_mean,25,1.0002016934391669,1.9679732695586734,0.4933634846377308,0.001872216245631424,0,0.039328108401859116,0.24447857743195658
1.0,0.5,2.0,2.0,0.0025,0.005,10.0,2000,cond_mean,25,1.0003397196465138,1.9607528350069854,0.5046070759746956,0.0023085835198248827,0,0.046894477836788656,0.24447857743195658
1.0,0.5,2.0,2.0,0.0025,0.005,20.0,4000,cond_mean,25,1.0000487585080768,1.9528955169120932,0.5052857152779934,0.0016746476993536137,0,0.055274488924481495,0.24447857743195658
1.0,0.5,2.0,2.0,0.0025,0.005,0.5,100,cond_mean,26,1.0002031562357665,2.004041767241622,0.5025891296013493,0.0020184413592240183,0,0.01136628475787477,0.24497729155700654
1.0,0.5,2.0,2.0,0.0025,0.005,1.0,200,cond_mean,26,1.0002919564841601,1.9995302929846563,0.5095938160712055,0.002217648416462869,0,0.016195365414285033,0.24497729155700654
1.0,0.5,2.0,2.0,0.0025,0.005,2.0,400,cond_mean,26,0.9998968063642798,1.9842571333511783,0.5023840298170685,0.0021070980216905517,0,0.021169128654735844,0.24497729155700654
1.0,0.5,2.0,2.0,0.0025,0.005,3.5,700,cond_mean,26,0.9998021365817046,1.992044964799153,0.49759536729233167,0.0015614461304540154,0,0.012300792139522027,0.24497729155700654
1.0,0.5,2.0,2.0,0.0025,0.005,5.0,1000,cond_mean,26,0.9998580853299819,1.9878553509128918,0.4925920188445137,0.0016251054393456742,0,0.018745487250168957,0.24497729155700654
1.0,0.5,2.0,2.0,0.0025,0.005,10.0,2000,cond_mean,26,0.9999229567023675,1.9894143736911347,0.4996138022465595,0.001792434151884933,0,0.015067961655706124,0.24497729155700654
1.0,0.5,2.0,2.0,0.0025,0.005,20.0,4000,cond_mean,26,0.999886124762133,1.9972794643539056,0.5078699230019474,0.002333260471476938,0,0.01585763393283427,0.24497729155700654
1.0,0.5,2.0,2.0,0.0025,0.005,0.5,100,cond_mean,27,1.0000429919153904,1.9964146869614927,0.5048721409610223,0.0016393784501730327,0,0.011024321310678285,0.24256623799114355
1.0,0.5,2.0,2.0,0.0025,0.005,1.0,200,cond_mean,27,0.999872985527179,1.9975387055936629,0.4992759860778287,0.0018980155238513677,0,0.009772667601175903,0.24256623799114355
1.0,0.5,2.0,2.0,0.0025,0.005,2.0,400,cond_mean,27,1.0001674218058985,2.0016237239391046,0.5025120259577558,0.0019074713827925006,0,0.010008501718646836,0.24256623799114355
1.0,0.5,2.0,2.0,0.0025,0.005,3.5,700,cond_mean,27,1.0005298522099448,1.992195622007809,0.5067907487288538,0.00213275159459975,0,0.016004739662547503,0.24256623799114355
1.0,0.5,2.0,2.0,0.0025,0.005,5.0,1000,cond_mean,27,1.0001166586417976,1.985463980537829,0.505284568718467,0.0015933890747864463,0,0.019663388612000128,0.24256623799114355
1.0,0.5,2.0,2.0,0.0025,0.005,10.0,2000,cond_mean,27,0.999989712174441,1.9995618170275997,0.4998445587884127,0.0017367992101545561,0,0.008536208319035316,0.24256623799114355
1.0,0.5,2.0,2.0,0.0025,0.005,20.0,4000,cond_mean,27,1.0001477080288443,2.045223842002793,0.49671382967236377,0.0019706073222426216,0,0.05338281352467128,0.24256623799114355
1.0,0.5,2.0,2.0,0.0025,0.005,0.5,100,cond_mean,28,0.9999528865481225,2.0059155952671572,0.5036599886773471,0.0018466983753258291,0,0.012333273365414062,0.24416025599930435
1.0,0.5,2.0,2.0,0.0025,0.005,1.0,200,cond_mean,28,1.0002161114363344,2.0134418038399637,0.5049175413227655,0.003044350611744172,0,0.022348410666334823,0.24416025599930435
1.0,0.5,2.0,2.0,0.0025,0.005,2.0,400,cond_mean,28,0.9999941557805366,2.0329350951211618,0.49920755430104713,0.0015087778573732074,0,0.03877135495075304,0.24416025599930435
1.0,0.5,2.0,2.0,0.0025,0.005,3.5,700,cond_mean,28,0.9999830871407362,2.03881154532679,0.4997317341679397,0.0019987325758456754,0,0.04587894794459107,0.24416025599930435
1.0,0.5,2.0,2.0,0.0025,0.005,5.0,1000,cond_mean,28,1.0000735825587677,2.03805212368938,0.5028372563450187,0.0012999875387852127,0,0.04448660175272029,0.24416025599930435
1.0,0.5,2.0,2.0,0.0025,0.005,10.0,2000,cond_mean,28,1.0002398832392863,2.0185544790589627,0.4976386920202308,0.0021714925914533756,0,0.02424385842677958,0.24416025599930435
1.0,0.5,2.0,2.0,0.0025,0.005,20.0,4000,cond_mean,28,1.000196250017134,2.0569750005001337,0.49363785312593456,0.001322461833102768,0,0.06687696925000965,0.24416025599930435
1.0,0.5,2.0,2.0,0.0025,0.005,0.5,100,cond_mean,29,1.0002164011733705,2.003547953056551,0.5056728271125732,0.003111388267888017,0,0.017318753334238775,0.24454035714734346
1.0,0.5,2.0,2.0,0.0025,0.005,1.0,200,cond_mean,29,1.0002451125868723,1.9985398804657817,0.5072380562482255,0.003723420476001321,0,0.020420092362611126,0.24454035714734346
1.0,0.5,2.0,2.0,0.0025,0.005,2.0,400,cond_mean,29,0.9999043819553484,2.004731031479923,0.49764879166047704,0.0027749132631420675,0,0.014942392729050362,0.24454035714734346
1.0,0.5,2.0,2.0,0.0025,0.005,3.5,700,cond_mean,29,0.9998570833831069,1.9823042777910282,0.49939559657084936,0.002134986935050578,0,0.022984821558358275,0.24454035714734346
1.0,0.5,2.0,2.0,0.0025,0.005,5.0,1000,cond_mean,29,0.9996256157084884,1.9851364705443033,0.5042353783783668,0.0022300058848753893,0,0.021383742512780916,0.24454035714734346
1.0,0.5,2.0,2.0,0.0025,0.005,10.0,2000,cond_mean,29,0.9999790129500931,1.9499696323674691,0.5023829121339164,0.0019068392385909213,0,0.058522819241750956,0.24454035714734346
1.0,0.5,2.0,2.0,0.0025,0.005,20.0,4000,cond_mean,29,0.9998744776116224,1.9589656244252571,0.5034431366296355,0.002029026227419919,0,0.04858564893842971,0.24454035714734346
1.0,0.5,2.0,2.0,0.0025,0.005,0.5,100,cond_mean,30,1.0000057975913366,1.9903192218143502,0.5001554611645012,0.002144691722230186,0,0.01535174969425371,0.24449112499132752
1.0,0.5,2.0,2.0,0.0025,0.005,1.0,200,cond_mean,30,1.000292564118519,1.9883740664943486,0.5056283252505697,0.002006945198162425,0,0.017966934388247095,0.24449112499132752
1.0,0.5,2.0,2.0,0.0025,0.005,2.0,400,cond_mean,30,0.9999640968573079,1.9915017134664696,0.5019127878205255,0.0014225766265272047,0,0.01230319414334634,0.24449112499132752
1.0,0.5,2.0,2.0,0.0025,0.005,3.5,700,cond_mean,30,1.000019374956382,1.978168961553514,0.5043689445528918,0.002382527452654557,0,0.02827264740841252,0.24449112499132752
1.0,0.5,2.0,2.0,0.0025,0.005,5.0,1000,cond_mean,30,0.999916075976056,1.9832148386460828,0.512287395918695,0.002307383709218367,0,0.02756569522854233,0.24449112499132752
1.0,0.5,2.0,2.0,0.0025,0.005,10.0,2000,cond_mean,30,1.0002184982210163,1.9673103666335425,0.4998244476298181,0.00198098867019073,0,0.0390041720938376,0.24449112499132752
1.0,0.5,2.0,2.0,0.0025,0.005,20.0,4000,cond_mean,30,1.0002202904839548,2.0114553938940944,0.487645941763655,0.0016919326918026281,0,0.022986807389187035,0.24449112499132752
1.0,0.5,2.0,2.0,0.0025,0.005,0.5,100,cond_mean,31,1.0001906783025847,2.0120317508801473,0.5009874000198002,0.0016900774111218938,0,0.01621968963991517,0.24310219642107508
1.0,0.5,2.0,2.0,0.0025,0.005,1.0,200,cond_mean,31,1.0002440069572938,2.0143428998697748,0.5052024749496846,0.0016894047246003281,0,0.019566855011162596,0.24310219642107508
1.0,0.5,2.0,2.0,0.0025,0.005,2.0,400,cond_mean,31,1.0003132610485357,2.0103070348138754,0.5000200158974418,0.0022217131705514056,0,0.016207877755711437,0.24310219642107508
1.0,0.5,2.0,2.0,0.0025,0.005,3.5,700,cond_mean,31,1.000215494680268,2.0211691408873205,0.4957695475009319,0.0020226520046073295,0,0.027129124082811606,0.24310219642107508
1.0,0.5,2.0,2.0,0.0025,0.005,5.0,1000,cond_mean,31,0.9999331484992162,2.016212985366579,0.49858324224583767,0.00167550074192098,0,0.020527856934088564,0.24310219642107508
1.0,0.5,2.0,2.0,0.0025,0.005,10.0,2000,cond_mean,31,1.0002053858886337,1.9988768329060789,0.5020413591417859,0.0022839341390607257,0,0.011530792151223568,0.24310219642107508
1.0,0.5,2.0,2.0,0.0025,0.005,20.0,4000,cond_mean,31,1.0000344514368298,1.9814258469926167,0.5078413175517972,0.001608502398903858,0,0.024958666831437427,0.24310219642107508
1.0,0.5,2.0,2.0,0.0025,0.005,0.5,100,cond_mean,32,1.0000818096019726,1.9951478824794107,0.4997071143742555,0.001730226034679666,0,0.010192428687390424,0.2681689941424078
1.0,0.5,2.0,2.0,0.0025,0.005,1.0,200,cond_mean,32,1.0002551325704547,2.0039086063334546,0.5004720755224342,0.0017027971131218856,0,0.009561881105844695,0.2681689941424078
1.0,0.5,2.0,2.0,0.0025,0.005,2.0,400,cond_mean,32,1.0001938820078096,1.9968260064842418,0.4952071306468805,0.0018356833990501495,0,0.011870455347745716,0.2681689941424078
1.0,0.5,2.0,2.0,0.0025,0.005,3.5,700,cond_mean,32,0.9995007484393414,1.988628664586002,0.48645485582605136,0.0029098715149415,0,0.025672614724464644,0.2681689941424078
1.0,0.5,2.0,2.0,0.0025,0.005,5.0,1000,cond_mean,32,1.0000583037516904,1.9880446972134145,0.4930712786868688,0.002027993535616704,0,0.019383081077583148,0.2681689941424078
1.0,0.5,2.0,2.0,0.0025,0.005,10.0,2000,cond_mean,32,1.0000600698767514,1.9774481803832005,0.500544063973148,0.0020171637258787315,0,0.027853381256784583,0.2681689941424078
1.0,0.5,2.0,2.0,0.0025,0.005,20.0,4000,cond_mean,32,0.9995688564270814,2.009136738982811,0.490391797839158,0.0028295733383272817,0,0.02113822720242814,0.2681689941424078
1.0,0.5,2.0,2.0,0.0025,0.005,0.5,100,cond_mean,33,1.0000477765877693,1.9961620734527015,0.49704260113573984,0.0024812889523173004,0,0.013562832396843569,0.2590549344230177
1.0,0.5,2.0,2.0,0.0025,0.005,1.0,200,cond_mean,33,1.000090141569219,2.0138414106936326,0.4974294857949303,0.002355295647834587,0,0.02004186700391755,0.2590549344230177
1.0,0.5,2.0,2.0,0.0025,0.005,2.0,400,cond_mean,33,1.000211651363611,2.016132379508484,0.5025321132187923,0.002899662577969561,0,0.023636400777192586,0.2590549344230177
1.0,0.5,2.0,2.0,0.0025,0.005,3.5,700,cond_mean,33,0.999901582849736,2.019184866561603,0.4965964077933435,0.002199325243087158,0,0.02501495466851623,0.2590549344230177
1.0,0.5,2.0,2.0,0.0025,0.005,5.0,1000,cond_mean,33,0.999753302637974,2.010906141558946,0.4977970124865619,0.0034237529003276266,0,0.02114183538417105,0.2590549344230177
1.0,0.5,2.0,2.0,0.0025,0.005,10.0,2000,cond_mean,33,0.9997228232495007,1.990579930555331,0.5045734419625442,0.0017534092393353554,0,0.015380626523556483,0.2590549344230177
1.0,0.5,2.0,2.0,0.0025,0.005,20.0,4000,cond_mean,33,0.9997052595188447,1.9324804792200978,0.5001492607294132,0.0026062188273263025,0,0.07900377805226254,0.2590549344230177
1.0,0.5,2.0,2.0,0.0025,0.005,0.5,100,cond_mean,34,1.0000484653749544,2.0062942279271745,0.5060254806446338,0.0018882765035978576,0,0.014106165854060725,0.24327263685076364
1.0,0.5,2.0,2.0,0.0025,0.005,1.0,200,cond_mean,34,1.0003263273109506,1.9974086291670914,0.508829160700058,0.0021986106444301487,0,0.01564176325200008,0.24327263685076364
1.0,0.5,2.0,2.0,0.0025,0.005,2.0,400,cond_mean,34,1.000123734837065,2.0113854029148395,0.5115529195222617,0.003026584254125064,0,0.024606767097612305,0.24327263685076364
1.0,0.5,2.0,2.0,0.0025,0.005,3.5,700,cond_mean,34,0.9999713904306294,2.0074817361229655,0.5071258485324378,0.0016729134068654019,0,0.01511749582755327,0.24327263685076364
1.0,0.5,2.0,2.0,0.0025,0.005,5.0,1000,cond_mean,34,1.0000579851515745,2.0146422078324804,0.5110580183281904,0.0020857117124421726,0,0.024326557061848046,0.24327263685076364
1.0,0.5,2.0,2.0,0.0025,0.005,10.0,2000,cond_mean,34,0.9998673819343711,2.032308825938596,0.4920017379889327,0.0021725577639302583,0,0.04031680394597794,0.24327263685076364
1.0,0.5,2.0,2.0,0.0025,0.005,20.0,4000,cond_mean,34,1.0000803548539425,2.0809035867848147,0.49571541270808545,0.0029207790369168087,0,0.09493913660779713,0.24327263685076364
1.0,0.5,2.0,2.0,0.0025,0.005,0.5,100,cond_mean,35,0.9999935869192196,1.9983598304215486,0.4939587122985015,0.0016081873331488532,0,0.011356169935584477,0.24448669056541153
1.0,0.5,2.0,2.0,0.0025,0.005,1.0,200,cond_mean,35,0.999872049969052,2.0044528623603073,0.4909822260151704,0.0017704229077402478,0,0.015370578335346666,0.24448669056541153
1.0,0.5,2.0,2.0,0.0025,0.005,2.0,400,cond_mean,35,1.000128213289012,1.9918615589594368,0.4951099200819853,0.0016075282143528122,0,0.0140139410808642,0.24448669056541153
1.0,0.5,2.0,2.0,0.0025,0.005,3.5,700,cond_mean,35,0.9999572789459656,1.9982894711129802,0.4938899722644164,0.0025119336687376083,0,0.014777807855078907,0.24448669056541153
1.0,0.5,2.0,2.0,0.0025,0.005,5.0,1000,cond_mean,35,1.0001609134907838,2.008150670942349,0.4979877931398596,0.002438278557073511,0,0.015518678064881235,0.24448669056541153
1.0,0.5,2.0,2.0,0.0025,0.005,10.0,2000,cond_mean,35,1.000033514510421,2.0177592248604967,0.5033490660059786,0.0018097329882176747,0,0.02271749142990474,0.24448669056541153
1.0,0.5,2.0,2.0,0.0025,0.005,20.0,4000,cond_mean,35,0.9994560179004139,2.0179840189183205,0.4991175187869969,0.0018797305010192003,0,0.022858634043876953,0.24448669056541153
1.0,0.5,2.0,2.0,0.0025,0.005,0.5,100,cond_mean,36,0.9996881723706298,2.0039701882315417,0.49453685137163794,0.003026694507424226,0,0.016871673859223314,0.24624645229362482
1.0,0.5,2.0,2.0,0.0025,0.005,1.0,200,cond_mean,36,0.9999412932645183,2.003294975932083,0.5057883161659394,0.0013050702622938665,0,0.01069608271789994,0.24624645229362482
1.0,0.5,2.0,2.0,0.0025,0.005,2.0,400,cond_mean,36,0.9997160884400855,2.0181004066799364,0.4975505450148897,0.001946666447688322,0,0.02318619475583399,0.24624645229362482
1.0,0.5,2.0,2.0,0.0025,0.005,3.5,700,cond_mean,36,1.0001219957328384,2.0242086380627655,0.5056340950249145,0.003271169935599699,0,0.03302591454873725,0.24624645229362482
1.0,0.5,2.0,2.0,0.0025,0.005,5.0,1000,cond_mean,36,0.9999382506039114,2.004395783552801,0.49651357540160057,0.002090476171733645,0,0.012290228297942076,0.24624645229362482
1.0,0.5,2.0,2.0,0.0025,0.005,10.0,2000,cond_mean,36,1.0002654652311225,1.992772118588078,0.5034856195732652,0.0018361419538920677,0,0.012959270295213394,0.24624645229362482
1.0,0.5,2.0,2.0,0.0025,0.005,20.0,4000,cond_mean,36,0.9999363761812372,1.9486743094569132,0.5073102353827488,0.0017708870386368262,0,0.06046687080627649,0.24624645229362482
1.0,0.5,2.0,2.0,0.0025,0.005,0.5,100,cond_mean,37,0.9999639900848647,2.0147309748110263,0.4991970913407125,0.0012122473913276143,0,0.018053607409165458,0.24705697629334672
1.0,0.5,2.0,2.0,0.0025,0.005,1.0,200,cond_mean,37,1.000300866977463,2.0180746615452794,0.504387463934391,0.002415839174967716,0,0.024550857050128907,0.24705697629334672
1.0,0.5,2.0,2.0,0.0025,0.005,2.0,400,cond_mean,37,1.0002838949173845,2.0269254282579086,0.5130148291561902,0.0020639369750253835,0,0.036394643184092815,0.24705697629334672
1.0,0.5,2.0,2.0,0.0025,0.005,3.5,700,cond_mean,37,1.0003458439551687,2.022001411432428,0.5062674745492393,0.0020949621955576973,0,0.028328578557285513,0.24705697629334672
1.0,0.5,2.0,2.0,0.0025,0.005,5.0,1000,cond_mean,37,0.9999673842951107,2.020840010974829,0.4993186595564868,0.0012694798964120598,0,0.024880260373225233,0.24705697629334672
1.0,0.5,2.0,2.0,0.0025,0.005,10.0,2000,cond_mean,37,1.0000038247090153,2.0349049970385047,0.5078869176254969,0.0018431606000176336,0,0.04245918404541638,0.24705697629334672
1.0,0.5,2.0,2.0,0.0025,0.005,20.0,4000,cond_mean,37,1.0001042370043534,2.009802678960722,0.5059850572770532,0.0017460872386554213,0,0.01609553818036754,0.24705697629334672
1.0,0.5,2.0,2.0,0.0025,0.005,0.5,100,cond_mean,38,1.000063191672496,2.012290432355051,0.5053846822916649,0.0020270928696002086,0,0.018662606001338868,0.2695803392977853
1.0,0.5,2.0,2.0,0.0025,0.005,1.0,200,cond_mean,38,0.9999358820685065,2.0169511680364343,0.5012821845279781,0.0026916644290660994,0,0.023684098369006933,0.2695803392977853
1.0,0.5,2.0,2.0,0.0025,0.005,2.0,400,cond_mean,38,0.999939020943738,2.0237072012609274,0.4945937817173173,0.0016903277982416298,0,0.029472188059529766,0.2695803392977853
1.0,0.5,2.0,2.0,0.0025,0.005,3.5,700,cond_mean,38,1.0004987287571203,2.010566210908861,0.5080200932069179,0.0023152814658783743,0,0.019269263147385238,0.2695803392977853
1.0,0.5,2.0,2.0,0.0025,0.005,5.0,1000,cond_mean,38,1.0000691820651524,1.9905951155966182,0.49964917690330185,0.0017254116186556112,0,0.013787381973923806,0.2695803392977853
1.0,0.5,2.0,2.0,0.0025,0.005,10.0,2000,cond_mean,38,1.0001439064506206,1.9901872563632197,0.5066139022702757,0.0019341435840773927,0,0.016940559502223156,0.2695803392977853
1.0,0.5,2.0,2.0,0.0025,0.005,20.0,4000,cond_mean,38,1.0001035369608038,1.9746489074697393,0.5034935194724153,0.003260382879476122,0,0.033543874703997494,0.2695803392977853
1.0,0.5,2.0,2.0,0.0025,0.005,0.5,100,cond_mean,39,0.9999721673368116,2.00537652823275,0.497907025238284,0.0017694984927159169,0,0.011012723763943664,0.2467817560037864
1.0,0.5,2.0,2.0,0.0025,0.005,1.0,200,cond_mean,39,0.9998915586927337,2.0051213038799443,0.4985396611488628,0.0022436649159485005,0,0.01262428073717512,0.2467817560037864
1.0,0.5,2.0,2.0,0.0025,0.005,2.0,400,cond_mean,39,0.9999468741664603,1.9877660192155435,0.5057645970483892,0.001362373293060009,0,0.017365736836325942,0.2467817560037864
1.0,0.5,2.0,2.0,0.0025,0.005,3.5,700,cond_mean,39,1.000134954971668,1.96586564651623,0.5006148919100224,0.0021024210483665735,0,0.04074509175691734,0.2467817560037864
1.0,0.5,2.0,2.0,0.0025,0.005,5.0,1000,cond_mean,39,0.9999345526251804,1.9728057353996964,0.4980625456143102,0.001846278474535005,0,0.03278536608561511,0.2467817560037864
1.0,0.5,2.0,2.0,0.0025,0.005,10.0,2000,cond_mean,39,1.0002357477023445,1.9889403300420545,0.4893670990801209,0.0017992081287608154,0,0.021357077751851278,0.2467817560037864
1.0,0.5,2.0,2.0,0.0025,0.005,20.0,4000,cond_mean,39,0.9999376163819061,1.9601171153386234,0.49993135923975357,0.0015374211873575513,0,0.046664575680202325,0.2467817560037864
1.0,0.5,2.0,2.0,0.0025,0.005,0.5,100,cond_mean,40,0.9999938839469225,2.002760799195613,0.49739763696646216,0.0014284568314790478,0,0.00841533999078292,0.2434680475687076
1.0,0.5,2.0,2.0,0.0025,0.005,1.0,200,cond_mean,40,0.9998581403854102,2.001091369163135,0.5025015235622008,0.0016518216351414348,0,0.0089693817418826,0.2434680475687076
1.0,0.5,2.0,2.0,0.0025,0.005,2.0,400,cond_mean,40,1.0000331933875277,2.0038029175482808,0.5022901407805741,0.0015576450237673226,0,0.009279769408778622,0.2434680475687076
1.0,0.5,2.0,2.0,0.0025,0.005,3.5,700,cond_mean,40,0.9999191242656831,2.012903524944382,0.497250428313009,0.0016198630859862563,0,0.017253195235316852,0.2434680475687076
1.0,0.5,2.0,2.0,0.0025,0.005,5.0,1000,cond_mean,40,0.9998961791387388,1.9959275207033271,0.5009615022684863,0.002041621175657874,0,0.011169754011971308,0.2434680475687076
1.0,0.5,2.0,2.0,0.0025,0.005,10.0,2000,cond_mean,40,1.0000037525562784,1.9790967168805875,0.49438671273914203,0.0018308081317245347,0,0.02686243158849049,0.2434680475687076
1.0,0.5,2.0,2.0,0.0025,0.005,20.0,4000,cond_mean,40,1.0000772841384256,1.9901447329341317,0.49247715536777553,0.0020856520341642404,0,0.01837665897772979,0.2434680475687076
1.0,0.5,2.0,2.0,0.0025,0.005,0.5,100,cond_mean,41,0.9999387046792204,1.9916579301357349,0.4951435983244858,0.0020194639904678215,0,0.015147864752852987,0.24287879756385727
1.0,0.5,2.0,2.0,0.0025,0.005,1.0,200,cond_mean,41,1.0001480852312108,1.9930363976854313,0.4945301799607284,0.0032655034591480823,0,0.01942270003468885,0.24287879756385727
1.0,0.5,2.0,2.0,0.0025,0.005,2.0,400,cond_mean,41,1.0004385028733642,1.9872770849775927,0.5020553559789768,0.0028086872198423225,0,0.020316437945626625,0.24287879756385727
1.0,0.5,2.0,2.0,0.0025,0.005,3.5,700,cond_mean,41,1.0002204547715172,1.9873650817809645,0.4984118404605952,0.0014370181738788564,0,0.016439300200903336,0.24287879756385727
1.0,0.5,2.0,2.0,0.0025,0.005,5.0,1000,cond_mean,41,1.0001847700604323,1.9981392096389916,0.5009466845229139,0.002131579442839823,0,0.010736501488918615,0.24287879756385727
1.0,0.5,2.0,2.0,0.0025,0.005,10.0,2000,cond_mean,41,0.9998034924879912,2.0247773768354773,0.49024095680539814,0.0018010373895721668,0,0.032487531493538356,0.24287879756385727
1.0,0.5,2.0,2.0,0.0025,0.005,20.0,4000,cond_mean,41,1.0000015883752043,2.059717633403672,0.5038461058244673,0.0017964792889103283,0,0.06956197998639453,0.24287879756385727
1.0,0.5,2.0,2.0,0.0025,0.005,0.5,100,cond_mean,42,0.9999917924261433,1.9993956435525773,0.5010395370000157,0.0015053551531673196,0,0.007544521454129847,0.24389902971285796
1.0,0.5,2.0,2.0,0.0025,0.005,1.0,200,cond_mean,42,0.9999691076944788,1.9992011400323422,0.5014141678966538,0.001646540018337797,0,0.008354215642068355,0.24389902971285796
1.0,0.5,2.0,2.0,0.0025,0.005,2.0,400,cond_mean,42,1.0000315922274878,1.991455645459016,0.5110521145493636,0.0017152345192421909,0,0.0193360908606221,0.24389902971285796
1.0,0.5,2.0,2.0,0.0025,0.005,3.5,700,cond_mean,42,0.9997355408664584,1.993075233308975,0.49462636200527793,0.002255684044112118,0,0.015171567678834716,0.24389902971285796
1.0,0.5,2.0,2.0,0.0025,0.005,5.0,1000,cond_mean,42,0.9998790469851869,1.9956440285185402,0.4948653252236203,0.0019617217972271095,0,0.012649564062411044,0.24389902971285796
1.0,0.5,2.0,2.0,0.0025,0.005,10.0,2000,cond_mean,42,1.0000255332541805,1.9865146618082006,0.5144219781874493,0.0015867977718133672,0,0.02553632588059734,0.24389902971285796
1.0,0.5,2.0,2.0,0.0025,0.005,20.0,4000,cond_mean,42,0.9996728449630837,1.9397856548481833,0.5066021938985457,0.00203257270297699,0,0.07068499845337857,0.24389902971285796
1.0,0.5,2.0,2.0,0.0025,0.005,0.5,100,cond_mean,43,1.0002177606422749,1.9929391763893483,0.5023041629218719,0.0018949547944857596,0,0.01265440883114361,0.24549184515074426
1.0,0.5,2.0,2.0,0.0025,0.005,1.0,200,cond_mean,43,1.0002873776030006,1.9970088390836835,0.49923453960521214,0.0022470664798051837,0,0.011736678581773251,0.24549184515074426
1.0,0.5,2.0,2.0,0.0025,0.005,2.0,400,cond_mean,43,0.9999151606443414,1.9973895325683244,0.4986029277068619,0.0013311317168195724,0,0.007389514496167048,0.24549184515074426
1.0,0.5,2.0,2.0,0.0025,0.005,3.5,700,cond_mean,43,1.0002109459243274,2.0078503431115045,0.5060697117147887,0.002137962251066121,0,0.015793218270516836,0.24549184515074426
1.0,0.5,2.0,2.0,0.0025,0.005,5.0,1000,cond_mean,43,0.9999686185950425,2.0046264586393105,0.5019010325211105,0.0019012578446986938,0,0.011054452096249645,0.24549184515074426
1.0,0.5,2.0,2.0,0.0025,0.005,10.0,2000,cond_mean,43,1.0001192818625078,1.979790149095267,0.4907196869109793,0.0018970668771077271,0,0.02816802547244099,0.24549184515074426
1.0,0.5,2.0,2.0,0.0025,0.005,20.0,4000,cond_mean,43,0.9997394741678577,1.9975058901259404,0.4981836176821241,0.002196427837710565,0,0.01135374632686569,0.24549184515074426
1.0,0.5,2.0,2.0,0.0025,0.005,0.5,100,cond_mean,44,1.0005020994603238,2.017826987689526,0.5106180486197982,0.002832573192445188,0,0.027984208709021966,0.24980066071397491
1.0,0.5,2.0,2.0,0.0025,0.005,1.0,200,cond_mean,44,1.0001319296692572,2.0160024927322504,0.5017133919136654,0.0016508259689207415,0,0.02026003719917806,0.24980066071397491
1.0,0.5,2.0,2.0,0.0025,0.005,2.0,400,cond_mean,44,1.0001351214911056,2.0285227513856166,0.5022510850722354,0.0014879969632281534,0,0.033805405401799285,0.24980066071397491
1.0,0.5,2.0,2.0,0.0025,0.005,3.5,700,cond_mean,44,1.0002063147117393,2.035031977561001,0.5053886584540177,0.00141795903392792,0,0.04146974307044834,0.24980066071397491
1.0,0.5,2.0,2.0,0.0025,0.005,5.0,1000,cond_mean,44,1.000274197324719,2.050815566875701,0.5035570352158746,0.0022499504640081667,0,0.0597748015392032,0.24980066071397491
1.0,0.5,2.0,2.0,0.0025,0.005,10.0,2000,cond_mean,44,1.0002307460944713,2.050472922243717,0.5082170663364992,0.0017860347155707894,0,0.0595565224170321,0.24980066071397491
1.0,0.5,2.0,2.0,0.0025,0.005,20.0,4000,cond_mean,44,0.9992571665101243,2.079655149648448,0.49209094473962,0.0028552869459139807,0,0.09379862557452076,0.24980066071397491
1.0,0.5,2.0,2.0,0.0025,0.005,0.5,100,cond_mean,45,0.999846645612232,1.998742764729962,0.4924436867322427,0.0015494554496664477,0,0.012334622165686742,0.25089433328581173
1.0,0.5,2.0,2.0,0.0025,0.005,1.0,200,cond_mean,45,1.0000934203621434,2.0144324152127493,0.4996930820052071,0.0014251319289628015,0,0.018089497296725852,0.25089433328581173
1.0,0.5,2.0,2.0,0.0025,0.005,2.0,400,cond_mean,45,1.0001375203559302,1.99478071751486,0.4960559009366399,0.0018615161861870748,0,0.012272664075215007,0.25089433328581173
1.0,0.5,2.0,2.0,0.0025,0.005,3.5,700,cond_mean,45,1.0001715887442837,2.014545352100416,0.4950725409146241,0.0021211261493266098,0,0.020926402733145867,0.25089433328581173
1.0,0.5,2.0,2.0,0.0025,0.005,5.0,1000,cond_mean,45,0.9997900510992066,1.9937797039957381,0.4894596926304934,0.0020341127282109315,0,0.018215825754518536,0.25089433328581173
1.0,0.5,2.0,2.0,0.0025,0.005,10.0,2000,cond_mean,45,1.000102209751596,1.995291210432931,0.5034122857530743,0.0015678704086024796,0,0.010343866273902817,0.25089433328581173
1.0,0.5,2.0,2.0,0.0025,0.005,20.0,4000,cond_mean,45,0.9999271321813524,1.9792196395323383,0.49668599309224193,0.0015651281217366215,0,0.025576309676498554,0.25089433328581173
1.0,0.5,2.0,2.0,0.0025,0.005,0.5,100,cond_mean,46,0.9997338398611727,2.00956714050748,0.493264330193143,0.0017288466069589812,0,0.016260513219038986,0.24509648213695204
1.0,0.5,2.0,2.0,0.0025,0.005,1.0,200,cond_mean,46,0.9999389093371088,1.996411250268183,0.49978668275273525,0.001667606318825094,0,0.009174493218269762,0.24509648213695204
1.0,0.5,2.0,2.0,0.0025,0.005,2.0,400,cond_mean,46,0.9997979640059476,1.9986588893507877,0.4914843861185004,0.002235445838400927,0,0.01544010583126527,0.24509648213695204
1.0,0.5,2.0,2.0,0.0025,0.005,3.5,700,cond_mean,46,1.0000035355435404,2.0020161067582984,0.49355232190107085,0.0019119499462522014,0,0.012865065098376928,0.24509648213695204
1.0,0.5,2.0,2.0,0.0025,0.005,5.0,1000,cond_mean,46,0.9999725777828455,2.0154055445657693,0.4905908785199761,0.0014542439107368093,0,0.02289066532787973,0.24509648213695204
1.0,0.5,2.0,2.0,0.0025,0.005,10.0,2000,cond_mean,46,1.0000861936703838,2.0031452776814427,0.5032517488342328,0.002341507555845442,0,0.012727134590510746,0.24509648213695204
1.0,0.5,2.0,2.0,0.0025,0.005,20.0,4000,cond_mean,46,0.9999097296615601,2.0167279464174195,0.5167939062611012,0.0017364160545687308,0,0.030454692357428318,0.24509648213695204
1.0,0.5,2.0,2.0,0.0025,0.005,0.5,100,cond_mean,47,0.9999972377837935,2.0023049108988875,0.5025178860622217,0.0018558579070317067,0,0.010047536959453903,0.24554053570942155
1.0,0.5,2.0,2.0,0.0025,0.005,1.0,200,cond_mean,47,0.9998326348429105,1.993861817962476,0.5012519026410112,0.001372785168058702,0,0.010003832518063714,0.24554053570942155
1.0,0.5,2.0,2.0,0.0025,0.005,2.0,400,cond_mean,47,1.0002756621300628,2.0050136922372146,0.5115241325392001,0.0017514292679091377,0,0.017848980940731955,0.24554053570942155
1.0,0.5,2.0,2.0,0.0025,0.005,3.5,700,cond_mean,47,0.9998287555247881,2.006907053181717,0.5149582916942804,0.00216039523800904,0,0.023843340597474092,0.24554053570942155
1.0,0.5,2.0,2.0,0.0025,0.005,5.0,1000,cond_mean,47,0.9995188127842488,2.0029711957357548,0.49907940652085947,0.0026362739773800733,0,0.013547444678195112,0.24554053570942155
1.0,0.5,2.0,2.0,0.0025,0.005,10.0,2000,cond_mean,47,1.000121490912334,1.9809815756546414,0.506014761278404,0.002152545350093414,0,0.02551348733534262,0.24554053570942155
1.0,0.5,2.0,2.0,0.0025,0.005,20.0,4000,cond_mean,47,0.9999001601776196,1.9648104237338206,0.4958035246016901,0.001437749115675773,0,0.04167016880816669,0.24554053570942155
1.0,0.5,2.0,2.0,0.0025,0.005,0.5,100,cond_mean,48,0.9999429122600186,2.0079444200356344,0.49666039602040124,0.0016401237733812796,0,0.012939809024811602,0.2436406011526872
1.0,0.5,2.0,2.0,0.0025,0.005,1.0,200,cond_mean,48,0.999780298267105,2.0141573235674106,0.49907549281400243,0.0022803265661006738,0,0.019851068081045264,0.2436406011526872
1.0,0.5,2.0,2.0,0.0025,0.005,2.0,400,cond_mean,48,1.0000700051439873,2.0316117001149157,0.4994940972329138,0.0018177747691196769,0,0.03758436635240988,0.2436406011526872
1.0,0.5,2.0,2.0,0.0025,0.005,3.5,700,cond_mean,48,0.9999494712138008,2.008928290796928,0.5030591485355451,0.001823433800503351,0,0.014252449257498684,0.2436406011526872
1.0,0.5,2.0,2.0,0.0025,0.005,5.0,1000,cond_mean,48,1.0000329591454056,1.9972826426550423,0.49867679949291954,0.0021149698996461956,0,0.010993030441819289,0.2436406011526872
1.0,0.5,2.0,2.0,0.0025,0.005,10.0,2000,cond_mean,48,0.9997701960697666,2.003250595629499,0.49526683957886675,0.0024743602211688884,0,0.013977521052303278,0.2436406011526872
1.0,0.5,2.0,2.0,0.0025,0.005,20.0,4000,cond_mean,48,0.9998358640584214,2.000405110970749,0.49725568805231546,0.002042058400827163,0,0.010564235603673252,0.2436406011526872
1.0,0.5,2.0,2.0,0.0025,0.005,0.5,100,cond_mean,49,1.0001353387501142,1.9962202903788688,0.5009641857479867,0.0018219584991620234,0,0.010009816768015909,0.24939668456292047
1.0,0.5,2.0,2.0,0.0025,0.005,1.0,200,cond_mean,49,0.9999428356141098,1.9917204969946602,0.49691765591073195,0.0018917787683633673,0,0.013898371662248441,0.24939668456292047
1.0,0.5,2.0,2.0,0.0025,0.005,2.0,400,cond_mean,49,0.9998945866130047,1.986223626727259,0.4983468782721171,0.0022544818693966853,0,0.019482226457055336,0.24939668456292047
1.0,0.5,2.0,2.0,0.0025,0.005,3.5,700,cond_mean,49,0.9999803591783557,1.9779300156241364,0.49684994681978495,0.0014979330265864831,0,0.026872076424818904,0.24939668456292047
1.0,0.5,2.0,2.0,0.0025,0.005,5.0,1000,cond_mean,49,0.9998062103451817,1.9691566687244162,0.4981648089855962,0.0018377170358277457,0,0.0368478044216364,0.24939668456292047
1.0,0.5,2.0,2.0,0.0025,0.005,10.0,2000,cond_mean,49,1.0002617084446117,1.95891050975843,0.5029888484893134,0.001780032831144738,0,0.048308019115226135,0.24939668456292047
1.0,0.5,2.0,2.0,0.0025,0.005,20.0,4000,cond_mean,49,1.0002293197102126,1.957799845857362,0.4993816906084531,0.0018313781475142975,0,0.04959005682067607,0.24939668456292047
1.0,0.5,2.0,2.0,0.0025,0.005,0.5,100,cond_mean,50,1.0001158766866036,1.9964138810510812,0.5020912447132169,0.001553399378272546,0,0.00903880765186197,0.26944235113582443
1.0,0.5,2.0,2.0,0.0025,0.005,1.0,200,cond_mean,50,1.0001322483933903,1.9892232151519613,0.5033862569803458,0.0019121900855356869,0,0.016120161809302733,0.26944235113582443
1.0,0.5,2.0,2.0,0.0025,0.005,2.0,400,cond_mean,50,1.0000929810202697,1.9884279628816506,0.5019173427417095,0.0014354892034761182,0,0.015274220015875735,0.26944235113582443
1.0,0.5,2.0,2.0,0.0025,0.005,3.5,700,cond_mean,50,1.0000867734796608,2.004908590217628,0.4972765165393814,0.0017505713382720849,0,0.010967628297428752,0.26944235113582443
1.0,0.5,2.0,2.0,0.0025,0.005,5.0,1000,cond_mean,50,1.0002604021308446,1.9986650300132711,0.4935634371977533,0.0018717761275654449,0,0.0130426514971157,0.26944235113582443
1.0,0.5,2.0,2.0,0.0025,0.005,10.0,2000,cond_mean,50,1.0002585114483036,1.9886510716874637,0.4929120303589517,0.0020007855070056984,0,0.019228308554824502,0.26944235113582443
1.0,0.5,2.0,2.0,0.0025,0.005,20.0,4000,cond_mean,50,0.9996338144828042,1.953724941350629,0.492864967152318,0.001974562527192453,0,0.055219936364772744,0.26944235113582443
1.0,0.5,2.0,2.0,0.0025,0.005,0.5,100,cond_mean,51,1.0000133414959296,1.9871049499151447,0.5023925685501263,0.0016770098839431844,0,0.017276669676820917,0.2610654225739251
1.0,0.5,2.0,2.0,0.0025,0.005,1.0,200,cond_mean,51,0.9997333984855424,1.9892537891309712,0.4912061978781145,0.0022071097433806856,0,0.019872786877387416,0.2610654225739251
1.0,0.5,2.0,2.0,0.0025,0.005,2.0,400,cond_mean,51,0.9998623140362805,1.9853240715923577,0.49750095597672794,0.0015577061212695056,0,0.01886380422935216,0.2610654225739251
1.0,0.5,2.0,2.0,0.0025,0.005,3.5,700,cond_mean,51,1.0003538881442224,1.9810259451827728,0.49855096830680634,0.0018181708378398724,0,0.023883248519029152,0.2610654225739251
1.0,0.5,2.0,2.0,0.0025,0.005,5.0,1000,cond_mean,51,1.0002963535215386,1.9628574673846868,0.4993843938176108,0.001799196309550297,0,0.043834745385926195,0.2610654225739251
1.0,0.5,2.0,2.0,0.0025,0.005,10.0,2000,cond_mean,51,0.9999750775476305,1.949467955940235,0.5051974959466016,0.0023931361075140846,0,0.0598142385645515,0.2610654225739251
1.0,0.5,2.0,2.0,0.0025,0.005,20.0,4000,cond_mean,51,0.999692826661318,1.9156015363268937,0.496520470357854,0.0019605759969997657,0,0.0981531889222159,0.2610654225739251
1.0,0.5,2.0,2.0,0.0025,0.005,0.5,100,cond_mean,52,0.9999637244814973,1.9875406734999952,0.5045136500001167,0.002143312238342548,0,0.018765780633005845,0.24904991071006016
1.0,0.5,2.0,2.0,0.0025,0.005,1.0,200,cond_mean,52,0.9998200275519232,1.9962651409706482,0.5026019476487753,0.0018510839049887236,0,0.01076937862986851,0.24904991071006016
1.0,0.5,2.0,2.0,0.0025,0.005,2.0,400,cond_mean,52,0.9999479865660447,2.007927188480692,0.4988612218589724,0.0013064772576548813,0,0.011264048496922259,0.24904991071006016
1.0,0.5,2.0,2.0,0.0025,0.005,3.5,700,cond_mean,52,1.0001144739031713,2.022203572548758,0.503167364306859,0.0020292333403864214,0,0.02777483589620988,0.24904991071006016
1.0,0.5,2.0,2.0,0.0025,0.005,5.0,1000,cond_mean,52,0.9998036973136142,2.0045097233438587,0.49907120427261514,0.0017838544198371482,0,0.010251272860200472,0.24904991071006016
1.0,0.5,2.0,2.0,0.0025,0.005,10.0,2000,cond_mean,52,0.9994420485578451,2.032125913603067,0.4929171794546489,0.002255277322348901,0,0.03977906109737394,0.24904991071006016
1.0,0.5,2.0,2.0,0.0025,0.005,20.0,4000,cond_mean,52,0.9998172690019484,2.0636803409428355,0.4999513760206403,0.0014903149216609843,0,0.0738992983069711,0.24904991071006016
1.0,0.5,2.0,2.0,0.0025,0.005,0.5,100,cond_mean,53,0.9999525603358772,1.9980299572668134,0.4973417665581466,0.002094710291215108,0,0.011055373924263498,0.24770554156774388
1.0,0.5,2.0,2.0,0.0025,0.005,1.0,200,cond_mean,53,1.000230210977193,1.9956896155963253,0.5042284753424092,0.0017975012118074238,0,0.011350439467969046,0.24770554156774388
1.0,0.5,2.0,2.0,0.0025,0.005,2.0,400,cond_mean,53,0.9998750169207188,2.0045022012858573,0.5012189898823984,0.001796925696369916,0,0.01041855287044108,0.24770554156774388
1.0,0.5,2.0,2.0,0.0025,0.005,3.5,700,cond_mean,53,1.000065623344722,1.9945984381180974,0.5122060564715751,0.0014643369180865815,0,0.018395401120836583,0.24770554156774388
1.0,0.5,2.0,2.0,0.0025,0.005,5.0,1000,cond_mean,53,0.9999559962568578,1.9849468528520877,0.504513546749859,0.0012343605159845148,0,0.01932392040991111,0.24770554156774388
1.0,0.5,2.0,2.0,0.0025,0.005,10.0,2000,cond_mean,53,1.0002531770534606,1.9735755700183033,0.49978689490717715,0.0025530472763967897,0,0.03301246608005896,0.24770554156774388
1.0,0.5,2.0,2.0,0.0025,0.005,20.0,4000,cond_mean,53,1.000212935193679,1.9766006910529859,0.5010717133075437,0.002001623108801557,0,0.028764442012574165,0.24770554156774388
1.0,0.5,2.0,2.0,0.0025,0.005,0.5,100,cond_mean,54,1.0001319034887572,1.9999833882274047,0.4932569423300359,0.0013947979864210043,0,0.011461033270621068,0.2437956727143111
1.0,0.5,2.0,2.0,0.0025,0.005,1.0,200,cond_mean,54,0.9996541300090543,2.005763494155873,0.4937586300696812,0.002667342981548191,0,0.01651029052149261,0.2437956727143111
1.0,0.5,2.0,2.0,0.0025,0.005,2.0,400,cond_mean,54,0.9997440323903451,1.9946733449258045,0.4906967284941848,0.0022427877856324996,0,0.017236095727158337,0.2437956727143111
1.0,0.5,2.0,2.0,0.0025,0.005,3.5,700,cond_mean,54,1.0002945390115308,1.9753503212769916,0.5122192056356704,0.0025022798827979836,0,0.03458215805167826,0.2437956727143111
1.0,0.5,2.0,2.0,0.0025,0.005,5.0,1000,cond_mean,54,1.0001843550482887,1.9874300387044865,0.512095261568179,0.0031431556991152933,0,0.026242524930607455,0.2437956727143111
1.0,0.5,2.0,2.0,0.0025,0.005,10.0,2000,cond_mean,54,1.0004066535779934,2.010269832997276,0.5118781330664833,0.0015934909008867486,0,0.020445112012266637,0.2437956727143111
1.0,0.5,2.0,2.0,0.0025,0.005,20.0,4000,cond_mean,54,1.0000299441258969,2.021127528280633,0.5064321731851829,0.002270318781615593,0,0.02807814954637944,0.2437956727143111
1.0,0.5,2.0,2.0,0.0025,0.005,0.5,100,cond_mean,55,0.9997310142826059,2.001884138590584,0.4969771905919908,0.0017610403288500047,0,0.009597393150147845,0.2481647321422185
1.0,0.5,2.0,2.0,0.0025,0.005,1.0,200,cond_mean,55,0.9999412380938447,1.9900958569137646,0.49759590273222315,0.0021246120467518165,0,0.015770965457502638,0.2481647321422185
1.0,0.5,2.0,2.0,0.0025,0.005,2.0,400,cond_mean,55,1.0001941269770214,2.0144463258102556,0.49968069158638295,0.002460791266519936,0,0.0206262113764531,0.2481647321422185
1.0,0.5,2.0,2.0,0.0025,0.005,3.5,700,cond_mean,55,0.9999079218031348,1.9957979331060756,0.49585866847145527,0.0018346323947764206,0,0.011489607797409897,0.2481647321422185
1.0,0.5,2.0,2.0,0.0025,0.005,5.0,1000,cond_mean,55,0.9999815057877287,2.0015513032432195,0.4892437436468193,0.0020343373027362304,0,0.017372915628691962,0.2481647321422185
1.0,0.5,2.0,2.0,0.0025,0.005,10.0,2000,cond_mean,55,1.0004159342647303,1.9840606904078968,0.5027569192391717,0.0024561440886381185,0,0.022209773478702562,0.2481647321422185
1.0,0.5,2.0,2.0,0.0025,0.005,20.0,4000,cond_mean,55,1.000163539686601,2.013648867035042,0.4988316101440271,0.0019147121184485592,0,0.018475836713555325,0.2481647321422185
1.0,0.5,2.0,2.0,0.0025,0.005,0.5,100,cond_mean,56,0.9999108834841526,1.9847011517391235,0.5002681751873398,0.0015350612623590944,0,0.019214761436931176,0.25223671428726185
1.0,0.5,2.0,2.0,0.0025,0.005,1.0,200,cond_mean,56,0.9999563078221884,1.980444939843293,0.500099895223857,0.001322307654862486,0,0.02349276090674545,0.25223671428726185
1.0,0.5,2.0,2.0,0.0025,0.005,2.0,400,cond_mean,56,1.0000468920771264,1.9846303722218408,0.5043426707959676,0.0026343601871764355,0,0.022664770839989606,0.25223671428726185
1.0,0.5,2.0,2.0,0.0025,0.005,3.5,700,cond_mean,56,0.9998903912701401,1.9743223422578615,0.5006429486523376,0.0028174976260247936,0,0.03273122788276352,0.25223671428726185
1.0,0.5,2.0,2.0,0.0025,0.005,5.0,1000,cond_mean,56,0.999594425930319,1.973306200652736,0.4921195886372566,0.0025320544183940197,0,0.03472609790800238,0.25223671428726185
1.0,0.5,2.0,2.0,0.0025,0.005,10.0,2000,cond_mean,56,0.9999638274311407,1.9567862981614714,0.4964103983316956,0.0017136681504177017,0,0.050919906673567605,0.25223671428726185
1.0,0.5,2.0,2.0,0.0025,0.005,20.0,4000,cond_mean,56,1.0000242230038285,1.9729892486210656,0.49688822061164684,0.0014842567547709994,0,0.03232906562167976,0.25223671428726185
1.0,0.5,2.0,2.0,0.0025,0.005,0.5,100,cond_mean,57,0.999967893945391,1.9976767120200503,0.4973216310423516,0.0015390044635570474,0,0.008725302838710793,0.24742467857764236
1.0,0.5,2.0,2.0,0.0025,0.005,1.0,200,cond_mean,57,1.0003153991543468,2.000246898803568,0.5020596834764744,0.0018650881241191824,0,0.00947737420193577,0.24742467857764236
1.0,0.5,2.0,2.0,0.0025,0.005,2.0,400,cond_mean,57,1.0002640403348513,1.9941066605561162,0.49937654846187285,0.0018261718308420797,0,0.011397843725713947,0.24742467857764236
1.0,0.5,2.0,2.0,0.0025,0.005,3.5,700,cond_mean,57,1.0001980341323782,1.9914045498535606,0.4953280120362446,0.0017036563225904624,0,0.014612452300696674,0.24742467857764236
1.0,0.5,2.0,2.0,0.0025,0.005,5.0,1000,cond_mean,57,0.9999528370235653,1.9946545295827198,0.49322873722258365,0.002179914289972734,0,0.015195834489997765,0.24742467857764236
1.0,0.5,2.0,2.0,0.0025,0.005,10.0,2000,cond_mean,57,0.9997120917014801,1.9471074254533016,0.4965118496882504,0.002812338079328345,0,0.0627936159450296,0.24742467857764236
1.0,0.5,2.0,2.0,0.0025,0.005,20.0,4000,cond_mean,57,1.0001177917766524,1.955537597864307,0.5041916832475305,0.0018854840833796606,0,0.052295323033651774,0.24742467857764236
1.0,0.5,2.0,2.0,0.0025,0.005,0.5,100,cond_mean,58,0.9998940074154732,2.0148867605474696,0.5019568739953999,0.0015771605571488323,0,0.01905744431140618,0.2457080237135025
1.0,0.5,2.0,2.0,0.0025,0.005,1.0,200,cond_mean,58,0.9995420900235316,2.019786606554962,0.495890961980758,0.00299496059542171,0,0.027586348433236346,0.2457080237135025
1.0,0.5,2.0,2.0,0.0025,0.005,2.0,400,cond_mean,58,0.9993730396687567,2.0199688134425595,0.49421771999160885,0.002709747333450112,0,0.027484568843508663,0.2457080237135025
1.0,0.5,2.0,2.0,0.0025,0.005,3.5,700,cond_mean,58,0.9997549280442889,2.0191960764255796,0.4953001972376017,0.002968419939146395,0,0.02711856297094487,0.2457080237135025
1.0,0.5,2.0,2.0,0.0025,0.005,5.0,1000,cond_mean,58,1.0000116330884277,2.0179653598976475,0.4972431980484439,0.0013327399905088586,0,0.022069445704547268,0.2457080237135025
1.0,0.5,2.0,2.0,0.0025,0.005,10.0,2000,cond_mean,58,1.0002174018454728,2.0214255785746196,0.498777155936059,0.0021595604161139645,0,0.027018529636608633,0.2457080237135025
1.0,0.5,2.0,2.0,0.0025,0.005,20.0,4000,cond_mean,58,0.9999229947153707,2.0097346616176752,0.5068665721534554,0.002596859336746506,0,0.01926230243870889,0.2457080237135025
1.0,0.5,2.0,2.0,0.0025,0.005,0.5,100,cond_mean,59,1.00027223261438,2.0044903384229262,0.5000670709125375,0.0019851506996611777,0,0.01110875527265639,0.24705080357047596
1.0,0.5,2.0,2.0,0.0025,0.005,1.0,200,cond_mean,59,0.9999926825919231,2.000442210769032,0.4951942936734287,0.002265715680718474,0,0.012798291656502559,0.24705080357047596
1.0,0.5,2.0,2.0,0.0025,0.005,2.0,400,cond_mean,59,1.0000756941266895,2.0043118418612,0.5030322440929077,0.002061835136788849,0,0.011902939720640309,0.24705080357047596
1.0,0.5,2.0,2.0,0.0025,0.005,3.5,700,cond_mean,59,1.0000337385599385,2.01100982706016,0.5017594897446623,0.0016600694879565505,0,0.0152466582127812,0.24705080357047596
1.0,0.5,2.0,2.0,0.0025,0.005,5.0,1000,cond_mean,59,1.0001285514881948,2.001685025622396,0.4979459658646499,0.001913077561422514,0,0.010055507866739187,0.24705080357047596
1.0,0.5,2.0,2.0,0.0025,0.005,10.0,2000,cond_mean,59,0.9998719065972191,2.0063312116422534,0.4996661558654329,0.0021677857244464856,0,0.012917252580732064,0.24705080357047596
1.0,0.5,2.0,2.0,0.0025,0.005,20.0,4000,cond_mean,59,0.9998184998914484,2.033146522011059,0.5002720331702591,0.0027029846084922616,0,0.0405264645097736,0.24705080357047596
1.0,0.5,2.0,2.0,0.0025,0.005,0.5,100,cond_mean,60,0.9999552957109187,1.9975308050500005,0.500685192246695,0.001556791470301632,0,0.00821373865160823,0.24817467856753087
1.0,0.5,2.0,2.0,0.0025,0.005,1.0,200,cond_mean,60,1.0000046437063295,2.0004619123810405,0.49601958457590517,0.0018242123760585708,0,0.010381697009355227,0.24817467856753087
1.0,0.5,2.0,2.0,0.0025,0.005,2.0,400,cond_mean,60,0.9997633259619704,1.9975548039782893,0.4955495599314818,0.0017206726225478628,0,0.010421263420101752,0.24817467856753087
1.0,0.5,2.0,2.0,0.0025,0.005,3.5,700,cond_mean,60,1.0002578891097633,2.007020907976238,0.49725846232941495,0.0017917118835954053,0,0.012722541357966473,0.24817467856753087
1.0,0.5,2.0,2.0,0.0025,0.005,5.0,1000,cond_mean,60,1.0004282877465442,1.998913941511107,0.5040845219434684,0.0016651517703014697,0,0.009569122731295787,0.24817467856753087
1.0,0.5,2.0,2.0,0.0025,0.005,10.0,2000,cond_mean,60,0.9997553539932612,2.0003523908336924,0.49522760337986715,0.002420549933792606,0,0.0132308364272049,0.24817467856753087
1.0,0.5,2.0,2.0,0.0025,0.005,20.0,4000,cond_mean,60,1.000026982281696,2.040615951230772,0.5095938667395863,0.001714186131563298,0,0.04898722801808689,0.24817467856753087
1.0,0.5,2.0,2.0,0.0025,0.005,0.5,100,cond_mean,61,0.9998055575221375,1.9975247089836479,0.497028692442052,0.002070473057604687,0,0.011139701148305302,0.24361257729054028
1.0,0.5,2.0,2.0,0.0025,0.005,1.0,200,cond_mean,61,0.9999277779216056,1.9964322325189368,0.5004146751294012,0.0014698694701889238,0,0.008338550290357535,0.24361257729054028
1.0,0.5,2.0,2.0,0.0025,0.005,2.0,400,cond_mean,61,1.0001399743974415,1.9911860499680225,0.5000698774922605,0.0022418131610388776,0,0.01499712481541111,0.24361257729054028
1.0,0.5,2.0,2.0,0.0025,0.005,3.5,700,cond_mean,61,0.9998412892122572,1.9925603270057284,0.4983072265719039,0.0020847930601224324,0,0.013503540939191797,0.24361257729054028
1.0,0.5,2.0,2.0,0.0025,0.005,5.0,1000,cond_mean,61,0.9998181180221063,1.9867668011194077,0.49350182454029284,0.0022552425431554314,0,0.020651836327710896,0.24361257729054028
1.0,0.5,2.0,2.0,0.0025,0.005,10.0,2000,cond_mean,61,1.00032475469922,1.969384196869295,0.5129000903636983,0.002399455089771838,0,0.04054139381631133,0.24361257729054028
1.0,0.5,2.0,2.0,0.0025,0.005,20.0,4000,cond_mean,61,1.0003103762398855,1.9528619897597945,0.5100165737406428,0.001685487305747063,0,0.05623583988363535,0.24361257729054028
1.0,0.5,2.0,2.0,0.0025,0.005,0.5,100,cond_mean,62,1.0000003566866928,1.9856213267078118,0.5032800375697384,0.0017149544865049037,0,0.0190921123657275,0.24824315470842911
1.0,0.5,2.0,2.0,0.0025,0.005,1.0,200,cond_mean,62,1.0000873246677624,1.9857511481427852,0.501026639869346,0.0015571072464211381,0,0.01817065536573235,0.24824315470842911
1.0,0.5,2.0,2.0,0.0025,0.005,2.0,400,cond_mean,62,1.0001925132791296,1.9577423754834677,0.5002279180618449,0.0019388388139176442,0,0.049716989781942875,0.24824315470842911
1.0,0.5,2.0,2.0,0.0025,0.005,3.5,700,cond_mean,62,1.0003060773774126,1.978579616643773,0.49948491190757643,0.0023283787563011834,0,0.027315907787531134,0.24824315470842911
1.0,0.5,2.0,2.0,0.0025,0.005,5.0,1000,cond_mean,62,0.9999753799998756,1.987211083142001,0.499844029574597,0.001905475993539866,0,0.017477919021672953,0.24824315470842911
1.0,0.5,2.0,2.0,0.0025,0.005,10.0,2000,cond_mean,62,0.9999391144045656,2.0212759604256463,0.49429867708933745,0.0016353931015716996,0,0.026920154009057746,0.24824315470842911
1.0,0.5,2.0,2.0,0.0025,0.005,20.0,4000,cond_mean,62,0.9997716179968295,2.063674023022315,0.49825277185200517,0.0012938083757052061,0,0.07386893196354972,0.24824315470842911
1.0,0.5,2.0,2.0,0.0025,0.005,0.5,100,cond_mean,63,1.0001243603226524,1.9977638353289533,0.4963014514581237,0.001350748037991882,0,0.008792507038540374,0.24408278572705708
1.0,0.5,2.0,2.0,0.0025,0.005,1.0,200,cond_mean,63,1.0003524741352352,1.9918376970134362,0.5021326090381091,0.0029458262825132163,0,0.017429109201590104,0.24408278572705708
1.0,0.5,2.0,2.0,0.0025,0.005,2.0,400,cond_mean,63,1.0000684677729919,1.978668233274593,0.4941744160058252,0.0020295915273443555,0,0.02773591095317692,0.24408278572705708
1.0,0.5,2.0,2.0,0.0025,0.005,3.5,700,cond_mean,63,1.000327191639458,1.9826646953082758,0.4979609593360422,0.0020796113791623433,0,0.022790541035337744,0.24408278572705708
1.0,0.5,2.0,2.0,0.0025,0.005,5.0,1000,cond_mean,63,1.0002461042757482,1.9958983900097913,0.5024916710594198,0.00222430607041147,0,0.01224471983876763,0.24408278572705708
1.0,0.5,2.0,2.0,0.0025,0.005,10.0,2000,cond_mean,63,1.0001556917849006,2.003442924037867,0.5126746156779507,0.001843389879183048,0,0.01894476234202868,0.24408278572705708
1.0,0.5,2.0,2.0,0.0025,0.005,20.0,4000,cond_mean,63,1.0004605749253954,1.9951301828978516,0.5130606989757022,0.0021889309322839076,0,0.020257701625122852,0.24408278572705708
1.0,0.5,2.0,2.0,0.0025,0.005,0.5,100,cond_mean,64,0.9998807687607235,1.9896914963155181,0.4993213513810918,0.002009666801498009,0,0.015485504852809737,0.2532469582843727
1.0,0.5,2.0,2.0,0.0025,0.005,1.0,200,cond_mean,64,1.000359649128292,1.9951018838607448,0.5090856672446765,0.0021126083507875394,0,0.01625719071708981,0.2532469582843727
1.0,0.5,2.0,2.0,0.0025,0.005,2.0,400,cond_mean,64,1.0002656613869785,1.98953978034868,0.5011971636386395,0.0019407294220109095,0,0.015447207018970108,0.2532469582843727
1.0,0.5,2.0,2.0,0.0025,0.005,3.5,700,cond_mean,64,0.9999680322627659,1.9930013115484393,0.4941519710551098,0.0019043694904991603,0,0.014505506247636194,0.2532469582843727
1.0,0.5,2.0,2.0,0.0025,0.005,5.0,1000,cond_mean,64,1.000078635939835,1.9869684365560336,0.5061051824587017,0.001655435286478312,0,0.018794862314972936,0.2532469582843727
1.0,0.5,2.0,2.0,0.0025,0.005,10.0,2000,cond_mean,64,1.0002463998525712,1.9810874141465677,0.5047941390710725,0.0015552366368499443,0,0.02380659772322027,0.2532469582843727
1.0,0.5,2.0,2.0,0.0025,0.005,20.0,4000,cond_mean,64,0.9998121782671443,2.003944224460135,0.5081444036799605,0.0019383221838947197,0,0.01527298931648189,0.2532469582843727
1.0,0.5,2.0,2.0,0.0025,0.005,0.5,100,cond_mean,65,1.0002886255621541,1.992069830825225,0.5039943977431826,0.0021397413505250765,0,0.014695895400337921,0.2836102439988671
1.0,0.5,2.0,2.0,0.0025,0.005,1.0,200,cond_mean,65,1.0001444546806786,2.007262890530371,0.49968682505992607,0.00339577882852131,0,0.018671085643672012,0.2836102439988671
1.0,0.5,2.0,2.0,0.0025,0.005,2.0,400,cond_mean,65,0.9999998494034943,2.008162023410878,0.49636046171399406,0.0017104033045172375,0,0.01350882491859331,0.2836102439988671
1.0,0.5,2.0,2.0,0.0025,0.005,3.5,700,cond_mean,65,1.000298381414352,2.0064926725722847,0.4971442986175892,0.0017734188644072885,0,0.012379334340903976,0.2836102439988671
1.0,0.5,2.0,2.0,0.0025,0.005,5.0,1000,cond_mean,65,0.9999487264152498,2.0154155753012306,0.4984564927696056,0.0014955164871107325,0,0.019359458514844767,0.2836102439988671
1.0,0.5,2.0,2.0,0.0025,0.005,10.0,2000,cond_mean,65,0.9997622472639301,2.0316261138840233,0.5015655436344991,0.002232568313282679,0,0.038216134466613275,0.2836102439988671
1.0,0.5,2.0,2.0,0.0025,0.005,20.0,4000,cond_mean,65,1.0001885131912422,2.032107684036323,0.5144970330611233,0.0020389828562541318,0,0.04227503683286105,0.2836102439988671
1.0,0.5,2.0,2.0,0.0025,0.005,0.5,100,cond_mean,66,0.9999696821660744,1.9953315831408205,0.5008079205306635,0.001436920118139131,0,0.008943914829100163,0.25778523814265747
1.0,0.5,2.0,2.0,0.0025,0.005,1.0,200,cond_mean,66,1.0000230408235566,1.9970991728957368,0.5042973183374521,0.0018781623530911872,0,0.011281985526019462,0.25778523814265747
1.0,0.5,2.0,2.0,0.0025,0.005,2.0,400,cond_mean,66,1.0002223723298571,2.001337255184761,0.5059383723500323,0.0021046161492652995,0,0.012785167259538726,0.25778523814265747
1.0,0.5,2.0,2.0,0.0025,0.005,3.5,700,cond_mean,66,0.9998006563482275,1.9999211107122032,0.4941471148304257,0.0025091977384932166,0,0.014308629192196097,0.25778523814265747
1.0,0.5,2.0,2.0,0.0025,0.005,5.0,1000,cond_mean,66,0.9999323017974987,1.9923276197127953,0.4997625716634002,0.0015407658429965328,0,0.011649630166901825,0.25778523814265747
1.0,0.5,2.0,2.0,0.0025,0.005,10.0,2000,cond_mean,66,0.9998255596172005,2.018710237872735,0.5042926581587192,0.002912253115044148,0,0.026502886770860306,0.25778523814265747
1.0,0.5,2.0,2.0,0.0025,0.005,20.0,4000,cond_mean,66,1.0000532594416869,2.026901534428766,0.5098343806320759,0.0023604233448812286,0,0.03545576619141988,0.25778523814265747
1.0,0.5,2.0,2.0,0.0025,0.005,0.5,100,cond_mean,67,0.9999312773048455,2.0056801725974704,0.5018511663721319,0.0018786336480911632,0,0.011600226630520427,0.25207230357253657
1.0,0.5,2.0,2.0,0.0025,0.005,1.0,200,cond_mean,67,1.0002143895122244,2.0070981198808098,0.506462909640525,0.0037636992304702975,0,0.02177571764110349,0.25207230357253657
1.0,0.5,2.0,2.0,0.0025,0.005,2.0,400,cond_mean,67,1.000099430254116,1.9954614804694515,0.5083304560599737,0.001964667173578886,0,0.015307367709330647,0.25207230357253657
1.0,0.5,2.0,2.0,0.0025,0.005,3.5,700,cond_mean,67,1.0001851196507525,1.9943966764305896,0.5013688265521793,0.0020441690163385973,0,0.012044802948642158,0.25207230357253657
1.0,0.5,2.0,2.0,0.0025,0.005,5.0,1000,cond_mean,67,1.0002885593197794,1.9834018654586643,0.5106922918889092,0.002943714049862751,0,0.02753676176549758,0.25207230357253657
1.0,0.5,2.0,2.0,0.0025,0.005,10.0,2000,cond_mean,67,1.0001914760143527,2.0065074491233146,0.4993979826833555,0.0019233238888413423,0,0.012151283848191167,0.25207230357253657
1.0,0.5,2.0,2.0,0.0025,0.005,20.0,4000,cond_mean,67,1.0000982815373303,2.048283263979064,0.5040176190040795,0.002273298572985984,0,0.05700373010318317,0.25207230357253657
1.0,0.5,2.0,2.0,0.0025,0.005,0.5,100,cond_mean,68,1.0001757627552657,1.9964256801685323,0.5047434752219249,0.0024355579941822843,0,0.013957037437853545,0.24815127971981252
1.0,0.5,2.0,2.0,0.0025,0.005,1.0,200,cond_mean,68,1.0003071145840516,2.013306022868989,0.5094413728554825,0.002306637149135445,0,0.022431971689190994,0.24815127971981252
1.0,0.5,2.0,2.0,0.0025,0.005,2.0,400,cond_mean,68,1.000032676372863,2.0052062184078943,0.5066546441631883,0.0017706614913318367,0,0.013639704989641878,0.24815127971981252
1.0,0.5,2.0,2.0,0.0025,0.005,3.5,700,cond_mean,68,1.0001225606838908,2.024690442237539,0.4994967036362957,0.0015826118141641448,0,0.029573086392825753,0.24815127971981252
1.0,0.5,2.0,2.0,0.0025,0.005,5.0,1000,cond_mean,68,1.0003050732497045,2.0140939333947343,0.5091432947949229,0.0023799527372829255,0,0.023024327747853172,0.24815127971981252
1.0,0.5,2.0,2.0,0.0025,0.005,10.0,2000,cond_mean,68,0.9997982385568932,2.0231441647896267,0.5071030754239199,0.002541385583096013,0,0.031046467487413302,0.24815127971981252
1.0,0.5,2.0,2.0,0.0025,0.005,20.0,4000,cond_mean,68,0.9996570263996403,1.9808218817295906,0.5069556071072235,0.00178364516029719,0,0.02574147708920426,0.24815127971981252
1.0,0.5,2.0,2.0,0.0025,0.005,0.5,100,cond_mean,69,0.9998990077001465,1.9919038458840597,0.49950271073562313,0.0020562395213564438,0,0.013767324153290144,0.2488348808671747
1.0,0.5,2.0,2.0,0.0025,0.005,1.0,200,cond_mean,69,1.0001128080185708,1.986231552265518,0.5025045968087647,0.0018338630417585086,0,0.01851675215213294,0.2488348808671747
1.0,0.5,2.0,2.0,0.0025,0.005,2.0,400,cond_mean,69,1.000226549389605,2.0049103512737565,0.5035891668300695,0.002112405772573548,0,0.01256403936579588,0.2488348808671747
1.0,0.5,2.0,2.0,0.0025,0.005,3.5,700,cond_mean,69,1.0000157583700446,1.985519647319184,0.5087516421481231,0.002313552148760549,0,0.023215368418016826,0.2488348808671747
1.0,0.5,2.0,2.0,0.0025,0.005,5.0,1000,cond_mean,69,1.000148368940786,1.9889749909932648,0.5067975982625476,0.002321582250221666,0,0.01906775934436353,0.2488348808671747
1.0,0.5,2.0,2.0,0.0025,0.005,10.0,2000,cond_mean,69,1.0000560297924754,2.0062414311573407,0.5095394100323921,0.0019996153874028864,0,0.017315093309369957,0.2488348808671747
1.0,0.5,2.0,2.0,0.0025,0.005,20.0,4000,cond_mean,69,1.0002171144535117,1.9934093330188711,0.504606231396726,0.0016288074959815036,0,0.012384488891526678,0.2488348808671747
1.0,0.5,2.0,2.0,0.0025,0.005,0.5,100,cond_mean,70,1.0001655617825032,1.9927584638254974,0.49931253176225565,0.00184911651177167,0,0.012424412687700035,0.24443302371738745
1.0,0.5,2.0,2.0,0.0025,0.005,1.0,200,cond_mean,70,0.999861303533704,1.995965715503029,0.4983398229959302,0.0016799560016606892,0,0.00966841757694469,0.24443302371738745
1.0,0.5,2.0,2.0,0.0025,0.005,2.0,400,cond_mean,70,0.9996917816790114,1.9908717442118447,0.49334102025069143,0.0021735028924082414,0,0.017129066510876506,0.24443302371738745
1.0,0.5,2.0,2.0,0.0025,0.005,3.5,700,cond_mean,70,0.9998160941711248,2.004036171157685,0.49181005201919914,0.0018496626663266388,0,0.014550026894414682,0.24443302371738745
1.0,0.5,2.0,2.0,0.0025,0.005,5.0,1000,cond_mean,70,1.0003985949602556,2.010111322168146,0.5074094660463968,0.002569350787602855,0,0.019377523427258674,0.24443302371738745
1.0,0.5,2.0,2.0,0.0025,0.005,10.0,2000,cond_mean,70,1.0002091861823954,1.9619739178609559,0.4990341058500837,0.0018080736702268843,0,0.044849883564174124,0.24443302371738745
1.0,0.5,2.0,2.0,0.0025,0.005,20.0,4000,cond_mean,70,0.9995264165348048,1.9185594069389436,0.49962036786431857,0.0016188678214797971,0,0.09438988668422241,0.24443302371738745
1.0,0.5,2.0,2.0,0.0025,0.005,0.5,100,cond_mean,71,0.9999706095681461,1.9989318443763684,0.5008696674391476,0.002198651012037041,0,0.010922706771333423,0.2442203988487433
1.0,0.5,2.0,2.0,0.0025,0.005,1.0,200,cond_mean,71,0.9997461540389105,2.0068409717154054,0.49581605033134996,0.0018356256867299715,0,0.013002969553312049,0.2442203988487433
1.0,0.5,2.0,2.0,0.0025,0.005,2.0,400,cond_mean,71,0.9999174338705107,2.0025703505883174,0.5030451297122333,0.0018459323483608588,0,0.01041138952434893,0.2442203988487433
1.0,0.5,2.0,2.0,0.0025,0.005,3.5,700,cond_mean,71,1.0000865524573548,1.9922133205531636,0.5008460481616152,0.001900525947621729,0,0.01298735109426735,0.2442203988487433
1.0,0.5,2.0,2.0,0.0025,0.005,5.0,1000,cond_mean,71,0.9999155016729799,1.988821394457967,0.4995035069683812,0.00250408548184591,0,0.017832052393683705,0.2442203988487433
1.0,0.5,2.0,2.0,0.0025,0.005,10.0,2000,cond_mean,71,1.0004290834181242,2.0061484405782646,0.5044116689219738,0.0030301171505451095,0,0.017255877128975857,0.2442203988487433
1.0,0.5,2.0,2.0,0.0025,0.005,20.0,4000,cond_mean,71,1.000351501056544,2.0250008777986963,0.4951541176233027,0.0027748047900137064,0,0.03275428570245166,0.2442203988487433
1.0,0.5,2.0,2.0,0.0025,0.005,0.5,100,cond_mean,72,0.9999046991013646,2.0013031597267017,0.4996266236556822,0.0026893421038774136,0,0.013287319800919238,0.24554310714094235
1.0,0.5,2.0,2.0,0.0025,0.005,1.0,200,cond_mean,72,1.0000174631514696,2.0023758721725247,0.49604417317607374,0.0013332235148248645,0,0.00881725062615107,0.24554310714094235
1.0,0.5,2.0,2.0,0.0025,0.005,2.0,400,cond_mean,72,1.0001058221533978,1.9948858141405061,0.4934640710148658,0.0014241194588983136,0,0.012735555074880512,0.24554310714094235
1.0,0.5,2.0,2.0,0.0025,0.005,3.5,700,cond_mean,72,1.0003854137347874,1.9828866354326653,0.5017775166326751,0.0020159935751872323,0,0.022186436197944567,0.24554310714094235
1.0,0.5,2.0,2.0,0.0025,0.005,5.0,1000,cond_mean,72,1.0005740798794893,1.9969010476357487,0.49992301661176347,0.0029966878985274222,0,0.015401498870531586,0.24554310714094235
1.0,0.5,2.0,2.0,0.0025,0.005,10.0,2000,cond_mean,72,1.0006160099248385,1.992640538205833,0.5014915527582173,0.002733696475954092,0,0.016116641348310045,0.24554310714094235
1.0,0.5,2.0,2.0,0.0025,0.005,20.0,4000,cond_mean,72,1.0002074353235952,1.9895725954810461,0.49455228929518075,0.0024211442372574095,0,0.018564957380983474,0.24554310714094235
1.0,0.5,2.0,2.0,0.0025,0.005,0.5,100,cond_mean,73,1.0002028247215906,2.004876741807048,0.4985563102383957,0.0017802723695272765,0,0.01068522712497552,0.2593897678556719
1.0,0.5,2.0,2.0,0.0025,0.005,1.0,200,cond_mean,73,1.0000936993022538,2.0157321014897884,0.4934870017806594,0.0014203484134042428,0,0.021378152945418033,0.2593897678556719
1.0,0.5,2.0,2.0,0.0025,0.005,2.0,400,cond_mean,73,0.9999425414244811,2.0024770609558753,0.48955580893208256,0.0016535889885407097,0,0.016136186589491255,0.2593897678556719
1.0,0.5,2.0,2.0,0.0025,0.005,3.5,700,cond_mean,73,0.9998610239190069,2.001979335830366,0.4922165941605342,0.002216707788584907,0,0.014940291272264938,0.2593897678556719
1.0,0.5,2.0,2.0,0.0025,0.005,5.0,1000,cond_mean,73,1.0000236237643294,2.001903581282459,0.49276949782755813,0.0014296795329278122,0,0.012067353604007914,0.2593897678556719
1.0,0.5,2.0,2.0,0.0025,0.005,10.0,2000,cond_mean,73,1.0004222580681517,2.027485118853369,0.4998639777427842,0.0024099567271457924,0,0.0339326790292337,0.2593897678556719
1.0,0.5,2.0,2.0,0.0025,0.005,20.0,4000,cond_mean,73,0.9997009185734568,2.0209761130891666,0.5028854729789709,0.0020106791253633903,0,0.02651410093569261,0.2593897678556719
1.0,0.5,2.0,2.0,0.0025,0.005,0.5,100,cond_mean,74,1.0001739444221731,2.004178435387415,0.5062303491394162,0.002287419131452088,0,0.014504719393174452,0.24642310113579566
1.0,0.5,2.0,2.0,0.0025,0.005,1.0,200,cond_mean,74,1.0000471989114714,2.0010650927947413,0.5066166475833485,0.0018601382153780994,0,0.012580044650224286,0.24642310113579566
1.0,0.5,2.0,2.0,0.0025,0.005,2.0,400,cond_mean,74,1.0001924436214302,2.009674699453629,0.5102695647364012,0.003138832306317655,0,0.02311459902060232,0.24642310113579566
1.0,0.5,2.0,2.0,0.0025,0.005,3.5,700,cond_mean,74,0.9998930496337084,2.0104957209948573,0.5133384075172055,0.0017058187396103012,0,0.022853738126593165,0.24642310113579566
1.0,0.5,2.0,2.0,0.0025,0.005,5.0,1000,cond_mean,74,0.9997342182454183,2.0136572189817628,0.5073573679156921,0.001988497084321701,0,0.021122205492271787,0.24642310113579566
1.0,0.5,2.0,2.0,0.0025,0.005,10.0,2000,cond_mean,74,1.0004059764714786,2.0188927531183527,0.5229027781202852,0.0023927570920617572,0,0.03799411373561977,0.24642310113579566
1.0,0.5,2.0,2.0,0.0025,0.005,20.0,4000,cond_mean,74,1.0000150564790455,1.9804537770516428,0.48917835037182006,0.0019929890818667865,0,0.028632561469228456,0.24642310113579566
1.0,0.5,2.0,2.0,0.0025,0.005,0.5,100,cond_mean,75,1.000135286336835,2.0025418402590387,0.5075430779048666,0.0016164025660774309,0,0.012788215138814441,0.24674886899135476
1.0,0.5,2.0,2.0,0.0025,0.005,1.0,200,cond_mean,75,1.000033409026467,1.9969181821919653,0.5033150602110648,0.0016414860336796077,0,0.009782540941263797,0.24674886899135476
1.0,0.5,2.0,2.0,0.0025,0.005,2.0,400,cond_mean,75,1.0000154571163469,1.9967737600117406,0.5082605787263298,0.001654463098822286,0,0.013963981292696956,0.24674886899135476
1.0,0.5,2.0,2.0,0.0025,0.005,3.5,700,cond_mean,75,0.9999822861325429,1.9888374731328506,0.4998772241279149,0.0018816610349738207,0,0.015854113241072935,0.24674886899135476
1.0,0.5,2.0,2.0,0.0025,0.005,5.0,1000,cond_mean,75,0.9997306783532104,1.983949698765295,0.4956138158479248,0.0025179358003479153,0,0.022969443422562436,0.24674886899135476
1.0,0.5,2.0,2.0,0.0025,0.005,10.0,2000,cond_mean,75,1.000081724522424,1.9828138350616558,0.503224068154786,0.001768786365675201,0,0.022018634820711334,0.24674886899135476
1.0,0.5,2.0,2.0,0.0025,0.005,20.0,4000,cond_mean,75,1.000349282305678,1.9755948854013896,0.49993180663814224,0.0024256551735639055,0,0.030636084865401512,0.24674886899135476
1.0,0.5,2.0,2.0,0.0025,0.005,0.5,100,cond_mean,76,0.9998252180134571,2.0098132770285524,0.4966808204649756,0.0020557218383351907,0,0.015711536644848992,0.2559958035625251
1.0,0.5,2.0,2.0,0.0025,0.005,1.0,200,cond_mean,76,0.9997237966592911,2.003545836243445,0.48981083256947394,0.001415812081495654,0,0.015199859082186051,0.2559958035625251
1.0,0.5,2.0,2.0,0.0025,0.005,2.0,400,cond_mean,76,0.9999385253674594,2.00714529262258,0.49002044047185533,0.0016987274037288062,0,0.01755444698803251,0.2559958035625251
1.0,0.5,2.0,2.0,0.0025,0.005,3.5,700,cond_mean,76,1.0000953545648694,2.003779747377351,0.5025088006713581,0.0018528151706745375,0,0.010549572325164217,0.2559958035625251
1.0,0.5,2.0,2.0,0.0025,0.005,5.0,1000,cond_mean,76,1.0003379578673985,2.0000857005158945,0.509759803249551,0.0021254503238621095,0,0.01601976330244883,0.2559958035625251
1.0,0.5,2.0,2.0,0.0025,0.005,10.0,2000,cond_mean,76,1.0001810237259956,1.9959122276365366,0.49809707657889063,0.0018289271282347877,0,0.010570893656111439,0.2559958035625251
1.0,0.5,2.0,2.0,0.0025,0.005,20.0,4000,cond_mean,76,0.999920774599389,2.0201612509157942,0.49552185638576135,0.0022623894517993562,0,0.026425632273022436,0.2559958035625251
1.0,0.5,2.0,2.0,0.0025,0.005,0.5,100,cond_mean,77,1.0002703382403535,2.0153112321807702,0.5000847317438323,0.0021272415546928916,0,0.02056878538935854,0.2455102261488459
1.0,0.5,2.0,2.0,0.0025,0.005,1.0,200,cond_mean,77,1.0002649285037104,2.0162057962203095,0.49957723018133254,0.0025495776095117704,0,0.022567393088406024,0.2455102261488459
1.0,0.5,2.0,2.0,0.0025,0.005,2.0,400,cond_mean,77,1.0001323120488947,2.010329784697448,0.4956429407900983,0.0016830069589912518,0,0.01570987501540548,0.2455102261488459
1.0,0.5,2.0,2.0,0.0025,0.005,3.5,700,cond_mean,77,1.0002484217983112,2.004828290360273,0.5003980429701347,0.0028211295881621925,0,0.014959568106574807,0.2455102261488459
1.0,0.5,2.0,2.0,0.0025,0.005,5.0,1000,cond_mean,77,0.9997072475812503,1.9786081258360244,0.4956251123766235,0.0023733080955866113,0,0.027889208002407052,0.2455102261488459
1.0,0.5,2.0,2.0,0.0025,0.005,10.0,2000,cond_mean,77,1.0002572594130097,1.9703026550967742,0.512367820957043,0.0017662772544543718,0,0.03843855138848518,0.2455102261488459
1.0,0.5,2.0,2.0,0.0025,0.005,20.0,4000,cond_mean,77,0.99996689134102,1.9923542589837835,0.49916556160016734,0.0018134705484339907,0,0.01257847739487419,0.2455102261488459
1.0,0.5,2.0,2.0,0.0025,0.005,0.5,100,cond_mean,78,0.9998412450970406,2.0112890349885744,0.5044142315541431,0.001787473243419514,0,0.01686379219105931,0.2674790118721181
1.0,0.5,2.0,2.0,0.0025,0.005,1.0,200,cond_mean,78,1.0000776975380972,1.9984881770078993,0.5118592923834806,0.0013441715238560457,0,0.016776311100814442,0.2674790118721181
1.0,0.5,2.0,2.0,0.0025,0.005,2.0,400,cond_mean,78,1.000116917053351,2.0001554721189465,0.5174508252870759,0.00143840984019358,0,0.023540515825778714,0.2674790118721181
1.0,0.5,2.0,2.0,0.0025,0.005,3.5,700,cond_mean,78,1.0001435901947442,1.9977647984801024,0.5110300311831314,0.0015081772248090597,0,0.016135734531798476,0.2674790118721181
1.0,0.5,2.0,2.0,0.0025,0.005,5.0,1000,cond_mean,78,1.0002051350738417,2.009240362063823,0.5051363181630614,0.0018605664970501397,0,0.015392179624187348,0.2674790118721181
1.0,0.5,2.0,2.0,0.0025,0.005,10.0,2000,cond_mean,78,1.0001026318375579,1.9921976654624651,0.4951922578321753,0.0012317804221980298,0,0.012695932232469927,0.2674790118721181
1.0,0.5,2.0,2.0,0.0025,0.005,20.0,4000,cond_mean,78,1.0002604126590262,1.9513058777380434,0.5069261910130127,0.0031573804918865987,0,0.05886216476297285,0.2674790118721181
1.0,0.5,2.0,2.0,0.0025,0.005,0.5,100,cond_mean,79,1.0000107321022411,2.0071431135441413,0.49940359696333403,0.001898950092760019,0,0.01246727386579363,0.24406938085199467
1.0,0.5,2.0,2.0,0.0025,0.005,1.0,200,cond_mean,79,0.9999521369292235,2.003071241869557,0.5004870313044887,0.0016196145358140495,0,0.008733346206594654,0.24406938085199467
1.0,0.5,2.0,2.0,0.0025,0.005,2.0,400,cond_mean,79,0.9999297243586404,2.008114246591569,0.5015306159266967,0.001483250757370966,0,0.012050938487676788,0.24406938085199467
1.0,0.5,2.0,2.0,0.0025,0.005,3.5,700,cond_mean,79,1.0000471074767578,2.0085379904361353,0.5038481279053516,0.0026759924012525788,0,0.01714361658296075,0.24406938085199467
1.0,0.5,2.0,2.0,0.0025,0.005,5.0,1000,cond_mean,79,1.000109677670752,2.0183206823293527,0.5054977605369121,0.0020262484824103725,0,0.024312927423686067,0.24406938085199467
1.0,0.5,2.0,2.0,0.0025,0.005,10.0,2000,cond_mean,79,0.9996900525300224,2.026455937918031,0.49963503215952687,0.0020661543409971053,0,0.03222277152605393,0.24406938085199467
1.0,0.5,2.0,2.0,0.0025,0.005,20.0,4000,cond_mean,79,0.9997489127941661,2.0388790379969834,0.4960701197966867,0.0012479171307835418,0,0.04563973929149896,0.24406938085199467
1.0,0.5,2.0,2.0,0.0025,0.005,0.5,100,cond_mean,80,0.9999808008424993,1.9922223391194824,0.5033606029173713,0.001966346267576353,0,0.013909180481689461,0.2394246428572972
1.0,0.5,2.0,2.0,0.0025,0.005,1.0,200,cond_mean,80,0.9997394852782269,2.0033919747688915,0.49824335852660717,0.0023709163292880584,0,0.01244404160719099,0.2394246428572972
1.0,0.5,2.0,2.0,0.0025,0.005,2.0,400,cond_mean,80,0.9998711855839892,2.0081375894543276,0.5049942604449782,0.0017698018138229683,0,0.014505700030429176,0.2394246428572972
1.0,0.5,2.0,2.0,0.0025,0.005,3.5,700,cond_mean,80,1.0000946232714443,2.007367326880637,0.49990179452922173,0.001731660425686793,0,0.012032698825752008,0.2394246428572972
1.0,0.5,2.0,2.0,0.0025,0.005,5.0,1000,cond_mean,80,0.9997302230698633,2.007072952535788,0.4970060498009091,0.001942253635912397,0,0.013032652827251889,0.2394246428572972
1.0,0.5,2.0,2.0,0.0025,0.005,10.0,2000,cond_mean,80,0.9994785251723949,2.0329393168810124,0.49902508993859307,0.0023423765943211437,0,0.039813843731408075,0.2394246428572972
1.0,0.5,2.0,2.0,0.0025,0.005,20.0,4000,cond_mean,80,0.9995077701396003,2.051555413538995,0.493918415147247,0.002290096413224045,0,0.06120823559713615,0.2394246428572972
1.0,0.5,2.0,2.0,0.0025,0.005,0.5,100,cond_mean,81,0.999851906015649,1.9885686801738724,0.5005578412305884,0.0018775597797217455,0,0.016144302689880794,0.23973705957178026
1.0,0.5,2.0,2.0,0.0025,0.005,1.0,200,cond_mean,81,0.999941137251132,1.9869546436276584,0.5017974839929628,0.0021555971717080406,0,0.01857503213557754,0.23973705957178026
1.0,0.5,2.0,2.0,0.0025,0.005,2.0,400,cond_mean,81,1.0000046369797295,1.986097196448453,0.5003210391639281,0.001992440549650687,0,0.018792233379244794,0.23973705957178026
1.0,0.5,2.0,2.0,0.0025,0.005,3.5,700,cond_mean,81,0.9999593090992098,1.9643936561428652,0.4992441386685569,0.0023673911856844213,0,0.042732572783145864,0.23973705957178026
1.0,0.5,2.0,2.0,0.0025,0.005,5.0,1000,cond_mean,81,0.9998100518877897,1.9738869042404008,0.4974311361732311,0.0017649589871355982,0,0.031555581198135015,0.23973705957178026
1.0,0.5,2.0,2.0,0.0025,0.005,10.0,2000,cond_mean,81,1.0002575055625078,1.9471359750962374,0.49687243862134667,0.0014556996487834469,0,0.061727632942326756,0.23973705957178026
1.0,0.5,2.0,2.0,0.0025,0.005,20.0,4000,cond_mean,81,1.0000698978926748,1.943678082559192,0.5137705471213974,0.0019229829358657718,0,0.06773061592512164,0.23973705957178026
1.0,0.5,2.0,2.0,0.0025,0.005,0.5,100,cond_mean,82,1.0003035267088285,1.9926427645114553,0.5070035983707369,0.0018028758743404575,0,0.014974632407939061,0.24116058343289687
1.0,0.5,2.0,2.0,0.0025,0.005,1.0,200,cond_mean,82,1.000206843838317,1.9894850213082342,0.507329932370154,0.002395182593490712,0,0.019169651318871266,0.24116058343289687
1.0,0.5,2.0,2.0,0.0025,0.005,2.0,400,cond_mean,82,0.9999906749676798,1.988299308258205,0.5081901884338434,0.0011576205619055055,0,0.01811218003839327,0.24116058343289687
1.0,0.5,2.0,2.0,0.0025,0.005,3.5,700,cond_mean,82,0.9999594565882385,1.979905329655531,0.5190338156049598,0.0019300641090411476,0,0.03518611651046691,0.24116058343289687
1.0,0.5,2.0,2.0,0.0025,0.005,5.0,1000,cond_mean,82,0.9997492512013184,1.978307041207796,0.5128515793223483,0.0019186141334888837,0,0.0316799183083391,0.24116058343289687
1.0,0.5,2.0,2.0,0.0025,0.005,10.0,2000,cond_mean,82,0.9994746872520716,1.9722638458982311,0.4950331933635902,0.003205461334632804,0,0.036215636857750345,0.24116058343289687
1.0,0.5,2.0,2.0,0.0025,0.005,20.0,4000,cond_mean,82,0.9998987784024196,1.9573423406004904,0.5020245399892288,0.0024552938517869885,0,0.05071086907298772,0.24116058343289687
1.0,0.5,2.0,2.0,0.0025,0.005,0.5,100,cond_mean,83,1.000119692534813,1.9982836727187865,0.5019044615565394,0.0010769157742946958,0,0.0060923572900974275,0.23839334528228
1.0,0.5,2.0,2.0,0.0025,0.005,1.0,200,cond_mean,83,1.0000685217495613,1.9829201352194272,0.5036701032053414,0.0030787031574062273,0,0.025293537224974322,0.23839334528228
1.0,0.5,2.0,2.0,0.0025,0.005,2.0,400,cond_mean,83,0.9998360438576355,1.9852576574548677,0.5039222473399159,0.0018083491263765855,0,0.01997185151453588,0.23839334528228
1.0,0.5,2.0,2.0,0.0025,0.005,3.5,700,cond_mean,83,1.0001853728202696,2.0062621981764526,0.504884280965131,0.0014720140739867306,0,0.01186934882062704,0.23839334528228
1.0,0.5,2.0,2.0,0.0025,0.005,5.0,1000,cond_mean,83,1.000123331918089,2.0065351454910756,0.5055216231109723,0.001544018896961585,0,0.01276160921347641,0.23839334528228
1.0,0.5,2.0,2.0,0.0025,0.005,10.0,2000,cond_mean,83,1.0002673278939112,1.9982848663973163,0.5118881335631246,0.002957687982410302,0,0.02094029165881607,0.23839334528228
1.0,0.5,2.0,2.0,0.0025,0.005,20.0,4000,cond_mean,83,0.9999809079544345,1.9747934245135048,0.5016718583503023,0.0020413800250369016,0,0.030845240743434393,0.23839334528228
1.0,0.5,2.0,2.0,0.0025,0.005,0.5,100,cond_mean,84,1.0001610210784901,2.002622925050028,0.5050098758054962,0.001840761379084811,0,0.011398860814750045,0.23878044641709753
1.0,0.5,2.0,2.0,0.0025,0.005,1.0,200,cond_mean,84,1.0002235634216112,1.994442332672874,0.5096159129425001,0.0014152956658320052,0,0.015351206561430386,0.23878044641709753
1.0,0.5,2.0,2.0,0.0025,0.005,2.0,400,cond_mean,84,1.0003340506679057,2.0018262759658314,0.504171902336034,0.0020851027235326185,0,0.01156383656711512,0.23878044641709753
1.0,0.5,2.0,2.0,0.0025,0.005,3.5,700,cond_mean,84,1.000226709809891,2.009015697248985,0.5009057777872749,0.0017753536255474226,0,0.013620284809263765,0.23878044641709753
1.0,0.5,2.0,2.0,0.0025,0.005,5.0,1000,cond_mean,84,1.0000792643730188,2.006735251532416,0.5096664622866598,0.0025832962422342376,0,0.019360788360344074,0.23878044641709753
1.0,0.5,2.0,2.0,0.0025,0.005,10.0,2000,cond_mean,84,0.999991531904771,2.0104214627475394,0.5127567187563665,0.0029735458998526687,0,0.025253707557218695,0.23878044641709753
1.0,0.5,2.0,2.0,0.0025,0.005,20.0,4000,cond_mean,84,0.9999690586852883,2.044888763151979,0.5094336846551762,0.0028427848441544682,0,0.054729621151708124,0.23878044641709753
1.0,0.5,2.0,2.0,0.0025,0.005,0.5,100,cond_mean,85,1.0000760761540308,1.99351474673702,0.5055976807087078,0.002291844331441839,0,0.015306029564931028,0.23890208328209286
1.0,0.5,2.0,2.0,0.0025,0.005,1.0,200,cond_mean,85,1.000320658955362,1.9962194561976245,0.5118688604023898,0.0025608026984592067,0,0.019994175884944038,0.23890208328209286
1.0,0.5,2.0,2.0,0.0025,0.005,2.0,400,cond_mean,85,0.9998837712419251,2.0088208598491892,0.504368976801815,0.0014255376151581455,0,0.013716591488001811,0.23890208328209286
1.0,0.5,2.0,2.0,0.0025,0.005,3.5,700,cond_mean,85,0.9998556349755292,2.003867885874021,0.4999924434244593,0.0022137659427500828,0,0.011763115148876657,0.23890208328209286
1.0,0.5,2.0,2.0,0.0025,0.005,5.0,1000,cond_mean,85,0.9997426644793138,1.9939874246024292,0.4996322859711491,0.0020773988033590913,0,0.012384491232256661,0.23890208328209286
1.0,0.5,2.0,2.0,0.0025,0.005,10.0,2000,cond_mean,85,1.000091490216576,1.979488332756203,0.5049259297883565,0.0016355905832539524,0,0.025740533164788696,0.23890208328209286
1.0,0.5,2.0,2.0,0.0025,0.005,20.0,4000,cond_mean,85,0.999951406676804,1.9550220620815104,0.5094961301356083,0.001722034274286889,0,0.05378669602451772,0.23890208328209286
1.0,0.5,2.0,2.0,0.0025,0.005,0.5,100,cond_mean,86,1.0000059139885127,2.0035532852054034,0.5012044928830868,0.001610008779212388,0,0.009033707992928134,0.2521159167102139
1.0,0.5,2.0,2.0,0.0025,0.005,1.0,200,cond_mean,86,1.0001638163394393,2.0066761532787534,0.5084655961338914,0.0014322666701494485,0,0.014933002044132263,0.2521159167102139
1.0,0.5,2.0,2.0,0.0025,0.005,2.0,400,cond_mean,86,1.0001674875099207,2.0072141869656597,0.49902826631322494,0.0016478218650896011,0,0.01174879670214654,0.2521159167102139
1.0,0.5,2.0,2.0,0.0025,0.005,3.5,700,cond_mean,86,0.9997703927321723,1.9957622200041603,0.5042441893267959,0.002397237244206212,0,0.014142764212995707,0.2521159167102139
1.0,0.5,2.0,2.0,0.0025,0.005,5.0,1000,cond_mean,86,0.9997621275461506,2.012484254113389,0.501208925891935,0.0017441232728426762,0,0.016917981714307303,0.2521159167102139
1.0,0.5,2.0,2.0,0.0025,0.005,10.0,2000,cond_mean,86,1.0002192284145388,2.0318696249318378,0.4920442782786028,0.0018758380735951438,0,0.03962903785530341,0.2521159167102139
1.0,0.5,2.0,2.0,0.0025,0.005,20.0,4000,cond_mean,86,0.9996026054284041,2.092937420691599,0.4996928350551626,0.0024584771315600165,0,0.10802612908940139,0.2521159167102139
1.0,0.5,2.0,2.0,0.0025,0.005,0.5,100,cond_mean,87,1.0000756968707771,2.0003663901694644,0.4996452000982603,0.0015473615457249755,0,0.007635372322840343,0.24324354757222214
1.0,0.5,2.0,2.0,0.0025,0.005,1.0,200,cond_mean,87,0.9999831721355862,1.9904554018671152,0.5016068010567779,0.00126542829996672,0,0.012827461055006656,0.24324354757222214
1.0,0.5,2.0,2.0,0.0025,0.005,2.0,400,cond_mean,87,1.0001005709096091,1.9967990962302518,0.5015479924022356,0.002324973640888633,0,0.012136371510742842,0.24324354757222214
1.0,0.5,2.0,2.0,0.0025,0.005,3.5,700,cond_mean,87,1.0004330553787455,2.0101064730282547,0.5095200667791617,0.002184534157192352,0,0.019694203230687636,0.24324354757222214
1.0,0.5,2.0,2.0,0.0025,0.005,5.0,1000,cond_mean,87,1.0005774791195101,2.018824435247382,0.5188573225388936,0.0022050037779111865,0,0.033706832873295955,0.24324354757222214
1.0,0.5,2.0,2.0,0.0025,0.005,10.0,2000,cond_mean,87,0.9999199817941036,2.034274926572991,0.5101129298487581,0.0017335265872501177,0,0.04241457914118547,0.24324354757222214
1.0,0.5,2.0,2.0,0.0025,0.005,20.0,4000,cond_mean,87,0.9999296671211366,2.1393311619265925,0.49877667725876684,0.0025654739915426123,0,0.16133671610704908,0.24324354757222214
1.0,0.5,2.0,2.0,0.0025,0.005,0.5,100,cond_mean,88,1.0003223339654839,2.00871506844662,0.5076923145422649,0.0016240042826400527,0,0.015947132817979222,0.23325581542615378
1.0,0.5,2.0,2.0,0.0025,0.005,1.0,200,cond_mean,88,1.0001533961334528,2.00528211012916,0.5119019654430406,0.0018661513677216935,0,0.018727958522508945,0.23325581542615378
1.0,0.5,2.0,2.0,0.0025,0.005,2.0,400,cond_mean,88,1.0003103289853865,2.001868724678354,0.5143486833196846,0.0018601501745031607,0,0.020400582410929083,0.23325581542615378
1.0,0.5,2.0,2.0,0.0025,0.005,3.5,700,cond_mean,88,1.0003604418810292,2.003658876241994,0.5130952385889567,0.0019523134660918875,0,0.01941239602592326,0.23325581542615378
1.0,0.5,2.0,2.0,0.0025,0.005,5.0,1000,cond_mean,88,0.9999862719694551,2.0131439800902267,0.503594785761892,0.0012953505603062211,0,0.017102316929063045,0.23325581542615378
1.0,0.5,2.0,2.0,0.0025,0.005,10.0,2000,cond_mean,88,0.9998758416324276,2.004292679796946,0.5004428940776575,0.001777165016147692,0,0.010077140885287796,0.23325581542615378
1.0,0.5,2.0,2.0,0.0025,0.005,20.0,4000,cond_mean,88,0.9999324158954993,1.9856143450312633,0.49307921444285974,0.002036388805534016,0,0.02140552791865365,0.23325581542615378
1.0,0.5,2.0,2.0,0.0025,0.005,0.5,100,cond_mean,89,0.9997313535162998,2.0015070219803337,0.4935264944105605,0.0019196198954413292,0,0.012468616686887913,0.2308722738608984
1.0,0.5,2.0,2.0,0.0025,0.005,1.0,200,cond_mean,89,1.000157474830967,1.9980154159707217,0.49774653092530713,0.002054533921515401,0,0.010874847207084704,0.2308722738608984
1.0,0.5,2.0,2.0,0.0025,0.005,2.0,400,cond_mean,89,0.9998011758237327,2.0101350460128726,0.48876240880485244,0.002328516329965082,0,0.021755069342449425,0.2308722738608984
1.0,0.5,2.0,2.0,0.0025,0.005,3.5,700,cond_mean,89,1.0000426056639529,2.0041556476880404,0.4964504400451654,0.0024710221850515234,0,0.013875644959145516,0.2308722738608984
1.0,0.5,2.0,2.0,0.0025,0.005,5.0,1000,cond_mean,89,1.0005661594191597,1.9966435009625598,0.5032959292177758,0.0035448308541264303,0,0.018253741541828718,0.2308722738608984
1.0,0.5,2.0,2.0,0.0025,0.005,10.0,2000,cond_mean,89,0.9999840265639883,1.9496017039174018,0.50750708291731,0.0013828964703106648,0,0.059214225638656665,0.2308722738608984
1.0,0.5,2.0,2.0,0.0025,0.005,20.0,4000,cond_mean,89,1.000246812233691,1.946910872416089,0.5103083914559592,0.0018490396418477692,0,0.06307067942610205,0.2308722738608984
1.0,0.5,2.0,2.0,0.0025,0.005,0.5,100,cond_mean,90,0.9997022919477685,1.9975444062659338,0.4979375381620904,0.0016765273360875277,0,0.009033046477751812,0.2317934167138966
1.0,0.5,2.0,2.0,0.0025,0.005,1.0,200,cond_mean,90,1.0001060634484074,2.0025924320971398,0.5031076511915679,0.0019139957015941993,0,0.010585491685827755,0.2317934167138966
1.0,0.5,2.0,2.0,0.0025,0.005,2.0,400,cond_mean,90,0.9999678676117418,2.004401044946501,0.5019744899926469,0.002041341916353117,0,0.011539814561447283,0.2317934167138966
1.0,0.5,2.0,2.0,0.0025,0.005,3.5,700,cond_mean,90,1.0002034467546035,2.0072411102583856,0.5099968945390165,0.001756781838883664,0,0.01745242975923053,0.2317934167138966
1.0,0.5,2.0,2.0,0.0025,0.005,5.0,1000,cond_mean,90,0.9999756728350996,1.9924074625773962,0.5025261659935649,0.0015542673957472082,0,0.012091597137834146,0.2317934167138966
1.0,0.5,2.0,2.0,0.0025,0.005,10.0,2000,cond_mean,90,0.9997269737753657,1.9971203865708402,0.48780622810233293,0.002873712397102516,0,0.0211814645632334,0.2317934167138966
1.0,0.5,2.0,2.0,0.0025,0.005,20.0,4000,cond_mean,90,1.0000367963765286,1.9801641598081865,0.49749779926296295,0.0015671528690761691,0,0.024426864554612907,0.2317934167138966
1.0,0.5,2.0,2.0,0.0025,0.005,0.5,100,cond_mean,91,0.9997555942925481,1.9934251376730152,0.4996133126598761,0.0020204871560694977,0,0.012533620779531122,0.23152895828908576
1.0,0.5,2.0,2.0,0.0025,0.005,1.0,200,cond_mean,91,0.9999436620200991,1.9931205128607534,0.5017324034873055,0.0017367513224784466,0,0.011895008398287341,0.23152895828908576
1.0,0.5,2.0,2.0,0.0025,0.005,2.0,400,cond_mean,91,1.0003698651607025,1.9827465533924307,0.5082864078986247,0.001724158187044443,0,0.02384291998880957,0.23152895828908576
1.0,0.5,2.0,2.0,0.0025,0.005,3.5,700,cond_mean,91,1.0002882053294864,1.99924682784337,0.5034332576441836,0.002416210191650334,0,0.012568605618130002,0.23152895828908576
1.0,0.5,2.0,2.0,0.0025,0.005,5.0,1000,cond_mean,91,0.999826606107746,1.9768760435907322,0.49876663355215445,0.0017268181579740793,0,0.02806084859840697,0.23152895828908576
1.0,0.5,2.0,2.0,0.0025,0.005,10.0,2000,cond_mean,91,0.9998740231206857,2.0098155275115492,0.4939385958857627,0.002052188503170583,0,0.0170570116709875,0.23152895828908576
1.0,0.5,2.0,2.0,0.0025,0.005,20.0,4000,cond_mean,91,1.0001419958051292,2.002160609680065,0.4961166565240332,0.002065185021658958,0,0.011779605439667391,0.23152895828908576
1.0,0.5,2.0,2.0,0.0025,0.005,0.5,100,cond_mean,92,0.9998459273776373,2.002570628563857,0.4983953355247888,0.002483297343881804,0,0.012683110957315127,0.230876208432684
1.0,0.5,2.0,2.0,0.0025,0.005,1.0,200,cond_mean,92,0.9998851735253451,2.014446113289248,0.4938510021369002,0.0020763953818025336,0,0.02112335720597171,0.230876208432684
1.0,0.5,2.0,2.0,0.0025,0.005,2.0,400,cond_mean,92,0.9999378660920427,2.0034143092070202,0.4976568286538216,0.002152452703433456,0,0.01165430828806874,0.230876208432684
1.0,0.5,2.0,2.0,0.0025,0.005,3.5,700,cond_mean,92,1.0000558378870268,2.0173037900596955,0.5032429169117073,0.001835715032500146,0,0.022267711588266074,0.230876208432684
1.0,0.5,2.0,2.0,0.0025,0.005,5.0,1000,cond_mean,92,1.0001454501011313,2.014366417591722,0.5022265010294505,0.0024214008216470115,0,0.020542026716667,0.230876208432684
1.0,0.5,2.0,2.0,0.0025,0.005,10.0,2000,cond_mean,92,1.0001381639602434,2.0015773233764946,0.5026090876263226,0.0025166170621782028,0,0.012881980091766703,0.230876208432684
1.0,0.5,2.0,2.0,0.0025,0.005,20.0,4000,cond_mean,92,0.9997275405459024,1.9508337648960548,0.5025971610343553,0.0014914873439310294,0,0.05731237376311282,0.230876208432684
1.0,0.5,2.0,2.0,0.0025,0.005,0.5,100,cond_mean,93,1.0003052903918348,1.9982973136100126,0.5014160337310084,0.0021943687487991415,0,0.01109165316961057,0.23273202971488768
1.0,0.5,2.0,2.0,0.0025,0.005,1.0,200,cond_mean,93,1.0001464539544396,1.9960300023311623,0.49709153141381784,0.0015393698750087563,0,0.009782766470799774,0.23273202971488768
1.0,0.5,2.0,2.0,0.0025,0.005,2.0,400,cond_mean,93,1.000071618533209,2.007771952686412,0.4948962514695005,0.002143367184734286,0,0.015452851461023227,0.23273202971488768
1.0,0.5,2.0,2.0,0.0025,0.005,3.5,700,cond_mean,93,1.0003138934262854,2.0106095280045357,0.49245318742954225,0.0034949131439671595,0,0.023608863737077834,0.23273202971488768
1.0,0.5,2.0,2.0,0.0025,0.005,5.0,1000,cond_mean,93,1.0000221193229542,1.9999349994453373,0.49461564735404234,0.0015489097907040437,0,0.010413875654504821,0.23273202971488768
1.0,0.5,2.0,2.0,0.0025,0.005,10.0,2000,cond_mean,93,0.9997809921804054,1.9935483235081757,0.49352735944454174,0.002010154706281019,0,0.014785376127310155,0.23273202971488768
1.0,0.5,2.0,2.0,0.0025,0.005,20.0,4000,cond_mean,93,1.0001093538745849,1.9451684769551438,0.4966408654111928,0.0016486730396654335,0,0.0640753018952353,0.23273202971488768
1.0,0.5,2.0,2.0,0.0025,0.005,0.5,100,cond_mean,94,0.9999986188258251,1.9979460328654053,0.496488392562216,0.0025836296881519704,0,0.01370149118653281,0.2480584522875558
1.0,0.5,2.0,2.0,0.0025,0.005,1.0,200,cond_mean,94,0.9999296510887998,1.9905894227106637,0.49679513638201983,0.0019060054361123306,0,0.014913199595972919,0.2480584522875558
1.0,0.5,2.0,2.0,0.0025,0.005,2.0,400,cond_mean,94,1.0002717636716034,1.999115244275335,0.5040180011511538,0.0016322074948130112,0,0.00940943414393979,0.2480584522875558
1.0,0.5,2.0,2.0,0.0025,0.005,3.5,700,cond_mean,94,1.0004444262771752,1.9908084832498707,0.5176126860029594,0.0018680202617620428,0,0.026128134248389414,0.2480584522875558
1.0,0.5,2.0,2.0,0.0025,0.005,5.0,1000,cond_mean,94,1.0001532763113836,1.993526539724543,0.512021758777008,0.001890775042941735,0,0.019418071426884075,0.2480584522875558
1.0,0.5,2.0,2.0,0.0025,0.005,10.0,2000,cond_mean,94,0.99973720608647,1.9560371763740967,0.4943957398394792,0.002103098388501035,0,0.05236163204710266,0.2480584522875558
1.0,0.5,2.0,2.0,0.0025,0.005,20.0,4000,cond_mean,94,1.0003286445238562,1.9368062948274953,0.5159795021901848,0.0021551400491517892,0,0.07598925425411554,0.2480584522875558
1.0,0.5,2.0,2.0,0.0025,0.005,0.5,100,cond_mean,95,1.0000680470300893,2.00920514166563,0.5001171945036641,0.0014477036453137214,0,0.012785891655349112,0.23435238100189185
1.0,0.5,2.0,2.0,0.0025,0.005,1.0,200,cond_mean,95,1.0003184268522984,2.0177064988191016,0.5021865443456048,0.002296565847819519,0,0.023467337592956224,0.23435238100189185
1.0,0.5,2.0,2.0,0.0025,0.005,2.0,400,cond_mean,95,1.000001063505244,2.007798250443316,0.4997280215954403,0.0022739204826693294,0,0.01434292198127081,0.23435238100189185
1.0,0.5,2.0,2.0,0.0025,0.005,3.5,700,cond_mean,95,1.0001678492205708,2.009564010015392,0.5012589801821569,0.0016646389158215132,0,0.013809474127964537,0.23435238100189185
1.0,0.5,2.0,2.0,0.0025,0.005,5.0,1000,cond_mean,95,1.0002470678174527,2.0220472293746363,0.5061466524637145,0.0018354956648126014,0,0.028016672316357984,0.23435238100189185
1.0,0.5,2.0,2.0,0.0025,0.005,10.0,2000,cond_mean,95,0.9998813171365909,2.0515299650514964,0.5040722289613325,0.0027295987402392525,0,0.06116747812194572,0.23435238100189185
1.0,0.5,2.0,2.0,0.0025,0.005,20.0,4000,cond_mean,95,1.0000523239012025,2.064277142287328,0.4994285208101694,0.002530758048578976,0,0.07527579039559584,0.23435238100189185
1.0,0.5,2.0,2.0,0.0025,0.005,0.5,100,cond_mean,96,1.0002646650876614,1.9946022111295578,0.5054450267837272,0.002005885869981287,0,0.013431492983574175,0.23380577971693128
1.0,0.5,2.0,2.0,0.0025,0.005,1.0,200,cond_mean,96,0.9999831591265814,1.9871479699093346,0.5012740795227082,0.0021477902910755106,0,0.018278208262931868,0.23380577971693128
1.0,0.5,2.0,2.0,0.0025,0.005,2.0,400,cond_mean,96,1.0000586524514974,2.0011313933184556,0.5076674800394309,0.003949337739904937,0,0.021804524668632284,0.23380577971693128
1.0,0.5,2.0,2.0,0.0025,0.005,3.5,700,cond_mean,96,0.9999721410581073,1.9923543707033904,0.5013369435026911,0.0021796469827493974,0,0.013987427234738375,0.23380577971693128
1.0,0.5,2.0,2.0,0.0025,0.005,5.0,1000,cond_mean,96,1.000186880840825,1.9968446169308165,0.5081935655055879,0.0017265658549792486,0,0.013876703982491002,0.23380577971693128
1.0,0.5,2.0,2.0,0.0025,0.005,10.0,2000,cond_mean,96,0.9999363336499565,2.021091562431963,0.4968221595609094,0.0020335049043181345,0,0.026670159175576632,0.23380577971693128
1.0,0.5,2.0,2.0,0.0025,0.005,20.0,4000,cond_mean,96,1.000136611194293,2.0223085892393313,0.4946625125266898,0.0027058793766876654,0,0.02999673615241421,0.23380577971693128
1.0,0.5,2.0,2.0,0.0025,0.005,0.5,100,cond_mean,97,0.9996958919977486,2.0045377035159087,0.49659876656539076,0.0022407421825837337,0,0.012820557254242611,0.23058064870669373
1.0,0.5,2.0,2.0,0.0025,0.005,1.0,200,cond_mean,97,0.9999289812314542,2.0087581887909867,0.4998787055531502,0.0015909745266924028,0,0.012777725691043967,0.23058064870669373
1.0,0.5,2.0,2.0,0.0025,0.005,2.0,400,cond_mean,97,0.9998344601132003,2.002753740349195,0.4942110088769024,0.0012927879860055048,0,0.010165415106980609,0.23058064870669373
1.0,0.5,2.0,2.0,0.0025,0.005,3.5,700,cond_mean,97,1.0001394585741308,1.9867535021081586,0.4991020735781277,0.0019805738565308096,0,0.018195376853563643,0.23058064870669373
1.0,0.5,2.0,2.0,0.0025,0.005,5.0,1000,cond_mean,97,1.0001227337502718,1.9762301654657997,0.5047067272711947,0.0020708956911051767,0,0.029810552805654467,0.23058064870669373
1.0,0.5,2.0,2.0,0.0025,0.005,10.0,2000,cond_mean,97,0.999995819253575,1.9471122548152515,0.5074174508266108,0.0018284791030778087,0,0.06231047690773755,0.23058064870669373
1.0,0.5,2.0,2.0,0.0025,0.005,20.0,4000,cond_mean,97,0.9998493852227738,1.9375458855006344,0.5028937642520136,0.002671551893754243,0,0.07333158993373648,0.23058064870669373
1.0,0.5,2.0,2.0,0.0025,0.005,0.5,100,cond_mean,98,1.0002898436905596,1.9933538182161818,0.5023171074988463,0.002329286373534917,0,0.014034118280072,0.23206300000726646
1.0,0.5,2.0,2.0,0.0025,0.005,1.0,200,cond_mean,98,1.0002399058884244,2.006596439253068,0.49910890232018773,0.001883890802477012,0,0.012145244359500753,0.23206300000726646
1.0,0.5,2.0,2.0,0.0025,0.005,2.0,400,cond_mean,98,1.000170436258984,2.014700980006121,0.4978615414016527,0.0022883205880684402,0,0.020646934370370507,0.23206300000726646
1.0,0.5,2.0,2.0,0.0025,0.005,3.5,700,cond_mean,98,1.000341322838323,2.0285541480100355,0.4947903679357828,0.0017769798640614443,0,0.03506982528701638,0.23206300000726646
1.0,0.5,2.0,2.0,0.0025,0.005,5.0,1000,cond_mean,98,1.0000802121380545,2.0246498951030145,0.49029912548334326,0.002540446161303075,0,0.03388552698432873,0.23206300000726646
1.0,0.5,2.0,2.0,0.0025,0.005,10.0,2000,cond_mean,98,1.0003205793780523,2.0300233752548666,0.49917197644339617,0.002265135611660095,0,0.036475083022489724,0.23206300000726646
1.0,0.5,2.0,2.0,0.0025,0.005,20.0,4000,cond_mean,98,1.0002300701744682,2.0482900999394005,0.4933803287725532,0.00164961596787106,0,0.05729179988524025,0.23206300000726646
1.0,0.5,2.0,2.0,0.0025,0.005,0.5,100,cond_mean,99,1.0003474606074116,1.987193475509643,0.5048652704358642,0.0022021400263232916,0,0.0191904751809534,0.2317589048595567
1.0,0.5,2.0,2.0,0.0025,0.005,1.0,200,cond_mean,99,1.0002815826990472,1.9926949659025688,0.5059132275970768,0.0018582770821473197,0,0.014381393327208664,0.2317589048595567
1.0,0.5,2.0,2.0,0.0025,0.005,2.0,400,cond_mean,99,0.9999047366247865,1.9911640787919933,0.4965792284479556,0.002159951379451056,0,0.015322151686684299,0.2317589048595567
1.0,0.5,2.0,2.0,0.0025,0.005,3.5,700,cond_mean,99,1.0000659258832703,1.9865868982643466,0.4990661517948211,0.0016802203527304317,0,0.017604166418719876,0.2317589048595567
1.0,0.5,2.0,2.0,0.0025,0.005,5.0,1000,cond_mean,99,0.9998815503696148,2.0019941841671294,0.4929629280064516,0.0019429247956249637,0,0.013321228771847892,0.2317589048595567
1.0,0.5,2.0,2.0,0.0025,0.005,10.0,2000,cond_mean,99,0.9997372476236184,2.028200011351356,0.48551845628716217,0.0017523590508786747,0,0.03870187812087863,0.2317589048595567
1.0,0.5,2.0,2.0,0.0025,0.005,20.0,4000,cond_mean,99,0.9999123855701401,1.9872336480922772,0.49020389538630904,0.0014318031220456856,0,0.02072193668362505,0.2317589048595567
1.0,0.5,2.0,2.0,0.0025,0.005,0.5,100,cond_mean,100,0.9998510924318486,2.0023614261131972,0.49465415260225803,0.0016517287391328375,0,0.010878684934632567,0.2492643451384668
1.0,0.5,2.0,2.0,0.0025,0.005,1.0,200,cond_mean,100,0.9997376209327838,1.9988835816791135,0.4912109560392833,0.00247336748393108,0,0.016462548358393742,0.2492643451384668
1.0,0.5,2.0,2.0,0.0025,0.005,2.0,400,cond_mean,100,0.999617677894526,1.9989918422852584,0.48424112689615517,0.0018684451149450973,0,0.022008046939402413,0.2492643451384668
1.0,0.5,2.0,2.0,0.0025,0.005,3.5,700,cond_mean,100,0.9998562764829794,2.0114078883467195,0.4938213850800223,0.0017928303878327718,0,0.01766693305976877,0.2492643451384668
1.0,0.5,2.0,2.0,0.0025,0.005,5.0,1000,cond_mean,100,1.0001148030080171,2.0232199163223945,0.5009315604572334,0.0020410275257530647,0,0.02863244891218855,0.2492643451384668
1.0,0.5,2.0,2.0,0.0025,0.005,10.0,2000,cond_mean,100,1.0003486380490858,2.0411620901190113,0.5194570578387457,0.002129924350509045,0,0.054001999505346586,0.2492643451384668
1.0,0.5,2.0,2.0,0.0025,0.005,20.0,4000,cond_mean,100,0.9997595750281558,2.053509929461826,0.4975721458170869,0.0023031702989274733,0,0.06295542167095841,0.2492643451384668
1.0,0.5,2.0,2.0,0.0025,0.005,0.5,100,cond_mean,101,1.0001753513781455,1.995290155022242,0.5024406352382025,0.0017666320235517037,0,0.01063214034423566,0.23479892256935792
1.0,0.5,2.0,2.0,0.0025,0.005,1.0,200,cond_mean,101,1.0003424414568578,1.9940647585189335,0.499267528343376,0.0025293191560775475,0,0.014354562905667076,0.23479892256935792
1.0,0.5,2.0,2.0,0.0025,0.005,2.0,400,cond_mean,101,1.0003495167106669,2.0055906561617625,0.5004413685577732,0.003347562583858475,0,0.01771013187485589,0.23479892256935792
1.0,0.5,2.0,2.0,0.0025,0.005,3.5,700,cond_mean,101,1.0002448256339498,2.0150302414137693,0.5001930398636939,0.002292496553966589,0,0.020710437195551434,0.23479892256935792
1.0,0.5,2.0,2.0,0.0025,0.005,5.0,1000,cond_mean,101,0.9997887746773476,2.0177977462220236,0.4989347552211112,0.0019602510787752165,0,0.02273680093399016,0.23479892256935792
1.0,0.5,2.0,2.0,0.0025,0.005,10.0,2000,cond_mean,101,0.9999086198336249,2.0300648907064467,0.5049498889988815,0.0013504901207264052,0,0.0358763944836112,0.23479892256935792
1.0,0.5,2.0,2.0,0.0025,0.005,20.0,4000,cond_mean,101,1.0001066890729835,2.002901236723093,0.5037109865926566,0.002369133843729979,0,0.012962879562597984,0.23479892256935792
1.0,0.5,2.0,2.0,0.0025,0.005,0.5,100,cond_mean,102,1.0000390952457108,2.0003156925304983,0.4952692405565524,0.0017813004753571926,0,0.010775011282661598,0.2365540297136509
1.0,0.5,2.0,2.0,0.0025,0.005,1.0,200,cond_mean,102,1.0001089699889367,2.0017346302688495,0.5022086586798956,0.0013951285101387672,0,0.007622364337625022,0.2365540297136509
1.0,0.5,2.0,2.0,0.0025,0.005,2.0,400,cond_mean,102,1.0002811121073176,1.9947863556554757,0.5021626269127749,0.002124962866195237,0,0.012310135741242394,0.2365540297136509
1.0,0.5,2.0,2.0,0.0025,0.005,3.5,700,cond_mean,102,1.0002971428776857,2.003070421331029,0.4962738922083551,0.0015014440682281393,0,0.009966081153522377,0.2365540297136509
1.0,0.5,2.0,2.0,0.0025,0.005,5.0,1000,cond_mean,102,1.000268782127622,1.9838216940476294,0.4981962179925914,0.0014208667375013241,0,0.02020473476458743,0.2365540297136509
1.0,0.5,2.0,2.0,0.0025,0.005,10.0,2000,cond_mean,102,1.0002383167526576,1.9952503964012474,0.4970074462021223,0.002260203120734674,0,0.013200692636822735,0.2365540297136509
1.0,0.5,2.0,2.0,0.0025,0.005,20.0,4000,cond_mean,102,0.9996726846596657,2.048496328300509,0.4877428177976924,0.0019769365241224628,0,0.059295728606056954,0.2365540297136509
1.0,0.5,2.0,2.0,0.0025,0.005,0.5,100,cond_mean,103,1.0000033048103756,2.0110887000610815,0.5052760277795366,0.0014071079051647783,0,0.016070320242698808,0.23629441072366067
1.0,0.5,2.0,2.0,0.0025,0.005,1.0,200,cond_mean,103,0.9997218032811559,2.023864295999373,0.5018889038823571,0.0022601903822387394,0,0.029882640016858864,0.23629441072366067
1.0,0.5,2.0,2.0,0.0025,0.005,2.0,400,cond_mean,103,0.9997506525965966,2.0187374419469304,0.5019612912945114,0.00234376843679171,0,0.024692880743099013,0.23629441072366067
1.0,0.5,2.0,2.0,0.0025,0.005,3.5,700,cond_mean,103,0.9997459457975594,2.022873392591309,0.49353182071445234,0.002882586599477454,0,0.03101320732151111,0.23629441072366067
1.0,0.5,2.0,2.0,0.0025,0.005,5.0,1000,cond_mean,103,0.9994728219828478,2.0180238343592105,0.4842464949013993,0.002089423704767485,0,0.030518801714412888,0.23629441072366067
1.0,0.5,2.0,2.0,0.0025,0.005,10.0,2000,cond_mean,103,1.0000438081052738,1.9945034495013536,0.4953074002428204,0.002272791329992665,0,0.01427990439461426,0.23629441072366067
1.0,0.5,2.0,2.0,0.0025,0.005,20.0,4000,cond_mean,103,1.0004429454988994,2.02763642514408,0.4948247620613041,0.0024259467255797473,0,0.035018914279922035,0.23629441072366067
1.0,0.5,2.0,2.0,0.0025,0.005,0.5,100,cond_mean,104,0.9999682453943604,2.000415413716865,0.49826718814082316,0.001461892777887479,0,0.007517511011541567,0.2354066428628617
1.0,0.5,2.0,2.0,0.0025,0.005,1.0,200,cond_mean,104,1.000117699932982,1.9949113434934538,0.5045627345982964,0.0012831822557631614,0,0.010344999929785196,0.2354066428628617
1.0,0.5,2.0,2.0,0.0025,0.005,2.0,400,cond_mean,104,1.000068602764761,2.001458742227877,0.49681557843423446,0.0016121222609091048,0,0.009174469586172102,0.2354066428628617
1.0,0.5,2.0,2.0,0.0025,0.005,3.5,700,cond_mean,104,0.9995315141459987,1.9826547509445391,0.48807502658819674,0.002620649000671892,0,0.028152375970198016,0.2354066428628617
1.0,0.5,2.0,2.0,0.0025,0.005,5.0,1000,cond_mean,104,1.0000535762423164,1.9615350991173988,0.504067207268403,0.0019655300116269603,0,0.04563478929243674,0.2354066428628617
1.0,0.5,2.0,2.0,0.0025,0.005,10.0,2000,cond_mean,104,0.9999479186443812,1.9491945286510082,0.5080225019192184,0.0021161378980833873,0,0.06021840600763078,0.2354066428628617
1.0,0.5,2.0,2.0,0.0025,0.005,20.0,4000,cond_mean,104,0.9999357826658073,1.9606610438558505,0.5049553420180365,0.002266474664675676,0,0.047088492673845954,0.2354066428628617
1.0,0.5,2.0,2.0,0.0025,0.005,0.5,100,cond_mean,105,0.9998926315364988,1.991575011031342,0.49681687274273956,0.0011343798728369755,0,0.011898139077511935,0.24191002371454878
1.0,0.5,2.0,2.0,0.0025,0.005,1.0,200,cond_mean,105,1.0001387446626742,1.991017091919897,0.500412454051277,0.0016437702199479946,0,0.013151770439717374,0.24191002371454878
1.0,0.5,2.0,2.0,0.0025,0.005,2.0,400,cond_mean,105,1.000368091979494,1.990059227492429,0.5037511682117929,0.0026534531418515132,0,0.017891874636079084,0.24191002371454878
1.0,0.5,2.0,2.0,0.0025,0.005,3.5,700,cond_mean,105,0.9999972541986251,1.975970756078606,0.5052039863307279,0.002594524253165396,0,0.03127393590279661,0.24191002371454878
1.0,0.5,2.0,2.0,0.0025,0.005,5.0,1000,cond_mean,105,0.9999221558603718,1.999357761171181,0.5104183990293926,0.0025420151057523777,0,0.018562158229297958,0.24191002371454878
1.0,0.5,2.0,2.0,0.0025,0.005,10.0,2000,cond_mean,105,1.0001854364921874,2.0686905049942355,0.5048331198013395,0.0029715995484970665,0,0.08069815352637094,0.24191002371454878
1.0,0.5,2.0,2.0,0.0025,0.005,20.0,4000,cond_mean,105,1.0000010175060776,2.081234384629375,0.5018074639619653,0.0028675141000985833,0,0.09477889210943098,0.24191002371454878
1.0,0.5,2.0,2.0,0.0025,0.005,0.5,100,cond_mean,106,0.9997316498084063,2.0041681349461173,0.49113540817328655,0.0021307577253898606,0,0.01601967541057372,0.2461119107070512
1.0,0.5,2.0,2.0,0.0025,0.005,1.0,200,cond_mean,106,1.0000553341189862,1.9984561938928143,0.4977117882930696,0.002012813932539323,0,0.010516136158597512,0.2461119107070512
1.0,0.5,2.0,2.0,0.0025,0.005,2.0,400,cond_mean,106,0.9998445807597918,1.996051619797424,0.5043702364659396,0.002452129566401695,0,0.014221745402980445,0.2461119107070512
1.0,0.5,2.0,2.0,0.0025,0.005,3.5,700,cond_mean,106,1.0000992067381058,1.9801753114351688,0.5078719204973836,0.0015450377729298672,0,0.026062011190282428,0.2461119107070512
1.0,0.5,2.0,2.0,0.0025,0.005,5.0,1000,cond_mean,106,1.0001117822569503,1.9723467587700407,0.5047878918640245,0.002475782240470238,0,0.034662508208600944,0.2461119107070512
1.0,0.5,2.0,2.0,0.0025,0.005,10.0,2000,cond_mean,106,1.0000063993295099,2.0005554361468443,0.50804197573788,0.002146444142026125,0,0.01487229596758402,0.2461119107070512
1.0,0.5,2.0,2.0,0.0025,0.005,20.0,4000,cond_mean,106,0.9998225835448998,1.986946460846454,0.4980569342392456,0.001894210492122669,0,0.017864908736012968,0.2461119107070512
1.0,0.5,2.0,2.0,0.0025,0.005,0.5,100,cond_mean,107,0.999969014660992,2.0044730502880705,0.49459797927904686,0.0017637590137781895,0,0.012277813439918305,0.2355829642952553
1.0,0.5,2.0,2.0,0.0025,0.005,1.0,200,cond_mean,107,0.9995668552827839,2.0138689633312135,0.4857804807962802,0.0026545611358487014,0,0.027272548270547398,0.2355829642952553
1.0,0.5,2.0,2.0,0.0025,0.005,2.0,400,cond_mean,107,0.9995108742925978,2.0145632882136395,0.4959264595175491,0.0028476544554747745,0,0.022383366630090166,0.2355829642952553
1.0,0.5,2.0,2.0,0.0025,0.005,3.5,700,cond_mean,107,0.9999223143452041,2.009910153350577,0.49513998091656336,0.0016557512045930272,0,0.015345483861814445,0.2355829642952553
1.0,0.5,2.0,2.0,0.0025,0.005,5.0,1000,cond_mean,107,0.9999564027875878,2.0063470215223216,0.5039262198274173,0.0015281101076766812,0,0.01171785549954714,0.2355829642952553
1.0,0.5,2.0,2.0,0.0025,0.005,10.0,2000,cond_mean,107,0.9999565171111104,2.003976259624977,0.5036322633637597,0.0021156457403937725,0,0.01234201461216816,0.2355829642952553
1.0,0.5,2.0,2.0,0.0025,0.005,20.0,4000,cond_mean,107,1.0003592342297414,1.972399112094227,0.5060921813138255,0.001694552120813479,0,0.033646071122912145,0.2355829642952553
1.0,0.5,2.0,2.0,0.0025,0.005,0.5,100,cond_mean,108,1.0001261264984473,2.004708133815809,0.5062411600752632,0.0025903811347662837,0,0.015948720027995973,0.23153504757543228
1.0,0.5,2.0,2.0,0.0025,0.005,1.0,200,cond_mean,108,1.000406343007046,2.001472105285228,0.5128115553503609,0.0020537275703317284,0,0.018977482693175767,0.23153504757543228
1.0,0.5,2.0,2.0,0.0025,0.005,2.0,400,cond_mean,108,1.0001403022742437,2.008587862483502,0.506262557196273,0.0017165802737041298,0,0.015219748234060516,0.23153504757543228
1.0,0.5,2.0,2.0,0.0025,0.005,3.5,700,cond_mean,108,1.0000627437168454,1.9966488910918052,0.5004121023967237,0.0016943688148354584,0,0.009181188985060136,0.23153504757543228
1.0,0.5,2.0,2.0,0.0025,0.005,5.0,1000,cond_mean,108,1.0000880382352622,1.9844622386906343,0.5052981955808241,0.002344747021079792,0,0.022364435244088383,0.23153504757543228
1.0,0.5,2.0,2.0,0.0025,0.005,10.0,2000,cond_mean,108,1.0003584565483599,1.9904846676552286,0.502429281728842,0.0025096265989582524,0,0.016735154733251083,0.23153504757543228
1.0,0.5,2.0,2.0,0.0025,0.005,20.0,4000,cond_mean,108,1.000109328728442,2.049166413857162,0.5036753433263557,0.001569104803390155,0,0.05735217771645575,0.23153504757543228
1.0,0.5,2.0,2.0,0.0025,0.005,0.5,100,cond_mean,109,0.9998689168814794,2.0042601708348924,0.49848875593481834,0.0015355068884428213,0,0.00917448722367098,0.23132086914431835
1.0,0.5,2.0,2.0,0.0025,0.005,1.0,200,cond_mean,109,0.9999960145657825,2.0105353924155174,0.4948146451212501,0.00108865362713038,0,0.014953129972912996,0.23132086914431835
1.0,0.5,2.0,2.0,0.0025,0.005,2.0,400,cond_mean,109,1.0004097777690346,2.009674180705753,0.5008628300662731,0.0026285930894332436,0,0.017151233388596396,0.23132086914431835
1.0,0.5,2.0,2.0,0.0025,0.005,3.5,700,cond_mean,109,1.000318731858975,2.0064981399075044,0.5061922415090617,0.0018764334237831887,0,0.014046240652378821,0.23132086914431835
1.0,0.5,2.0,2.0,0.0025,0.005,5.0,1000,cond_mean,109,1.0003479189097904,2.0207992434589537,0.5074978662451106,0.002182261371694993,0,0.027731894491718742,0.23132086914431835
1.0,0.5,2.0,2.0,0.0025,0.005,10.0,2000,cond_mean,109,1.0005156390709344,2.0153789324891167,0.5102498356874547,0.0023665828224732253,0,0.024551472107365014,0.23132086914431835
1.0,0.5,2.0,2.0,0.0025,0.005,20.0,4000,cond_mean,109,0.9997165309466749,2.0483797988388646,0.4954823577485855,0.0016647909025033264,0,0.05682117176968167,0.23132086914431835
1.0,0.5,2.0,2.0,0.0025,0.005,0.5,100,cond_mean,110,0.9998813285197548,2.002529377892792,0.5022617437237352,0.0022853156910964062,0,0.01203160260566702,0.23115376186823205
1.0,0.5,2.0,2.0,0.0025,0.005,1.0,200,cond_mean,110,1.0000516335760798,1.9932794184188685,0.5031330496578534,0.001714885092961364,0,0.012129148283995852,0.23115376186823205
1.0,0.5,2.0,2.0,0.0025,0.005,2.0,400,cond_mean,110,1.000150253320144,1.983197202313681,0.5006427984750221,0.0020389489961428558,0,0.021839007533088227,0.23115376186823205
1.0,0.5,2.0,2.0,0.0025,0.005,3.5,700,cond_mean,110,1.0000070214024934,1.9937017646102038,0.49068146282215946,0.0016986370602726842,0,0.016573973481645018,0.23115376186823205
1.0,0.5,2.0,2.0,0.0025,0.005,5.0,1000,cond_mean,110,0.9995326484129737,1.9930136437442596,0.4904092022295741,0.0020083024189195184,0,0.017330522816727187,0.23115376186823205
1.0,0.5,2.0,2.0,0.0025,0.005,10.0,2000,cond_mean,110,1.0000033614770885,2.023172589239352,0.5031588186833419,0.0013999534538186875,0,0.02790420855578805,0.23115376186823205
1.0,0.5,2.0,2.0,0.0025,0.005,20.0,4000,cond_mean,110,1.0002755170043094,2.037151024676098,0.5044267422447049,0.0023926498689476852,0,0.04467759211281517,0.23115376186823205
1.0,0.5,2.0,2.0,0.0025,0.005,0.5,100,cond_mean,111,0.9998147716879545,1.9974380129532716,0.49872627407979225,0.0024869052026461006,0,0.012645826017809926,0.23072405357379466
1.0,0.5,2.0,2.0,0.0025,0.005,1.0,200,cond_mean,111,0.999881602580645,1.9869018556873408,0.5000458393240661,0.002127371985585849,0,0.0183836688705679,0.23072405357379466
1.0,0.5,2.0,2.0,0.0025,0.005,2.0,400,cond_mean,111,0.9999915876582423,1.986100747656551,0.5012723945598414,0.002198069866851458,0,0.019388057757199973,0.23072405357379466
1.0,0.5,2.0,2.0,0.0025,0.005,3.5,700,cond_mean,111,0.9999041599821,1.9766830713274615,0.49452700548877426,0.0019308108407506644,0,0.029455600199704335,0.23072405357379466
1.0,0.5,2.0,2.0,0.0025,0.005,5.0,1000,cond_mean,111,1.0000483848578126,1.9684002612961422,0.5054933007156459,0.0017804103242483852,0,0.03808897732336616,0.23072405357379466
1.0,0.5,2.0,2.0,0.0025,0.005,10.0,2000,cond_mean,111,0.9996835841805004,1.9542462145300317,0.4974728655543784,0.0015879245298983655,0,0.0535553554865886,0.23072405357379466
1.0,0.5,2.0,2.0,0.0025,0.005,20.0,4000,cond_mean,111,0.9999997679617185,1.9668086845739974,0.4880993080887076,0.002050601911740547,0,0.04277343447344718,0.23072405357379466
1.0,0.5,2.0,2.0,0.0025,0.005,0.5,100,cond_mean,112,1.0000135055400137,2.0028627900091616,0.507453057281561,0.002453654021659673,0,0.01581911068961016,0.2307358571394746
1.0,0.5,2.0,2.0,0.0025,0.005,1.0,200,cond_mean,112,1.0000273741507717,2.005708207200494,0.5044363826894925,0.0028062026825182145,0,0.016322236432208106,0.2307358571394746
1.0,0.5,2.0,2.0,0.0025,0.005,2.0,400,cond_mean,112,1.000217868021248,2.02210337522668,0.5048793464039085,0.0029445157782351803,0,0.029934783942583528,0.2307358571394746
1.0,0.5,2.0,2.0,0.0025,0.005,3.5,700,cond_mean,112,1.0001731582077327,2.02174128566003,0.5042340672547809,0.0014896868902051453,0,0.026613279391035215,0.2307358571394746
1.0,0.5,2.0,2.0,0.0025,0.005,5.0,1000,cond_mean,112,1.000497782348947,2.014789710428568,0.5001454124642049,0.002013887001667294,0,0.019873958429389327,0.2307358571394746
1.0,0.5,2.0,2.0,0.0025,0.005,10.0,2000,cond_mean,112,1.0000813194464153,2.005779937391361,0.5148286243351874,0.0023925528246632626,0,0.02342930215425493,0.2307358571394746
1.0,0.5,2.0,2.0,0.0025,0.005,20.0,4000,cond_mean,112,1.0000603983974994,1.979517207962853,0.5027814895020428,0.0018628034140100729,0,0.025569401664560554,0.2307358571394746
1.0,0.5,2.0,2.0,0.0025,0.005,0.5,100,cond_mean,113,0.9999231423813825,1.98848203026822,0.49623845297854535,0.0020029111373207078,0,0.017230018718180633,0.23127447629147874
1.0,0.5,2.0,2.0,0.0025,0.005,1.0,200,cond_mean,113,1.000294416672424,1.9892120262801118,0.5092823351114919,0.0032659757812269407,0,0.023387488681964826,0.23127447629147874
1.0,0.5,2.0,2.0,0.0025,0.005,2.0,400,cond_mean,113,1.0002131122349702,1.9873429138681236,0.5061494599742862,0.002091920174119758,0,0.019354980833692734,0.23127447629147874
1.0,0.5,2.0,2.0,0.0025,0.005,3.5,700,cond_mean,113,1.0001224644990159,1.9733826562611447,0.5039011617442383,0.001771250552975262,0,0.03227768558991478,0.23127447629147874
1.0,0.5,2.0,2.0,0.0025,0.005,5.0,1000,cond_mean,113,0.9998796394760711,1.9841854273888277,0.4913624450970052,0.0019897368175543283,0,0.023516480838363604,0.23127447629147874
1.0,0.5,2.0,2.0,0.0025,0.005,10.0,2000,cond_mean,113,1.0004938345637624,1.9911934202375177,0.5136867899672194,0.00279867126441686,0,0.024066235885975795,0.23127447629147874
1.0,0.5,2.0,2.0,0.0025,0.005,20.0,4000,cond_mean,113,1.0000133092209358,2.003604366760389,0.5029927604953226,0.001632638890874021,0,0.009824627279110256,0.23127447629147874
1.0,0.5,2.0,2.0,0.0025,0.005,0.5,100,cond_mean,114,1.0003033423479393,1.9963923445964507,0.5049517996931083,0.001932700666905209,0,0.011956870150984431,0.2305752022823851
1.0,0.5,2.0,2.0,0.0025,0.005,1.0,200,cond_mean,114,0.9999390768813369,1.9839665201191945,0.4979838199831595,0.0017503895534412026,0,0.02058606963948524,0.2305752022823851
1.0,0.5,2.0,2.0,0.0025,0.005,2.0,400,cond_mean,114,1.000324943856726,1.9876806532266669,0.5042030037735377,0.0023762716594231,0,0.019052487550843926,0.2305752022823851
1.0,0.5,2.0,2.0,0.0025,0.005,3.5,700,cond_mean,114,1.0001487167704597,1.9736678581301081,0.49817030558158826,0.0014295531063612216,0,0.03134858452785716,0.2305752022823851
1.0,0.5,2.0,2.0,0.0025,0.005,5.0,1000,cond_mean,114,1.0000326742997587,1.985117831918162,0.5030303983378983,0.002490371148066707,0,0.021423674607779043,0.2305752022823851
1.0,0.5,2.0,2.0,0.0025,0.005,10.0,2000,cond_mean,114,1.0006091981544052,1.9813865929389343,0.5067751928104866,0.00220075494777131,0,0.025326295144229276,0.2305752022823851
1.0,0.5,2.0,2.0,0.0025,0.005,20.0,4000,cond_mean,114,0.999759227226197,1.9977072009378718,0.49194861139825746,0.0033243560385514052,0,0.01937962045352883,0.2305752022823851
1.0,0.5,2.0,2.0,0.0025,0.005,0.5,100,cond_mean,115,0.9998103324413807,1.9976960738448708,0.4969123840864744,0.0022941698692186346,0,0.012142935691093228,0.23651461299907947
1.0,0.5,2.0,2.0,0.0025,0.005,1.0,200,cond_mean,115,0.9995289118033546,1.9883703963657853,0.49311615930512864,0.0026031715030435604,0,0.020288969114634185,0.23651461299907947
1.0,0.5,2.0,2.0,0.0025,0.005,2.0,400,cond_mean,115,0.9999547732773175,1.9938093530677625,0.5055145511366664,0.0022164396984706122,0,0.014927848632425227,0.23651461299907947
1.0,0.5,2.0,2.0,0.0025,0.005,3.5,700,cond_mean,115,1.0003493180040013,2.014450929762658,0.5123595594420577,0.001786752363606824,0,0.024335664762299702,0.23651461299907947
1.0,0.5,2.0,2.0,0.0025,0.005,5.0,1000,cond_mean,115,1.0000971227746116,2.0072039655097544,0.4972933541801782,0.0018062519823238005,0,0.012732541875450592,0.23651461299907947
1.0,0.5,2.0,2.0,0.0025,0.005,10.0,2000,cond_mean,115,1.000232530861602,1.9840876792039988,0.5049322890928982,0.0022924256636239035,0,0.022346088190896413,0.23651461299907947
1.0,0.5,2.0,2.0,0.0025,0.005,20.0,4000,cond_mean,115,0.9999052761403082,1.9857344611092578,0.49820240555897777,0.0018455724953044819,0,0.018934656646039553,0.23651461299907947
1.0,0.5,2.0,2.0,0.0025,0.005,0.5,100,cond_mean,116,1.0000861479960863,2.00729182145334,0.49782216559931813,0.0009687486271887727,0,0.0101525788581404,0.2365590952769188
1.0,0.5,2.0,2.0,0.0025,0.005,1.0,200,cond_mean,116,1.000159606878391,2.008427486140518,0.49937667974836764,0.002206121470177528,0,0.014615267019588637,0.2365590952769188
1.0,0.5,2.0,2.0,0.0025,0.005,2.0,400,cond_mean,116,1.0003124549426772,2.0134971244436244,0.5017664670013344,0.0021524568023474724,0,0.018943862393382967,0.2365590952769188
1.0,0.5,2.0,2.0,0.0025,0.005,3.5,700,cond_mean,116,0.999872639344435,2.032486316123714,0.4923243174561739,0.003710015079281182,0,0.04284930694419636,0.2365590952769188
1.0,0.5,2.0,2.0,0.0025,0.005,5.0,1000,cond_mean,116,0.9997199303660165,2.003204005233941,0.4955580965162063,0.0031835769408079225,0,0.016902650803929282,0.2365590952769188
1.0,0.5,2.0,2.0,0.0025,0.005,10.0,2000,cond_mean,116,1.0000802906437836,2.035603120503717,0.5128675618004634,0.0026813777507354915,0,0.04592204125736,0.2365590952769188
1.0,0.5,2.0,2.0,0.0025,0.005,20.0,4000,cond_mean,116,0.9997904188879241,2.0136659553832112,0.5043817608450052,0.0016365932973617832,0,0.01875763896067325,0.2365590952769188
1.0,0.5,2.0,2.0,0.0025,0.005,0.5,100,cond_mean,117,1.0001803670096263,1.9985174864301267,0.4956836283501263,0.002160996677872478,0,0.012358174760616627,0.23690561913619085
1.0,0.5,2.0,2.0,0.0025,0.005,1.0,200,cond_mean,117,1.0000274493363022,2.0091114859980355,0.49263349008019663,0.002141457921436629,0,0.017803360765804202,0.23690561913619085
1.0,0.5,2.0,2.0,0.0025,0.005,2.0,400,cond_mean,117,1.0002985551574206,2.0004839846962743,0.49414323658058745,0.0014160906620404976,0,0.010968366637073181,0.23690561913619085
1.0,0.5,2.0,2.0,0.0025,0.005,3.5,700,cond_mean,117,1.0003478413921718,1.984644806592978,0.4966074041071984,0.002071773543620108,0,0.02120296748444951,0.23690561913619085
1.0,0.5,2.0,2.0,0.0025,0.005,5.0,1000,cond_mean,117,1.0003507888257424,1.9819938412929148,0.5024680846584634,0.0017499252374692995,0,0.02264836597273494,0.23690561913619085
1.0,0.5,2.0,2.0,0.0025,0.005,10.0,2000,cond_mean,117,1.0002077455277947,2.0023465964816705,0.49359366781220076,0.0019228782036966258,0,0.013268161682368391,0.23690561913619085
1.0,0.5,2.0,2.0,0.0025,0.005,20.0,4000,cond_mean,117,1.000385388984501,2.0096680727135037,0.5082654036760516,0.0023144338091163784,0,0.01885267271636559,0.23690561913619085
1.0,0.5,2.0,2.0,0.0025,0.005,0.5,100,cond_mean,118,1.0000223676794049,2.019563037445707,0.4987785846003617,0.0020617315992348265,0,0.0248257109733492,0.23036534528780198
1.0,0.5,2.0,2.0,0.0025,0.005,1.0,200,cond_mean,118,1.0001179680261756,2.0277242691458297,0.49855901218514803,0.0020576893643189857,0,0.033648395369334255,0.23036534528780198
1.0,0.5,2.0,2.0,0.0025,0.005,2.0,400,cond_mean,118,1.000084273739357,2.0298307774646114,0.504914515193541,0.0014416730481881161,0,0.03563218296912022,0.23036534528780198
1.0,0.5,2.0,2.0,0.0025,0.005,3.5,700,cond_mean,118,1.0001515505697447,2.0390603374399197,0.506091077683557,0.001962751576727696,0,0.04658427705358007,0.23036534528780198
1.0,0.5,2.0,2.0,0.0025,0.005,5.0,1000,cond_mean,118,1.0000326783121454,2.0425057241395796,0.502388742544413,0.00223652878907993,0,0.050330248334588566,0.23036534528780198
1.0,0.5,2.0,2.0,0.0025,0.005,10.0,2000,cond_mean,118,1.0003715147506944,2.012777951129428,0.520718302319916,0.0021351250798582995,0,0.03169074927325913,0.23036534528780198
1.0,0.5,2.0,2.0,0.0025,0.005,20.0,4000,cond_mean,118,0.9997742764176712,1.965105182358628,0.4953623311381989,0.0017588622939666261,0,0.041680932353459745,0.23036534528780198
1.0,0.5,2.0,2.0,0.0025,0.005,0.5,100,cond_mean,119,0.9999192300797546,2.014317797688133,0.5013604184206107,0.001853034991297314,0,0.018966398466650897,0.23164122029473738
1.0,0.5,2.0,2.0,0.0025,0.005,1.0,200,cond_mean,119,1.0001973362716257,2.0012345960423534,0.502193094964242,0.0016243550690517327,0,0.008502917470956323,0.23164122029473738
1.0,0.5,2.0,2.0,0.0025,0.005,2.0,400,cond_mean,119,0.9999110499847533,2.016135712846012,0.4937848939428735,0.002100805925671353,0,0.022757352466983658,0.23164122029473738
1.0,0.5,2.0,2.0,0.0025,0.005,3.5,700,cond_mean,119,1.000220349390435,2.0082148042681047,0.5056909280652009,0.0017044661159891189,0,0.014467071055489965,0.23164122029473738
1.0,0.5,2.0,2.0,0.0025,0.005,5.0,1000,cond_mean,119,0.9998198887305962,1.9865319912982116,0.4947181579924862,0.0024941849219382957,0,0.020862535902019527,0.23164122029473738
1.0,0.5,2.0,2.0,0.0025,0.005,10.0,2000,cond_mean,119,0.9994298835140083,1.9827574224368605,0.49299152520786976,0.002007709465726781,0,0.023787660407039894,0.23164122029473738
1.0,0.5,2.0,2.0,0.0025,0.005,20.0,4000,cond_mean,119,0.9998216873578484,1.93916538246257,0.501016899114995,0.0018175546175240326,0,0.07077799592114045,0.23164122029473738
1.0,0.5,2.0,2.0,0.0025,0.005,0.5,100,cond_mean,120,0.9999047970948806,1.9946523460353083,0.49687610121689413,0.0017284369183274474,0,0.011194046729137472,0.24077248215741878
1.0,0.5,2.0,2.0,0.0025,0.005,1.0,200,cond_mean,120,0.9998151045555036,1.9996098558826523,0.4935559514084035,0.0014577603605640387,0,0.010817041115520372,0.24077248215741878
1.0,0.5,2.0,2.0,0.0025,0.005,2.0,400,cond_mean,120,1.0002213089892131,1.9975814860640924,0.5058991837226641,0.0019596492331550195,0,0.012388484328308266,0.24077248215741878
1.0,0.5,2.0,2.0,0.0025,0.005,3.5,700,cond_mean,120,1.0002766317182008,1.9848222444658552,0.5166775032228825,0.00175544908197631,0,0.028651378783611365,0.24077248215741878
1.0,0.5,2.0,2.0,0.0025,0.005,5.0,1000,cond_mean,120,0.9999589897335517,1.9714586083834187,0.5086243763592699,0.0017237489099231746,0,0.0356958574825755,0.24077248215741878
1.0,0.5,2.0,2.0,0.0025,0.005,10.0,2000,cond_mean,120,1.0000972609489864,1.963885661465302,0.4931426931110952,0.00143154985981659,0,0.04341815368052578,0.24077248215741878
1.0,0.5,2.0,2.0,0.0025,0.005,20.0,4000,cond_mean,120,1.000321709113493,1.9149169351157855,0.506602621569086,0.001656626580279088,0,0.09856722317019134,0.24077248215741878
1.0,0.5,2.0,2.0,0.0025,0.005,0.5,100,cond_mean,121,1.000269894228719,1.9890205326087054,0.5056182762643252,0.0019136403000599347,0,0.017205356399176967,0.23677698800539865
1.0,0.5,2.0,2.0,0.0025,0.005,1.0,200,cond_mean,121,1.0002670072837216,1.9907381334960237,0.5085801383405095,0.002039704786390223,0,0.018090105761620515,0.23677698800539865
1.0,0.5,2.0,2.0,0.0025,0.005,2.0,400,cond_mean,121,1.0002764550283705,1.9967890768324565,0.5069841637868016,0.0029218195892064197,0,0.01713579133459842,0.23677698800539865
1.0,0.5,2.0,2.0,0.0025,0.005,3.5,700,cond_mean,121,1.0000411118131858,1.992754391755021,0.5030034689571177,0.0022577523299087054,0,0.014376615869526318,0.23677698800539865
1.0,0.5,2.0,2.0,0.0025,0.005,5.0,1000,cond_mean,121,1.0000042241510407,2.0022180060502577,0.4962411334932584,0.0020534461087951803,0,0.011501543276027754,0.23677698800539865
1.0,0.5,2.0,2.0,0.0025,0.005,10.0,2000,cond_mean,121,1.0001936175632102,1.9962808412207775,0.5009313872955444,0.0017984730320886634,0,0.009883266558643678,0.23677698800539865
1.0,0.5,2.0,2.0,0.0025,0.005,20.0,4000,cond_mean,121,1.0001578756141536,1.9869809824132105,0.49775733330172134,0.0013654608740811735,0,0.016814084069653963,0.23677698800539865
1.0,0.5,2.0,2.0,0.0025,0.005,0.5,100,cond_mean,122,1.0000051420077625,1.9870638087137718,0.5004610686288137,0.0021317781950402973,0,0.018240528714511723,0.2393847618451608
1.0,0.5,2.0,2.0,0.0025,0.005,1.0,200,cond_mean,122,1.000079357769151,1.9831434300279045,0.5047020313401356,0.0027535669914186653,0,0.02445272770412709,0.2393847618451608
1.0,0.5,2.0,2.0,0.0025,0.005,2.0,400,cond_mean,122,0.9998398895677727,1.974704499482658,0.4990380142848186,0.0026304510072023167,0,0.03195459886551073,0.2393847618451608
1.0,0.5,2.0,2.0,0.0025,0.005,3.5,700,cond_mean,122,0.9998919761932211,1.97731154511,0.49159082837057416,0.0014821806444298472,0,0.02937668730645598,0.2393847618451608
1.0,0.5,2.0,2.0,0.0025,0.005,5.0,1000,cond_mean,122,0.9998829769390953,1.987686402716983,0.4976974885797186,0.002025417500303677,0,0.01758501253328581,0.2393847618451608
1.0,0.5,2.0,2.0,0.0025,0.005,10.0,2000,cond_mean,122,0.9995916776991967,2.0140208313785797,0.503231314777705,0.0022718900536837948,0,0.02036919127715968,0.2393847618451608
1.0,0.5,2.0,2.0,0.0025,0.005,20.0,4000,cond_mean,122,0.9997242560687408,2.0091037677566725,0.5068125749703634,0.00240032710782688,0,0.01841044590966338,0.2393847618451608
1.0,0.5,2.0,2.0,0.0025,0.005,0.5,100,cond_mean,123,0.9997494338133178,1.9962297965620168,0.4978544624535335,0.002374799225650221,0,0.012684872730924853,0.23530292256535695
1.0,0.5,2.0,2.0,0.0025,0.005,1.0,200,cond_mean,123,0.9996775820853553,2.001765733663246,0.5010483888625035,0.0022758720984513425,0,0.011622931201041863,0.23530292256535695
1.0,0.5,2.0,2.0,0.0025,0.005,2.0,400,cond_mean,123,1.0001257021761492,1.9952436403684617,0.4986446203629379,0.0017545121290597175,0,0.010425643802511677,0.23530292256535695
1.0,0.5,2.0,2.0,0.0025,0.005,3.5,700,cond_mean,123,1.000075148094119,2.0041670782782814,0.4964550222169519,0.0019467143210199953,0,0.011742638491376559,0.23530292256535695
1.0,0.5,2.0,2.0,0.0025,0.005,5.0,1000,cond_mean,123,1.0000989217608098,2.0043786416073046,0.49790529136930284,0.0019029689281517372,0,0.011026976679825462,0.23530292256535695
1.0,0.5,2.0,2.0,0.0025,0.005,10.0,2000,cond_mean,123,0.9994088220264015,1.9721346428290598,0.48447355049163654,0.0028577784299700774,0,0.04019138289138782,0.23530292256535695
1.0,0.5,2.0,2.0,0.0025,0.005,20.0,4000,cond_mean,123,1.0002186507308999,1.9537544927684656,0.4957362053615869,0.001696597330440496,0,0.05449907701446979,0.23530292256535695
1.0,0.5,2.0,2.0,0.0025,0.005,0.5,100,cond_mean,124,1.000084540426264,2.014280830913178,0.49934393907946045,0.0022174210740568395,0,0.019796006940722897,0.23468491656240076
1.0,0.5,2.0,2.0,0.0025,0.005,1.0,200,cond_mean,124,0.9999894915714174,2.015766525018266,0.4992382711007064,0.0011626940138506343,0,0.01911060376345247,0.23468491656240076
1.0,0.5,2.0,2.0,0.0025,0.005,2.0,400,cond_mean,124,1.0003416885435188,2.0160016394555553,0.5126945937633517,0.0016047863074010172,0,0.02550155944258263,0.23468491656240076
1.0,0.5,2.0,2.0,0.0025,0.005,3.5,700,cond_mean,124,1.000422575435981,2.0283344427496632,0.5072004540890825,0.0017996051025928452,0,0.03487899001011169,0.23468491656240076
1.0,0.5,2.0,2.0,0.0025,0.005,5.0,1000,cond_mean,124,1.0000106118696224,2.0280022618769054,0.502600314768728,0.0017322156082254145,0,0.03356452102145371,0.23468491656240076
1.0,0.5,2.0,2.0,0.0025,0.005,10.0,2000,cond_mean,124,1.000237867493819,2.020086499134656,0.499014529270099,0.0022660583970410546,0,0.025818929832733664,0.23468491656240076
1.0,0.5,2.0,2.0,0.0025,0.005,20.0,4000,cond_mean,124,1.0000962293638944,2.004157915127495,0.5108320325246077,0.0022964457456528223,0,0.018569492873871628,0.23468491656240076
1.0,0.5,2.0,2.0,0.0025,0.005,0.5,100,cond_mean,125,0.9997614914235778,1.9902933996783807,0.4919300333743653,0.001758910668018775,0,0.01741511727905898,0.23468324399021054
1.0,0.5,2.0,2.0,0.0025,0.005,1.0,200,cond_mean,125,0.9995849800913175,1.995009833772522,0.48764040003911535,0.002414929824743025,0,0.020291072930090623,0.23468324399021054
1.0,0.5,2.0,2.0,0.0025,0.005,2.0,400,cond_mean,125,0.9997326085858074,2.0011881639205584,0.4959710689114153,0.0017857568739154156,0,0.010110551764525636,0.23468324399021054
1.0,0.5,2.0,2.0,0.0025,0.005,3.5,700,cond_mean,125,0.9998022819629163,2.024006980503705,0.5022068816626212,0.002180008782326105,0,0.02986357398329571,0.23468324399021054
1.0,0.5,2.0,2.0,0.0025,0.005,5.0,1000,cond_mean,125,0.999684188224773,2.0309857114448864,0.5051858469604193,0.0026802701017318285,0,0.03874025778436441,0.23468324399021054
1.0,0.5,2.0,2.0,0.0025,0.005,10.0,2000,cond_mean,125,0.9999329303049905,2.044715317767456,0.4997409935156616,0.0022747327649575624,0,0.052828879330091234,0.23468324399021054
1.0,0.5,2.0,2.0,0.0025,0.005,20.0,4000,cond_mean,125,0.9998661926550935,2.0797534514272145,0.4963348868021211,0.001948380779380662,0,0.09285927570277067,0.23468324399021054
1.0,0.5,2.0,2.0,0.0025,0.005,0.5,100,cond_mean,126,1.0001545860810277,1.9970980660483368,0.5004067820442358,0.002220921316323139,0,0.011419303586675571,0.2336485714185983
1.0,0.5,2.0,2.0,0.0025,0.005,1.0,200,cond_mean,126,1.0004524202302643,2.00001566605553,0.5063819447057013,0.0026980289566756097,0,0.015302629538146638,0.2336485714185983
1.0,0.5,2.0,2.0,0.0025,0.005,2.0,400,cond_mean,126,1.000090593369443,1.9990837998631594,0.49950499684802835,0.0017196591818525663,0,0.008552604636599462,0.2336485714185983
1.0,0.5,2.0,2.0,0.0025,0.005,3.5,700,cond_mean,126,0.9997055257219748,1.985490851586661,0.4961941933907789,0.003063082042241219,0,0.023002347537057623,0.2336485714185983
1.0,0.5,2.0,2.0,0.0025,0.005,5.0,1000,cond_mean,126,1.0000680923126386,1.9718369350202576,0.5067808954948589,0.0015747825878899516,0,0.034470438015809964,0.2336485714185983
1.0,0.5,2.0,2.0,0.0025,0.005,10.0,2000,cond_mean,126,0.9999426186635145,1.9720480501244473,0.500847273230113,0.001724228774319434,0,0.0333753452521753,0.2336485714185983
1.0,0.5,2.0,2.0,0.0025,0.005,20.0,4000,cond_mean,126,0.9999962629531195,2.00170382312837,0.5022466622925195,0.001868468070378397,0,0.009823472430193408,0.2336485714185983
1.0,0.5,2.0,2.0,0.0025,0.005,0.5,100,cond_mean,127,1.000129230216816,1.9995187392252887,0.4983903743771001,0.0018607940006752808,0,0.009470418822708644,0.2345728334372065
1.0,0.5,2.0,2.0,0.0025,0.005,1.0,200,cond_mean,127,1.0000236273422032,1.982947119095373,0.49837955669868195,0.002350511260593049,0,0.022921377142915922,0.2345728334372065
1.0,0.5,2.0,2.0,0.0025,0.005,2.0,400,cond_mean,127,1.0001164532865732,1.9871164642411747,0.49888697344034155,0.0021199551279534067,0,0.018237777977834078,0.2345728334372065
1.0,0.5,2.0,2.0,0.0025,0.005,3.5,700,cond_mean,127,0.9999997857758484,1.9985129916655502,0.5064589910735942,0.0016401469695507436,0,0.011783694852139774,0.2345728334372065
1.0,0.5,2.0,2.0,0.0025,0.005,5.0,1000,cond_mean,127,1.0000545109484964,1.9899101237326549,0.5081439824586683,0.0017078187594042067,0,0.017794299598113166,0.2345728334372065
1.0,0.5,2.0,2.0,0.0025,0.005,10.0,2000,cond_mean,127,0.9997369005295205,1.997002224703985,0.5017108871380976,0.0024372196846165835,0,0.012806614981736745,0.2345728334372065
1.0,0.5,2.0,2.0,0.0025,0.005,20.0,4000,cond_mean,127,1.0003999386256723,2.0128153568884124,0.5157609639301933,0.002579025414958777,0,0.027599375198961506,0.2345728334372065
1.0,0.5,2.0,2.0,0.0025,0.005,0.5,100,cond_mean,128,0.9999293205038053,2.009205236114097,0.4987556334125383,0.0015473500050927384,0,0.013150515151041427,0.2349374642861741
1.0,0.5,2.0,2.0,0.0025,0.005,1.0,200,cond_mean,128,1.0000270366606032,2.0052515534230912,0.5022786872793715,0.001933900684606315,0,0.011622128170803705,0.2349374642861741
1.0,0.5,2.0,2.0,0.0025,0.005,2.0,400,cond_mean,128,0.9996787272926391,2.011626114578669,0.4967811397493375,0.0016227028277956408,0,0.016087291906758328,0.2349374642861741
1.0,0.5,2.0,2.0,0.0025,0.005,3.5,700,cond_mean,128,1.000328031390153,2.013677066125638,0.501276982276114,0.0018194433001906462,0,0.018220337731368694,0.2349374642861741
1.0,0.5,2.0,2.0,0.0025,0.005,5.0,1000,cond_mean,128,1.0005028316047402,2.0199004507803138,0.497137748104113,0.002863546444492169,0,0.0274752279503973,0.2349374642861741
1.0,0.5,2.0,2.0,0.0025,0.005,10.0,2000,cond_mean,128,0.9999548426542851,2.028948821417604,0.5026561835876955,0.0020507776104643615,0,0.035024046013247885,0.2349374642861741
1.0,0.5,2.0,2.0,0.0025,0.005,20.0,4000,cond_mean,128,0.9998086357347843,2.038939914111925,0.5042423345762077,0.0013637385980384486,0,0.04574865786294099,0.2349374642861741
1.0,0.5,2.0,2.0,0.0025,0.005,0.5,100,cond_mean,129,1.000047864425872,2.012819231358858,0.4993259756305353,0.0023308749626517315,0,0.018727883281354513,0.2543754464214934
1.0,0.5,2.0,2.0,0.0025,0.005,1.0,200,cond_mean,129,0.9998297523432599,2.009429575973183,0.49540508926681026,0.0015913311903662931,0,0.014569244445448163,0.2543754464214934
1.0,0.5,2.0,2.0,0.0025,0.005,2.0,400,cond_mean,129,0.9999770412587614,2.017902542221978,0.49459767484786415,0.0016636756620940253,0,0.02335230790986694,0.2543754464214934
1.0,0.5,2.0,2.0,0.0025,0.005,3.5,700,cond_mean,129,0.9998408646555834,2.0044276321613457,0.49030878989698,0.002179469500309337,0,0.017207931762124404,0.2543754464214934
1.0,0.5,2.0,2.0,0.0025,0.005,5.0,1000,cond_mean,129,0.9997864702836976,1.9974372363958988,0.48429268568242895,0.0016636952240957797,0,0.022084571965937036,0.2543754464214934
1.0,0.5,2.0,2.0,0.0025,0.005,10.0,2000,cond_mean,129,1.000049305103404,1.9943088998861072,0.5003986339711411,0.0020415111135792157,0,0.011986609650495948,0.2543754464214934
1.0,0.5,2.0,2.0,0.0025,0.005,20.0,4000,cond_mean,129,0.9998495223366173,1.9721663463090955,0.5087767834214056,0.0018318403279552163,0,0.035219453679249155,0.2543754464214934
1.0,0.5,2.0,2.0,0.0025,0.005,0.5,100,cond_mean,130,0.9998523479261718,1.994998611837512,0.5029173974509227,0.0025307938145341757,0,0.014326313178531941,0.23511406558100134
1.0,0.5,2.0,2.0,0.0025,0.005,1.0,200,cond_mean,130,0.9996700655916347,2.0096050473199596,0.4987210326925332,0.002505827732715465,0,0.01666003658164994,0.23511406558100134
1.0,0.5,2.0,2.0,0.0025,0.005,2.0,400,cond_mean,130,1.0001104987146667,2.011998387436777,0.5052985379691624,0.0016984003706951732,0,0.017472776873614277,0.23511406558100134
1.0,0.5,2.0,2.0,0.0025,0.005,3.5,700,cond_mean,130,0.9999711899932279,2.0204697752839174,0.49974508811782065,0.0021398331942575964,0,0.025864682952991002,0.23511406558100134
1.0,0.5,2.0,2.0,0.0025,0.005,5.0,1000,cond_mean,130,0.9999986617238383,2.0320628478008462,0.5021551435289623,0.0020721270904655795,0,0.03846092840774984,0.23511406558100134
1.0,0.5,2.0,2.0,0.0025,0.005,10.0,2000,cond_mean,130,1.000070716651818,2.072418050145193,0.49659796789353206,0.002062716877832527,0,0.08445468024852493,0.23511406558100134
1.0,0.5,2.0,2.0,0.0025,0.005,20.0,4000,cond_mean,130,0.9998511327779831,2.08377188050588,0.4971899898623226,0.0020850177415608026,0,0.09745131066514047,0.23511406558100134
1.0,0.5,2.0,2.0,0.0025,0.005,0.5,100,cond_mean,131,0.9998367195555299,2.0115102009306156,0.49728791763978875,0.002562043997784842,0,0.018574119511543502,0.23389070243242063
1.0,0.5,2.0,2.0,0.0025,0.005,1.0,200,cond_mean,131,0.9998274586111044,1.9994037984599613,0.4995308185706969,0.002395856153442016,0,0.011799323973982607,0.23389070243242063
1.0,0.5,2.0,2.0,0.0025,0.005,2.0,400,cond_mean,131,0.999944177280115,1.9893549284208245,0.5040355054352472,0.0017389991670436326,0,0.01589273876213949,0.23389070243242063
1.0,0.5,2.0,2.0,0.0025,0.005,3.5,700,cond_mean,131,1.000546175540169,1.9907718048442158,0.5118153945419109,0.0024918502516486393,0,0.021727288687971493,0.23389070243242063
1.0,0.5,2.0,2.0,0.0025,0.005,5.0,1000,cond_mean,131,1.000141669169576,2.003891851634268,0.500820963508393,0.0023332023886919115,0,0.012337185399909481,0.23389070243242063
1.0,0.5,2.0,2.0,0.0025,0.005,10.0,2000,cond_mean,131,0.999939454772301,1.9929542877033803,0.5044271157901574,0.0020803137083572456,0,0.01434451789623312,0.23389070243242063
1.0,0.5,2.0,2.0,0.0025,0.005,20.0,4000,cond_mean,131,0.9999527755682979,2.0124627973664246,0.5031698959097116,0.00155237378734359,0,0.01679957956070769,0.23389070243242063
1.0,0.5,2.0,2.0,0.0025,0.005,0.5,100,cond_mean,132,0.9999571249569882,2.007955515018215,0.4993608473891408,0.002077891011551891,0,0.013746229599054947,0.25939108928599
1.0,0.5,2.0,2.0,0.0025,0.005,1.0,200,cond_mean,132,1.0001295698304027,2.0058688859818337,0.503450023113199,0.0021070139478889215,0,0.013083822779850877,0.25939108928599
1.0,0.5,2.0,2.0,0.0025,0.005,2.0,400,cond_mean,132,1.0003715132509456,2.015370189761459,0.4989481094975005,0.0026232514955640673,0,0.022087555371111803,0.25939108928599
1.0,0.5,2.0,2.0,0.0025,0.005,3.5,700,cond_mean,132,0.9998331732071744,1.9960680707390666,0.4887284230962007,0.0018614991519210068,0,0.017737175597372715,0.25939108928599
1.0,0.5,2.0,2.0,0.0025,0.005,5.0,1000,cond_mean,132,0.9998755063753895,1.9935245207058674,0.49107499799968046,0.0020245657946841807,0,0.016932589543325965,0.25939108928599
1.0,0.5,2.0,2.0,0.0025,0.005,10.0,2000,cond_mean,132,1.0005378813931134,1.9545765942460152,0.512236760506716,0.0030090932978033176,0,0.05608537598276838,0.25939108928599
1.0,0.5,2.0,2.0,0.0025,0.005,20.0,4000,cond_mean,132,1.0002580415613254,1.953135223071632,0.5091508015216444,0.002215857610457908,0,0.05609050440688632,0.25939108928599
1.0,0.5,2.0,2.0,0.0025,0.005,0.5,100,cond_mean,133,0.9995884021339208,1.9988680814188833,0.4929169096615352,0.0025831876621346347,0,0.015363293495678098,0.23717460114442343
1.0,0.5,2.0,2.0,0.0025,0.005,1.0,200,cond_mean,133,0.999720112817773,1.9998550640908532,0.5016464311964729,0.0028949682161595576,0,0.014520246047702417,0.23717460114442343
1.0,0.5,2.0,2.0,0.0025,0.005,2.0,400,cond_mean,133,0.999908018021395,1.9982297141655532,0.505461077408183,0.0018592359990654106,0,0.011878264355295085,0.23717460114442343
1.0,0.5,2.0,2.0,0.0025,0.005,3.5,700,cond_mean,133,1.0001063208265315,1.983465988852253,0.5104563878227398,0.0017013642913249773,0,0.02472661437476569,0.23717460114442343
1.0,0.5,2.0,2.0,0.0025,0.005,5.0,1000,cond_mean,133,1.000190086369746,1.9639208304101285,0.5072364449738431,0.002262134512190281,0,0.04389626113231424,0.23717460114442343
1.0,0.5,2.0,2.0,0.0025,0.005,10.0,2000,cond_mean,133,1.0001014440922245,1.9471632685949185,0.5012078560789865,0.0026066889927158676,0,0.06232236989031706,0.23717460114442343
1.0,0.5,2.0,2.0,0.0025,0.005,20.0,4000,cond_mean,133,0.9999087662524778,1.9388104651870721,0.5048490163542753,0.0024347121825443302,0,0.07171782310291913,0.23717460114442343
1.0,0.5,2.0,2.0,0.0025,0.005,0.5,100,cond_mean,134,0.9996250704365768,2.0062655876648514,0.4939993172957473,0.0028296082133159295,0,0.01725093724788849,0.2329843810127516
1.0,0.5,2.0,2.0,0.0025,0.005,1.0,200,cond_mean,134,0.9998068596077717,2.0146309933917523,0.49891828498418844,0.0017854568144753515,0,0.019079069606768452,0.2329843810127516
1.0,0.5,2.0,2.0,0.0025,0.005,2.0,400,cond_mean,134,0.9997953365835182,2.0159238385841762,0.49902366727893444,0.0021362792587440935,0,0.021202451836877127,0.2329843810127516
1.0,0.5,2.0,2.0,0.0025,0.005,3.5,700,cond_mean,134,1.0000580030292088,2.014724920711668,0.49820222805802716,0.0019448857554910165,0,0.019654005231755894,0.2329843810127516
1.0,0.5,2.0,2.0,0.0025,0.005,5.0,1000,cond_mean,134,1.0001358528242787,2.029823975384716,0.49417920563438344,0.0014905786930577184,0,0.03620879250270298,0.2329843810127516
1.0,0.5,2.0,2.0,0.0025,0.005,10.0,2000,cond_mean,134,1.0002173799789014,2.029241831106531,0.501123983318135,0.0014626054370773388,0,0.034534823273380276,0.2329843810127516
1.0,0.5,2.0,2.0,0.0025,0.005,20.0,4000,cond_mean,134,1.0001886261492317,2.0417343657502722,0.50264014617288,0.0018679752360500133,0,0.04911190592300919,0.2329843810127516
1.0,0.5,2.0,2.0,0.0025,0.005,0.5,100,cond_mean,135,1.0001098322461297,1.9945437597204103,0.5017675046009783,0.001582573736848261,0,0.01022387324113278,0.2312663988476353
1.0,0.5,2.0,2.0,0.0025,0.005,1.0,200,cond_mean,135,1.0000895212291527,1.9900203050309635,0.5021774909509524,0.0013981879698813002,0,0.013666346665189058,0.2312663988476353
1.0,0.5,2.0,2.0,0.0025,0.005,2.0,400,cond_mean,135,0.9999819544021683,1.9953302045903745,0.5007224958160331,0.0024703261530477924,0,0.01329519682009487,0.2312663988476353
1.0,0.5,2.0,2.0,0.0025,0.005,3.5,700,cond_mean,135,1.0000372775743032,1.9816162372500075,0.5047424215079296,0.001714083608609794,0,0.02357619922145267,0.2312663988476353
1.0,0.5,2.0,2.0,0.0025,0.005,5.0,1000,cond_mean,135,0.9999931326157495,1.984079064410098,0.5039992403395654,0.0018004175379411286,0,0.02102083990969017,0.2312663988476353
1.0,0.5,2.0,2.0,0.0025,0.005,10.0,2000,cond_mean,135,0.9996722956651048,1.9890100083637725,0.5008269784413751,0.002973392101925515,0,0.019477069353237064,0.2312663988476353
1.0,0.5,2.0,2.0,0.0025,0.005,20.0,4000,cond_mean,135,0.9998847400426838,2.0020926881744323,0.49454462684938444,0.0028854985584250417,0,0.015931556358007967,0.2312663988476353
1.0,0.5,2.0,2.0,0.0025,0.005,0.5,100,cond_mean,136,1.000118715707603,1.995238485172017,0.5007316198260259,0.0024875398628372153,0,0.013412611826787137,0.2475942917267925
1.0,0.5,2.0,2.0,0.0025,0.005,1.0,200,cond_mean,136,0.9997658670483939,1.9976368042852775,0.494612303622408,0.002636660185371886,0,0.014783145569907032,0.2475942917267925
1.0,0.5,2.0,2.0,0.0025,0.005,2.0,400,cond_mean,136,1.0002832173786849,1.9934696941871994,0.5058966703353434,0.0018895489372965668,0,0.013949935833316943,0.2475942917267925
1.0,0.5,2.0,2.0,0.0025,0.005,3.5,700,cond_mean,136,1.0002868725900393,1.9839757908386266,0.5093193553028467,0.0024520151664563566,0,0.024962639873040215,0.2475942917267925
1.0,0.5,2.0,2.0,0.0025,0.005,5.0,1000,cond_mean,136,0.9998436052112717,1.9873372983939939,0.4985501352768835,0.002003728471562611,0,0.017704557616123252,0.2475942917267925
1.0,0.5,2.0,2.0,0.0025,0.005,10.0,2000,cond_mean,136,0.9995754100235844,2.0031336091853307,0.4983863818409143,0.0023770251075803995,0,0.012407683365095058,0.2475942917267925
1.0,0.5,2.0,2.0,0.0025,0.005,20.0,4000,cond_mean,136,1.000132667191729,1.9910883414699172,0.49992278273489255,0.0018774679811115523,0,0.013827509519194477,0.2475942917267925
1.0,0.5,2.0,2.0,0.0025,0.005,0.5,100,cond_mean,137,1.0002100555005713,1.9983835825557834,0.5027055343650709,0.0018874550517167987,0,0.009978520147043212,0.23248767270706594
1.0,0.5,2.0,2.0,0.0025,0.005,1.0,200,cond_mean,137,1.0002765766022872,2.0027656277581776,0.5049253124872569,0.00196901754606411,0,0.011810548957739251,0.23248767270706594
1.0,0.5,2.0,2.0,0.0025,0.005,2.0,400,cond_mean,137,1.0001808390927782,1.9998094069462342,0.510761433990063,0.001372382942372065,0,0.015235589494558872,0.23248767270706594
1.0,0.5,2.0,2.0,0.0025,0.005,3.5,700,cond_mean,137,1.0000475431025786,2.000976564187454,0.5122596131822303,0.0018019079563913244,0,0.018186674528017473,0.23248767270706594
1.0,0.5,2.0,2.0,0.0025,0.005,5.0,1000,cond_mean,137,1.0001875109898268,2.012864578731184,0.5031760493566063,0.0015116549307705497,0,0.01702982370126435,0.23248767270706594
1.0,0.5,2.0,2.0,0.0025,0.005,10.0,2000,cond_mean,137,1.000014298850328,2.0254729904151807,0.5023409904297139,0.0018779962575717598,0,0.030931507404709593,0.23248767270706594
1.0,0.5,2.0,2.0,0.0025,0.005,20.0,4000,cond_mean,137,0.9996982235638081,2.036058190839623,0.4962821392320451,0.0035364411875513525,0,0.045396747705238986,0.23248767270706594
1.0,0.5,2.0,2.0,0.0025,0.005,0.5,100,cond_mean,138,1.000028180186081,1.9906891310825043,0.4999349166447371,0.001531809111014728,0,0.013118036902005832,0.231453851148087
1.0,0.5,2.0,2.0,0.0025,0.005,1.0,200,cond_mean,138,0.999964675095685,1.98461876524089,0.5014047293465258,0.0015061529069204176,0,0.01932597268135438,0.231453851148087
1.0,0.5,2.0,2.0,0.0025,0.005,2.0,400,cond_mean,138,0.9996833305594519,1.985647384999446,0.49115145391858533,0.0018598913440761326,0,0.021914663918524403,0.231453851148087
1.0,0.5,2.0,2.0,0.0025,0.005,3.5,700,cond_mean,138,0.9997345451978266,1.9820424210386958,0.4963814805524409,0.0021248366938262254,0,0.02365670502153098,0.231453851148087
1.0,0.5,2.0,2.0,0.0025,0.005,5.0,1000,cond_mean,138,1.0001233197648343,1.9770482264781921,0.49397680456457455,0.0018466681484495832,0,0.029267361705494634,0.231453851148087
1.0,0.5,2.0,2.0,0.0025,0.005,10.0,2000,cond_mean,138,0.9999247584329988,1.9841318206835308,0.5080083896618813,0.0030172896351013593,0,0.025874450376766105,0.231453851148087
1.0,0.5,2.0,2.0,0.0025,0.005,20.0,4000,cond_mean,138,0.9999139637346158,2.010123939528402,0.4952413315922357,0.0020066475239150427,0,0.016444092465168255,0.231453851148087
1.0,0.5,2.0,2.0,0.0025,0.005,0.5,100,cond_mean,139,0.9998562016281385,2.004158659735355,0.498025521736824,0.001672364820076383,0,0.009797385568037829,0.2318487857202334
1.0,0.5,2.0,2.0,0.0025,0.005,1.0,200,cond_mean,139,0.999938153662611,2.007320290400786,0.5037898926978192,0.0018782386964292244,0,0.013485162416743832,0.2318487857202334
1.0,0.5,2.0,2.0,0.0025,0.005,2.0,400,cond_mean,139,1.0003305697214715,2.0089998151819266,0.507227358874224,0.0018959619928995307,0,0.016502467845118957,0.2318487857202334
1.0,0.5,2.0,2.0,0.0025,0.005,3.5,700,cond_mean,139,1.0002013027091252,2.0075346401126044,0.5054008430391392,0.0018444873457368696,0,0.014235601868926029,0.2318487857202334
1.0,0.5,2.0,2.0,0.0025,0.005,5.0,1000,cond_mean,139,1.0000404021331246,2.0132669180141414,0.5072079998056825,0.001562342456671405,0,0.019475741154993162,0.2318487857202334
1.0,0.5,2.0,2.0,0.0025,0.005,10.0,2000,cond_mean,139,1.000167424127597,2.004761699477914,0.5064552060159191,0.0016072721694915218,0,0.012570578211011856,0.2318487857202334
1.0,0.5,2.0,2.0,0.0025,0.005,20.0,4000,cond_mean,139,1.0001544005007426,1.9835572156013621,0.500702178052117,0.0017965142398721063,0,0.020945999065151374,0.2318487857202334
1.0,0.5,2.0,2.0,0.0025,0.005,0.5,100,cond_mean,140,0.9999622943697076,2.001297694095595,0.49817689984791913,0.0019634843439909518,0,0.010017491561487684,0.23093616072687187
1.0,0.5,2.0,2.0,0.0025,0.005,1.0,200,cond_mean,140,1.0000575209121767,2.0051170810159284,0.5009809675639029,0.0023514932148045683,0,0.013016697298575896,0.23093616072687187
1.0,0.5,2.0,2.0,0.0025,0.005,2.0,400,cond_mean,140,0.9999835765837968,1.9961329117829845,0.5062120037273254,0.0012370640781612383,0,0.011093225195920823,0.23093616072687187
1.0,0.5,2.0,2.0,0.0025,0.005,3.5,700,cond_mean,140,1.00006824271058,2.030408744246664,0.4982929336677753,0.0023395619727770755,0,0.03704160844513074,0.23093616072687187
1.0,0.5,2.0,2.0,0.0025,0.005,5.0,1000,cond_mean,140,0.9998325693902721,2.0409110584998014,0.4942571894611143,0.002352609649604128,0,0.04925714203836611,0.23093616072687187
1.0,0.5,2.0,2.0,0.0025,0.005,10.0,2000,cond_mean,140,1.000112604321747,2.0318275558871037,0.5036402056147709,0.001984588624260822,0,0.038200144528550625,0.23093616072687187
1.0,0.5,2.0,2.0,0.0025,0.005,20.0,4000,cond_mean,140,1.0001953905869547,2.030379887983014,0.5096711762522053,0.0023915659135793545,0,0.038788281457312286,0.23093616072687187
1.0,0.5,2.0,2.0,0.0025,0.005,0.5,100,cond_mean,141,1.0001402659425243,2.00411285876824,0.5055952268030678,0.0018517825702390146,0,0.01243148112873797,0.23070050586414123
1.0,0.5,2.0,2.0,0.0025,0.005,1.0,200,cond_mean,141,1.000017342599986,1.9984977436630391,0.5037002343755407,0.0016209582376970058,0,0.009456116106420187,0.23070050586414123
1.0,0.5,2.0,2.0,0.0025,0.005,2.0,400,cond_mean,141,1.0004362030935896,1.989715621649831,0.5089799135202004,0.003097989148077494,0,0.0222266494770342,0.23070050586414123
1.0,0.5,2.0,2.0,0.0025,0.005,3.5,700,cond_mean,141,1.0003630604587372,2.0003988361431118,0.5073395308274481,0.0018751345603659482,0,0.012845122929928416,0.23070050586414123
1.0,0.5,2.0,2.0,0.0025,0.005,5.0,1000,cond_mean,141,1.00035696473828,1.9927866790251427,0.5176068599477972,0.0017529559672388867,0,0.025202485591463892,0.23070050586414123
1.0,0.5,2.0,2.0,0.0025,0.005,10.0,2000,cond_mean,141,0.999395552519384,2.0088016969694653,0.4957882994001372,0.002378282890334684,0,0.01625906167092781,0.23070050586414123
1.0,0.5,2.0,2.0,0.0025,0.005,20.0,4000,cond_mean,141,1.0004237260900029,2.081141160202558,0.5091147169211738,0.00222294090293643,0,0.09450052661869549,0.23070050586414123
1.0,0.5,2.0,2.0,0.0025,0.005,0.5,100,cond_mean,142,0.9998139413510464,1.9955779479523765,0.4993945618919803,0.0017983670284569405,0,0.010234326674906433,0.2315114285697096
1.0,0.5,2.0,2.0,0.0025,0.005,1.0,200,cond_mean,142,1.000111250307117,1.999646943854482,0.5039455898076336,0.0017008998551110504,0,0.0097167323555476,0.2315114285697096
1.0,0.5,2.0,2.0,0.0025,0.005,2.0,400,cond_mean,142,1.0001723053787783,2.022291878413237,0.5046911811725291,0.003294999899593577,0,0.03094515631814031,0.2315114285697096
1.0,0.5,2.0,2.0,0.0025,0.005,3.5,700,cond_mean,142,1.000015374776354,2.0223459354269413,0.49348348582258766,0.0023248669200549724,0,0.02957569684030472,0.2315114285697096
1.0,0.5,2.0,2.0,0.0025,0.005,5.0,1000,cond_mean,142,1.0003254498627947,2.0260728697708656,0.5039232992522128,0.0025900448921231446,0,0.03297324056649124,0.2315114285697096
1.0,0.5,2.0,2.0,0.0025,0.005,10.0,2000,cond_mean,142,1.0000745781658718,2.045670991696382,0.5056833985337593,0.0019405792007671726,0,0.05389892851653807,0.2315114285697096
1.0,0.5,2.0,2.0,0.0025,0.005,20.0,4000,cond_mean,142,1.0005598101332125,1.9880179445741168,0.5017866642887928,0.0023481649800442773,0,0.01819405496028019,0.2315114285697096
1.0,0.5,2.0,2.0,0.0025,0.005,0.5,100,cond_mean,143,0.9999525474281366,1.9919640427387149,0.4963298640097729,0.0019685872065060223,0,0.014195673694176358,0.23193641070143453
1.0,0.5,2.0,2.0,0.0025,0.005,1.0,200,cond_mean,143,1.000068966827509,1.9918347472117541,0.5010533874060509,0.0018311424625292844,0,0.013079566311944882,0.23193641070143453
1.0,0.5,2.0,2.0,0.0025,0.005,2.0,400,cond_mean,143,1.0002196389375566,2.00162047818571,0.5094799879476827,0.0015172604311351821,0,0.014203966566008783,0.23193641070143453
1.0,0.5,2.0,2.0,0.0025,0.005,3.5,700,cond_mean,143,0.9996404199097227,2.0206796014372768,0.49793732179489136,0.0020321745580764924,0,0.026008396127785716,0.23193641070143453
1.0,0.5,2.0,2.0,0.0025,0.005,5.0,1000,cond_mean,143,0.9996282779627119,2.0137097428346324,0.5010092894357521,0.00285896144208224,0,0.021318034955223667,0.23193641070143453
1.0,0.5,2.0,2.0,0.0025,0.005,10.0,2000,cond_mean,143,0.9999601335250706,2.011400508137477,0.4988193402258686,0.0016878513657785593,0,0.015627694822306942,0.23193641070143453
1.0,0.5,2.0,2.0,0.0025,0.005,20.0,4000,cond_mean,143,0.9995821662508669,2.012495022603691,0.4955860589238829,0.002294935658719453,0,0.01903408942036553,0.23193641070143453
1.0,0.5,2.0,2.0,0.0025,0.005,0.5,100,cond_mean,144,0.9999209434858409,1.9969660785287102,0.4962483034250506,0.0015555990818393742,0,0.009654015141361367,0.23133072614603276
1.0,0.5,2.0,2.0,0.0025,0.005,1.0,200,cond_mean,144,0.9998013044175529,1.9995811397393848,0.49076903045894926,0.0022354460019694718,0,0.01605908938279476,0.23133072614603276
1.0,0.5,2.0,2.0,0.0025,0.005,2.0,400,cond_mean,144,0.999958316529513,2.0115815416131233,0.4946341727695524,0.00216043841835179,0,0.018420497591259483,0.23133072614603276
1.0,0.5,2.0,2.0,0.0025,0.005,3.5,700,cond_mean,144,1.0001324762514616,2.007645721394954,0.49933344159476073,0.0025578933235766185,0,0.015393939472855452,0.23133072614603276
1.0,0.5,2.0,2.0,0.0025,0.005,5.0,1000,cond_mean,144,1.0002729966063104,2.0329121039113067,0.4965146799268383,0.0019434702463553032,0,0.03958643877671688,0.23133072614603276
1.0,0.5,2.0,2.0,0.0025,0.005,10.0,2000,cond_mean,144,1.0001935206777846,1.9983948999880252,0.5103168566247779,0.0028084299501711196,0,0.019129589559411186,0.23133072614603276
1.0,0.5,2.0,2.0,0.0025,0.005,20.0,4000,cond_mean,144,1.0001347046444673,1.9888772985787295,0.5092616990064635,0.0019570297642753677,0,0.019914649539453787,0.23133072614603276
1.0,0.5,2.0,2.0,0.0025,0.005,0.5,100,cond_mean,145,1.0000423976583332,2.0000118680449273,0.5047312132896655,0.001343398589205532,0,0.008985408895265237,0.2303766488663054
1.0,0.5,2.0,2.0,0.0025,0.005,1.0,200,cond_mean,145,1.0002069798255973,2.00758017351715,0.5029312647150872,0.002411287173479552,0,0.01512090708145196,0.2303766488663054
1.0,0.5,2.0,2.0,0.0025,0.005,2.0,400,cond_mean,145,1.0000344015487832,2.006756277561579,0.5055731296644055,0.002256857449631359,0,0.015328765505923918,0.2303766488663054
1.0,0.5,2.0,2.0,0.0025,0.005,3.5,700,cond_mean,145,1.0002728963680139,2.002650190370741,0.5124637009705737,0.002915918545082191,0,0.021498656989920404,0.2303766488663054
1.0,0.5,2.0,2.0,0.0025,0.005,5.0,1000,cond_mean,145,1.0001225632875366,1.983799595604166,0.5107725299781811,0.0018714440150944282,0,0.024859745409271234,0.2303766488663054
1.0,0.5,2.0,2.0,0.0025,0.005,10.0,2000,cond_mean,145,1.000070134013101,2.01121610272896,0.5062209471844894,0.0020183186336105554,0,0.01816146664620542,0.2303766488663054
1.0,0.5,2.0,2.0,0.0025,0.005,20.0,4000,cond_mean,145,0.9998327704336065,2.0513208579376925,0.5069130581295753,0.0025568985016336497,0,0.061175270842091026,0.2303766488663054
1.0,0.5,2.0,2.0,0.0025,0.005,0.5,100,cond_mean,146,1.0000171026947564,1.9981803807801437,0.5005091555764705,0.0016616314063070238,0,0.008440739133722772,0.2298922202815967
1.0,0.5,2.0,2.0,0.0025,0.005,1.0,200,cond_mean,146,1.0000013797742264,2.003086767493772,0.502226944497563,0.0028287660409386343,0,0.014626030837571613,0.2298922202815967
1.0,0.5,2.0,2.0,0.0025,0.005,2.0,400,cond_mean,146,1.0001490542147193,2.012689692402638,0.5059701602609618,0.0019434203408175952,0,0.019034786779737238,0.2298922202815967
1.0,0.5,2.0,2.0,0.0025,0.005,3.5,700,cond_mean,146,0.9999355605076383,2.0100488556765215,0.5049595509168258,0.0019132245460413764,0,0.01632139330786198,0.2298922202815967
1.0,0.5,2.0,2.0,0.0025,0.005,5.0,1000,cond_mean,146,0.9997018957429284,1.997155159251665,0.49256042853662774,0.002099465943069398,0,0.014180743155797463,0.2298922202815967
1.0,0.5,2.0,2.0,0.0025,0.005,10.0,2000,cond_mean,146,1.0001173482919892,1.9828238203657635,0.5040551942596768,0.003110993976920989,0,0.02554586367719161,0.2298922202815967
1.0,0.5,2.0,2.0,0.0025,0.005,20.0,4000,cond_mean,146,0.9997933014245801,1.9511646426869984,0.5041499976322305,0.002270697424800075,0,0.057690086450363255,0.2298922202815967
1.0,0.5,2.0,2.0,0.0025,0.005,0.5,100,cond_mean,147,1.0001697851117626,2.006929409425064,0.49946828259391346,0.0012312997831044196,0,0.01011089648286995,0.23396233928256802
1.0,0.5,2.0,2.0,0.0025,0.005,1.0,200,cond_mean,147,0.9999751661872724,2.011396699481564,0.495139839182872,0.0021934473563325883,0,0.01812323550109335,0.23396233928256802
1.0,0.5,2.0,2.0,0.0025,0.005,2.0,400,cond_mean,147,1.0002880428176169,2.00312009842108,0.5014474163680711,0.0014926361318316945,0,0.008356213657022797,0.23396233928256802
1.0,0.5,2.0,2.0,0.0025,0.005,3.5,700,cond_mean,147,1.0000638958690657,1.9922901935243664,0.5016936012276612,0.0017460857555627975,0,0.012528982133743803,0.23396233928256802
1.0,0.5,2.0,2.0,0.0025,0.005,5.0,1000,cond_mean,147,0.9997853255766536,2.0051665254809445,0.5018853576919703,0.002168744405996221,0,0.012580032909529757,0.23396233928256802
1.0,0.5,2.0,2.0,0.0025,0.005,10.0,2000,cond_mean,147,1.000030165284001,2.0075317994318214,0.4959052690463913,0.0025314818710079983,0,0.0161201514802111,0.23396233928256802
1.0,0.5,2.0,2.0,0.0025,0.005,20.0,4000,cond_mean,147,0.9996023949407601,1.9956458129836816,0.5049873865951242,0.002720407406697407,0,0.016173826715663725,0.23396233928256802
1.0,0.5,2.0,2.0,0.0025,0.005,0.5,100,cond_mean,148,1.0002888098840925,2.012230877282943,0.5050239191726403,0.002137015099180538,0,0.018609908090232444,0.23133465486379073
1.0,0.5,2.0,2.0,0.0025,0.005,1.0,200,cond_mean,148,1.0002036055995607,2.008306311177638,0.509579475012657,0.001978163019361917,0,0.018216346434692148,0.23133465486379073
1.0,0.5,2.0,2.0,0.0025,0.005,2.0,400,cond_mean,148,1.0000158226963858,1.989532261163986,0.5028768103009165,0.0012628694214901549,0,0.014073236370490575,0.23133465486379073
1.0,0.5,2.0,2.0,0.0025,0.005,3.5,700,cond_mean,148,1.0001807532381193,1.9646405374146358,0.5041528869595931,0.0016396970764369976,0,0.041860816937421,0.23133465486379073
1.0,0.5,2.0,2.0,0.0025,0.005,5.0,1000,cond_mean,148,0.9998736828893035,1.9484000461026985,0.5040832151783771,0.0012509685162581641,0,0.06005160521093238,0.23133465486379073
1.0,0.5,2.0,2.0,0.0025,0.005,10.0,2000,cond_mean,148,1.0001579014912614,1.9040331256892962,0.5044108194706117,0.0028429341406840227,0,0.1115143387603445,0.23133465486379073
1.0,0.5,2.0,2.0,0.0025,0.005,20.0,4000,cond_mean,148,0.9997139361864731,1.9059240104265314,0.4914450979555239,0.0022420624297833135,0,0.11008447227615895,0.23133465486379073
1.0,0.5,2.0,2.0,0.0025,0.005,0.5,100,cond_mean,149,0.999954889074692,2.0014702020402737,0.4987940959470108,0.0019089758830347124,0,0.009632248752207848,0.2315262084261381
1.0,0.5,2.0,2.0,0.0025,0.005,1.0,200,cond_mean,149,1.0000178568783742,2.00274793397103,0.5017628030883372,0.002029798066947385,0,0.010698494749059815,0.2315262084261381
1.0,0.5,2.0,2.0,0.0025,0.005,2.0,400,cond_mean,149,1.0001691348571522,1.9975641978691316,0.5011476326915482,0.0018481285180528564,0,0.009587869828710223,0.2315262084261381
1.0,0.5,2.0,2.0,0.0025,0.005,3.5,700,cond_mean,149,1.0003158032891617,1.9935346923022288,0.49691620254309626,0.0026467083392066777,0,0.015757704954655467,0.2315262084261381
1.0,0.5,2.0,2.0,0.0025,0.005,5.0,1000,cond_mean,149,1.0000334804304043,2.0129849226870524,0.5003794211117246,0.0024106797226758907,0,0.019102013760445565,0.2315262084261381
1.0,0.5,2.0,2.0,0.0025,0.005,10.0,2000,cond_mean,149,0.999896411285306,1.997532516407012,0.4948261778102927,0.002109600295345848,0,0.012601946354176061,0.2315262084261381
1.0,0.5,2.0,2.0,0.0025,0.005,20.0,4000,cond_mean,149,1.0003044157724148,2.0349244758075473,0.5046742586145966,0.001660956490110492,0,0.041423345295087274,0.2315262084261381
1.0,0.5,2.0,2.0,0.0025,0.005,0.5,100,cond_mean,150,0.9999323078697118,2.00200630886578,0.49570143504382186,0.002056495383869111,0,0.011716613110718789,0.23129099999953592
1.0,0.5,2.0,2.0,0.0025,0.005,1.0,200,cond_mean,150,0.9998050381404596,1.9991686525571672,0.49200900915234286,0.002323560435343751,0,0.015255437482376353,0.23129099999953592
1.0,0.5,2.0,2.0,0.0025,0.005,2.0,400,cond_mean,150,1.0002749256343135,1.9969244470240384,0.5054771399218874,0.0015877516013058763,0,0.0108621961883585,0.23129099999953592
1.0,0.5,2.0,2.0,0.0025,0.005,3.5,700,cond_mean,150,0.9999812405024826,1.995879596252194,0.4991786509896055,0.0022965434085662853,0,0.012271722387331666,0.23129099999953592
1.0,0.5,2.0,2.0,0.0025,0.005,5.0,1000,cond_mean,150,0.99939571560085,2.0005084806573685,0.49721071351032753,0.0020020498511051092,0,0.01046106727098287,0.23129099999953592
1.0,0.5,2.0,2.0,0.0025,0.005,10.0,2000,cond_mean,150,0.9997146498149604,2.030737209058925,0.49414379861656393,0.0017692988686299424,0,0.03731079388832078,0.23129099999953592
1.0,0.5,2.0,2.0,0.0025,0.005,20.0,4000,cond_mean,150,0.9998745318666697,2.0687920642886737,0.5017532279786754,0.001555326224659216,0,0.07976725640872498,0.23129099999953592
1.0,0.5,2.0,2.0,0.0025,0.005,0.5,100,cond_mean,151,1.0002100836960202,1.9994473985032402,0.5055964933960699,0.0019865020118826865,0,0.011986705680261034,0.2320800417136135
1.0,0.5,2.0,2.0,0.0025,0.005,1.0,200,cond_mean,151,0.9999843268748406,2.006967323241297,0.49951506188386213,0.0021375179188701026,0,0.013227798417319594,0.2320800417136135
1.0,0.5,2.0,2.0,0.0025,0.005,2.0,400,cond_mean,151,0.9999498613994736,1.9984144670064463,0.49997750661382717,0.00272944109788916,0,0.013514905195579078,0.2320800417136135
1.0,0.5,2.0,2.0,0.0025,0.005,3.5,700,cond_mean,151,0.9998104069845231,2.001843918818042,0.5076148910362559,0.0020786640211495687,0,0.014691697833358181,0.2320800417136135
1.0,0.5,2.0,2.0,0.0025,0.005,5.0,1000,cond_mean,151,0.9997782676288071,2.023975035821088,0.5023492841668568,0.0031443376581659715,0,0.031901744499069754,0.2320800417136135
1.0,0.5,2.0,2.0,0.0025,0.005,10.0,2000,cond_mean,151,1.0000148927028243,2.025585583337918,0.49465445335073155,0.0017547401533930238,0,0.03160883743299341,0.2320800417136135
1.0,0.5,2.0,2.0,0.0025,0.005,20.0,4000,cond_mean,151,0.9999316007658945,1.9994701844507303,0.5023693277671364,0.0024616123562490365,0,0.01252295128341289,0.2320800417136135
1.0,0.5,2.0,2.0,0.0025,0.005,0.5,100,cond_mean,152,0.9999954302990955,2.0046234872169184,0.5005745879236325,0.002456335891497186,0,0.01320036216528127,0.23222770227584988
1.0,0.5,2.0,2.0,0.0025,0.005,1.0,200,cond_mean,152,0.9996248970227654,2.0141062480529386,0.49215935780970227,0.002700063040915305,0,0.023065262491499688,0.23222770227584988
1.0,0.5,2.0,2.0,0.0025,0.005,2.0,400,cond_mean,152,0.999454624976999,1.998467052694424,0.49337769888092414,0.0024093339658869525,0,0.014320971837768776,0.23222770227584988
1.0,0.5,2.0,2.0,0.0025,0.005,3.5,700,cond_mean,152,0.999831904876129,2.012230341028406,0.5028418856453383,0.004688791411586883,0,0.027336367304409113,0.23222770227584988
1.0,0.5,2.0,2.0,0.0025,0.005,5.0,1000,cond_mean,152,0.9994894025725737,2.007517055317569,0.5143575440387814,0.0022381496468646092,0,0.02430403202133201,0.23222770227584988
1.0,0.5,2.0,2.0,0.0025,0.005,10.0,2000,cond_mean,152,0.9998716074808535,1.9964182841901656,0.5008817186388663,0.0021770903966476657,0,0.01155739901751401,0.23222770227584988
1.0,0.5,2.0,2.0,0.0025,0.005,20.0,4000,cond_mean,152,0.9998756564784421,2.011719800664986,0.5004687050870411,0.0024032053641561205,0,0.017970496084170735,0.23222770227584988
1.0,0.5,2.0,2.0,0.0025,0.005,0.5,100,cond_mean,153,0.9999675142549195,2.006136624825582,0.5009021326924037,0.0014044656054579697,0,0.009959649592108127,0.2306092917154144
1.0,0.5,2.0,2.0,0.0025,0.005,1.0,200,cond_mean,153,0.9998988473018223,2.008898950987666,0.5003336594798846,0.002123866830190911,0,0.014650975467761658,0.2306092917154144
1.0,0.5,2.0,2.0,0.0025,0.005,2.0,400,cond_mean,153,1.0000630615219641,2.027838135589505,0.5029561320785757,0.0018205316517852805,0,0.0335381603439759,0.2306092917154144
1.0,0.5,2.0,2.0,0.0025,0.005,3.5,700,cond_mean,153,1.0000480916355168,2.0224486334518943,0.4922733620182747,0.0020837346671169757,0,0.029803403893599062,0.2306092917154144
1.0,0.5,2.0,2.0,0.0025,0.005,5.0,1000,cond_mean,153,0.9994127870160653,2.0128455845935926,0.4855666884633057,0.0030842953373938766,0,0.027745494088889183,0.2306092917154144
1.0,0.5,2.0,2.0,0.0025,0.005,10.0,2000,cond_mean,153,0.9995438353601532,1.9970369047511245,0.49801402832291547,0.0025480307066893977,0,0.013212745905142072,0.2306092917154144
1.0,0.5,2.0,2.0,0.0025,0.005,20.0,4000,cond_mean,153,0.9998476662179611,1.9518950843148006,0.5035421077102381,0.0018313881679937753,0,0.056402568991728574,0.2306092917154144
1.0,0.5,2.0,2.0,0.0025,0.005,0.5,100,cond_mean,154,0.9998678736382298,2.006589999849715,0.496722440817223,0.0016511891748222827,0,0.011848567232313943,0.23403152386059187
1.0,0.5,2.0,2.0,0.0025,0.005,1.0,200,cond_mean,154,1.0001651639903477,2.0230687289783233,0.5007410551781898,0.0018747480284739269,0,0.028183991729866957,0.23403152386059187
1.0,0.5,2.0,2.0,0.0025,0.005,2.0,400,cond_mean,154,1.000044232204849,2.027612475315228,0.5012318983209986,0.0023367866957993673,0,0.03390626259123372,0.23403152386059187
1.0,0.5,2.0,2.0,0.0025,0.005,3.5,700,cond_mean,154,0.9998238828860004,2.0323505670722573,0.5044812576236416,0.001796653708653985,0,0.03880100210541239,0.23403152386059187
1.0,0.5,2.0,2.0,0.0025,0.005,5.0,1000,cond_mean,154,0.9999036096877643,2.0514668678363273,0.5030130363298376,0.0018200164285962883,0,0.060141990518084464,0.23403152386059187
1.0,0.5,2.0,2.0,0.0025,0.005,10.0,2000,cond_mean,154,0.999829190910898,2.064941264425852,0.49460498308616396,0.0018827492167037274,0,0.07604570454707506,0.23403152386059187
1.0,0.5,2.0,2.0,0.0025,0.005,20.0,4000,cond_mean,154,1.0000315363952614,2.0605664792690686,0.4974078744633138,0.001700815007877058,0,0.07060522556334042,0.23403152386059187
1.0,0.5,2.0,2.0,0.0025,0.005,0.5,100,cond_mean,155,0.999728166624187,2.0022634455241644,0.49590233931885946,0.001998596662841051,0,0.011273009974801528,0.23197643457180156
1.0,0.5,2.0,2.0,0.0025,0.005,1.0,200,cond_mean,155,1.0001557442502715,1.9993308390368913,0.5058719215882772,0.00209759299284347,0,0.01269278210644919,0.23197643457180156
1.0,0.5,2.0,2.0,0.0025,0.005,2.0,400,cond_mean,155,1.0003884855733511,1.9953978829031576,0.498314670322067,0.001680221154349332,0,0.010415608966640974,0.23197643457180156
1.0,0.5,2.0,2.0,0.0025,0.005,3.5,700,cond_mean,155,1.0001010455812487,2.0002156837270326,0.4993233163876669,0.0018276382564821078,0,0.009047788827791007,0.23197643457180156
1.0,0.5,2.0,2.0,0.0025,0.005,5.0,1000,cond_mean,155,0.9997662826506861,1.9792821120654756,0.4940445405223686,0.0013854215170814124,0,0.025987025385269966,0.23197643457180156
1.0,0.5,2.0,2.0,0.0025,0.005,10.0,2000,cond_mean,155,0.9997054276952998,2.00965037296702,0.49712857598149224,0.0017523011166835946,0,0.014478879802108683,0.23197643457180156
1.0,0.5,2.0,2.0,0.0025,0.005,20.0,4000,cond_mean,155,1.0002276153327083,2.0039372264648203,0.49971272028381136,0.0022328393081407927,0,0.011935544697959126,0.23197643457180156
1.0,0.5,2.0,2.0,0.0025,0.005,0.5,100,cond_mean,156,1.0000560765112245,2.0059419969245824,0.500152147186256,0.0019963471524243937,0,0.01195966914950183,0.23152776785926626
1.0,0.5,2.0,2.0,0.0025,0.005,1.0,200,cond_mean,156,1.0001787282138714,2.017448568006635,0.5010066332321443,0.001663783646203618,0,0.021762012610520024,0.23152776785926626
1.0,0.5,2.0,2.0,0.0025,0.005,2.0,400,cond_mean,156,1.000142925768406,2.017703746286125,0.4996889542600464,0.0015673196643541246,0,0.021864517730384402,0.23152776785926626
1.0,0.5,2.0,2.0,0.0025,0.005,3.5,700,cond_mean,156,0.9997735298909991,2.011124614082141,0.48827577028033575,0.0015600075687894068,0,0.021227701651835042,0.23152776785926626
1.0,0.5,2.0,2.0,0.0025,0.005,5.0,1000,cond_mean,156,1.000069714638062,2.0275457795966165,0.4930864777237426,0.0018723851494515894,0,0.03453294034522563,0.23152776785926626
1.0,0.5,2.0,2.0,0.0025,0.005,10.0,2000,cond_mean,156,1.000150167852187,2.0148177896605155,0.4931583740615463,0.0025014880535571874,0,0.0231509417200689,0.23152776785926626
1.0,0.5,2.0,2.0,0.0025,0.005,20.0,4000,cond_mean,156,1.0002567674538603,2.0040683201673484,0.5022662596016597,0.0025275089663303264,0,0.013522581806564921,0.23152776785926626
1.0,0.5,2.0,2.0,0.0025,0.005,0.5,100,cond_mean,157,1.000150121069968,1.998906232569846,0.5046599544787592,0.0023178265601599803,0,0.012833894586479912,0.23045198800640979
1.0,0.5,2.0,2.0,0.0025,0.005,1.0,200,cond_mean,157,0.9998912433990709,2.006165075798848,0.5076274570737997,0.001962069030854501,0,0.015704994061839984,0.23045198800640979
1.0,0.5,2.0,2.0,0.0025,0.005,2.0,400,cond_mean,157,1.0001471869486143,2.0092969327570867,0.5156945174365735,0.002156790369014106,0,0.02512287844207723,0.23045198800640979
1.0,0.5,2.0,2.0,0.0025,0.005,3.5,700,cond_mean,157,0.9999992530858993,2.004616979864994,0.5088805057868906,0.00207595561234805,0,0.0162851139598379,0.23045198800640979
1.0,0.5,2.0,2.0,0.0025,0.005,5.0,1000,cond_mean,157,1.0001700217126461,1.9918548370109812,0.517382640089571,0.001880900344504998,0,0.025881465578319884,0.23045198800640979
1.0,0.5,2.0,2.0,0.0025,0.005,10.0,2000,cond_mean,157,0.999796993841517,2.002460681583137,0.496412923003118,0.001900479333828219,0,0.010684149530529964,0.23045198800640979
1.0,0.5,2.0,2.0,0.0025,0.005,20.0,4000,cond_mean,157,1.0000207337372475,1.982195925894711,0.49759337646514956,0.0016821765573959751,0,0.02239454738955388,0.23045198800640979
1.0,0.5,2.0,2.0,0.0025,0.005,0.5,100,cond_mean,158,0.9999534888876829,1.9945277584389176,0.5051394936962882,0.0021305588052381217,0,0.013977577445318759,0.23452907742466778
1.0,0.5,2.0,2.0,0.0025,0.005,1.0,200,cond_mean,158,1.000060344908993,1.993266725879864,0.5065404704929546,0.001646443276058175,0,0.01403205078106272,0.23452907742466778
1.0,0.5,2.0,2.0,0.0025,0.005,2.0,400,cond_mean,158,1.0000353824710428,1.999661182695744,0.5077762155753152,0.0022858357354942817,0,0.015070878163503684,0.23452907742466778
1.0,0.5,2.0,2.0,0.0025,0.005,3.5,700,cond_mean,158,0.9999099885624216,1.9873163240101717,0.5002754827314717,0.0014330122628180382,0,0.016256778242504804,0.23452907742466778
1.0,0.5,2.0,2.0,0.0025,0.005,5.0,1000,cond_mean,158,0.9999179415112014,1.9905551617471695,0.49542173237613724,0.0018995776934857985,0,0.015501290049791111,0.23452907742466778
1.0,0.5,2.0,2.0,0.0025,0.005,10.0,2000,cond_mean,158,1.000307782643381,1.9975375767008077,0.5098316286028456,0.0020782861443294797,0,0.016200156726947895,0.23452907742466778
1.0,0.5,2.0,2.0,0.0025,0.005,20.0,4000,cond_mean,158,0.9995534274814761,2.0172578194818183,0.49897435629612097,0.002525445290453856,0,0.023557749964658092,0.23452907742466778
1.0,0.5,2.0,2.0,0.0025,0.005,0.5,100,cond_mean,159,1.0001036763967774,1.997491004884743,0.4966849913051355,0.0012880239206423524,0,0.008341591845707971,0.23219713700070446
1.0,0.5,2.0,2.0,0.0025,0.005,1.0,200,cond_mean,159,0.9998381571698141,2.0011467771425306,0.48563938761658276,0.0021932406968320907,0,0.02147134463830461,0.23219713700070446
1.0,0.5,2.0,2.0,0.0025,0.005,2.0,400,cond_mean,159,1.0007372867146471,2.0059170444692107,0.4974332677414334,0.0031280973461658285,0,0.017824799165724176,0.23219713700070446
1.0,0.5,2.0,2.0,0.0025,0.005,3.5,700,cond_mean,159,1.0002223692574987,2.009838496256136,0.49001307508942393,0.0015454622294764416,0,0.019367181318056544,0.23219713700070446
1.0,0.5,2.0,2.0,0.0025,0.005,5.0,1000,cond_mean,159,0.9999513995845538,2.0167313428071316,0.4911552915601154,0.002496066578025832,0,0.02562650776189619,0.23219713700070446
1.0,0.5,2.0,2.0,0.0025,0.005,10.0,2000,cond_mean,159,1.0002705171766129,2.0062774329695876,0.5030659518884627,0.0019625132686392184,0,0.01256854126244312,0.23219713700070446
1.0,0.5,2.0,2.0,0.0025,0.005,20.0,4000,cond_mean,159,0.9999012371792213,1.9681947811299125,0.5003177309006878,0.0014023337209077777,0,0.03736117755048895,0.23219713700070446
1.0,0.5,2.0,2.0,0.0025,0.005,0.5,100,cond_mean,160,0.9997943489820295,2.0002855225632663,0.498747891088033,0.001356417237503624,0,0.0068287236410802,0.23243480357008853
1.0,0.5,2.0,2.0,0.0025,0.005,1.0,200,cond_mean,160,0.9998431184033627,1.9961570380784792,0.4992016790868753,0.0017633301965640723,0,0.009769991905957268,0.23243480357008853
1.0,0.5,2.0,2.0,0.0025,0.005,2.0,400,cond_mean,160,0.9998262222997396,1.9859401810278177,0.5039458759316898,0.002223702299773944,0,0.02034031681319662,0.23243480357008853
1.0,0.5,2.0,2.0,0.0025,0.005,3.5,700,cond_mean,160,1.0001094963934956,1.9852947749460415,0.5068559096621833,0.0018200383453642643,0,0.02101101628096912,0.23243480357008853
1.0,0.5,2.0,2.0,0.0025,0.005,5.0,1000,cond_mean,160,1.0001704403703089,1.9749815015001138,0.5087665836446268,0.0020956307639037135,0,0.032461339354301205,0.23243480357008853
1.0,0.5,2.0,2.0,0.0025,0.005,10.0,2000,cond_mean,160,0.999911746697043,1.9615022672934999,0.5026413359027829,0.0031352951072670826,0,0.04708418228508422,0.23243480357008853
1.0,0.5,2.0,2.0,0.0025,0.005,20.0,4000,cond_mean,160,0.999651112481472,1.9750581203755513,0.49162141796134795,0.002450940121609857,0,0.03305398581724802,0.23243480357008853
1.0,0.5,2.0,2.0,0.0025,0.005,0.5,100,cond_mean,161,1.0000298987125347,2.007719311936029,0.49481085788474033,0.002075898603676368,0,0.015182419421799931,0.2312818332741569
1.0,0.5,2.0,2.0,0.0025,0.005,1.0,200,cond_mean,161,0.9999390795575709,1.9956872218744173,0.49172362356669047,0.0010623744450419346,0,0.012955471116479702,0.2312818332741569
1.0,0.5,2.0,2.0,0.0025,0.005,2.0,400,cond_mean,161,0.9998168434037752,1.9975772717138545,0.49789011392870747,0.0019203111236672976,0,0.010136606788303889,0.2312818332741569
1.0,0.5,2.0,2.0,0.0025,0.005,3.5,700,cond_mean,161,1.0000069160140512,2.01066709790485,0.5017878908684513,0.002095507598395053,0,0.016193982762341217,0.2312818332741569
1.0,0.5,2.0,2.0,0.0025,0.005,5.0,1000,cond_mean,161,0.99976664768703,2.0197711063467576,0.492062209444331,0.0018066172100604633,0,0.02652987487596424,0.2312818332741569
1.0,0.5,2.0,2.0,0.0025,0.005,10.0,2000,cond_mean,161,0.9996661678586041,2.00529681469606,0.48483548985666813,0.0023476905697321655,0,0.023371277277224642,0.2312818332741569
1.0,0.5,2.0,2.0,0.0025,0.005,20.0,4000,cond_mean,161,1.000266426652387,1.9751666948447015,0.5004775133682792,0.0024186059777206986,0,0.031057548128543243,0.2312818332741569
1.0,0.5,2.0,2.0,0.0025,0.005,0.5,100,cond_mean,162,0.9999622951758869,1.997501191898573,0.49800907763254054,0.0015935168091052233,0,0.008707255485751889,0.23117331543471664
1.0,0.5,2.0,2.0,0.0025,0.005,1.0,200,cond_mean,162,0.9999786480094609,2.0039648278577764,0.49890467231749,0.0024323998995779863,0,0.01285201140935499,0.23117331543471664
1.0,0.5,2.0,2.0,0.0025,0.005,2.0,400,cond_mean,162,0.9996792559381923,2.001914350228205,0.4885078102712444,0.002008137375900883,0,0.017642200018745106,0.23117331543471664
1.0,0.5,2.0,2.0,0.0025,0.005,3.5,700,cond_mean,162,1.0001919843151608,1.9891007395469613,0.5073212755055154,0.002238315024907552,0,0.019069765973341153,0.23117331543471664
1.0,0.5,2.0,2.0,0.0025,0.005,5.0,1000,cond_mean,162,1.000174855001032,2.0044564160526375,0.5054948268084781,0.0027315923227373287,0,0.015890268492990144,0.23117331543471664
1.0,0.5,2.0,2.0,0.0025,0.005,10.0,2000,cond_mean,162,1.0002222930775848,2.030866172066093,0.49798095844109824,0.0022854117880072994,0,0.03753755789426447,0.23117331543471664
1.0,0.5,2.0,2.0,0.0025,0.005,20.0,4000,cond_mean,162,1.000073582146902,2.0412341685262434,0.49930051217908605,0.0026465278713000942,0,0.049368983712049994,0.23117331543471664
1.0,0.5,2.0,2.0,0.0025,0.005,0.5,100,cond_mean,163,1.0000081851257026,2.003998326842537,0.5003910051760639,0.002097773736080911,0,0.011288164061795815,0.23089170243058885
1.0,0.5,2.0,2.0,0.0025,0.005,1.0,200,cond_mean,163,1.0002241195092931,1.998897477669783,0.4998791081593968,0.0021534433808143467,0,0.010705231490346832,0.23089170243058885
1.0,0.5,2.0,2.0,0.0025,0.005,2.0,400,cond_mean,163,1.0002383816888512,2.004169883649096,0.49889526368215237,0.0018255882846128447,0,0.010413584671628236,0.23089170243058885
1.0,0.5,2.0,2.0,0.0025,0.005,3.5,700,cond_mean,163,1.0003462709952953,2.001320207189725,0.5018205516893257,0.001981256286414345,0,0.01008958391638975,0.23089170243058885
1.0,0.5,2.0,2.0,0.0025,0.005,5.0,1000,cond_mean,163,1.0001556920440404,2.005847302448485,0.5079588160137851,0.0025836876125245488,0,0.017568811613822264,0.23089170243058885
1.0,0.5,2.0,2.0,0.0025,0.005,10.0,2000,cond_mean,163,1.0001212205974856,1.971127298134403,0.5057991104955384,0.0016477381992489476,0,0.03501899468614034,0.23089170243058885
1.0,0.5,2.0,2.0,0.0025,0.005,20.0,4000,cond_mean,163,1.0003259394214123,1.9119852026375563,0.499494759748575,0.0024834600108350566,0,0.1023512528566991,0.23089170243058885
1.0,0.5,2.0,2.0,0.0025,0.005,0.5,100,cond_mean,164,0.9999586743727912,1.9989177559234896,0.5023095540860938,0.0017674161050277295,0,0.009299839861218124,0.23045932742700512
1.0,0.5,2.0,2.0,0.0025,0.005,1.0,200,cond_mean,164,1.00005713728519,2.009443660694021,0.5038513324972337,0.0014372694328482153,0,0.013862489034353227,0.23045932742700512
1.0,0.5,2.0,2.0,0.0025,0.005,2.0,400,cond_mean,164,0.999839939937511,2.009418494121084,0.5077808858500644,0.0019446547415456759,0,0.01782847279720209,0.23045932742700512
1.0,0.5,2.0,2.0,0.0025,0.005,3.5,700,cond_mean,164,0.9994221667411256,2.0099015133109615,0.497467645011601,0.0023655630693431096,0,0.016642469421697958,0.23045932742700512
1.0,0.5,2.0,2.0,0.0025,0.005,5.0,1000,cond_mean,164,0.9999988325473627,2.0089371505725615,0.5067940440199236,0.0013395686200159138,0,0.015091257772717557,0.23045932742700512
1.0,0.5,2.0,2.0,0.0025,0.005,10.0,2000,cond_mean,164,0.9998398331707217,2.016160109934853,0.49865306520063024,0.001496265207243204,0,0.020127624141572955,0.23045932742700512
1.0,0.5,2.0,2.0,0.0025,0.005,20.0,4000,cond_mean,164,0.9995213798828414,1.9580469188902376,0.5033935014878049,0.002446442994788303,0,0.050190326880440075,0.23045932742700512
1.0,0.5,2.0,2.0,0.0025,0.005,0.5,100,cond_mean,165,1.0002240698845284,2.0143029483699806,0.5052885777473518,0.0014923288559991847,0,0.019175020321193247,0.23130627971009485
1.0,0.5,2.0,2.0,0.0025,0.005,1.0,200,cond_mean,165,1.000417413006205,2.009303582566718,0.5084460968090875,0.0021580334135874245,0,0.018244846626039427,0.23130627971009485
1.0,0.5,2.0,2.0,0.0025,0.005,2.0,400,cond_mean,165,0.9997820500690978,2.0065947823508146,0.49557991291139764,0.002063457712243125,0,0.01378554495114621,0.23130627971009485
1.0,0.5,2.0,2.0,0.0025,0.005,3.5,700,cond_mean,165,1.0000214427801335,2.0225403774036153,0.49710987587539757,0.0020526853435369192,0,0.02823080152948035,0.23130627971009485
1.0,0.5,2.0,2.0,0.0025,0.005,5.0,1000,cond_mean,165,1.0001092903282067,2.0224127309359043,0.493202564040708,0.0018024356478826488,0,0.028972566387954268,0.23130627971009485
1.0,0.5,2.0,2.0,0.0025,0.005,10.0,2000,cond_mean,165,1.0005035801760616,2.0385119821998754,0.49815541198778035,0.002343291588263485,0,0.04615228631243141,0.23130627971009485
1.0,0.5,2.0,2.0,0.0025,0.005,20.0,4000,cond_mean,165,1.0003433985728567,2.057959902979076,0.5030095132852068,0.0018365250603532403,0,0.06753039739698655,0.23130627971009485
1.0,0.5,2.0,2.0,0.0025,0.005,0.5,100,cond_mean,166,1.0001430550425912,2.005202258776812,0.5016807905269298,0.001932166768151376,0,0.011388547916258845,0.2310779107169115
1.0,0.5,2.0,2.0,0.0025,0.005,1.0,200,cond_mean,166,1.0000697625065205,2.0100846671859576,0.49927973407958587,0.0017871222718056773,0,0.014624947949251585,0.2310779107169115
1.0,0.5,2.0,2.0,0.0025,0.005,2.0,400,cond_mean,166,1.0001692557646726,2.014849831422832,0.5007718105662899,0.0021375265234288543,0,0.020121013868992604,0.2310779107169115
1.0,0.5,2.0,2.0,0.0025,0.005,3.5,700,cond_mean,166,1.0000516932142618,2.0070182851622356,0.4982628655669301,0.0021070301673224135,0,0.013363552619865186,0.2310779107169115
1.0,0.5,2.0,2.0,0.0025,0.005,5.0,1000,cond_mean,166,1.0001438596104113,2.0194790501615323,0.501563566506517,0.001971475760824823,0,0.024541653589514684,0.2310779107169115
1.0,0.5,2.0,2.0,0.0025,0.005,10.0,2000,cond_mean,166,1.0001684111423137,2.0147161318195006,0.4942295524273157,0.0025479573179844864,0,0.022626199326230223,0.2310779107169115
1.0,0.5,2.0,2.0,0.0025,0.005,20.0,4000,cond_mean,166,1.0002464617974385,1.980782969551485,0.5164859255067731,0.0016054315199361775,0,0.031360991140717116,0.2310779107169115
1.0,0.5,2.0,2.0,0.0025,0.005,0.5,100,cond_mean,167,1.0002731002519385,1.9960643678886347,0.5074348247584239,0.002508593213740159,0,0.016000811847345787,0.23127170828437166
1.0,0.5,2.0,2.0,0.0025,0.005,1.0,200,cond_mean,167,1.0002261557020045,1.9912663306998015,0.5093963958531321,0.002864418002056848,0,0.020874893246343305,0.23127170828437166
1.0,0.5,2.0,2.0,0.0025,0.005,2.0,400,cond_mean,167,0.9999534478182129,1.9914713230777874,0.49537813933963326,0.002787333436516149,0,0.01793099336586783,0.23127170828437166
1.0,0.5,2.0,2.0,0.0025,0.005,3.5,700,cond_mean,167,0.9999231396868833,1.9888122022384849,0.49420193036647575,0.0016198860887430286,0,0.01695170530739343,0.23127170828437166
1.0,0.5,2.0,2.0,0.0025,0.005,5.0,1000,cond_mean,167,1.000133727699536,1.9940078100616017,0.5046146459798172,0.0019498437191649608,0,0.013142470584709378,0.23127170828437166
1.0,0.5,2.0,2.0,0.0025,0.005,10.0,2000,cond_mean,167,1.0003167412461913,1.993067069130872,0.5036207907830124,0.002744464581320865,0,0.0162220562262439,0.23127170828437166
1.0,0.5,2.0,2.0,0.0025,0.005,20.0,4000,cond_mean,167,1.0002186562994135,1.9749028674576978,0.4911071009941189,0.0014824998597641162,0,0.032365877999998405,0.23127170828437166
1.0,0.5,2.0,2.0,0.0025,0.005,0.5,100,cond_mean,168,0.9999942709692287,1.9915296718530173,0.5054100880638596,0.0016777712419080082,0,0.014608223346544479,0.23292969057469495
1.0,0.5,2.0,2.0,0.0025,0.005,1.0,200,cond_mean,168,0.9997852422081637,1.99390166882953,0.5048343095421862,0.0024591700945718413,0,0.015526400169040085,0.23292969057469495
1.0,0.5,2.0,2.0,0.0025,0.005,2.0,400,cond_mean,168,0.9999504366433523,1.9892980389575596,0.5073785861495841,0.001600139345450647,0,0.017554624327908865,0.23292969057469495
1.0,0.5,2.0,2.0,0.0025,0.005,3.5,700,cond_mean,168,1.000060613320291,1.9742775123391243,0.5109939930455378,0.0019880927019227473,0,0.0341250588358109,0.23292969057469495
1.0,0.5,2.0,2.0,0.0025,0.005,5.0,1000,cond_mean,168,0.9997881867273753,1.9576528746789954,0.5041995234518947,0.001651239229176385,0,0.04981234023404239,0.23292969057469495
1.0,0.5,2.0,2.0,0.0025,0.005,10.0,2000,cond_mean,168,0.9999754969716902,1.9724361465587368,0.49885950794241013,0.0023152487301111714,0,0.033853562182555065,0.23292969057469495
1.0,0.5,2.0,2.0,0.0025,0.005,20.0,4000,cond_mean,168,1.000078857920881,1.993258163489517,0.4890675580862862,0.002098772443072535,0,0.019489527302834944,0.23292969057469495
1.0,0.5,2.0,2.0,0.0025,0.005,0.5,100,cond_mean,169,0.9997849296576984,1.9969932107220052,0.49167015872806175,0.0019337077034671476,0,0.01457004339862999,0.23550040471101447
1.0,0.5,2.0,2.0,0.0025,0.005,1.0,200,cond_mean,169,0.9997185215569858,2.0030423067176484,0.49403398621664085,0.0021373663513159988,0,0.013255126274609364,0.23550040471101447
1.0,0.5,2.0,2.0,0.0025,0.005,2.0,400,cond_mean,169,0.9998577627302999,2.0008098262038003,0.5025728030652107,0.0019177202015184486,0,0.010161591608823083,0.23550040471101447
1.0,0.5,2.0,2.0,0.0025,0.005,3.5,700,cond_mean,169,0.9999338743377824,1.9992322545367605,0.5091017609634648,0.0017310869934112844,0,0.014724600897333462,0.23550040471101447
1.0,0.5,2.0,2.0,0.0025,0.005,5.0,1000,cond_mean,169,1.0002602838032246,2.0009233118562455,0.5066469666694485,0.002516231554557391,0,0.014883409903448023,0.23550040471101447
1.0,0.5,2.0,2.0,0.0025,0.005,10.0,2000,cond_mean,169,0.9997974918167358,1.9619089470572137,0.5005224357554829,0.0021065872287010412,0,0.045187325006232335,0.23550040471101447
1.0,0.5,2.0,2.0,0.0025,0.005,20.0,4000,cond_mean,169,0.9999196294729881,1.9514076203788846,0.5158523095920768,0.001764826733935554,0,0.060057119719072086,0.23550040471101447
1.0,0.5,2.0,2.0,0.0025,0.005,0.5,100,cond_mean,170,0.9997825271835802,1.992178948356124,0.49940249859353886,0.0017968321642934466,0,0.01266042942398228,0.23127457141942745
1.0,0.5,2.0,2.0,0.0025,0.005,1.0,200,cond_mean,170,1.0000120032662787,1.9947967782663916,0.49958051399078723,0.0025303269607068095,0,0.01380044568533884,0.23127457141942745
1.0,0.5,2.0,2.0,0.0025,0.005,2.0,400,cond_mean,170,0.9998928555860468,2.0053619657040915,0.508475813892478,0.0020992986258832704,0,0.016464290807213806,0.23127457141942745
1.0,0.5,2.0,2.0,0.0025,0.005,3.5,700,cond_mean,170,1.000183624352733,2.011474452450165,0.5054773195544495,0.0017786430326494538,0,0.017273720088823916,0.23127457141942745
1.0,0.5,2.0,2.0,0.0025,0.005,5.0,1000,cond_mean,170,0.999878323585818,2.0213581124587923,0.5074498901702666,0.0017878219167189676,0,0.02791951394372577,0.23127457141942745
1.0,0.5,2.0,2.0,0.0025,0.005,10.0,2000,cond_mean,170,1.0000423200441064,2.060784076855179,0.5067318835710131,0.0021296705394768588,0,0.0712128075171259,0.23127457141942745
1.0,0.5,2.0,2.0,0.0025,0.005,20.0,4000,cond_mean,170,1.0001616678293628,2.0445491871770813,0.5020430142504325,0.002305713531595916,0,0.05269620952838953,0.23127457141942745
1.0,0.5,2.0,2.0,0.0025,0.005,0.5,100,cond_mean,171,1.0001413878598895,1.9957585770969621,0.49671846211285914,0.0017485690432744187,0,0.010921602673515511,0.23170938687066414
1.0,0.5,2.0,2.0,0.0025,0.005,1.0,200,cond_mean,171,0.9999942153363726,2.0046344688847904,0.4951009703658409,0.0021869594335782007,0,0.013599216886311808,0.23170938687066414
1.0,0.5,2.0,2.0,0.0025,0.005,2.0,400,cond_mean,171,1.0001222887483598,2.0028396726362576,0.5048328371072057,0.0015129928054485168,0,0.010141850621967206,0.23170938687066414
1.0,0.5,2.0,2.0,0.0025,0.005,3.5,700,cond_mean,171,0.9999613898042727,2.0232326506718183,0.5003643898656729,0.0016728190668120128,0,0.028053679984535333,0.23170938687066414
1.0,0.5,2.0,2.0,0.0025,0.005,5.0,1000,cond_mean,171,0.9999697760378258,2.033926808278106,0.49753560758492044,0.0014667832286665687,0,0.04000031551180292,0.23170938687066414
1.0,0.5,2.0,2.0,0.0025,0.005,10.0,2000,cond_mean,171,1.0002812517534765,2.0678827637621815,0.49589200711727616,0.0023740017897565047,0,0.07957643448030502,0.23170938687066414
1.0,0.5,2.0,2.0,0.0025,0.005,20.0,4000,cond_mean,171,1.0005513436400224,2.0375179158908865,0.5166776358400011,0.0027786853387907085,0,0.049497366172006875,0.23170938687066414
1.0,0.5,2.0,2.0,0.0025,0.005,0.5,100,cond_mean,172,0.9999218864636078,1.9973366572029494,0.5018029769421322,0.0018478021640086848,0,0.0099033039378288,0.2308187618618831
1.0,0.5,2.0,2.0,0.0025,0.005,1.0,200,cond_mean,172,0.9998072240247063,1.9809944882868304,0.4990276857581836,0.0014708863268114538,0,0.02314465421681202,0.2308187618618831
1.0,0.5,2.0,2.0,0.0025,0.005,2.0,400,cond_mean,172,0.9998383338514346,1.9771821979839512,0.5006246829405226,0.001343773407057759,0,0.027184241857291184,0.2308187618618831
1.0,0.5,2.0,2.0,0.0025,0.005,3.5,700,cond_mean,172,0.9999027467274436,1.978671740752799,0.5006326946652487,0.001794027509450196,0,0.026173619360845016,0.2308187618618831
1.0,0.5,2.0,2.0,0.0025,0.005,5.0,1000,cond_mean,172,1.000111361339854,1.9803813282029752,0.5006056516719931,0.0025445676456690865,0,0.025865861397132994,0.2308187618618831
1.0,0.5,2.0,2.0,0.0025,0.005,10.0,2000,cond_mean,172,0.9998452585056925,1.9944110297088518,0.4989106714233735,0.0024151845139393038,0,0.013557337967788557,0.2308187618618831
1.0,0.5,2.0,2.0,0.0025,0.005,20.0,4000,cond_mean,172,0.9999989700992009,2.0079925436032777,0.491248012929459,0.0019769358094176904,0,0.017703494668882228,0.2308187618618831
1.0,0.5,2.0,2.0,0.0025,0.005,0.5,100,cond_mean,173,0.9998390569645128,2.001926478701438,0.4989370013110804,0.0015626765153426711,0,0.008080666363132104,0.23380375598623818
1.0,0.5,2.0,2.0,0.0025,0.005,1.0,200,cond_mean,173,0.9999749779422781,1.9985509572779636,0.4920901060874696,0.0012755225923506703,0,0.012228049467036773,0.23380375598623818
1.0,0.5,2.0,2.0,0.0025,0.005,2.0,400,cond_mean,173,0.9998448850853652,1.9968350304519387,0.4937300704479229,0.0015940825696317141,0,0.011721646359498648,0.23380375598623818
1.0,0.5,2.0,2.0,0.0025,0.005,3.5,700,cond_mean,173,0.9998617718049214,1.9942404631567663,0.49515468455554074,0.0018701918833878266,0,0.01288828691073563,0.23380375598623818
1.0,0.5,2.0,2.0,0.0025,0.005,5.0,1000,cond_mean,173,0.9998695781221079,1.9877827628124431,0.5028391393771511,0.0021248564834621068,0,0.017998748233657085,0.23380375598623818
1.0,0.5,2.0,2.0,0.0025,0.005,10.0,2000,cond_mean,173,1.0000441365249402,1.9880322264997952,0.5081146208738464,0.0015093535377818078,0,0.018853498814588074,0.23380375598623818
1.0,0.5,2.0,2.0,0.0025,0.005,20.0,4000,cond_mean,173,1.000060059534255,1.9309877240298043,0.5062386847119378,0.0025639976096221034,0,0.08075692156668293,0.23380375598623818
1.0,0.5,2.0,2.0,0.0025,0.005,0.5,100,cond_mean,174,0.999895635780788,2.0014162514778104,0.4983111534960439,0.0019659727377710026,0,0.009989117004784887,0.26233969043408123
1.0,0.5,2.0,2.0,0.0025,0.005,1.0,200,cond_mean,174,1.0000863850425514,2.00200314604462,0.503331462094606,0.0015858342700896058,0,0.009136581428453574,0.26233969043408123
1.0,0.5,2.0,2.0,0.0025,0.005,2.0,400,cond_mean,174,1.000104459112493,2.016534076466434,0.5098356017990426,0.0015447021267643065,0,0.024052644622729467,0.26233969043408123
1.0,0.5,2.0,2.0,0.0025,0.005,3.5,700,cond_mean,174,1.000172739697357,2.031122695535344,0.4996893250100727,0.0019843601046089397,0,0.03724418286049113,0.26233969043408123
1.0,0.5,2.0,2.0,0.0025,0.005,5.0,1000,cond_mean,174,1.000285253065242,2.030579997640234,0.5088509170828562,0.0022012544074522275,0,0.03843135336742186,0.26233969043408123
1.0,0.5,2.0,2.0,0.0025,0.005,10.0,2000,cond_mean,174,1.0003393241311416,1.9981635969929985,0.5124104255238515,0.001998907487696325,0,0.018529221746784928,0.26233969043408123
1.0,0.5,2.0,2.0,0.0025,0.005,20.0,4000,cond_mean,174,1.0001784384969914,1.9799749354835008,0.5115108860778571,0.0020119729322121077,0,0.029021368606148422,0.26233969043408123
1.0,0.5,2.0,2.0,0.0025,0.005,0.5,100,cond_mean,175,1.0003198409853324,1.9998951017868705,0.5063476981799407,0.0020065269312705063,0,0.012535200735428702,0.23104102385696024
1.0,0.5,2.0,2.0,0.0025,0.005,1.0,200,cond_mean,175,1.000062458741284,2.0032132701161407,0.4983257637218204,0.0019642683159842036,0,0.010590355004637975,0.23104102385696024
1.0,0.5,2.0,2.0,0.0025,0.005,2.0,400,cond_mean,175,1.0003105045987615,1.9979839644760529,0.5098454503645633,0.002268025982813453,0,0.01671354630883689,0.23104102385696024
1.0,0.5,2.0,2.0,0.0025,0.005,3.5,700,cond_mean,175,1.000074194575013,2.0213699475410505,0.5013321089372115,0.0023944236156571374,0,0.027370734384975004,0.23104102385696024
1.0,0.5,2.0,2.0,0.0025,0.005,5.0,1000,cond_mean,175,1.0002877956651797,2.015348472845306,0.49971056418530135,0.0017474409523682908,0,0.01975359542136018,0.23104102385696024
1.0,0.5,2.0,2.0,0.0025,0.005,10.0,2000,cond_mean,175,1.0000761630854662,2.0094324207853527,0.49502219516102947,0.0016067241489136955,0,0.015037866254558723,0.23104102385696024
1.0,0.5,2.0,2.0,0.0025,0.005,20.0,4000,cond_mean,175,1.0001075255226413,1.9941187833003797,0.5065970683005154,0.0032048195468198392,0,0.01911093342439769,0.23104102385696024
1.0,0.5,2.0,2.0,0.0025,0.005,0.5,100,cond_mean,176,1.000356111928448,1.9965537726851357,0.5053393124127749,0.0020742758066857685,0,0.012674878023101514,0.23377655356723284
1.0,0.5,2.0,2.0,0.0025,0.005,1.0,200,cond_mean,176,1.0004424471204965,2.006472465090672,0.5086805077394165,0.001786763186173954,0,0.0156430271710345,0.23377655356723284
1.0,0.5,2.0,2.0,0.0025,0.005,2.0,400,cond_mean,176,1.0005335362922407,1.998619329372165,0.5087534890808574,0.00230241187636486,0,0.015563635986675796,0.23377655356723284
1.0,0.5,2.0,2.0,0.0025,0.005,3.5,700,cond_mean,176,1.0002810349123907,1.9993844732348782,0.5004437279121268,0.003373701220991465,0,0.01661091556143331,0.23377655356723284
1.0,0.5,2.0,2.0,0.0025,0.005,5.0,1000,cond_mean,176,0.9999897358612945,2.002263594517449,0.4992503407616732,0.0022419525523678686,0,0.011345006752233449,0.23377655356723284
1.0,0.5,2.0,2.0,0.0025,0.005,10.0,2000,cond_mean,176,0.9996749102244081,1.9994297327254595,0.49971937795105115,0.002052992775046545,0,0.010200160025012226,0.23377655356723284
1.0,0.5,2.0,2.0,0.0025,0.005,20.0,4000,cond_mean,176,1.000288172014408,1.9636501070119494,0.5033289726941818,0.0024945233832789474,0,0.043825980247191455,0.23377655356723284
1.0,0.5,2.0,2.0,0.0025,0.005,0.5,100,cond_mean,177,1.0000228177978676,2.005856469236851,0.5030028092908294,0.0017154173646512117,0,0.011475143385375582,0.23874275000499828
1.0,0.5,2.0,2.0,0.0025,0.005,1.0,200,cond_mean,177,1.0001543177382866,2.0190081254005716,0.5116010518619418,0.0016511535147310141,0,0.027608844571317216,0.23874275000499828
1.0,0.5,2.0,2.0,0.0025,0.005,2.0,400,cond_mean,177,1.000170531094822,2.0204161560882308,0.5068277873471774,0.0020399739947501703,0,0.026905046141287716,0.23874275000499828
1.0,0.5,2.0,2.0,0.0025,0.005,3.5,700,cond_mean,177,1.0001440097729206,2.043141869261407,0.5020081371348867,0.0016045440952474374,0,0.05044504084142927,0.23874275000499828
1.0,0.5,2.0,2.0,0.0025,0.005,5.0,1000,cond_mean,177,1.00001611348416,2.0400797898653686,0.49916127704059426,0.0016891329362518754,0,0.047050577228714016,0.23874275000499828
1.0,0.5,2.0,2.0,0.0025,0.005,10.0,2000,cond_mean,177,0.9997500399547742,2.0415414847428086,0.4906054932155914,0.0026716511070398793,0,0.051282950104299466,0.23874275000499828
1.0,0.5,2.0,2.0,0.0025,0.005,20.0,4000,cond_mean,177,1.0001128957879222,2.0643239208605957,0.49137830912569536,0.0016407591797452455,0,0.07596705957395362,0.23874275000499828
1.0,0.5,2.0,2.0,0.0025,0.005,0.5,100,cond_mean,178,0.9999043528332157,1.9961002029408375,0.5028987002286402,0.0018919979889603792,0,0.011064500935249461,0.24244231557739632
1.0,0.5,2.0,2.0,0.0025,0.005,1.0,200,cond_mean,178,1.0002611516612794,1.9791525242660366,0.5093534192204056,0.002070050057285488,0,0.02850757574417407,0.24244231557739632
1.0,0.5,2.0,2.0,0.0025,0.005,2.0,400,cond_mean,178,0.9999120163385751,1.96186438371794,0.5067443790364772,0.0022846194410495505,0,0.046243667314552796,0.24244231557739632
1.0,0.5,2.0,2.0,0.0025,0.005,3.5,700,cond_mean,178,0.9996661546852352,1.9710804962110506,0.493635696638558,0.0024960651536309417,0,0.03652073798546986,0.24244231557739632
1.0,0.5,2.0,2.0,0.0025,0.005,5.0,1000,cond_mean,178,1.000287941383151,1.9741743693794729,0.5041129239863251,0.00173662494971434,0,0.03136280123144306,0.24244231557739632
1.0,0.5,2.0,2.0,0.0025,0.005,10.0,2000,cond_mean,178,0.9998119745874091,1.9703108338271427,0.4999076404177885,0.0013615381974846853,0,0.03493790670076822,0.24244231557739632
1.0,0.5,2.0,2.0,0.0025,0.005,20.0,4000,cond_mean,178,1.0005833814860456,1.9498474575473737,0.5164324546058058,0.0027336485917438345,0,0.0624807062046644,0.24244231557739632
1.0,0.5,2.0,2.0,0.0025,0.005,0.5,100,cond_mean,179,0.999991369737252,1.9892432639106354,0.5043928425562135,0.0014158181603219095,0,0.01533243718649898,0.24120624400010066
1.0,0.5,2.0,2.0,0.0025,0.005,1.0,200,cond_mean,179,1.0001801751959736,1.9866393840540069,0.5025304702304798,0.0017418421110042082,0,0.01787813590817623,0.24120624400010066
1.0,0.5,2.0,2.0,0.0025,0.005,2.0,400,cond_mean,179,1.0000451081550576,1.9942531259281262,0.5031155476928734,0.002236838852495643,0,0.013407898505833724,0.24120624400010066
1.0,0.5,2.0,2.0,0.0025,0.005,3.5,700,cond_mean,179,1.0001546141093296,2.020048905626569,0.5044990816838186,0.0015993795731416192,0,0.025023814875034023,0.24120624400010066
1.0,0.5,2.0,2.0,0.0025,0.005,5.0,1000,cond_mean,179,0.9999987560867725,2.0386877859246777,0.5051334666537659,0.0009978827725590604,0,0.04532824852258348,0.24120624400010066
1.0,0.5,2.0,2.0,0.0025,0.005,10.0,2000,cond_mean,179,1.0000091302036311,2.000709251990685,0.5088429334711918,0.0017377227515948412,0,0.014343859121037738,0.24120624400010066
1.0,0.5,2.0,2.0,0.0025,0.005,20.0,4000,cond_mean,179,0.9997818428785252,2.005609388253533,0.4924841723391519,0.0019351416310553259,0,0.014907460056914077,0.24120624400010066
1.0,0.5,2.0,2.0,0.0025,0.005,0.5,100,cond_mean,180,0.999919373165352,1.9961886659596761,0.503298596197362,0.001722760451615473,0,0.010526391581507295,0.23378412500356457
1.0,0.5,2.0,2.0,0.0025,0.005,1.0,200,cond_mean,180,0.9999863158724368,1.991001042899333,0.5074820487164413,0.0013094808191842396,0,0.015628071169010944,0.23378412500356457
1.0,0.5,2.0,2.0,0.0025,0.005,2.0,400,cond_mean,180,1.0001398056996078,1.9962791302068001,0.5077074366412445,0.0019929975697394174,0,0.014490678537923744,0.23378412500356457
1.0,0.5,2.0,2.0,0.0025,0.005,3.5,700,cond_mean,180,1.0003910831990677,1.9945536605631273,0.5038239670439277,0.0034985305773268015,0,0.01880466609778712,0.23378412500356457
1.0,0.5,2.0,2.0,0.0025,0.005,5.0,1000,cond_mean,180,1.0000973402066557,1.9870351039110463,0.49163945313387974,0.0018276175628764916,0,0.020822191421910444,0.23378412500356457
1.0,0.5,2.0,2.0,0.0025,0.005,10.0,2000,cond_mean,180,1.0000840847285357,1.9741740088366968,0.5025302247976926,0.002814531981084043,0,0.03294404612048765,0.23378412500356457
1.0,0.5,2.0,2.0,0.0025,0.005,20.0,4000,cond_mean,180,0.9996885336362534,1.9635773656448259,0.504785743940326,0.001564932844640972,0,0.043204964523835786,0.23378412500356457
1.0,0.5,2.0,2.0,0.0025,0.005,0.5,100,cond_mean,181,0.999967022241457,1.9989948676468743,0.49989713456685103,0.0012591580228280361,0,0.006286442815539201,0.23076904170946883
1.0,0.5,2.0,2.0,0.0025,0.005,1.0,200,cond_mean,181,0.9999470856192912,1.997483477794494,0.501833176393024,0.001627370056173696,0,0.008864600520322105,0.23076904170946883
1.0,0.5,2.0,2.0,0.0025,0.005,2.0,400,cond_mean,181,1.0001654801933006,1.9922191617814253,0.5037338737737436,0.0030644593560246037,0,0.018101849212951316,0.23076904170946883
1.0,0.5,2.0,2.0,0.0025,0.005,3.5,700,cond_mean,181,1.0001318423810972,1.9902843475590595,0.5015596139815898,0.00140966889485988,0,0.013295162354466445,0.23076904170946883
1.0,0.5,2.0,2.0,0.0025,0.005,5.0,1000,cond_mean,181,1.0001488830211558,1.9956765878147096,0.5078826869507713,0.002325649803543425,0,0.015939165662979884,0.23076904170946883
1.0,0.5,2.0,2.0,0.0025,0.005,10.0,2000,cond_mean,181,1.0000605404412568,2.03545960070838,0.5000485308785564,0.0027930768946917432,0,0.04316477037309421,0.23076904170946883
1.0,0.5,2.0,2.0,0.0025,0.005,20.0,4000,cond_mean,181,0.9999718137260127,2.0315139099647546,0.49940610466039215,0.0011258936050530606,0,0.036822386446537805,0.23076904170946883
1.0,0.5,2.0,2.0,0.0025,0.005,0.5,100,cond_mean,182,0.9999440060161049,2.003226288023048,0.5028041593369325,0.0012492615401497851,0,0.008113199148725419,0.23087595228571445
1.0,0.5,2.0,2.0,0.0025,0.005,1.0,200,cond_mean,182,1.000214292626248,1.998762098825334,0.5075521533471968,0.0017810025656051804,0,0.012972573759126083,0.23087595228571445
1.0,0.5,2.0,2.0,0.0025,0.005,2.0,400,cond_mean,182,1.0001003336746608,2.005463570156107,0.5152510699015936,0.0012607363918005837,0,0.02155027323490632,0.23087595228571445
1.0,0.5,2.0,2.0,0.0025,0.005,3.5,700,cond_mean,182,0.9998476538861055,2.005550273217858,0.505986432518379,0.0015326458550491296,0,0.012822867795038632,0.23087595228571445
1.0,0.5,2.0,2.0,0.0025,0.005,5.0,1000,cond_mean,182,0.999977357531166,2.005493244877724,0.5160502378216415,0.002110944311177866,0,0.02418886215554705,0.23087595228571445
1.0,0.5,2.0,2.0,0.0025,0.005,10.0,2000,cond_mean,182,0.9995428892033011,1.9829405800500484,0.5047414773357708,0.002257215398223644,0,0.023745268086871073,0.23087595228571445
1.0,0.5,2.0,2.0,0.0025,0.005,20.0,4000,cond_mean,182,1.0000925796654594,2.0231977781939525,0.4969370064750071,0.002546473000720343,0,0.029861266608280982,0.23087595228571445
1.0,0.5,2.0,2.0,0.0025,0.005,0.5,100,cond_mean,183,0.9997558253999137,1.9951140355690395,0.4937857970886608,0.0020487939250244565,0,0.013889994180843418,0.23225019642684078
1.0,0.5,2.0,2.0,0.0025,0.005,1.0,200,cond_mean,183,1.0000908664703605,1.9891228270614425,0.500439141461464,0.0019494448036808398,0,0.015792356195596303,0.23225019642684078
1.0,0.5,2.0,2.0,0.0025,0.005,2.0,400,cond_mean,183,1.0001084803906664,1.9955847262903466,0.4971502492725577,0.002134230823803607,0,0.012314777812302922,0.23225019642684078
1.0,0.5,2.0,2.0,0.0025,0.005,3.5,700,cond_mean,183,0.9998640553067933,1.9918225308568227,0.49196059544247117,0.0019456783300538156,0,0.016917906206315225,0.23225019642684078
1.0,0.5,2.0,2.0,0.0025,0.005,5.0,1000,cond_mean,183,1.000389937325886,1.9865210238467224,0.49748815022078297,0.0024286316925698557,0,0.02010527622137721,0.23225019642684078
1.0,0.5,2.0,2.0,0.0025,0.005,10.0,2000,cond_mean,183,1.0001363856168763,1.983891165480669,0.4944272930375182,0.0015017320632536718,0,0.02149088122643017,0.23225019642684078
1.0,0.5,2.0,2.0,0.0025,0.005,20.0,4000,cond_mean,183,1.0003522519477452,1.9812307270414906,0.4878980633368004,0.0017654068511374452,0,0.028887000148316407,0.23225019642684078
1.0,0.5,2.0,2.0,0.0025,0.005,0.5,100,cond_mean,184,1.000179937997666,1.9947966899771963,0.5057653846147889,0.001857291333065297,0,0.01308806747071882,0.2310912975642298
1.0,0.5,2.0,2.0,0.0025,0.005,1.0,200,cond_mean,184,1.0001607653910378,1.9856450374284187,0.5105074126373416,0.002658932936936789,0,0.025015291103711076,0.2310912975642298
1.0,0.5,2.0,2.0,0.0025,0.005,2.0,400,cond_mean,184,1.0000705900159454,1.9847296341956244,0.5062266715328306,0.00198789002877334,0,0.021646584653488798,0.2310912975642298
1.0,0.5,2.0,2.0,0.0025,0.005,3.5,700,cond_mean,184,0.9997058058771867,1.9893498010519142,0.5021640250029487,0.002438023892332173,0,0.017535243657604265,0.2310912975642298
1.0,0.5,2.0,2.0,0.0025,0.005,5.0,1000,cond_mean,184,0.9999087850572912,1.985872078960527,0.5049951887446941,0.0021509392184542054,0,0.020560720233702284,0.2310912975642298
1.0,0.5,2.0,2.0,0.0025,0.005,10.0,2000,cond_mean,184,1.0002588905861662,1.9802646754443958,0.5015094643473638,0.0027376656581278593,0,0.026485107372542407,0.2310912975642298
1.0,0.5,2.0,2.0,0.0025,0.005,20.0,4000,cond_mean,184,1.0001761862179805,1.9999117646674172,0.4943098134292438,0.0018965596699422184,0,0.012227666099050552,0.2310912975642298
1.0,0.5,2.0,2.0,0.0025,0.005,0.5,100,cond_mean,185,1.0000318069824623,2.006777538029332,0.5048488612303184,0.00247088631283517,0,0.015749537043282105,0.23168730942000235
1.0,0.5,2.0,2.0,0.0025,0.005,1.0,200,cond_mean,185,1.0001594257748683,2.0009289633171767,0.5074066720003673,0.001536871062492372,0,0.012080615346277046,0.23168730942000235
1.0,0.5,2.0,2.0,0.0025,0.005,2.0,400,cond_mean,185,1.0001795519498433,2.0052460451226817,0.5071196268584519,0.0019197639042682147,0,0.014351917850647565,0.23168730942000235
1.0,0.5,2.0,2.0,0.0025,0.005,3.5,700,cond_mean,185,0.9998690790430748,2.003317405635041,0.5007254376112795,0.0018138873636289038,0,0.009780447812919098,0.23168730942000235
1.0,0.5,2.0,2.0,0.0025,0.005,5.0,1000,cond_mean,185,1.0001883682035813,2.0247391126848666,0.5069578355259894,0.0028167523712459078,0,0.03282682247188443,0.23168730942000235
1.0,0.5,2.0,2.0,0.0025,0.005,10.0,2000,cond_mean,185,0.9998045793486894,2.0340622217222055,0.5011680798984774,0.0015215687581922525,0,0.04005640279082495,0.23168730942000235
1.0,0.5,2.0,2.0,0.0025,0.005,20.0,4000,cond_mean,185,0.9999734103490453,2.030949281775265,0.49717718848983194,0.002089526704259785,0,0.03742548157934495,0.23168730942000235
1.0,0.5,2.0,2.0,0.0025,0.005,0.5,100,cond_mean,186,0.9999864498566108,2.0040065287453315,0.499080254723198,0.0015680524872038028,0,0.009052778290839548,0.23110937500106438
1.0,0.5,2.0,2.0,0.0025,0.005,1.0,200,cond_mean,186,1.000284211635494,2.018536154241405,0.5011797816830467,0.003014380060131881,0,0.026064195902671432,0.23110937500106438
1.0,0.5,2.0,2.0,0.0025,0.005,2.0,400,cond_mean,186,1.00053163085962,2.03205401266305,0.5059125006833453,0.0029894779596513718,0,0.040389317799254226,0.23110937500106438
1.0,0.5,2.0,2.0,0.0025,0.005,3.5,700,cond_mean,186,1.0004952025540639,2.0364463984221377,0.5041968566083138,0.0019103092224963428,0,0.04333332255898683,0.23110937500106438
1.0,0.5,2.0,2.0,0.0025,0.005,5.0,1000,cond_mean,186,1.0001828202114058,2.036432569971641,0.49029296634223635,0.0021246225329534553,0,0.04560684166988859,0.23110937500106438
1.0,0.5,2.0,2.0,0.0025,0.005,10.0,2000,cond_mean,186,0.9998976413131506,2.049211674351625,0.4926691587879958,0.0012254121659965164,0,0.05813849039809287,0.23110937500106438
1.0,0.5,2.0,2.0,0.0025,0.005,20.0,4000,cond_mean,186,0.9996632602182612,2.0554383700117436,0.5037242766053176,0.002114869237828323,0,0.06499550380498363,0.23110937500106438
1.0,0.5,2.0,2.0,0.0025,0.005,0.5,100,cond_mean,187,1.000035698600243,1.9835981787754513,0.5011813831491789,0.0026181942783397106,0,0.022918708644435258,0.23189073814345257
1.0,0.5,2.0,2.0,0.0025,0.005,1.0,200,cond_mean,187,0.999754916585924,1.985347077873304,0.500705397390289,0.002108215709279137,0,0.019910548888191625,0.23189073814345257
1.0,0.5,2.0,2.0,0.0025,0.005,2.0,400,cond_mean,187,1.0000116988145635,1.9729704837982776,0.49699530010461085,0.0018851652431502212,0,0.03283124508573887,0.23189073814345257
1.0,0.5,2.0,2.0,0.0025,0.005,3.5,700,cond_mean,187,1.0004148003420619,1.9619104600461477,0.5117378022177272,0.0023803530532601324,0,0.047582946608160454,0.23189073814345257
1.0,0.5,2.0,2.0,0.0025,0.005,5.0,1000,cond_mean,187,1.000269892074177,1.9627764551863423,0.5047390980105911,0.0017938659783546943,0,0.04415132153937921,0.23189073814345257
1.0,0.5,2.0,2.0,0.0025,0.005,10.0,2000,cond_mean,187,0.9998151925029218,1.983730331505076,0.49905627711601713,0.0017424560353633376,0,0.020680238335120952,0.23189073814345257
1.0,0.5,2.0,2.0,0.0025,0.005,20.0,4000,cond_mean,187,0.9996136394311032,1.9036271090365164,0.5016743189836251,0.0021586303332312264,0,0.11173450556085641,0.23189073814345257
1.0,0.5,2.0,2.0,0.0025,0.005,0.5,100,cond_mean,188,0.9998614149086252,2.002033822798115,0.49689537136104045,0.0019767328448743898,0,0.010680254826013966,0.24203307742053376
1.0,0.5,2.0,2.0,0.0025,0.005,1.0,200,cond_mean,188,0.9999017965688438,1.9975860148023448,0.5032796324390575,0.0015750943413933682,0,0.009376893465127746,0.24203307742053376
1.0,0.5,2.0,2.0,0.0025,0.005,2.0,400,cond_mean,188,1.0000104887078605,1.9917221238589042,0.5082224747064835,0.0024324030250657807,0,0.018636654952832406,0.24203307742053376
1.0,0.5,2.0,2.0,0.0025,0.005,3.5,700,cond_mean,188,0.9998375178018992,1.991579854465577,0.5050057036949663,0.0019570096471636924,0,0.015331769987833718,0.24203307742053376
1.0,0.5,2.0,2.0,0.0025,0.005,5.0,1000,cond_mean,188,0.9997078490360661,1.987292238898013,0.5044425362434335,0.0014984680431140325,0,0.017645975601716348,0.24203307742053376
1.0,0.5,2.0,2.0,0.0025,0.005,10.0,2000,cond_mean,188,1.0001516137616073,1.9638496640269543,0.5022414695802855,0.0019714064229106646,0,0.042888974192213464,0.24203307742053376
1.0,0.5,2.0,2.0,0.0025,0.005,20.0,4000,cond_mean,188,0.9998292037523021,1.9318848673982474,0.4934480834836278,0.0022008863994941,0,0.07998308821179922,0.24203307742053376
1.0,0.5,2.0,2.0,0.0025,0.005,0.5,100,cond_mean,189,1.00003176030606,1.9956337463449576,0.5003761384877831,0.0022345699833896744,0,0.012071895749055215,0.2364998511371336
1.0,0.5,2.0,2.0,0.0025,0.005,1.0,200,cond_mean,189,0.9999681975217599,1.9873711031912358,0.4941487385859434,0.001707376076421387,0,0.018470999071292293,0.2364998511371336
1.0,0.5,2.0,2.0,0.0025,0.005,2.0,400,cond_mean,189,1.0000567580446005,1.9900155954223604,0.49985201097469967,0.002226632647973557,0,0.01588827025606097,0.2364998511371336
1.0,0.5,2.0,2.0,0.0025,0.005,3.5,700,cond_mean,189,1.0000041810763094,1.9916307410911198,0.4866818095329808,0.0022235976903493943,0,0.02284428616340078,0.2364998511371336
1.0,0.5,2.0,2.0,0.0025,0.005,5.0,1000,cond_mean,189,0.9999784055052561,1.9967560404704123,0.48919854524595113,0.0019143591339622155,0,0.017401144038646347,0.2364998511371336
1.0,0.5,2.0,2.0,0.0025,0.005,10.0,2000,cond_mean,189,1.0000635315039057,1.982118117552088,0.49100116115019,0.0014437665123111525,0,0.02498875950872633,0.2364998511371336
1.0,0.5,2.0,2.0,0.0025,0.005,20.0,4000,cond_mean,189,0.9998780387220085,1.9932871436513124,0.498330194557733,0.002326575067339244,0,0.013953183137173275,0.2364998511371336
1.0,0.5,2.0,2.0,0.0025,0.005,0.5,100,cond_mean,190,0.9999252816521147,2.006812460394438,0.4897050015104911,0.0023635806127138607,0,0.019378905301227788,0.23145364885151917
1.0,0.5,2.0,2.0,0.0025,0.005,1.0,200,cond_mean,190,1.0000672038458782,1.9983830336630266,0.49062332916955126,0.0017059364028681986,0,0.015183037313168835,0.23145364885151917
1.0,0.5,2.0,2.0,0.0025,0.005,2.0,400,cond_mean,190,1.0001210970886902,1.996472887249747,0.4951372840517723,0.0018347670754244648,0,0.011926499097299611,0.23145364885151917
1.0,0.5,2.0,2.0,0.0025,0.005,3.5,700,cond_mean,190,1.0000268240595955,2.000374296896543,0.49668143248383784,0.001706207806479058,0,0.009471362719233944,0.23145364885151917
1.0,0.5,2.0,2.0,0.0025,0.005,5.0,1000,cond_mean,190,1.0000249022521657,2.021097712930746,0.49638344322026884,0.0024637548260841705,0,0.027612190242244032,0.23145364885151917
1.0,0.5,2.0,2.0,0.0025,0.005,10.0,2000,cond_mean,190,0.9997338649088378,2.023903835069997,0.49074835605591943,0.0024107640387721705,0,0.032362693515696365,0.23145364885151917
1.0,0.5,2.0,2.0,0.0025,0.005,20.0,4000,cond_mean,190,0.9997045311914404,2.027610278063554,0.49274952074699757,0.0018617460727049025,0,0.034473394320625544,0.23145364885151917
1.0,0.5,2.0,2.0,0.0025,0.005,0.5,100,cond_mean,191,0.9999626313527343,1.9933062809264555,0.5044614824883378,0.0018934342492363753,0,0.013439654534455418,0.2329664999851957
1.0,0.5,2.0,2.0,0.0025,0.005,1.0,200,cond_mean,191,1.0002134256850506,1.9927546266118061,0.5115199908693421,0.0018188587579029975,0,0.01904942355792652,0.2329664999851957
1.0,0.5,2.0,2.0,0.0025,0.005,2.0,400,cond_mean,191,0.9997922509009775,1.999819819228318,0.5043827608505598,0.0025128198607006955,0,0.013815200290347288,0.2329664999851957
1.0,0.5,2.0,2.0,0.0025,0.005,3.5,700,cond_mean,191,1.0000629710479636,2.012890484209476,0.50767675857906,0.001934976869533749,0,0.020206777151551687,0.2329664999851957
1.0,0.5,2.0,2.0,0.0025,0.005,5.0,1000,cond_mean,191,1.0001518242312415,2.013133877799786,0.5020582716291454,0.002419252606183428,0,0.01941514147913182,0.2329664999851957
1.0,0.5,2.0,2.0,0.0025,0.005,10.0,2000,cond_mean,191,0.9999498796137493,2.000253556041837,0.4993549144565936,0.0018619640386419785,0,0.009170082786650133,0.2329664999851957
1.0,0.5,2.0,2.0,0.0025,0.005,20.0,4000,cond_mean,191,1.0002998555545226,1.9660087639515935,0.5044475952818606,0.001718708065420537,0,0.04042403104408147,0.2329664999851957
1.0,0.5,2.0,2.0,0.0025,0.005,0.5,100,cond_mean,192,1.0001292682068452,2.0059162002497763,0.5020210822017794,0.001392700633677895,0,0.009959977695600203,0.23382617857506766
1.0,0.5,2.0,2.0,0.0025,0.005,1.0,200,cond_mean,192,1.0000181857087864,2.007082209093752,0.49725766373731445,0.00179360536717563,0,0.01255822653741361,0.23382617857506766
1.0,0.5,2.0,2.0,0.0025,0.005,2.0,400,cond_mean,192,1.000309306079163,2.0209987380624206,0.5041786552754763,0.002453495886438703,0,0.027495570910441577,0.23382617857506766
1.0,0.5,2.0,2.0,0.0025,0.005,3.5,700,cond_mean,192,1.0000490175071886,2.011922174211615,0.5004651105404322,0.0010911124985340604,0,0.014778302274046397,0.23382617857506766
1.0,0.5,2.0,2.0,0.0025,0.005,5.0,1000,cond_mean,192,1.0003299132956278,2.0095984728295346,0.5088012566979341,0.0019349979668369702,0,0.018226169917988738,0.23382617857506766
1.0,0.5,2.0,2.0,0.0025,0.005,10.0,2000,cond_mean,192,1.000073261383103,1.9862147829295551,0.5003357443668323,0.0018135775764040645,0,0.018238887096004682,0.23382617857506766
1.0,0.5,2.0,2.0,0.0025,0.005,20.0,4000,cond_mean,192,1.0003232079335103,1.99261668421841,0.5022772866117419,0.0024038038376848064,0,0.014799937765144674,0.23382617857506766
1.0,0.5,2.0,2.0,0.0025,0.005,0.5,100,cond_mean,193,1.000226035216769,1.999998605350381,0.5006410228642477,0.0019118935823268452,0,0.009438182504110491,0.2316059702841033
1.0,0.5,2.0,2.0,0.0025,0.005,1.0,200,cond_mean,193,1.000186408526172,1.9991397714981358,0.49635160864675315,0.0018021441631011334,0,0.010342182495299865,0.2316059702841033
1.0,0.5,2.0,2.0,0.0025,0.005,2.0,400,cond_mean,193,1.0000242457398172,2.0034749025245673,0.49908353863975524,0.0020085879452696083,0,0.010714820934474721,0.2316059702841033
1.0,0.5,2.0,2.0,0.0025,0.005,3.5,700,cond_mean,193,0.999865659908711,1.9910025222223025,0.494600758128053,0.0018479275434456714,0,0.015417668295868384,0.2316059702841033
1.0,0.5,2.0,2.0,0.0025,0.005,5.0,1000,cond_mean,193,0.9997893917027255,2.0063952427412715,0.493660946387418,0.0028364756824541533,0,0.01760546374580214,0.2316059702841033
1.0,0.5,2.0,2.0,0.0025,0.005,10.0,2000,cond_mean,193,1.0001772663736643,1.9836797605364878,0.5095083474306082,0.0015225986025341252,0,0.02354844032397591,0.2316059702841033
1.0,0.5,2.0,2.0,0.0025,0.005,20.0,4000,cond_mean,193,0.9998993730809327,1.999998835599737,0.5045157093560741,0.002081458316015037,0,0.011908355682166406,0.2316059702841033
1.0,0.5,2.0,2.0,0.0025,0.005,0.5,100,cond_mean,194,1.0000016714075453,1.9955521912605496,0.4999253504556298,0.002300032929405311,0,0.012397281664213501,0.2326699225730928
1.0,0.5,2.0,2.0,0.0025,0.005,1.0,200,cond_mean,194,1.000114109365927,2.009977867393094,0.5050529254948652,0.0025997418993040596,0,0.01835081569865594,0.2326699225730928
1.0,0.5,2.0,2.0,0.0025,0.005,2.0,400,cond_mean,194,1.0002157297271996,2.0217458500677608,0.5024689323736677,0.0023519626970846426,0,0.027779988135332116,0.2326699225730928
1.0,0.5,2.0,2.0,0.0025,0.005,3.5,700,cond_mean,194,1.000387611263291,2.02026027562743,0.4984632125033809,0.0026633415775238105,0,0.027023528829717557,0.2326699225730928
1.0,0.5,2.0,2.0,0.0025,0.005,5.0,1000,cond_mean,194,1.0000502159146634,2.014436073289213,0.49688710162119154,0.0016379189419028428,0,0.01899522511021539,0.2326699225730928
1.0,0.5,2.0,2.0,0.0025,0.005,10.0,2000,cond_mean,194,0.9999185280491978,2.0369426238317243,0.5028894858945105,0.001702009695334326,0,0.04360037571821035,0.2326699225730928
1.0,0.5,2.0,2.0,0.0025,0.005,20.0,4000,cond_mean,194,1.0000506333837633,2.053928566194783,0.503320574705907,0.0019819415800997236,0,0.06305253039224647,0.2326699225730928
1.0,0.5,2.0,2.0,0.0025,0.005,0.5,100,cond_mean,195,0.9996955684697146,2.0000838908676375,0.5010601373132563,0.0016826440785845229,0,0.00861154522975558,0.23422598215152643
1.0,0.5,2.0,2.0,0.0025,0.005,1.0,200,cond_mean,195,0.9998750589234472,2.0017207351580746,0.5053465188822326,0.0017001127163816581,0,0.011246956910159344,0.23422598215152643
1.0,0.5,2.0,2.0,0.0025,0.005,2.0,400,cond_mean,195,1.000061288965814,2.009709616730912,0.5038590881080157,0.0021818986676724007,0,0.016270095091822513,0.23422598215152643
1.0,0.5,2.0,2.0,0.0025,0.005,3.5,700,cond_mean,195,1.0001729671852069,2.000290067177257,0.5069260934584141,0.0023523533965903,0,0.014458146478579178,0.23422598215152643
1.0,0.5,2.0,2.0,0.0025,0.005,5.0,1000,cond_mean,195,0.9999335863174348,1.9879981473955435,0.5002951625351284,0.0020936810532968895,0,0.017261179567694865,0.23422598215152643
1.0,0.5,2.0,2.0,0.0025,0.005,10.0,2000,cond_mean,195,0.9997422991495014,1.9589248365535215,0.49781582442744327,0.0026615052861474683,0,0.04932777320986223,0.23422598215152643
1.0,0.5,2.0,2.0,0.0025,0.005,20.0,4000,cond_mean,195,1.0003956187167486,1.9993310479464725,0.5115139351085839,0.002450122294142899,0,0.018720558057720996,0.23422598215152643
1.0,0.5,2.0,2.0,0.0025,0.005,0.5,100,cond_mean,196,0.9999655681167914,2.007248131504545,0.5042121154761995,0.00145372366179256,0,0.012337827395943872,0.23425131543938602
1.0,0.5,2.0,2.0,0.0025,0.005,1.0,200,cond_mean,196,0.9999615381160775,1.9990510777485682,0.5067464446928056,0.0022775782322971847,0,0.014320425162263629,0.23425131543938602
1.0,0.5,2.0,2.0,0.0025,0.005,2.0,400,cond_mean,196,0.9996396530000575,2.006403596267392,0.4933979856772286,0.0020386380306262717,0,0.014823150511410494,0.23425131543938602
1.0,0.5,2.0,2.0,0.0025,0.005,3.5,700,cond_mean,196,0.999541948317593,2.007005759807171,0.4947040790092353,0.0023871038083568244,0,0.015582160886651424,0.23425131543938602
1.0,0.5,2.0,2.0,0.0025,0.005,5.0,1000,cond_mean,196,0.9994666439420113,1.9868007047834757,0.48764591793832435,0.002763364620632663,0,0.02547557911520106,0.23425131543938602
1.0,0.5,2.0,2.0,0.0025,0.005,10.0,2000,cond_mean,196,1.0000549243415913,2.0228251578485374,0.494166046305005,0.00256253608642174,0,0.030221901329203674,0.23425131543938602
1.0,0.5,2.0,2.0,0.0025,0.005,20.0,4000,cond_mean,196,1.0002075706867952,2.051723468678444,0.493832231961699,0.0019011820555923957,0,0.061183313619014905,0.23425131543938602
1.0,0.5,2.0,2.0,0.0025,0.005,0.5,100,cond_mean,197,1.0001424593302883,1.9948976345245082,0.5033924636695719,0.001711327266067075,0,0.0110848965660247,0.2326653690044103
1.0,0.5,2.0,2.0,0.0025,0.005,1.0,200,cond_mean,197,0.9999643221962743,1.9974351094355176,0.5059012056762324,0.001840463533659469,0,0.012276961155508415,0.2326653690044103
1.0,0.5,2.0,2.0,0.0025,0.005,2.0,400,cond_mean,197,1.0001754976232455,2.0004228001583826,0.5053650959407489,0.0017247483153020346,0,0.010794933005159265,0.2326653690044103
1.0,0.5,2.0,2.0,0.0025,0.005,3.5,700,cond_mean,197,1.000110985961579,2.0111565766858357,0.5038780965975018,0.00170740465098719,0,0.016111003784048665,0.2326653690044103
1.0,0.5,2.0,2.0,0.0025,0.005,5.0,1000,cond_mean,197,1.0001560231516655,2.0291670939739106,0.5171269984334,0.0022379145327469977,0,0.04156233870289476,0.2326653690044103
1.0,0.5,2.0,2.0,0.0025,0.005,10.0,2000,cond_mean,197,1.0002513478530206,2.0735986369477963,0.5025317421281814,0.0022577948346418778,0,0.08561794044615764,0.2326653690044103
1.0,0.5,2.0,2.0,0.0025,0.005,20.0,4000,cond_mean,197,0.999971925898254,2.0791803833095845,0.49734038247600243,0.002413332255221655,0,0.09238333740372308,0.2326653690044103
1.0,0.5,2.0,2.0,0.0025,0.005,0.5,100,cond_mean,198,1.00002063755114,1.9973159355466454,0.504927155777784,0.0024631728712326884,0,0.014016868067885851,0.23405535128300212
1.0,0.5,2.0,2.0,0.0025,0.005,1.0,200,cond_mean,198,1.0001927543678018,1.9992687112308143,0.5065974601478065,0.0020653647014148807,0,0.013090184563542372,0.23405535128300212
1.0,0.5,2.0,2.0,0.0025,0.005,2.0,400,cond_mean,198,1.0004422424974426,1.9869933407441953,0.5084989376342555,0.0027009586858761253,0,0.022559170126146,0.23405535128300212
1.0,0.5,2.0,2.0,0.0025,0.005,3.5,700,cond_mean,198,0.9999111808455547,1.987052881621489,0.4925041489145486,0.0019659978734353966,0,0.02030273884730314,0.23405535128300212
1.0,0.5,2.0,2.0,0.0025,0.005,5.0,1000,cond_mean,198,0.9998835603058587,2.0039150209301857,0.483341059465282,0.002233107696511467,0,0.02472414001115395,0.23405535128300212
1.0,0.5,2.0,2.0,0.0025,0.005,10.0,2000,cond_mean,198,1.0001872691123315,2.032148271843478,0.5150953806623817,0.0022784938787189448,0,0.04318849911991541,0.23405535128300212
1.0,0.5,2.0,2.0,0.0025,0.005,20.0,4000,cond_mean,198,1.000220631104442,2.0254749162429557,0.5010297101288776,0.0015949863074917953,0,0.030450109180111193,0.23405535128300212
1.0,0.5,2.0,2.0,0.0025,0.005,0.5,100,cond_mean,199,0.9999425202479542,2.008290757125604,0.4955282654062551,0.0016858008865815585,0,0.013887243183433309,0.23465808327975018
1.0,0.5,2.0,2.0,0.0025,0.005,1.0,200,cond_mean,199,1.0000401012979432,2.0098898020375673,0.5005264279616599,0.0016795249863884403,0,0.014093644180233953,0.23465808327975018
1.0,0.5,2.0,2.0,0.0025,0.005,2.0,400,cond_mean,199,1.0003131422728904,2.014546174247242,0.5106584340565126,0.002108766429990707,0,0.02381641446498784,0.23465808327975018
1.0,0.5,2.0,2.0,0.0025,0.005,3.5,700,cond_mean,199,0.9997824302311938,2.0180627317608657,0.4950285879814574,0.0012675819545583905,0,0.022672252718080807,0.23465808327975018
1.0,0.5,2.0,2.0,0.0025,0.005,5.0,1000,cond_mean,199,0.9999990454970153,2.0101802461797242,0.4949885641619258,0.0018561016849674425,0,0.016272000761370364,0.23465808327975018
1.0,0.5,2.0,2.0,0.0025,0.005,10.0,2000,cond_mean,199,0.9997500378598405,2.001651103471438,0.49327409665666405,0.0023912646841909033,0,0.014525271069418266,0.23465808327975018
1.0,0.5,2.0,2.0,0.0025,0.005,20.0,4000,cond_mean,199,1.0001223762061027,2.0025618436583517,0.5033595526284892,0.0018164231824586835,0,0.010266459919211072,0.23465808327975018
1.0,0.5,2.0,2.0,0.0025,0.005,0.5,100,cond_mean,200,0.9998708107861827,1.9965494628635008,0.5011940281811376,0.0013173926325993908,0,0.00783133322593227,0.23572341672011785
1.0,0.5,2.0,2.0,0.0025,0.005,1.0,200,cond_mean,200,0.9998311601176381,1.9888320817892942,0.49874601602821295,0.002038579477582858,0,0.016381808594232404,0.23572341672011785
1.0,0.5,2.0,2.0,0.0025,0.005,2.0,400,cond_mean,200,0.9998597317420036,1.9997599846873115,0.4984929100481815,0.002244427664274937,0,0.011155246480567852,0.23572341672011785
1.0,0.5,2.0,2.0,0.0025,0.005,3.5,700,cond_mean,200,0.999855646694909,2.01319085189103,0.5017140911455787,0.001465964047518822,0,0.01704026909327699,0.23572341672011785
1.0,0.5,2.0,2.0,0.0025,0.005,5.0,1000,cond_mean,200,0.9998004009361176,2.0013120166133267,0.5080782806804391,0.0020621954472927473,0,0.01501822091564376,0.23572341672011785
1.0,0.5,2.0,2.0,0.0025,0.005,10.0,2000,cond_mean,200,0.9999313715457752,1.9924060288194057,0.49411333740914015,0.0016695890032865771,0,0.014249194475378776,0.23572341672011785
1.0,0.5,2.0,2.0,0.0025,0.005,20.0,4000,cond_mean,200,0.999985210858787,2.015165129387295,0.5031106000801431,0.002488019110890615,0,0.021710274323440006,0.23572341672011785
1.0,0.5,2.0,2.0,0.0025,0.005,0.5,100,cond_mean,201,1.000058354515677,1.9951589564289993,0.5040144638222548,0.002333371344883851,0,0.01372470592756368,0.23604211914685688
1.0,0.5,2.0,2.0,0.0025,0.005,1.0,200,cond_mean,201,0.9998853535266984,2.0018033535083726,0.49993704356882784,0.002085123206128015,0,0.010451430968508398,0.23604211914685688
1.0,0.5,2.0,2.0,0.0025,0.005,2.0,400,cond_mean,201,0.9997408723700106,2.0039080187772615,0.4856735687153611,0.0020936961874539585,0,0.021477683223444052,0.23604211914685688
1.0,0.5,2.0,2.0,0.0025,0.005,3.5,700,cond_mean,201,1.0001393727709922,2.011241589723463,0.49395804574489766,0.002023224041324053,0,0.018307944761430058,0.23604211914685688
1.0,0.5,2.0,2.0,0.0025,0.005,5.0,1000,cond_mean,201,0.9998425866576038,2.010037634425981,0.49155295705204094,0.0022846505321991338,0,0.019395293791220316,0.23604211914685688
1.0,0.5,2.0,2.0,0.0025,0.005,10.0,2000,cond_mean,201,0.9999542804480628,1.9916838361179476,0.49629401569453746,0.0019359065683475243,0,0.014320392799393332,0.23604211914685688
1.0,0.5,2.0,2.0,0.0025,0.005,20.0,4000,cond_mean,201,0.9998679166613736,2.0066136563514907,0.5040400721046944,0.002294833395316667,0,0.01468874760008106,0.23604211914685688
1.0,0.5,2.0,2.0,0.0025,0.005,0.5,100,cond_mean,202,0.9998417661793689,1.9955543905963267,0.4961889840774243,0.0023693749056541633,0,0.013552766745998179,0.2316426964243874
1.0,0.5,2.0,2.0,0.0025,0.005,1.0,200,cond_mean,202,0.9999526390697665,1.9786575717355277,0.5016624734597325,0.002202094507875785,0,0.02700157730804199,0.2316426964243874
1.0,0.5,2.0,2.0,0.0025,0.005,2.0,400,cond_mean,202,0.9999211289432752,1.9747187561984598,0.5040393604812026,0.0017052853016910996,0,0.030816416807132173,0.2316426964243874
1.0,0.5,2.0,2.0,0.0025,0.005,3.5,700,cond_mean,202,1.0002570556673394,1.982015279026195,0.5100105607367654,0.001702573450923122,0,0.025636894848260133,0.2316426964243874
1.0,0.5,2.0,2.0,0.0025,0.005,5.0,1000,cond_mean,202,1.0001830341111435,2.0082209617149016,0.5097848694982712,0.001286200114016377,0,0.01682149474782872,0.2316426964243874
1.0,0.5,2.0,2.0,0.0025,0.005,10.0,2000,cond_mean,202,0.9994518127209177,1.9977043114022768,0.497393258577447,0.0025918644130401122,0,0.013400412138564265,0.2316426964243874
1.0,0.5,2.0,2.0,0.0025,0.005,20.0,4000,cond_mean,202,0.9996519969356552,2.0523031291732794,0.5017965216706372,0.002592037319928984,0,0.061767604259423035,0.2316426964243874
1.0,0.5,2.0,2.0,0.0025,0.005,0.5,100,cond_mean,203,1.0001175902911035,2.0076647702344093,0.49871550369011014,0.002252513036193607,0,0.014308997237566581,0.24727457141437167
1.0,0.5,2.0,2.0,0.0025,0.005,1.0,200,cond_mean,203,1.0000396068354298,2.0153589252002186,0.50032824539361,0.002292540086756196,0,0.02099660412796657,0.24727457141437167
1.0,0.5,2.0,2.0,0.0025,0.005,2.0,400,cond_mean,203,1.000375353542422,2.021788077998782,0.504072983732998,0.002241742597327718,0,0.027808666850931103,0.24727457141437167
1.0,0.5,2.0,2.0,0.0025,0.005,3.5,700,cond_mean,203,1.000276126722985,2.040978934483065,0.5062291950346091,0.0021750243927218297,0,0.04893975201824245,0.24727457141437167
1.0,0.5,2.0,2.0,0.0025,0.005,5.0,1000,cond_mean,203,1.0002583289780476,2.025908740478638,0.5041535643864785,0.002048981278766831,0,0.03187213458352448,0.24727457141437167
1.0,0.5,2.0,2.0,0.0025,0.005,10.0,2000,cond_mean,203,0.9999740348204676,2.0056414724375027,0.509748639192769,0.0025071825219681754,0,0.018830381535923386,0.24727457141437167
1.0,0.5,2.0,2.0,0.0025,0.005,20.0,4000,cond_mean,203,1.0000600532161033,2.0285615947564613,0.4948487551636388,0.001511255835978524,0,0.034585592499195086,0.24727457141437167
1.0,0.5,2.0,2.0,0.0025,0.005,0.5,100,cond_mean,204,1.0000474552964342,2.0085158391347293,0.5030083396710017,0.0011425205396635879,0,0.011940150282527354,0.23189340471955283
1.0,0.5,2.0,2.0,0.0025,0.005,1.0,200,cond_mean,204,1.0000084660250825,2.002526461787712,0.5049261868662959,0.0017168399047851667,0,0.010978038556481367,0.23189340471955283
1.0,0.5,2.0,2.0,0.0025,0.005,2.0,400,cond_mean,204,1.0003019665720492,2.001064041958211,0.5118476462812241,0.0021428065527384728,0,0.018265215679927945,0.23189340471955283
1.0,0.5,2.0,2.0,0.0025,0.005,3.5,700,cond_mean,204,0.9999993567278332,2.006385178675149,0.5016012103204206,0.0023893554197324785,0,0.014010556629037682,0.23189340471955283
1.0,0.5,2.0,2.0,0.0025,0.005,5.0,1000,cond_mean,204,1.0000992165880136,2.0254945339910844,0.5015328441639955,0.0016444708497257313,0,0.030562487252273528,0.23189340471955283
1.0,0.5,2.0,2.0,0.0025,0.005,10.0,2000,cond_mean,204,1.0000851754547084,2.0125882204293797,0.5087781551128981,0.0014763025984525224,0,0.019708030126036197,0.23189340471955283
1.0,0.5,2.0,2.0,0.0025,0.005,20.0,4000,cond_mean,204,0.9998375329827773,2.0365602266047005,0.49419591523209166,0.0016593039685448075,0,0.04370466126924856,0.23189340471955283
1.0,0.5,2.0,2.0,0.0025,0.005,0.5,100,cond_mean,205,0.9998092699846255,1.9960681540545162,0.4968757819356736,0.0018277751805705449,0,0.010729806042796821,0.23425590471431082
1.0,0.5,2.0,2.0,0.0025,0.005,1.0,200,cond_mean,205,0.9996625796373427,1.9842334346419286,0.49359054217710385,0.0022395422597742986,0,0.02267587060738411,0.23425590471431082
1.0,0.5,2.0,2.0,0.0025,0.005,2.0,400,cond_mean,205,1.0000251654436614,1.9878999905447519,0.497523795346094,0.001441540898513172,0,0.016019563737996907,0.23425590471431082
1.0,0.5,2.0,2.0,0.0025,0.005,3.5,700,cond_mean,205,1.0001445160679097,1.9910970816459135,0.5046456521798349,0.002897168479316382,0,0.018491980643583154,0.23425590471431082
1.0,0.5,2.0,2.0,0.0025,0.005,5.0,1000,cond_mean,205,1.000048785513128,2.01008534843075,0.498052119490978,0.0017619843738141071,0,0.014755627812354621,0.23425590471431082
1.0,0.5,2.0,2.0,0.0025,0.005,10.0,2000,cond_mean,205,0.9998931884931856,1.9980070115883064,0.4930410532848984,0.0019168970192163092,0,0.013183386725118644,0.23425590471431082
1.0,0.5,2.0,2.0,0.0025,0.005,20.0,4000,cond_mean,205,1.0005397361358443,2.0037981223350187,0.5097187494048608,0.00365462151016305,0,0.02190567078426969,0.23425590471431082
1.0,0.5,2.0,2.0,0.0025,0.005,0.5,100,cond_mean,206,1.0000294432573813,2.0056879467557507,0.5065203119165729,0.0010441223405768033,0,0.011862207878862474,0.23327436299795018
1.0,0.5,2.0,2.0,0.0025,0.005,1.0,200,cond_mean,206,0.9998117333268819,1.9934572373691262,0.5065726394415423,0.0021602250517986504,0,0.015843729343048823,0.23327436299795018
1.0,0.5,2.0,2.0,0.0025,0.005,2.0,400,cond_mean,206,0.9997904069930356,1.9902233648797674,0.5029057097957407,0.002046408046291578,0,0.015717645088819693,0.23327436299795018
1.0,0.5,2.0,2.0,0.0025,0.005,3.5,700,cond_mean,206,1.000025204399283,1.9748768803395198,0.5023199968670294,0.0018006348901528203,0,0.03042492462149121,0.23327436299795018
1.0,0.5,2.0,2.0,0.0025,0.005,5.0,1000,cond_mean,206,1.000284250514092,1.986718320800513,0.4985464192881749,0.0019385539472528367,0,0.01826666430930446,0.23327436299795018
1.0,0.5,2.0,2.0,0.0025,0.005,10.0,2000,cond_mean,206,1.000099616530897,1.9965275961600693,0.49521156943451056,0.0015106755140695115,0,0.01066539051816965,0.23327436299795018
1.0,0.5,2.0,2.0,0.0025,0.005,20.0,4000,cond_mean,206,1.0000630155689498,1.9641870891731252,0.5003458386849482,0.0021394765755170706,0,0.04266096883313136,0.23327436299795018
1.0,0.5,2.0,2.0,0.0025,0.005,0.5,100,cond_mean,207,1.0001324313872018,2.0077593907492366,0.5027720084737807,0.0023021993251434855,0,0.014810909068493014,0.23232283343427948
1.0,0.5,2.0,2.0,0.0025,0.005,1.0,200,cond_mean,207,1.0003117807904502,2.0133424634129287,0.5066363946288263,0.003394615991123577,0,0.024136021100219056,0.23232283343427948
1.0,0.5,2.0,2.0,0.0025,0.005,2.0,400,cond_mean,207,0.9998436479951048,1.9952659584515298,0.5008222234455574,0.0017452822381520692,0,0.010275630797274884,0.23232283343427948
1.0,0.5,2.0,2.0,0.0025,0.005,3.5,700,cond_mean,207,1.0000123440739617,1.9864975495075627,0.5076723828887659,0.0021920114100888945,0,0.021435838553628513,0.23232283343427948
1.0,0.5,2.0,2.0,0.0025,0.005,5.0,1000,cond_mean,207,0.9999274424294142,1.9755049512534693,0.4982437382103361,0.0017602499861740155,0,0.0296659712805313,0.23232283343427948
1.0,0.5,2.0,2.0,0.0025,0.005,10.0,2000,cond_mean,207,1.0004616351021722,2.010770638568301,0.5087798546100465,0.002645363924720254,0,0.02091621393298251,0.23232283343427948
1.0,0.5,2.0,2.0,0.0025,0.005,20.0,4000,cond_mean,207,0.9999105075750774,2.0104699034112627,0.4955934105178143,0.0021763179543935773,0,0.017112453579327908,0.23232283343427948
1.0,0.5,2.0,2.0,0.0025,0.005,0.5,100,cond_mean,208,0.9999502764245063,1.9985782394411387,0.49806685947682283,0.0016019677610193412,0,0.008390672092043144,0.23268745227583817
1.0,0.5,2.0,2.0,0.0025,0.005,1.0,200,cond_mean,208,0.999584532460184,2.0156846622450386,0.48833006307253696,0.0031658298739772224,0,0.02789802250835748,0.23268745227583817
1.0,0.5,2.0,2.0,0.0025,0.005,2.0,400,cond_mean,208,0.9996490869727511,2.0216865994133877,0.4961419527040405,0.0020650621651635546,0,0.027434428702234347,0.23268745227583817
1.0,0.5,2.0,2.0,0.0025,0.005,3.5,700,cond_mean,208,0.9995931329741514,2.022987702102208,0.49970884521869746,0.0030160483029501666,0,0.030458559275978313,0.23268745227583817
1.0,0.5,2.0,2.0,0.0025,0.005,5.0,1000,cond_mean,208,1.0003461040638704,2.0241362653041395,0.5052761257263848,0.0040079687137027625,0,0.03454764170595018,0.23268745227583817
1.0,0.5,2.0,2.0,0.0025,0.005,10.0,2000,cond_mean,208,1.0001742550199424,2.0509943917411797,0.4989994396169287,0.002570751972919262,0,0.06027924952678302,0.23268745227583817
1.0,0.5,2.0,2.0,0.0025,0.005,20.0,4000,cond_mean,208,0.9998030646093228,2.0420430952157678,0.4848712100301593,0.001583479040684974,0,0.053170511303292756,0.23268745227583817
1.0,0.5,2.0,2.0,0.0025,0.005,0.5,100,cond_mean,209,0.9997684437126357,2.0106964047583062,0.49648562185763007,0.0017734485709825403,0,0.0157037550540625,0.23383241655704165
1.0,0.5,2.0,2.0,0.0025,0.005,1.0,200,cond_mean,209,1.0001669799934991,2.0125775559003363,0.5089050257641609,0.0017385851064294303,0,0.020238231386706055,0.23383241655704165
1.0,0.5,2.0,2.0,0.0025,0.005,2.0,400,cond_mean,209,1.000175872544133,2.024273950056967,0.5057141495322154,0.0016418955136549974,0,0.029978480491490198,0.23383241655704165
1.0,0.5,2.0,2.0,0.0025,0.005,3.5,700,cond_mean,209,1.0000903087138175,2.0123675448180443,0.5091608457981603,0.001544173565548172,0,0.01991907026575641,0.23383241655704165
1.0,0.5,2.0,2.0,0.0025,0.005,5.0,1000,cond_mean,209,0.9998150475921135,2.0160840684774923,0.4962198034198599,0.0019290291228942088,0,0.021389027769804517,0.23383241655704165
1.0,0.5,2.0,2.0,0.0025,0.005,10.0,2000,cond_mean,209,1.0000158076073158,2.021278337815968,0.49336890538177436,0.0017251755957563126,0,0.027521045754826685,0.23383241655704165
1.0,0.5,2.0,2.0,0.0025,0.005,20.0,4000,cond_mean,209,1.0002686969176373,2.0378331550190354,0.5117772900615885,0.0016078835548944768,0,0.046526895955317484,0.23383241655704165
1.0,0.5,2.0,2.0,0.0025,0.005,0.5,100,cond_mean,210,1.0000533106015919,1.9970500014235686,0.5024990242874584,0.0013484085421736926,0,0.008079721817425885,0.23344919642633094
1.0,0.5,2.0,2.0,0.0025,0.005,1.0,200,cond_mean,210,1.000019183870925,1.9961226853203273,0.49728721152308447,0.0020404253676875638,0,0.011537835471033054,0.23344919642633094
1.0,0.5,2.0,2.0,0.0025,0.005,2.0,400,cond_mean,210,0.9998015718758111,1.9938825741324135,0.5005217886560213,0.0013568397062073809,0,0.009808012895280927,0.23344919642633094
1.0,0.5,2.0,2.0,0.0025,0.005,3.5,700,cond_mean,210,0.9999466757258584,1.9690363950013294,0.5081285274461081,0.0011474339589983302,0,0.03762139989288285,0.23344919642633094
1.0,0.5,2.0,2.0,0.0025,0.005,5.0,1000,cond_mean,210,0.9999192886371238,1.9818206414741606,0.5044023651781377,0.0020371791158141604,0,0.023916010452078713,0.23344919642633094
1.0,0.5,2.0,2.0,0.0025,0.005,10.0,2000,cond_mean,210,1.000278114473889,1.9344202890768318,0.5077917188314789,0.0020294618108248033,0,0.0767436811478974,0.23344919642633094
1.0,0.5,2.0,2.0,0.0025,0.005,20.0,4000,cond_mean,210,1.0002339917702485,1.9292845172805355,0.512965794101355,0.0023003136277302957,0,0.08346985715667424,0.23344919642633094
1.0,0.5,2.0,2.0,0.0025,0.005,0.5,100,cond_mean,211,1.0000391162679596,2.00022996664505,0.4987495610808393,0.00176274322767906,0,0.008823377377266463,0.2340405952917146
1.0,0.5,2.0,2.0,0.0025,0.005,1.0,200,cond_mean,211,0.9997400678504914,2.006772451524471,0.4890862060649914,0.0019700767629481776,0,0.01861926873539077,0.2340405952917146
1.0,0.5,2.0,2.0,0.0025,0.005,2.0,400,cond_mean,211,0.9998803678745242,1.9994177007213154,0.4938317681663386,0.0025235091578968004,0,0.01468014410050995,0.2340405952917146
1.0,0.5,2.0,2.0,0.0025,0.005,3.5,700,cond_mean,211,0.9996903973852656,1.9872628192364077,0.48471817728120364,0.0019185274606507425,0,0.02619251991871581,0.2340405952917146
1.0,0.5,2.0,2.0,0.0025,0.005,5.0,1000,cond_mean,211,0.999829901451944,1.9759169087614934,0.49607434059939964,0.0018087451594991952,0,0.029611174794998897,0.2340405952917146
1.0,0.5,2.0,2.0,0.0025,0.005,10.0,2000,cond_mean,211,0.9999345743570144,1.95129542592199,0.49928822985990673,0.0022916561021689014,0,0.05736834772880421,0.2340405952917146
1.0,0.5,2.0,2.0,0.0025,0.005,20.0,4000,cond_mean,211,1.000096693519514,1.9739438936930596,0.5000784244749015,0.0022985056378729456,0,0.03213942211614799,0.2340405952917146
1.0,0.5,2.0,2.0,0.0025,0.005,0.5,100,cond_mean,212,1.000236853037763,2.008545029250649,0.5051254754604152,0.0027333146865963455,0,0.01775005783015963,0.23471892255890583
1.0,0.5,2.0,2.0,0.0025,0.005,1.0,200,cond_mean,212,0.9995866308898456,2.0158632824455553,0.4978235773551669,0.0018191425063449884,0,0.020576933303807336,0.23471892255890583
1.0,0.5,2.0,2.0,0.0025,0.005,2.0,400,cond_mean,212,0.9998081871401009,2.018058469408558,0.508329438368269,0.002249195787178112,0,0.026037298186915397,0.23471892255890583
1.0,0.5,2.0,2.0,0.0025,0.005,3.5,700,cond_mean,212,0.9996507572105318,2.0189020118652237,0.5074075700630302,0.0017609440868146403,0,0.025646592015527738,0.23471892255890583
1.0,0.5,2.0,2.0,0.0025,0.005,5.0,1000,cond_mean,212,0.9998379449369599,2.0261514659769366,0.49375503166035306,0.002322323832689036,0,0.03330059902288605,0.23471892255890583
1.0,0.5,2.0,2.0,0.0025,0.005,10.0,2000,cond_mean,212,0.9999891713959814,2.0233073262426093,0.5118615460121069,0.0014581051655575994,0,0.03169357494731545,0.23471892255890583
1.0,0.5,2.0,2.0,0.0025,0.005,20.0,4000,cond_mean,212,0.9998223480885708,1.9739690706276447,0.4999760768204506,0.002273983912608578,0,0.03207694579853297,0.23471892255890583
1.0,0.5,2.0,2.0,0.0025,0.005,0.5,100,cond_mean,213,0.9999622793029835,1.9882845504877442,0.5026455567300444,0.0016767829905869386,0,0.01621652055506496,0.2332414821555306
1.0,0.5,2.0,2.0,0.0025,0.005,1.0,200,cond_mean,213,0.9999767965048435,1.9924539994474122,0.5054375718152542,0.0016245833643784686,0,0.013784426501969035,0.2332414821555306
1.0,0.5,2.0,2.0,0.0025,0.005,2.0,400,cond_mean,213,1.0001620309134212,2.006169928140429,0.5041310680192069,0.002043075451625479,0,0.013319133640869762,0.2332414821555306
1.0,0.5,2.0,2.0,0.0025,0.005,3.5,700,cond_mean,213,1.0005111261059754,2.005537679271201,0.5004705240556008,0.0021604833239235594,0,0.012592231084210762,0.2332414821555306
1.0,0.5,2.0,2.0,0.0025,0.005,5.0,1000,cond_mean,213,0.999733086688028,2.024728190745792,0.4916087051310242,0.0022244329910015683,0,0.0324620088632953,0.2332414821555306
1.0,0.5,2.0,2.0,0.0025,0.005,10.0,2000,cond_mean,213,0.9999653986223065,2.003050708143453,0.49822416382398194,0.0016408416558711567,0,0.009071643795412815,0.2332414821555306
1.0,0.5,2.0,2.0,0.0025,0.005,20.0,4000,cond_mean,213,0.999808524013033,1.9751181568240839,0.5017148196875784,0.0017446463447555413,0,0.030074190305196195,0.2332414821555306
1.0,0.5,2.0,2.0,0.0025,0.005,0.5,100,cond_mean,214,0.9998664194338922,2.002841909409712,0.49788786864654283,0.002010747447816759,0,0.010700344397318798,0.2354749107034877
1.0,0.5,2.0,2.0,0.0025,0.005,1.0,200,cond_mean,214,0.9998823426257626,1.99292126347452,0.4985264889413306,0.0015827964301489384,0,0.01141923840603704,0.2354749107034877
1.0,0.5,2.0,2.0,0.0025,0.005,2.0,400,cond_mean,214,0.999769065606495,1.9972453266017705,0.49080797994515074,0.0028175780549342683,0,0.018365088788478933,0.2354749107034877
1.0,0.5,2.0,2.0,0.0025,0.005,3.5,700,cond_mean,214,1.0000536730233944,1.9837330115576948,0.5025163694971053,0.0019009457778677292,0,0.021178101894589026,0.2354749107034877
1.0,0.5,2.0,2.0,0.0025,0.005,5.0,1000,cond_mean,214,0.9998694763045629,1.9723574883345145,0.4950415531615752,0.0026802843661082537,0,0.03519996294785225,0.2354749107034877
1.0,0.5,2.0,2.0,0.0025,0.005,10.0,2000,cond_mean,214,1.0002329802171035,1.9567273792622792,0.5072389868507312,0.002166175255764642,0,0.05173631199852478,0.2354749107034877
1.0,0.5,2.0,2.0,0.0025,0.005,20.0,4000,cond_mean,214,1.0004948827735254,1.974970178832777,0.5152730041104618,0.0025856231298411864,0,0.03657660637825841,0.2354749107034877
1.0,0.5,2.0,2.0,0.0025,0.005,0.5,100,cond_mean,215,1.0000242042020742,1.998337823940745,0.5032264365217703,0.0013753718126883585,0,0.008159705052461864,0.23465241072699428
1.0,0.5,2.0,2.0,0.0025,0.005,1.0,200,cond_mean,215,1.000256135105645,2.00061425821927,0.5034344919978366,0.0021192491644939546,0,0.011203960671035053,0.23465241072699428
1.0,0.5,2.0,2.0,0.0025,0.005,2.0,400,cond_mean,215,1.0001922692974394,2.0043787389349794,0.5018970516732212,0.0024244430829446885,0,0.013116768451315087,0.23465241072699428
1.0,0.5,2.0,2.0,0.0025,0.005,3.5,700,cond_mean,215,1.0000968306448241,1.9926578876887047,0.5100860841013454,0.0018987229371772445,0,0.01802259191627824,0.23465241072699428
1.0,0.5,2.0,2.0,0.0025,0.005,5.0,1000,cond_mean,215,0.9996469006094839,1.9844207380694951,0.5075955349513291,0.0023441345367654983,0,0.02385831875135845,0.23465241072699428
1.0,0.5,2.0,2.0,0.0025,0.005,10.0,2000,cond_mean,215,0.9999569205563559,1.9713676883238653,0.5003230301409765,0.0013223793389129583,0,0.033693177290850064,0.23465241072699428
1.0,0.5,2.0,2.0,0.0025,0.005,20.0,4000,cond_mean,215,0.9998905058315546,1.9606800379904892,0.502294335896875,0.0023187435101698277,0,0.046846525183169285,0.23465241072699428
1.0,0.5,2.0,2.0,0.0025,0.005,0.5,100,cond_mean,216,1.000302785624472,1.9981749241788316,0.5025932896318327,0.0016375158586328642,0,0.008851371898930253,0.23282538099946187
1.0,0.5,2.0,2.0,0.0025,0.005,1.0,200,cond_mean,216,0.9999356183951688,2.0038468179751043,0.4964810103114742,0.002533493969645117,0,0.013938447561326516,0.23282538099946187
1.0,0.5,2.0,2.0,0.0025,0.005,2.0,400,cond_mean,216,0.9998374094123041,1.9870598846117162,0.5027854783519037,0.0025145531701778264,0,0.01978730880770861,0.23282538099946187
1.0,0.5,2.0,2.0,0.0025,0.005,3.5,700,cond_mean,216,0.9998821192085928,1.9884654196674998,0.5049854161742481,0.001823930826586803,0,0.01739298662220749,0.23282538099946187
1.0,0.5,2.0,2.0,0.0025,0.005,5.0,1000,cond_mean,216,1.0000147280080445,1.995646699117387,0.5019226735440582,0.0020156186117915656,0,0.011358830923672835,0.23282538099946187
1.0,0.5,2.0,2.0,0.0025,0.005,10.0,2000,cond_mean,216,1.0000525913572091,1.9804836426431252,0.4980922956174104,0.00206154402832163,0,0.024845155052750045,0.23282538099946187
1.0,0.5,2.0,2.0,0.0025,0.005,20.0,4000,cond_mean,216,0.9997315396963291,1.9453539009332006,0.49178675331563404,0.0021483237170679004,0,0.06497248237663576,0.23282538099946187
1.0,0.5,2.0,2.0,0.0025,0.005,0.5,100,cond_mean,217,1.000100161684274,1.9954694810012064,0.508118819023025,0.0027714072382316367,0,0.01791273384715694,0.25669111900164615
1.0,0.5,2.0,2.0,0.0025,0.005,1.0,200,cond_mean,217,1.0000109164605493,1.9875935893625238,0.5079831128747211,0.002038420928766706,0,0.020319909392623844,0.25669111900164615
1.0,0.5,2.0,2.0,0.0025,0.005,2.0,400,cond_mean,217,1.0000946096033387,1.9826890095353744,0.4974604603843795,0.0017634533850494998,0,0.02209288179269848,0.25669111900164615
1.0,0.5,2.0,2.0,0.0025,0.005,3.5,700,cond_mean,217,0.9999126501356311,1.967637389709183,0.5020265320667255,0.0019854617634399233,0,0.038706305339146346,0.25669111900164615
1.0,0.5,2.0,2.0,0.0025,0.005,5.0,1000,cond_mean,217,1.0000207211567187,1.9688340293033224,0.5011482762592211,0.0020385118731773445,0,0.03735825637779687,0.25669111900164615
1.0,0.5,2.0,2.0,0.0025,0.005,10.0,2000,cond_mean,217,1.0001077984844349,1.9338936615587363,0.5095545992382701,0.0016817522919395805,0,0.07744685241791789,0.25669111900164615
1.0,0.5,2.0,2.0,0.0025,0.005,20.0,4000,cond_mean,217,1.0001496835746397,1.861890654721221,0.5010427281001876,0.0033242722258366884,0,0.16005997828187896,0.25669111900164615
1.0,0.5,2.0,2.0,0.0025,0.005,0.5,100,cond_mean,218,0.9999397624732653,1.9886991101504228,0.498676931540916,0.002153351374062838,0,0.016867030656011698,0.23167943457208043
1.0,0.5,2.0,2.0,0.0025,0.005,1.0,200,cond_mean,218,1.0000168902547608,1.982186916911831,0.4977099494827626,0.002138598856006607,0,0.02328627469656287,0.23167943457208043
1.0,0.5,2.0,2.0,0.0025,0.005,2.0,400,cond_mean,218,0.9999673210442855,1.9984262622948585,0.5024550065643121,0.0016666608232250347,0,0.009000247316474906,0.23167943457208043
1.0,0.5,2.0,2.0,0.0025,0.005,3.5,700,cond_mean,218,0.9999193045425508,1.985470274002141,0.5139853511927709,0.002392489836010583,0,0.027517863107567455,0.23167943457208043
1.0,0.5,2.0,2.0,0.0025,0.005,5.0,1000,cond_mean,218,0.9996352901791941,1.9830735354328113,0.49096808487275806,0.002364482317558126,0,0.02533785037562655,0.23167943457208043
1.0,0.5,2.0,2.0,0.0025,0.005,10.0,2000,cond_mean,218,1.0002950305605867,1.9937352470538214,0.5023626119217265,0.002166301041283073,0,0.013142264348691335,0.23167943457208043
1.0,0.5,2.0,2.0,0.0025,0.005,20.0,4000,cond_mean,218,1.0001128665455083,2.005946419462796,0.5054718551849788,0.0018568075038535984,0,0.013314231649200375,0.23167943457208043
1.0,0.5,2.0,2.0,0.0025,0.005,0.5,100,cond_mean,219,1.000079985048478,1.9944387716074319,0.5020408965062327,0.00219650033819593,0,0.012796809107460987,0.23444673214440367
1.0,0.5,2.0,2.0,0.0025,0.005,1.0,200,cond_mean,219,0.9999588345757805,1.998895218189047,0.5000710786248984,0.0018270497784865735,0,0.009056030648036215,0.23444673214440367
1.0,0.5,2.0,2.0,0.0025,0.005,2.0,400,cond_mean,219,1.000269504599411,2.0031913578983973,0.510018405905147,0.0015918310042883663,0,0.01526522085456423,0.23444673214440367
1.0,0.5,2.0,2.0,0.0025,0.005,3.5,700,cond_mean,219,0.9999690914524416,1.9995954389862514,0.488934522635418,0.0023407058397533266,0,0.01851695188311127,0.23444673214440367
1.0,0.5,2.0,2.0,0.0025,0.005,5.0,1000,cond_mean,219,0.9999776249342776,1.992818844406918,0.48945506986137255,0.00231499304291379,0,0.019804657158946297,0.23444673214440367
1.0,0.5,2.0,2.0,0.0025,0.005,10.0,2000,cond_mean,219,0.9994777720356317,1.9711658160644798,0.49125458323765037,0.002413355360228066,0,0.03706350701401555,0.23444673214440367
1.0,0.5,2.0,2.0,0.0025,0.005,20.0,4000,cond_mean,219,0.9997833786917283,1.954184935097073,0.5036626723828516,0.002203202701401892,0,0.054172719889017576,0.23444673214440367
1.0,0.5,2.0,2.0,0.0025,0.005,0.5,100,cond_mean,220,1.0000577331430218,1.9990740375352476,0.5031102088433418,0.0017298977557078485,0,0.00942384037641066,0.23289355958279753
1.0,0.5,2.0,2.0,0.0025,0.005,1.0,200,cond_mean,220,1.0000103377911327,1.995091994545812,0.4989132339755008,0.0022184370109121533,0,0.012353298805230716,0.23289355958279753
1.0,0.5,2.0,2.0,0.0025,0.005,2.0,400,cond_mean,220,1.0000821842378937,2.0126556841160785,0.5004870020434643,0.0014537372894436794,0,0.016271587759616502,0.23289355958279753
1.0,0.5,2.0,2.0,0.0025,0.005,3.5,700,cond_mean,220,0.999891944124418,2.0216071261298736,0.4869215865879628,0.0016332411841060376,0,0.03140948611020169,0.23289355958279753
1.0,0.5,2.0,2.0,0.0025,0.005,5.0,1000,cond_mean,220,0.9999564633218379,2.0270412492266074,0.492924266537404,0.0020889428323801504,0,0.03426382476183737,0.23289355958279753
1.0,0.5,2.0,2.0,0.0025,0.005,10.0,2000,cond_mean,220,1.0005807046162387,2.0151480318331845,0.49630544238428437,0.00219234251922954,0,0.021599619104114398,0.23289355958279753
1.0,0.5,2.0,2.0,0.0025,0.005,20.0,4000,cond_mean,220,1.0000343430519163,2.0315076452587864,0.49824162160895413,0.002632082636632126,0,0.03867974705066367,0.23289355958279753
1.0,0.5,2.0,2.0,0.0025,0.005,0.5,100,cond_mean,221,1.0000554725035697,1.9835075379489469,0.49657243981416643,0.0019999422463475615,0,0.02196897673430068,0.23327694058285228
1.0,0.5,2.0,2.0,0.0025,0.005,1.0,200,cond_mean,221,1.0000068589441218,1.977441842853516,0.4964881560147706,0.0014941268211545273,0,0.027504225973761322,0.23327694058285228
1.0,0.5,2.0,2.0,0.0025,0.005,2.0,400,cond_mean,221,1.0003959530980155,1.9684256654145542,0.5020714655336992,0.0021492641890669436,0,0.03800017853108316,0.23327694058285228
1.0,0.5,2.0,2.0,0.0025,0.005,3.5,700,cond_mean,221,1.000047762929735,1.9789899532998108,0.5010915489247192,0.002197671985054602,0,0.02657720262467204,0.23327694058285228
1.0,0.5,2.0,2.0,0.0025,0.005,5.0,1000,cond_mean,221,0.9998902471024714,1.9745761911876596,0.5011070540086847,0.0021886418053543933,0,0.0312835569064278,0.23327694058285228
1.0,0.5,2.0,2.0,0.0025,0.005,10.0,2000,cond_mean,221,0.9996949394661245,1.9580076323596902,0.5049807298430132,0.0031406169667906308,0,0.05132699243237249,0.23327694058285228
1.0,0.5,2.0,2.0,0.0025,0.005,20.0,4000,cond_mean,221,0.9998158773583179,1.9861935182351134,0.49178909239338076,0.0016302917196187399,0,0.02073295567884263,0.23327694058285228
1.0,0.5,2.0,2.0,0.0025,0.005,0.5,100,cond_mean,222,0.9997394053220804,2.0056264098040266,0.4931322266952564,0.0019527492359277213,0,0.014370732950971235,0.23200358342312807
1.0,0.5,2.0,2.0,0.0025,0.005,1.0,200,cond_mean,222,0.9999115137044632,2.01246841959029,0.4946440630709901,0.0012918541137138776,0,0.01718944782378482,0.23200358342312807
1.0,0.5,2.0,2.0,0.0025,0.005,2.0,400,cond_mean,222,0.9997530042572581,2.026319139139285,0.4928268047939055,0.001958344257408373,0,0.0331805785181554,0.23200358342312807
1.0,0.5,2.0,2.0,0.0025,0.005,3.5,700,cond_mean,222,1.0000842652547999,2.027533570720911,0.4907500453784633,0.0022080895136870077,0,0.0358568188061584,0.23200358342312807
1.0,0.5,2.0,2.0,0.0025,0.005,5.0,1000,cond_mean,222,1.0001328175592914,2.0228482536439896,0.4882571770198172,0.0015340530865485885,0,0.03182225795091545,0.23200358342312807
1.0,0.5,2.0,2.0,0.0025,0.005,10.0,2000,cond_mean,222,1.0000511813868926,2.0441489031202744,0.5009740065615181,0.0023115497207887433,0,0.052208560862123526,0.23200358342312807
1.0,0.5,2.0,2.0,0.0025,0.005,20.0,4000,cond_mean,222,0.9998815536824448,2.085417232657731,0.5012275129091884,0.0026734441933578107,0,0.09947862301894075,0.23200358342312807
1.0,0.5,2.0,2.0,0.0025,0.005,0.5,100,cond_mean,223,1.0000738968859186,1.9991768859599333,0.5046593298664084,0.001938096072712137,0,0.01124538614092656,0.23276635713409632
1.0,0.5,2.0,2.0,0.0025,0.005,1.0,200,cond_mean,223,1.0001556589910607,2.0009634674288863,0.5098331708806879,0.0025142355468260437,0,0.0175978295267561,0.23276635713409632
1.0,0.5,2.0,2.0,0.0025,0.005,2.0,400,cond_mean,223,1.0002746805072473,1.9913821058379384,0.5022024396280863,0.0018472994298531385,0,0.013700233919359376,0.23276635713409632
1.0,0.5,2.0,2.0,0.0025,0.005,3.5,700,cond_mean,223,0.9998877277406212,1.999662327963022,0.49982657005458697,0.0028001312069165576,0,0.01374959169929143,0.23276635713409632
1.0,0.5,2.0,2.0,0.0025,0.005,5.0,1000,cond_mean,223,0.9998832934500768,1.9717403091170882,0.493068479475889,0.0018122074424346138,0,0.035041306937447655,0.23276635713409632
1.0,0.5,2.0,2.0,0.0025,0.005,10.0,2000,cond_mean,223,0.9999743921278088,1.9649075721273308,0.5045485021239412,0.002096877126368258,0,0.042180104662394184,0.23276635713409632
1.0,0.5,2.0,2.0,0.0025,0.005,20.0,4000,cond_mean,223,1.000412110472829,1.9798542559542636,0.5100941997710681,0.0026642198869100183,0,0.029298911734927116,0.23276635713409632
1.0,0.5,2.0,2.0,0.0025,0.005,0.5,100,cond_mean,224,0.9997721411260752,2.000336757883654,0.4947702186533343,0.002349648336082312,0,0.013212100644781974,0.232374857146559
1.0,0.5,2.0,2.0,0.0025,0.005,1.0,200,cond_mean,224,0.9994509683248824,2.00064570680039,0.4929828706691552,0.00290278746906443,0,0.01651452631714306,0.232374857146559
1.0,0.5,2.0,2.0,0.0025,0.005,2.0,400,cond_mean,224,0.9998553404611932,2.013834200351287,0.49614262676846177,0.002048941166347779,0,0.019482737431177517,0.232374857146559
1.0,0.5,2.0,2.0,0.0025,0.005,3.5,700,cond_mean,224,1.0002007221529032,2.0259912413509573,0.5036688946375352,0.0023624213518920966,0,0.032455975037639834,0.232374857146559
1.0,0.5,2.0,2.0,0.0025,0.005,5.0,1000,cond_mean,224,1.0005461972617922,1.9990841098074832,0.5084933312537752,0.0023412523272858298,0,0.01544515067068287,0.232374857146559
1.0,0.5,2.0,2.0,0.0025,0.005,10.0,2000,cond_mean,224,0.9998661981570367,2.004262961845258,0.4988251703797348,0.0017380696640294576,0,0.009946171969282496,0.232374857146559
1.0,0.5,2.0,2.0,0.0025,0.005,20.0,4000,cond_mean,224,0.9996499441408143,2.0043950927610408,0.49927043263791254,0.003056610409233857,0,0.015909116308235813,0.232374857146559
1.0,0.5,2.0,2.0,0.0025,0.005,0.5,100,cond_mean,225,0.999695252009359,1.9896795157790255,0.49360511195708906,0.002738463901256116,0,0.019577354897936074,0.2337081547094775
1.0,0.5,2.0,2.0,0.0025,0.005,1.0,200,cond_mean,225,0.9997314131008124,1.992638808145397,0.49744158734209387,0.0024166872389817465,0,0.01488508036564085,0.2337081547094775
1.0,0.5,2.0,2.0,0.0025,0.005,2.0,400,cond_mean,225,0.9998699058201693,2.0007227622159554,0.5080906945055448,0.0017210414853947096,0,0.013770285861167112,0.2337081547094775
1.0,0.5,2.0,2.0,0.0025,0.005,3.5,700,cond_mean,225,1.0001576500339013,2.009187901930891,0.5114082401167102,0.002488628084181282,0,0.021747138965125357,0.2337081547094775
1.0,0.5,2.0,2.0,0.0025,0.005,5.0,1000,cond_mean,225,1.0002895046633706,2.0149187721577704,0.5142609677755403,0.00234171812604668,0,0.027416995668576843,0.2337081547094775
1.0,0.5,2.0,2.0,0.0025,0.005,10.0,2000,cond_mean,225,0.9994762275262455,1.9854264585458181,0.4898111461203493,0.0024571279624488575,0,0.02420509984305094,0.2337081547094775
1.0,0.5,2.0,2.0,0.0025,0.005,20.0,4000,cond_mean,225,0.9999408662458135,2.028925474891895,0.4942775586655752,0.001072140059102937,0,0.03470945636161007,0.2337081547094775
1.0,0.5,2.0,2.0,0.0025,0.005,0.5,100,cond_mean,226,1.0001267444235686,2.0005305451966904,0.5012818829599415,0.001497593401372729,0,0.007524886203331216,0.23294936315089995
1.0,0.5,2.0,2.0,0.0025,0.005,1.0,200,cond_mean,226,1.0000431349569467,2.010507351439445,0.5011200194645262,0.002116177677605293,0,0.016030072275247758,0.23294936315089995
1.0,0.5,2.0,2.0,0.0025,0.005,2.0,400,cond_mean,226,1.0000212464797489,2.0277042513453933,0.4970373091313521,0.0012307237456295177,0,0.03283190444814076,0.23294936315089995
1.0,0.5,2.0,2.0,0.0025,0.005,3.5,700,cond_mean,226,1.0000193744522021,2.0174762200594687,0.49757185530179326,0.0017283178429042063,0,0.022138496492521014,0.23294936315089995
1.0,0.5,2.0,2.0,0.0025,0.005,5.0,1000,cond_mean,226,0.999939345098836,2.0176044317831456,0.5028789217440789,0.0022097481158765897,0,0.023340822174410008,0.23294936315089995
1.0,0.5,2.0,2.0,0.0025,0.005,10.0,2000,cond_mean,226,1.0004920030859576,2.0586086067805742,0.5082216735177613,0.0028090995300520307,0,0.06958786418678944,0.23294936315089995
1.0,0.5,2.0,2.0,0.0025,0.005,20.0,4000,cond_mean,226,0.9996269638561398,2.0429358130285418,0.4933454427906303,0.002034005739795484,0,0.051356428139726316,0.23294936315089995
1.0,0.5,2.0,2.0,0.0025,0.005,0.5,100,cond_mean,227,1.0003171650826281,1.9997660212626442,0.5097038533150124,0.0025595290861662166,0,0.017449312774315308,0.23238389885851315
1.0,0.5,2.0,2.0,0.0025,0.005,1.0,200,cond_mean,227,0.9999458547257092,1.9931246830722575,0.5031135481904515,0.0011524058815107112,0,0.010594679053350185,0.23238389885851315
1.0,0.5,2.0,2.0,0.0025,0.005,2.0,400,cond_mean,227,0.9999701011228213,2.0020664202449425,0.49291084461892337,0.0018403065771843573,0,0.013162592597024495,0.23238389885851315
1.0,0.5,2.0,2.0,0.0025,0.005,3.5,700,cond_mean,227,1.0001702878607113,1.9945641595608992,0.4988850310040862,0.0017421740780551277,0,0.01078714708827326,0.23238389885851315
1.0,0.5,2.0,2.0,0.0025,0.005,5.0,1000,cond_mean,227,1.0004888421889784,1.971361209135902,0.5041384102433893,0.0028691063304364848,0,0.03621447777618761,0.23238389885851315
1.0,0.5,2.0,2.0,0.0025,0.005,10.0,2000,cond_mean,227,1.0001803400704863,1.9612024553661185,0.5042410066232529,0.00151890520785968,0,0.04562971501193021,0.23238389885851315
1.0,0.5,2.0,2.0,0.0025,0.005,20.0,4000,cond_mean,227,1.0000034909705569,1.9662901319041888,0.49468246608616306,0.002056689934185026,0,0.04089029943885238,0.23238389885851315
1.0,0.5,2.0,2.0,0.0025,0.005,0.5,100,cond_mean,228,0.999973919891724,1.9918084086668961,0.4977362737282036,0.0021112169364632845,0,0.014327966569863577,0.23218657743252283
1.0,0.5,2.0,2.0,0.0025,0.005,1.0,200,cond_mean,228,0.999990686406522,1.9943923215052803,0.5005941733605445,0.0013570383959706663,0,0.009319195049913527,0.23218657743252283
1.0,0.5,2.0,2.0,0.0025,0.005,2.0,400,cond_mean,228,0.9997479304552099,1.977874801878859,0.49129038625736965,0.0017582273964540586,0,0.02918825049510917,0.23218657743252283
1.0,0.5,2.0,2.0,0.0025,0.005,3.5,700,cond_mean,228,1.0002883973997443,1.9763970449169705,0.5051308290764406,0.0020076329723408225,0,0.02958362513175948,0.23218657743252283
1.0,0.5,2.0,2.0,0.0025,0.005,5.0,1000,cond_mean,228,0.9996978849580591,1.9842574085707998,0.49664474347252097,0.002105970897401351,0,0.021297319854544142,0.23218657743252283
1.0,0.5,2.0,2.0,0.0025,0.005,10.0,2000,cond_mean,228,1.0000208009724925,1.992947675473765,0.49949396982705346,0.0017189970918286717,0,0.011744348213855383,0.23218657743252283
1.0,0.5,2.0,2.0,0.0025,0.005,20.0,4000,cond_mean,228,1.0004153247979093,2.034578281707155,0.5067823482109419,0.0021196198295420623,0,0.04197805377242485,0.23218657743252283
1.0,0.5,2.0,2.0,0.0025,0.005,0.5,100,cond_mean,229,0.999974100964321,2.0066805630607107,0.5017316254001717,0.00157115840378176,0,0.011144929261072177,0.23390589285242772
1.0,0.5,2.0,2.0,0.0025,0.005,1.0,200,cond_mean,229,0.999875939277168,2.0021483575570342,0.5015702553004268,0.0020194719787972573,0,0.01048584420581278,0.23390589285242772
1.0,0.5,2.0,2.0,0.0025,0.005,2.0,400,cond_mean,229,0.9999256829144593,1.9990474661938522,0.49422632653818765,0.0015046278222323793,0,0.010540065676689183,0.23390589285242772
1.0,0.5,2.0,2.0,0.0025,0.005,3.5,700,cond_mean,229,0.9997748149882411,2.0083995959290677,0.49376503991174525,0.0019682286333566807,0,0.015731378496444116,0.23390589285242772
1.0,0.5,2.0,2.0,0.0025,0.005,5.0,1000,cond_mean,229,1.0002898929922839,1.9883595937424392,0.49985991555353115,0.0023698313617804287,0,0.017834231646958375,0.23390589285242772
1.0,0.5,2.0,2.0,0.0025,0.005,10.0,2000,cond_mean,229,1.0002875906507491,1.9941766564019976,0.5009294528040551,0.002186251481748456,0,0.012731068323016383,0.23390589285242772
1.0,0.5,2.0,2.0,0.0025,0.005,20.0,4000,cond_mean,229,1.000316487402218,1.9501394858902197,0.5052400251380936,0.0030656998976331786,0,0.0597457818208313,0.23390589285242772
1.0,0.5,2.0,2.0,0.0025,0.005,0.5,100,cond_mean,230,1.000191255421066,2.014097883900664,0.5067405275605649,0.0020328042098944196,0,0.020805365556224007,0.23395735115211988
1.0,0.5,2.0,2.0,0.0025,0.005,1.0,200,cond_mean,230,1.000005719777356,2.0256989113339166,0.5054439184541026,0.0014875629621812186,0,0.031270361910978685,0.23395735115211988
1.0,0.5,2.0,2.0,0.0025,0.005,2.0,400,cond_mean,230,0.9997724137038482,2.035245386186552,0.4976219001669458,0.002264271270208231,0,0.042331871374494026,0.23395735115211988
1.0,0.5,2.0,2.0,0.0025,0.005,3.5,700,cond_mean,230,1.0000664344064787,2.0356683354274385,0.49835160929114075,0.0014420032824578484,0,0.041883615774768755,0.23395735115211988
1.0,0.5,2.0,2.0,0.0025,0.005,5.0,1000,cond_mean,230,0.9999133486875266,2.0352173918787937,0.5029107343140934,0.0016703126485962726,0,0.04161332212855694,0.23395735115211988
1.0,0.5,2.0,2.0,0.0025,0.005,10.0,2000,cond_mean,230,1.000388716934818,2.0484750944261325,0.5076950285017109,0.0033135207363644403,0,0.05888618580354214,0.23395735115211988
1.0,0.5,2.0,2.0,0.0025,0.005,20.0,4000,cond_mean,230,1.0000669473689574,1.9838754724788403,0.4951979798551469,0.0015412198329357628,0,0.02116287733828398,0.23395735115211988
1.0,0.5,2.0,2.0,0.0025,0.005,0.5,100,cond_mean,231,0.9998585280191078,2.006662483284609,0.4968163729074934,0.0011904857883856877,0,0.010432226219069904,0.2321368988570092
1.0,0.5,2.0,2.0,0.0025,0.005,1.0,200,cond_mean,231,0.9994203079395735,2.003018717224878,0.4867040387823964,0.002150535561891591,0,0.01979468123239032,0.2321368988570092
1.0,0.5,2.0,2.0,0.0025,0.005,2.0,400,cond_mean,231,1.0000874187823536,2.000205982919626,0.5000354448664683,0.0017842628020820785,0,0.008765040035479822,0.2321368988570092
1.0,0.5,2.0,2.0,0.0025,0.005,3.5,700,cond_mean,231,1.0002065746863973,2.0098429449504343,0.4970463252327986,0.002101550286530635,0,0.01598188538821243,0.2321368988570092
1.0,0.5,2.0,2.0,0.0025,0.005,5.0,1000,cond_mean,231,0.9998776897357446,2.019980364933465,0.4885184051338933,0.0020914556158029168,0,0.029439711274744425,0.2321368988570092
1.0,0.5,2.0,2.0,0.0025,0.005,10.0,2000,cond_mean,231,1.000359514484134,2.011354353773122,0.49477716368753144,0.002241799684769979,0,0.018867565823641175,0.2321368988570092
1.0,0.5,2.0,2.0,0.0025,0.005,20.0,4000,cond_mean,231,1.0003405011386746,1.994097899017672,0.5066039143495886,0.0025389685676046837,0,0.016338830096391102,0.2321368988570092
1.0,0.5,2.0,2.0,0.0025,0.005,0.5,100,cond_mean,232,1.0001894685620267,2.002340329315085,0.5060772717515677,0.0018240326597347774,0,0.012033652017438876,0.23322452385244624
1.0,0.5,2.0,2.0,0.0025,0.005,1.0,200,cond_mean,232,0.9999460546404413,2.0011979204740133,0.5039737473129661,0.0015402413988612682,0,0.009345104027590026,0.23322452385244624
1.0,0.5,2.0,2.0,0.0025,0.005,2.0,400,cond_mean,232,0.9999879338975587,1.9948800299460292,0.5074249802457113,0.0021841582723560434,0,0.015635479663277805,0.23322452385244624
1.0,0.5,2.0,2.0,0.0025,0.005,3.5,700,cond_mean,232,0.9999023504018856,1.997972424518133,0.5037716528709952,0.00204273509376747,0,0.011505911046301949,0.23322452385244624
1.0,0.5,2.0,2.0,0.0025,0.005,5.0,1000,cond_mean,232,0.9999243123601231,1.9814754483806378,0.5030339060073913,0.0018582457589831377,0,0.02358945066022225,0.23322452385244624
1.0,0.5,2.0,2.0,0.0025,0.005,10.0,2000,cond_mean,232,1.000097723753405,1.9908294359285132,0.4997368756954188,0.00248045094912377,0,0.01614345752346719,0.23322452385244624
1.0,0.5,2.0,2.0,0.0025,0.005,20.0,4000,cond_mean,232,0.9999394724138436,1.979444150106204,0.49421510609436264,0.00210140881942681,0,0.026959624278193872,0.23322452385244624
1.0,0.5,2.0,2.0,0.0025,0.005,0.5,100,cond_mean,233,0.9999971603036986,1.9965611997535777,0.49786171112019467,0.0021744477106558904,0,0.011717630897664585,0.23361517856496253
1.0,0.5,2.0,2.0,0.0025,0.005,1.0,200,cond_mean,233,0.9999105321747472,1.996471995798783,0.4957165209440736,0.0012629866446459885,0,0.00919857740145857,0.23361517856496253
1.0,0.5,2.0,2.0,0.0025,0.005,2.0,400,cond_mean,233,0.999721858621222,2.0108188819362214,0.4892714169652847,0.0028276877945271114,0,0.02302090681797856,0.23361517856496253
1.0,0.5,2.0,2.0,0.0025,0.005,3.5,700,cond_mean,233,0.9995326870808416,1.995182677105738,0.4907625506189793,0.002827835791897723,0,0.018737995410423657,0.23361517856496253
1.0,0.5,2.0,2.0,0.0025,0.005,5.0,1000,cond_mean,233,0.9996489003915375,2.0072106425984466,0.4881716596038822,0.0019188873079792673,0,0.019486398154319507,0.23361517856496253
1.0,0.5,2.0,2.0,0.0025,0.005,10.0,2000,cond_mean,233,1.0001868434419914,1.994480240487236,0.48964679164536007,0.0012721600225087343,0,0.01669546641695067,0.23361517856496253
1.0,0.5,2.0,2.0,0.0025,0.005,20.0,4000,cond_mean,233,1.0001634135782993,2.036071133515551,0.5052456202725032,0.0023556934561710092,0,0.04355182289928519,0.23361517856496253
1.0,0.5,2.0,2.0,0.0025,0.005,0.5,100,cond_mean,234,1.0003114877259478,1.9896287299854845,0.5058945894115355,0.0019850103924375904,0,0.017024215181674702,0.23754685114337398
1.0,0.5,2.0,2.0,0.0025,0.005,1.0,200,cond_mean,234,1.0001451054619415,1.9933454624113003,0.506535596782014,0.001793818336027451,0,0.014298946976415153,0.23754685114337398
1.0,0.5,2.0,2.0,0.0025,0.005,2.0,400,cond_mean,234,1.0000592206951784,1.9863012207828896,0.49624169194242485,0.002419815185202406,0,0.020419993384148783,0.23754685114337398
1.0,0.5,2.0,2.0,0.0025,0.005,3.5,700,cond_mean,234,0.9999618726696955,1.9886285470619345,0.4954283014201352,0.001650887495708088,0,0.016556757508562815,0.23754685114337398
1.0,0.5,2.0,2.0,0.0025,0.005,5.0,1000,cond_mean,234,0.9999230806201608,1.979887149879869,0.49274279840114477,0.0015465525521409236,0,0.026229874832512625,0.23754685114337398
1.0,0.5,2.0,2.0,0.0025,0.005,10.0,2000,cond_mean,234,1.0000115329853185,1.9816655955937519,0.49693425966563387,0.0019287439058686745,0,0.023557011577067723,0.23754685114337398
1.0,0.5,2.0,2.0,0.0025,0.005,20.0,4000,cond_mean,234,1.0000573902018204,1.9854596678113474,0.4982533323073694,0.0016229007148454455,0,0.018750819221536246,0.23754685114337398
1.0,0.5,2.0,2.0,0.0025,0.005,0.5,100,cond_mean,235,0.9999301646559582,1.9987080944324982,0.49702311022961226,0.0017114411118567979,0,0.009320747546815788,0.23236688685470394
1.0,0.5,2.0,2.0,0.0025,0.005,1.0,200,cond_mean,235,1.0000776644563505,1.9937037536142057,0.49674221798101886,0.002216860997205102,0,0.013811431148881994,0.23236688685470394
1.0,0.5,2.0,2.0,0.0025,0.005,2.0,400,cond_mean,235,1.0000314879781529,2.007890492975871,0.502510174811495,0.0021114505658670177,0,0.014148727667115654,0.23236688685470394
1.0,0.5,2.0,2.0,0.0025,0.005,3.5,700,cond_mean,235,1.0000784298598944,1.992767945716845,0.5032532929066612,0.0019168656174044195,0,0.013218498474162019,0.23236688685470394
1.0,0.5,2.0,2.0,0.0025,0.005,5.0,1000,cond_mean,235,0.99999312959459,1.9891225470461618,0.5059204217008065,0.001320895778570331,0,0.01608153441657386,0.23236688685470394
1.0,0.5,2.0,2.0,0.0025,0.005,10.0,2000,cond_mean,235,1.0001576672908121,2.0055449088055357,0.4971026329552539,0.004998244493218736,0,0.025669239936178333,0.23236688685470394
1.0,0.5,2.0,2.0,0.0025,0.005,20.0,4000,cond_mean,235,1.0002846823205909,2.008155524569931,0.49961414660719217,0.00267828754801904,0,0.016248418957178243,0.23236688685470394
1.0,0.5,2.0,2.0,0.0025,0.005,0.5,100,cond_mean,236,1.000185585431324,1.9848857949804728,0.5020294874505884,0.0023242631505486578,0,0.020964193090594625,0.23260854756725685
1.0,0.5,2.0,2.0,0.0025,0.005,1.0,200,cond_mean,236,1.0000931878385177,1.974204131099059,0.5029457848745472,0.0019955895060587117,0,0.031526625507153704,0.23260854756725685
1.0,0.5,2.0,2.0,0.0025,0.005,2.0,400,cond_mean,236,1.0000594248471057,1.973753498622139,0.5036987925142328,0.001717013953715606,0,0.03175455640311044,0.23260854756725685
1.0,0.5,2.0,2.0,0.0025,0.005,3.5,700,cond_mean,236,1.000008279822494,1.9677128725724655,0.4994717573679155,0.0022330865090241744,0,0.03887437776007299,0.23260854756725685
1.0,0.5,2.0,2.0,0.0025,0.005,5.0,1000,cond_mean,236,1.0001649669973425,1.9744912366868526,0.5041110063863171,0.0018463659023935583,0,0.031192297177297997,0.23260854756725685
1.0,0.5,2.0,2.0,0.0025,0.005,10.0,2000,cond_mean,236,1.0001640351784011,1.9871086688646755,0.5072030559041624,0.002034780688180309,0,0.020025136696698323,0.23260854756725685
1.0,0.5,2.0,2.0,0.0025,0.005,20.0,4000,cond_mean,236,0.9997558944472443,1.9691764961745986,0.5032421638547742,0.002384619064423863,0,0.03773765332541482,0.23260854756725685
1.0,0.5,2.0,2.0,0.0025,0.005,0.5,100,cond_mean,237,0.9999775051123572,1.9908571051761446,0.5025048267864209,0.002128985578684699,0,0.015222400042674365,0.24143594056035259
1.0,0.5,2.0,2.0,0.0025,0.005,1.0,200,cond_mean,237,0.9999982545822941,1.9892993656244473,0.5013720389840012,0.001787623566505979,0,0.015253103424021657,0.24143594056035259
1.0,0.5,2.0,2.0,0.0025,0.005,2.0,400,cond_mean,237,0.9997155978452186,1.9915477646576927,0.4999014711488504,0.0022228049834431504,0,0.014696094256619552,0.24143594056035259
1.0,0.5,2.0,2.0,0.0025,0.005,3.5,700,cond_mean,237,0.9998751876784123,1.9780046419146609,0.49820650441566233,0.0022745666699736525,0,0.027837003160736257,0.24143594056035259
1.0,0.5,2.0,2.0,0.0025,0.005,5.0,1000,cond_mean,237,1.0001589515427058,1.990284729676697,0.4968797326437618,0.002903991033391231,0,0.018713423249688246,0.24143594056035259
1.0,0.5,2.0,2.0,0.0025,0.005,10.0,2000,cond_mean,237,0.9997969098455005,2.0322624214716134,0.49835256118789417,0.0029174579233649895,0,0.03995623616307925,0.24143594056035259
1.0,0.5,2.0,2.0,0.0025,0.005,20.0,4000,cond_mean,237,0.9997492451540706,1.9905018749024195,0.4943802837814642,0.0013967358002270937,0,0.014699699593771615,0.24143594056035259
1.0,0.5,2.0,2.0,0.0025,0.005,0.5,100,cond_mean,238,1.0000407476595674,1.9920891820875017,0.5002623004872159,0.001699288551301282,0,0.012369477001129309,0.23682368456918215
1.0,0.5,2.0,2.0,0.0025,0.005,1.0,200,cond_mean,238,1.000015547028851,1.997982376113794,0.4955966218280229,0.0016566301285417975,0,0.010265309044653607,0.23682368456918215
1.0,0.5,2.0,2.0,0.0025,0.005,2.0,400,cond_mean,238,1.0000539096821917,1.986834819675783,0.501434201054991,0.0013937226009563808,0,0.0167546222766483,0.23682368456918215
1.0,0.5,2.0,2.0,0.0025,0.005,3.5,700,cond_mean,238,0.9995557744742146,1.9870273712398898,0.49510976923994143,0.0022885198790934596,0,0.01959886160516427,0.23682368456918215
1.0,0.5,2.0,2.0,0.0025,0.005,5.0,1000,cond_mean,238,0.9994798978832603,2.013524120760705,0.495700787974079,0.0027038212940495867,0,0.021124481064334594,0.23682368456918215
1.0,0.5,2.0,2.0,0.0025,0.005,10.0,2000,cond_mean,238,0.999849143046784,2.0000442041726845,0.5063067718748151,0.0015666845396321073,0,0.011532510118383764,0.23682368456918215
1.0,0.5,2.0,2.0,0.0025,0.005,20.0,4000,cond_mean,238,0.9998163569633266,1.9800135658387241,0.5072367149079494,0.0016370654317778971,0,0.026286108297369475,0.23682368456918215
1.0,0.5,2.0,2.0,0.0025,0.005,0.5,100,cond_mean,239,1.0000776909822473,1.9971708953789533,0.504037158494314,0.0027157827667449027,0,0.014642460568204788,0.23479037500718342
1.0,0.5,2.0,2.0,0.0025,0.005,1.0,200,cond_mean,239,0.9998228764395346,1.998686844060968,0.49802136620446746,0.0019103341117481449,0,0.00977742777495183,0.23479037500718342
1.0,0.5,2.0,2.0,0.0025,0.005,2.0,400,cond_mean,239,0.9996346612529567,1.9929021407381367,0.49734364935422803,0.0018631202986638291,0,0.012670280364276634,0.23479037500718342
1.0,0.5,2.0,2.0,0.0025,0.005,3.5,700,cond_mean,239,1.000275638788556,1.965535703041047,0.5004156223831815,0.0023462233065348263,0,0.041427940502413656,0.23479037500718342
1.0,0.5,2.0,2.0,0.0025,0.005,5.0,1000,cond_mean,239,0.999787391489506,1.9597598219869514,0.4948547233464011,0.0021270186850395312,0,0.048127153883141885,0.23479037500718342
1.0,0.5,2.0,2.0,0.0025,0.005,10.0,2000,cond_mean,239,1.0000345011075038,1.9323917632851648,0.4970846838796752,0.0026252695183768787,0,0.07926574679361523,0.23479037500718342
1.0,0.5,2.0,2.0,0.0025,0.005,20.0,4000,cond_mean,239,0.9999156306137343,1.879886062902458,0.4947876226729375,0.002101650351454171,0,0.13955223594283675,0.23479037500718342
1.0,0.5,2.0,2.0,0.0025,0.005,0.5,100,cond_mean,240,0.9997860612966617,2.0111792471960257,0.49606315128409256,0.0017899710250668837,0,0.01634461308889595,0.3467257857056601
1.0,0.5,2.0,2.0,0.0025,0.005,1.0,200,cond_mean,240,0.9998349120746848,2.0081437408450995,0.49957865167112553,0.0013880338269987894,0,0.011636345880608552,0.3467257857056601
1.0,0.5,2.0,2.0,0.0025,0.005,2.0,400,cond_mean,240,1.0001358220350645,2.017756052347568,0.5060684033654443,0.0019453089786702295,0,0.02385998160196626,0.3467257857056601
1.0,0.5,2.0,2.0,0.0025,0.005,3.5,700,cond_mean,240,1.0000116750739163,2.026939156376161,0.4993886843323402,0.002058825031189591,0,0.03271928088458513,0.3467257857056601
1.0,0.5,2.0,2.0,0.0025,0.005,5.0,1000,cond_mean,240,1.0000226471137648,2.0282535818499663,0.49137676844882716,0.0017727240969394016,0,0.03573542253335206,0.3467257857056601
1.0,0.5,2.0,2.0,0.0025,0.005,10.0,2000,cond_mean,240,0.999831477167865,2.0753165524790895,0.49618091369555417,0.0014038441865271783,0,0.08751362361880037,0.3467257857056601
1.0,0.5,2.0,2.0,0.0025,0.005,20.0,4000,cond_mean,240,1.0002369482600804,2.097888565734418,0.5035336738663372,0.002204160669992596,0,0.11336780946081404,0.3467257857056601
1.0,0.5,2.0,2.0,0.0025,0.005,0.5,100,cond_mean,241,1.0002769117454717,2.0157761663035187,0.5047971948235347,0.0024758171523604363,0,0.022647853479911554,0.2612293988599309
1.0,0.5,2.0,2.0,0.0025,0.005,1.0,200,cond_mean,241,1.0007424599574533,2.011531567379676,0.5173868945473898,0.0031277741210634495,0,0.029537588643849158,0.2612293988599309
1.0,0.5,2.0,2.0,0.0025,0.005,2.0,400,cond_mean,241,1.0004900571240831,2.0114909382529187,0.5157273813571949,0.00240319937531936,0,0.026390608791773858,0.2612293988599309
1.0,0.5,2.0,2.0,0.0025,0.005,3.5,700,cond_mean,241,0.9998311292958475,1.9892989180904792,0.5009764917080188,0.0028211833629636193,0,0.0186253054680434,0.2612293988599309
1.0,0.5,2.0,2.0,0.0025,0.005,5.0,1000,cond_mean,241,0.9997869007371025,1.9889205321884569,0.5003176499129842,0.0014182566156558133,0,0.014618280750827288,0.2612293988599309
1.0,0.5,2.0,2.0,0.0025,0.005,10.0,2000,cond_mean,241,0.9998122030816524,1.9770328753597712,0.5033641737285288,0.003440705841330495,0,0.03173380630973369,0.2612293988599309
1.0,0.5,2.0,2.0,0.0025,0.005,20.0,4000,cond_mean,241,1.000015839213826,1.9323432015287714,0.5053105876864616,0.0018796238465310575,0,0.0787606387618256,0.2612293988599309
1.0,0.5,2.0,2.0,0.0025,0.005,0.5,100,cond_mean,242,0.9997775852641693,1.9969802678611386,0.4930886849001179,0.0030448209238906642,0,0.017589180692368863,0.2333189522947318
1.0,0.5,2.0,2.0,0.0025,0.005,1.0,200,cond_mean,242,0.9999052234009439,1.9901963923524444,0.49602539783290345,0.00261400140801019,0,0.017815175087451833,0.2333189522947318
1.0,0.5,2.0,2.0,0.0025,0.005,2.0,400,cond_mean,242,0.9996484176620127,1.9947685967172655,0.4978414458251731,0.0026033893814922256,0,0.014356662675857761,0.2333189522947318
1.0,0.5,2.0,2.0,0.0025,0.005,3.5,700,cond_mean,242,0.9994634466391124,1.9989114932334533,0.49779634199027634,0.0021832248489566577,0,0.011173966744717169,0.2333189522947318
1.0,0.5,2.0,2.0,0.0025,0.005,5.0,1000,cond_mean,242,0.9998586606768752,1.9967075786311637,0.5013531025860833,0.001925884742017042,0,0.010407067113000535,0.2333189522947318
1.0,0.5,2.0,2.0,0.0025,0.005,10.0,2000,cond_mean,242,0.9996149000349224,1.9594405817479108,0.5027060822272353,0.002811317470433672,0,0.04898064772879615,0.2333189522947318
1.0,0.5,2.0,2.0,0.0025,0.005,20.0,4000,cond_mean,242,0.9997423106197788,1.9345633423126913,0.4913753590409445,0.0026070943675041316,0,0.07767499586013038,0.2333189522947318
1.0,0.5,2.0,2.0,0.0025,0.005,0.5,100,cond_mean,243,0.9998574603574706,2.0129560537911098,0.4988298378393187,0.0014435648586028924,0,0.01661268184808638,0.23473830356462194
1.0,0.5,2.0,2.0,0.0025,0.005,1.0,200,cond_mean,243,0.9999086253205195,1.9984571617427382,0.5034511388505568,0.0017606169914904215,0,0.010006422103902351,0.23473830356462194
1.0,0.5,2.0,2.0,0.0025,0.005,2.0,400,cond_mean,243,0.9997636668391472,1.9928596821683826,0.5017992722456028,0.0021982778958787533,0,0.013913236524615536,0.23473830356462194
1.0,0.5,2.0,2.0,0.0025,0.005,3.5,700,cond_mean,243,1.0001104227640283,2.0091044445319413,0.5005927968062133,0.002531682749192307,0,0.016288483720249637,0.23473830356462194
1.0,0.5,2.0,2.0,0.0025,0.005,5.0,1000,cond_mean,243,0.9998938442103624,1.9979307725980042,0.4970407891620938,0.002325965374573988,0,0.01222797060025348,0.23473830356462194
1.0,0.5,2.0,2.0,0.0025,0.005,10.0,2000,cond_mean,243,1.0001759862119546,2.0054897197781525,0.5025773096298064,0.0017666240067179411,0,0.011166382294903372,0.23473830356462194
1.0,0.5,2.0,2.0,0.0025,0.005,20.0,4000,cond_mean,243,0.9995453369809967,2.046788939709312,0.4923029891479314,0.0018348968288758336,0,0.05580528332613413,0.23473830356462194
1.0,0.5,2.0,2.0,0.0025,0.005,0.5,100,cond_mean,244,0.999951401259426,2.0030889327788004,0.4956514636661801,0.0021714197148167205,0,0.012563887787636016,0.23236699399006153
1.0,0.5,2.0,2.0,0.0025,0.005,1.0,200,cond_mean,244,1.0000379278248412,2.008575488242483,0.500419471673523,0.001267578339866574,0,0.011700901347807146,0.23236699399006153
1.0,0.5,2.0,2.0,0.0025,0.005,2.0,400,cond_mean,244,1.0002798419788628,2.00870623872152,0.4974202480321748,0.0015740820240583025,0,0.013360883549179131,0.23236699399006153
1.0,0.5,2.0,2.0,0.0025,0.005,3.5,700,cond_mean,244,1.0005817998562312,2.0161029484836868,0.5093257498295071,0.003012041944531727,0,0.026209936368955085,0.23236699399006153
1.0,0.5,2.0,2.0,0.0025,0.005,5.0,1000,cond_mean,244,1.000600535697339,2.0043677192722384,0.5093232839168081,0.0023546504193943003,0,0.016907354133085882,0.23236699399006153
1.0,0.5,2.0,2.0,0.0025,0.005,10.0,2000,cond_mean,244,0.9997705126941954,1.996034274251892,0.4978615386514132,0.001557177001213992,0,0.009260328669050778,0.23236699399006153
1.0,0.5,2.0,2.0,0.0025,0.005,20.0,4000,cond_mean,244,0.9999023479149042,1.9359102734814462,0.49900039376922234,0.0026789856248264094,0,0.07521038483789182,0.23236699399006153
1.0,0.5,2.0,2.0,0.0025,0.005,0.5,100,cond_mean,245,1.0002307627081015,1.9999035380024466,0.5009774129653219,0.0022481836738376688,0,0.011103507064786675,0.23382248213913823
1.0,0.5,2.0,2.0,0.0025,0.005,1.0,200,cond_mean,245,1.0000224441257035,2.0052894988859933,0.4974735969492699,0.0020102513596323155,0,0.012073303069737746,0.23382248213913823
1.0,0.5,2.0,2.0,0.0025,0.005,2.0,400,cond_mean,245,0.9998537925174515,1.9982299097960488,0.4964487311018799,0.002073474592182035,0,0.011263258726651463,0.23382248213913823
1.0,0.5,2.0,2.0,0.0025,0.005,3.5,700,cond_mean,245,1.0001373042671695,2.00447506669042,0.5036108643166569,0.0017962845972674386,0,0.011159862987747196,0.23382248213913823
1.0,0.5,2.0,2.0,0.0025,0.005,5.0,1000,cond_mean,245,0.9999478330263762,2.0113031493623432,0.4972588663073358,0.0023606077195354957,0,0.017790619343472838,0.23382248213913823
1.0,0.5,2.0,2.0,0.0025,0.005,10.0,2000,cond_mean,245,0.9999251318544304,1.9954208479307216,0.5041637437894196,0.0019058943850825735,0,0.012103020446139935,0.23382248213913823
1.0,0.5,2.0,2.0,0.0025,0.005,20.0,4000,cond_mean,245,1.0002368496657648,1.9989408789583236,0.510021103684686,0.0017276974701928977,0,0.015250356238981832,0.23382248213913823
1.0,0.5,2.0,2.0,0.0025,0.005,0.5,100,cond_mean,246,0.9999915493616179,2.006466097197752,0.49939189242124365,0.0017879936307248088,0,0.011545993086220679,0.24190990470482834
1.0,0.5,2.0,2.0,0.0025,0.005,1.0,200,cond_mean,246,1.0001243750262,2.0112486877485,0.5033402715301292,0.0015964890056677256,0,0.01570594623669034,0.24190990470482834
1.0,0.5,2.0,2.0,0.0025,0.005,2.0,400,cond_mean,246,1.0001276957475693,2.010811894538901,0.5034690326996644,0.0022108472423251957,0,0.017096755328654074,0.24190990470482834
1.0,0.5,2.0,2.0,0.0025,0.005,3.5,700,cond_mean,246,1.0001321494851398,2.011207998456689,0.5078023831590525,0.00180764919487472,0,0.018567243313847282,0.24190990470482834
1.0,0.5,2.0,2.0,0.0025,0.005,5.0,1000,cond_mean,246,1.0003429596830282,2.0013719216392007,0.5073624117062886,0.0019953352693795126,0,0.013411767848587233,0.24190990470482834
1.0,0.5,2.0,2.0,0.0025,0.005,10.0,2000,cond_mean,246,1.000153587047466,2.0035074208188877,0.5033691120177756,0.0025074817800472262,0,0.013578057476379354,0.24190990470482834
1.0,0.5,2.0,2.0,0.0025,0.005,20.0,4000,cond_mean,246,0.9998116559414656,2.014207320271926,0.4893421151957361,0.0012183016625097582,0,0.022215210638831633,0.24190990470482834
1.0,0.5,2.0,2.0,0.0025,0.005,0.5,100,cond_mean,247,0.9996730003976358,1.990164872523864,0.4967973280963713,0.002195667949085795,0,0.01609791275939789,0.23603641070492035
1.0,0.5,2.0,2.0,0.0025,0.005,1.0,200,cond_mean,247,0.9999462484059698,2.0036278906829255,0.4985609617030476,0.0013082167069574466,0,0.00787203801809556,0.23603641070492035
1.0,0.5,2.0,2.0,0.0025,0.005,2.0,400,cond_mean,247,1.0001084784956444,2.0047205696425805,0.5008132390261867,0.0014220482347234926,0,0.008900822342062905,0.23603641070492035
1.0,0.5,2.0,2.0,0.0025,0.005,3.5,700,cond_mean,247,1.0001457179887923,1.9851446903952168,0.4966008840016808,0.0014849486210299948,0,0.019278885601565664,0.23603641070492035
1.0,0.5,2.0,2.0,0.0025,0.005,5.0,1000,cond_mean,247,1.000254109282637,1.983968035216352,0.5062374785731742,0.0022071153652792985,0,0.02272041654982612,0.23603641070492035
1.0,0.5,2.0,2.0,0.0025,0.005,10.0,2000,cond_mean,247,1.0002454450868197,1.9599942565326312,0.5079138729294731,0.0014373133041122872,0,0.04755923281973337,0.23603641070492035
1.0,0.5,2.0,2.0,0.0025,0.005,20.0,4000,cond_mean,247,1.000181059767558,1.9758997263994833,0.4972933306144334,0.0017766518538327174,0,0.029465355523329028,0.23603641070492035
1.0,0.5,2.0,2.0,0.0025,0.005,0.5,100,cond_mean,248,1.0002485330857285,2.002005082388997,0.5035095782994785,0.001933960570808495,0,0.010628515298085443,0.23411495828934545
1.0,0.5,2.0,2.0,0.0025,0.005,1.0,200,cond_mean,248,1.0004079685005307,2.0095380199484385,0.5036291073755703,0.0015035395441232737,0,0.013912569542776643,0.23411495828934545
1.0,0.5,2.0,2.0,0.0025,0.005,2.0,400,cond_mean,248,0.9999170208356184,2.0043249054507295,0.49812833802482415,0.0030123930754255915,0,0.015770789690839268,0.23411495828934545
1.0,0.5,2.0,2.0,0.0025,0.005,3.5,700,cond_mean,248,1.000001756036247,2.0097926806659534,0.503011284279435,0.0016298120874931894,0,0.014385481809264676,0.23411495828934545
1.0,0.5,2.0,2.0,0.0025,0.005,5.0,1000,cond_mean,248,0.9999510459015827,1.9997938909680628,0.5080106274630987,0.0022406529679205364,0,0.015253986623431925,0.23411495828934545
1.0,0.5,2.0,2.0,0.0025,0.005,10.0,2000,cond_mean,248,1.0000783618272062,2.009998279364819,0.508531846226473,0.0024143346594240034,0,0.019762562949708507,0.23411495828934545
1.0,0.5,2.0,2.0,0.0025,0.005,20.0,4000,cond_mean,248,0.9998678436029609,2.0266544318308806,0.4870189158712105,0.001560249840996928,0,0.03607466823868302,0.23411495828934545
1.0,0.5,2.0,2.0,0.0025,0.005,0.5,100,cond_mean,249,1.0001339296337546,1.9916125063866594,0.5040719878565472,0.0018459010273436988,0,0.014206575231241515,0.2326215892930382
1.0,0.5,2.0,2.0,0.0025,0.005,1.0,200,cond_mean,249,0.9999609985567555,1.993816525695508,0.49986560271096175,0.0031748278036393776,0,0.017132866961309334,0.2326215892930382
1.0,0.5,2.0,2.0,0.0025,0.005,2.0,400,cond_mean,249,0.9997723093567882,1.99071037793457,0.5027213612372468,0.001867986653829329,0,0.014710743255193469,0.2326215892930382
1.0,0.5,2.0,2.0,0.0025,0.005,3.5,700,cond_mean,249,1.0004245981954263,1.9872722270426386,0.5157092229794339,0.00269714837716926,0,0.027948083614517755,0.2326215892930382
1.0,0.5,2.0,2.0,0.0025,0.005,5.0,1000,cond_mean,249,1.0001423083544516,1.9860194046303232,0.5110305209294311,0.002104598875860666,0,0.02367809770828739,0.2326215892930382
1.0,0.5,2.0,2.0,0.0025,0.005,10.0,2000,cond_mean,249,1.0000258330889475,1.9613157791763818,0.5065131918062441,0.00212269402558674,0,0.04651450379932966,0.2326215892930382
1.0,0.5,2.0,2.0,0.0025,0.005,20.0,4000,cond_mean,249,1.0000683635675274,1.9574605408599457,0.5080175408437075,0.001246748681468427,0,0.05040264002842477,0.2326215892930382
1.0,0.5,2.0,2.0,0.0025,0.005,0.5,100,cond_mean,250,1.000006646710611,1.9975858913368796,0.5074660219846314,0.0014381896387143686,0,0.01234778487976349,0.23396046428076392
1.0,0.5,2.0,2.0,0.0025,0.005,1.0,200,cond_mean,250,1.0001387593267403,2.002762654381306,0.5071926586695947,0.0016186733839785958,0,0.012507895936444644,0.23396046428076392
1.0,0.5,2.0,2.0,0.0025,0.005,2.0,400,cond_mean,250,0.9998577492021279,2.0058521838169887,0.5038398928003716,0.001584033011307893,0,0.011614903752283698,0.23396046428076392
1.0,0.5,2.0,2.0,0.0025,0.005,3.5,700,cond_mean,250,0.9996596503625413,2.0127168908896893,0.500055542736223,0.0018668450460453154,0,0.017389280171928565,0.23396046428076392
1.0,0.5,2.0,2.0,0.0025,0.005,5.0,1000,cond_mean,250,0.9997884857509202,1.9989296649549009,0.4961714992754257,0.0015183357789712876,0,0.00886714699570971,0.23396046428076392
1.0,0.5,2.0,2.0,0.0025,0.005,10.0,2000,cond_mean,250,0.9998921834464707,2.006582478923619,0.5022364541260113,0.0018827193699747224,0,0.012375611476307752,0.23396046428076392
1.0,0.5,2.0,2.0,0.0025,0.005,20.0,4000,cond_mean,250,0.9997773460169995,2.03235110571091,0.5063570304698679,0.001577873053675964,0,0.03904847132464734,0.23396046428076392
1.0,0.5,2.0,2.0,0.0025,0.005,0.5,100,cond_mean,251,1.0003507590471328,2.001481655362521,0.49865043057569486,0.0020345045347056126,0,0.010556538867599993,0.23440714885613748
1.0,0.5,2.0,2.0,0.0025,0.005,1.0,200,cond_mean,251,1.0005054629614158,2.00595630014379,0.5034495833714012,0.0017795717562540596,0,0.011841934153292988,0.23440714885613748
1.0,0.5,2.0,2.0,0.0025,0.005,2.0,400,cond_mean,251,1.0002227324490764,1.9950155094745976,0.4989112832667243,0.002040532799458399,0,0.011745101722078273,0.23440714885613748
1.0,0.5,2.0,2.0,0.0025,0.005,3.5,700,cond_mean,251,1.000068654231339,2.017642293164168,0.5072461207487984,0.002060826484413462,0,0.02446431158536906,0.23440714885613748
1.0,0.5,2.0,2.0,0.0025,0.005,5.0,1000,cond_mean,251,1.000037377498838,2.0311182285929976,0.5001139590209551,0.0016732263505029037,0,0.036856638005879155,0.23440714885613748
1.0,0.5,2.0,2.0,0.0025,0.005,10.0,2000,cond_mean,251,1.0000545247016588,2.0268957950823308,0.49347253825256737,0.001832280377132831,0,0.03358058367055638,0.23440714885613748
1.0,0.5,2.0,2.0,0.0025,0.005,20.0,4000,cond_mean,251,1.0002619810781197,2.0222327379977125,0.4979338253542287,0.0019551407318656234,0,0.027663227402180097,0.23440714885613748
1.0,0.5,2.0,2.0,0.0025,0.005,0.5,100,cond_mean,252,1.0002638490768696,1.9975655622275008,0.511393777285139,0.002320256259716884,0,0.018570448361394203,0.23580316071664648
1.0,0.5,2.0,2.0,0.0025,0.005,1.0,200,cond_mean,252,1.0002548038054326,1.9943970060953906,0.5096981342977456,0.001896176837632291,0,0.016651861562522522,0.23580316071664648
1.0,0.5,2.0,2.0,0.0025,0.005,2.0,400,cond_mean,252,0.9999516537462426,1.992927768693644,0.507848358071008,0.0020771563971868374,0,0.01664950332135284,0.23580316071664648
1.0,0.5,2.0,2.0,0.0025,0.005,3.5,700,cond_mean,252,0.9998879289153829,1.9859675486723336,0.5038215403515084,0.0017060869182431554,0,0.01896019355068609,0.23580316071664648
1.0,0.5,2.0,2.0,0.0025,0.005,5.0,1000,cond_mean,252,0.9999810329719917,2.0073756906128355,0.5042605954795883,0.002499930482158753,0,0.01596343175957732,0.23580316071664648
1.0,0.5,2.0,2.0,0.0025,0.005,10.0,2000,cond_mean,252,0.9999286634590431,1.9953173385832634,0.5032626567245765,0.0014824535383438661,0,0.010081989161795953,0.23580316071664648
1.0,0.5,2.0,2.0,0.0025,0.005,20.0,4000,cond_mean,252,1.000082488333593,1.9846289908227712,0.5029400208817061,0.002415265774469507,0,0.021661711166680853,0.23580316071664648
1.0,0.5,2.0,2.0,0.0025,0.005,0.5,100,cond_mean,253,1.0002172128422018,1.9926195270395752,0.5065832526030353,0.001971424589656797,0,0.015275307082020925,0.23335039284678974
1.0,0.5,2.0,2.0,0.0025,0.005,1.0,200,cond_mean,253,1.000376280676407,1.993197365715429,0.5083040306487965,0.0019662184785537626,0,0.016083233439508595,0.23335039284678974
1.0,0.5,2.0,2.0,0.0025,0.005,2.0,400,cond_mean,253,1.0002640838035195,2.008356141787558,0.5054470372765572,0.001718897207332225,0,0.014416151691151805,0.23335039284678974
1.0,0.5,2.0,2.0,0.0025,0.005,3.5,700,cond_mean,253,0.9998072882543284,1.997362648869821,0.5036397069425806,0.0025899915382390174,0,0.014083010604998752,0.23335039284678974
1.0,0.5,2.0,2.0,0.0025,0.005,5.0,1000,cond_mean,253,1.0001649214329267,2.0059208819528194,0.5027484999630407,0.0021381041018882023,0,0.012945730832252736,0.23335039284678974
1.0,0.5,2.0,2.0,0.0025,0.005,10.0,2000,cond_mean,253,1.000299027307791,1.9978698438130813,0.5017799739092179,0.0016131102660557981,0,0.008558215566013664,0.23335039284678974
1.0,0.5,2.0,2.0,0.0025,0.005,20.0,4000,cond_mean,253,1.0005143135029575,1.9958193401214162,0.5080821244081841,0.0023522617848734397,0,0.015866776828004848,0.23335039284678974
1.0,0.5,2.0,2.0,0.0025,0.005,0.5,100,cond_mean,254,1.0000666287443043,2.0064597220965488,0.49890743082844974,0.0013006722949204864,0,0.009949026644331596,0.23820863685770227
1.0,0.5,2.0,2.0,0.0025,0.005,1.0,200,cond_mean,254,1.0001471867180667,2.005533274399497,0.49770323513192466,0.001830298250455994,0,0.011530251443168722,0.23820863685770227
1.0,0.5,2.0,2.0,0.0025,0.005,2.0,400,cond_mean,254,1.0001679255434488,2.0056724006137765,0.49725441968266587,0.0017956773330497554,0,0.011710176544194791,0.23820863685770227
1.0,0.5,2.0,2.0,0.0025,0.005,3.5,700,cond_mean,254,0.9999831463545484,2.012483712625425,0.492744471626679,0.002015941498222736,0,0.01992604179435993,0.23820863685770227
1.0,0.5,2.0,2.0,0.0025,0.005,5.0,1000,cond_mean,254,1.0002015003772424,1.9983551028098974,0.4985460493645861,0.0019810310960036988,0,0.010218158803326792,0.23820863685770227
1.0,0.5,2.0,2.0,0.0025,0.005,10.0,2000,cond_mean,254,0.999901697184559,1.9846547569760407,0.4948016234782833,0.0017922112907853686,0,0.020911325224953994,0.23820863685770227
1.0,0.5,2.0,2.0,0.0025,0.005,20.0,4000,cond_mean,254,1.0000927216730233,2.03149631684796,0.49441337006232233,0.002113908844932222,0,0.03867701343669084,0.23820863685770227
1.0,0.5,2.0,2.0,0.0025,0.005,0.5,100,cond_mean,255,0.9999184099159716,2.000672698141215,0.49951448914823554,0.0014553413323920002,0,0.007204405164057358,0.2319411249897842
1.0,0.5,2.0,2.0,0.0025,0.005,1.0,200,cond_mean,255,1.0002218829935206,1.993836670049353,0.5039049082179603,0.0017178870373562032,0,0.011988561042431877,0.2319411249897842
1.0,0.5,2.0,2.0,0.0025,0.005,2.0,400,cond_mean,255,1.0003148728998608,1.9913990747428492,0.5071336223852861,0.00214615094318863,0,0.016892953284858347,0.2319411249897842
1.0,0.5,2.0,2.0,0.0025,0.005,3.5,700,cond_mean,255,0.9999492485882581,1.9813888271681013,0.5032661247331383,0.0031403754544896277,0,0.02674074281769334,0.2319411249897842
1.0,0.5,2.0,2.0,0.0025,0.005,5.0,1000,cond_mean,255,1.0001388989432918,1.9708633138386733,0.49906794872434307,0.0022182720980556936,0,0.03540106003147427,0.2319411249897842
1.0,0.5,2.0,2.0,0.0025,0.005,10.0,2000,cond_mean,255,1.0000093989728642,1.9943973472349394,0.5059691795503515,0.002220516340812318,0,0.014851452230364295,0.2319411249897842
1.0,0.5,2.0,2.0,0.0025,0.005,20.0,4000,cond_mean,255,0.9998920626297464,1.946813877195606,0.4997914097843165,0.0017742746890410694,0,0.06202779665452181,0.2319411249897842
1.0,0.5,2.0,2.0,0.0025,0.005,0.5,100,cond_mean,256,0.9998803748773806,1.9948702048999338,0.4955837518907349,0.001735560657944664,0,0.0117645324461444,0.23314873213946288
1.0,0.5,2.0,2.0,0.0025,0.005,1.0,200,cond_mean,256,0.9997540050359428,1.9950249593180613,0.4918253872618387,0.0015907271864690545,0,0.014113008743794961,0.23314873213946288
1.0,0.5,2.0,2.0,0.0025,0.005,2.0,400,cond_mean,256,0.9998632583379287,1.9985538419308806,0.49611176328294143,0.0026942899101695546,0,0.014169811176216438,0.23314873213946288
1.0,0.5,2.0,2.0,0.0025,0.005,3.5,700,cond_mean,256,1.0001541020577338,1.9990209749878802,0.49911932426746475,0.0019911874169052705,0,0.009968819256564464,0.23314873213946288
1.0,0.5,2.0,2.0,0.0025,0.005,5.0,1000,cond_mean,256,1.000281023362288,1.993284376685379,0.5007929385733244,0.002105153453053178,0,0.012981612263205156,0.23314873213946288
1.0,0.5,2.0,2.0,0.0025,0.005,10.0,2000,cond_mean,256,1.0002325257815599,1.9717871546909542,0.49919926263535747,0.002042741424576794,0,0.03414087896297765,0.23314873213946288
1.0,0.5,2.0,2.0,0.0025,0.005,20.0,4000,cond_mean,256,1.0000764770451946,1.9353286546370845,0.49019370289903047,0.0019208081999666008,0,0.07682736338336892,0.23314873213946288
1.0,0.5,2.0,2.0,0.0025,0.005,0.5,100,cond_mean,257,0.999963893134752,2.0034689933592222,0.5027706994221933,0.0017265283329616957,0,0.010081949963640955,0.23221332142462156
1.0,0.5,2.0,2.0,0.0025,0.005,1.0,200,cond_mean,257,1.000126823085413,2.0012036804262214,0.5014671893738898,0.0022822702685101727,0,0.011415359394162453,0.23221332142462156
1.0,0.5,2.0,2.0,0.0025,0.005,2.0,400,cond_mean,257,1.000171541399319,2.0051395738484414,0.5030527447654123,0.003920796909258039,0,0.02048038669462986,0.23221332142462156
1.0,0.5,2.0,2.0,0.0025,0.005,3.5,700,cond_mean,257,0.9997176890898517,1.9993891622916482,0.49973958531975754,0.0028461275492990836,0,0.014037221423665328,0.23221332142462156
1.0,0.5,2.0,2.0,0.0025,0.005,5.0,1000,cond_mean,257,1.000087144429131,1.9939093158783525,0.5116925148936945,0.001496856428859866,0,0.01817262087701578,0.23221332142462156
1.0,0.5,2.0,2.0,0.0025,0.005,10.0,2000,cond_mean,257,1.0001768874523118,2.0139642817639536,0.503926133950013,0.0030495374092271202,0,0.02249744937643815,0.23221332142462156
1.0,0.5,2.0,2.0,0.0025,0.005,20.0,4000,cond_mean,257,0.9995901653704327,2.0445770841625914,0.49783981831781743,0.0022154667799959096,0,0.052734642000899785,0.23221332142462156
1.0,0.5,2.0,2.0,0.0025,0.005,0.5,100,cond_mean,258,1.0002139663456473,1.993097152619684,0.5010201420834935,0.0012846748059948284,0,0.010238359495774774,0.2331678571312555
1.0,0.5,2.0,2.0,0.0025,0.005,1.0,200,cond_mean,258,1.00030826684083,1.9912937156121182,0.5017324585927122,0.0016472441740447397,0,0.013064824810160958,0.2331678571312555
1.0,0.5,2.0,2.0,0.0025,0.005,2.0,400,cond_mean,258,1.000347126334885,2.0068419902840096,0.49749839857411227,0.002032285213834454,0,0.01344541598624043,0.2331678571312555
1.0,0.5,2.0,2.0,0.0025,0.005,3.5,700,cond_mean,258,1.0005968551835274,1.9891696187362138,0.5109131326123288,0.0027690924971189744,0,0.022677608162219077,0.2331678571312555
1.0,0.5,2.0,2.0,0.0025,0.005,5.0,1000,cond_mean,258,0.9999689143897562,1.9746660119321622,0.49996202213616137,0.0019162594888926662,0,0.030729952458895676,0.2331678571312555
1.0,0.5,2.0,2.0,0.0025,0.005,10.0,2000,cond_mean,258,0.9999595603491154,1.9608647183453531,0.49418656621451645,0.001706435427534883,0,0.04669765895775232,0.2331678571312555
1.0,0.5,2.0,2.0,0.0025,0.005,20.0,4000,cond_mean,258,1.0001501627046352,1.9297137966046993,0.5085048782315086,0.0018965345807855395,0,0.0820216178379502,0.2331678571312555
1.0,0.5,2.0,2.0,0.0025,0.005,0.5,100,cond_mean,259,1.000190115842117,1.9986622153096145,0.5033017222993603,0.0016228074966518915,0,0.009046204219832949,0.2322328332811594
1.0,0.5,2.0,2.0,0.0025,0.005,1.0,200,cond_mean,259,1.0001841538982768,1.9902288169480211,0.5013424659210672,0.0029021296137488294,0,0.01823351924754437,0.2322328332811594
1.0,0.5,2.0,2.0,0.0025,0.005,2.0,400,cond_mean,259,1.0000340336217175,1.994375612132225,0.49567134445161426,0.0029521724423601944,0,0.01687955814792089,0.2322328332811594
1.0,0.5,2.0,2.0,0.0025,0.005,3.5,700,cond_mean,259,1.0000673490239036,1.9946172524508872,0.49625374807034106,0.002023100301989618,0,0.01278204307216175,0.2322328332811594
1.0,0.5,2.0,2.0,0.0025,0.005,5.0,1000,cond_mean,259,0.9999553125491895,1.9916049606189947,0.4975266467638877,0.002439295305504537,0,0.01574314747289127,0.2322328332811594
1.0,0.5,2.0,2.0,0.0025,0.005,10.0,2000,cond_mean,259,0.9998333071294612,1.9707065772012973,0.5077563875499976,0.002196566298554511,0,0.03690208031617575,0.2322328332811594
1.0,0.5,2.0,2.0,0.0025,0.005,20.0,4000,cond_mean,259,0.9999558044587549,1.952825704592704,0.49268740397000726,0.00159832715287206,0,0.05600424656542373,0.2322328332811594
1.0,0.5,2.0,2.0,0.0025,0.005,0.5,100,cond_mean,260,1.0003792997149559,2.0033345913292533,0.5042199171613786,0.002209217791477113,0,0.012529322771366777,0.23398520829089517
1.0,0.5,2.0,2.0,0.0025,0.005,1.0,200,cond_mean,260,1.0003049214029869,1.9889230159565026,0.49916792610249566,0.0028929805018704843,0,0.019230740332005104,0.23398520829089517
1.0,0.5,2.0,2.0,0.0025,0.005,2.0,400,cond_mean,260,1.0002526081300014,1.985041462022483,0.4941220146685301,0.0025962336798227223,0,0.023032855915933324,0.23398520829089517
1.0,0.5,2.0,2.0,0.0025,0.005,3.5,700,cond_mean,260,0.9997874471433819,1.965861689046984,0.49027513034587994,0.001620583120757559,0,0.04220972499460908,0.23398520829089517
1.0,0.5,2.0,2.0,0.0025,0.005,5.0,1000,cond_mean,260,0.9997860924081927,1.9551552372321876,0.49688399080539514,0.0021031499928279495,0,0.05300595171253591,0.23398520829089517
1.0,0.5,2.0,2.0,0.0025,0.005,10.0,2000,cond_mean,260,1.0000360924797231,1.986678275716087,0.49529286526537025,0.0014773395308545485,0,0.018144300131543722,0.23398520829089517
1.0,0.5,2.0,2.0,0.0025,0.005,20.0,4000,cond_mean,260,1.000041520177732,1.9719207070111249,0.4986930327837254,0.00246632888065247,0,0.03469000600647786,0.23398520829089517
1.0,0.5,2.0,2.0,0.0025,0.005,0.5,100,cond_mean,261,1.000014338277849,1.9994341472631378,0.4936870852823704,0.0013151769064098742,0,0.010565914044005809,0.23246573214419186
1.0,0.5,2.0,2.0,0.0025,0.005,1.0,200,cond_mean,261,1.0000946402952215,1.9966853423783084,0.49698663286781175,0.0018309559433402178,0,0.010620482825565897,0.23246573214419186
1.0,0.5,2.0,2.0,0.0025,0.005,2.0,400,cond_mean,261,1.000186804641439,2.0056722680240004,0.5035353084780069,0.0014876637401674531,0,0.010709784704088612,0.23246573214419186
1.0,0.5,2.0,2.0,0.0025,0.005,3.5,700,cond_mean,261,1.0003766325493002,2.009759458781901,0.5085440303258051,0.0017680511222491469,0,0.01766966140355765,0.23246573214419186
1.0,0.5,2.0,2.0,0.0025,0.005,5.0,1000,cond_mean,261,1.0003778880009468,1.9942043773894955,0.5034421259863937,0.0020846174366785193,0,0.012877921164055749,0.23246573214419186
1.0,0.5,2.0,2.0,0.0025,0.005,10.0,2000,cond_mean,261,0.9997738117229534,1.9943670188589893,0.49726700490781334,0.001720795679048271,0,0.011149898911122101,0.23246573214419186
1.0,0.5,2.0,2.0,0.0025,0.005,20.0,4000,cond_mean,261,1.0003308153158645,1.9902093456718315,0.5129975826525143,0.003676408231417353,0,0.026774074031865918,0.23246573214419186
1.0,0.5,2.0,2.0,0.0025,0.005,0.5,100,cond_mean,262,0.9999282773199222,1.999323483673526,0.49762820386649564,0.0014427144795068172,0,0.007714226117597115,0.2318242915706443
1.0,0.5,2.0,2.0,0.0025,0.005,1.0,200,cond_mean,262,1.000264597816877,2.001170345205497,0.49470779821868693,0.001818676630491217,0,0.011828165639964559,0.2318242915706443
1.0,0.5,2.0,2.0,0.0025,0.005,2.0,400,cond_mean,262,1.0001790786327904,2.0103721740853446,0.4887103131019866,0.0032666805560954437,0,0.025118666574007575,0.2318242915706443
1.0,0.5,2.0,2.0,0.0025,0.005,3.5,700,cond_mean,262,1.0005379451768694,1.9927559240146295,0.49897749411297826,0.002290815415532414,0,0.014437257838449248,0.2318242915706443
1.0,0.5,2.0,2.0,0.0025,0.005,5.0,1000,cond_mean,262,1.0006268679820203,1.9938237921236446,0.5057010353517157,0.002843299028706533,0,0.01702545420266798,0.2318242915706443
1.0,0.5,2.0,2.0,0.0025,0.005,10.0,2000,cond_mean,262,0.9998960453099731,2.0185037195602433,0.4913267249249601,0.0014768411738340427,0,0.025246677106271924,0.2318242915706443
1.0,0.5,2.0,2.0,0.0025,0.005,20.0,4000,cond_mean,262,1.000034530184881,1.9918349296985542,0.4969275461103123,0.0013817489861571452,0,0.012323995872718287,0.2318242915706443
1.0,0.5,2.0,2.0,0.0025,0.005,0.5,100,cond_mean,263,0.9999965456230702,1.994673160492897,0.49545778752143527,0.0016935445551656708,0,0.011943042361560864,0.23188799415116332
1.0,0.5,2.0,2.0,0.0025,0.005,1.0,200,cond_mean,263,0.9999751827194311,2.00466421732099,0.49485291121998154,0.002009452524002395,0,0.01311160058170399,0.23188799415116332
1.0,0.5,2.0,2.0,0.0025,0.005,2.0,400,cond_mean,263,1.0002393850498843,1.994650828814033,0.4998829194690856,0.002728094719133986,0,0.014792785632999406,0.23188799415116332
1.0,0.5,2.0,2.0,0.0025,0.005,3.5,700,cond_mean,263,1.0002627860567086,1.9826445388502556,0.4937928884121464,0.001961773062516987,0,0.023942655531473025,0.23188799415116332
1.0,0.5,2.0,2.0,0.0025,0.005,5.0,1000,cond_mean,263,1.0002660623114845,1.9734511264430084,0.4995407559739225,0.0016573131536670193,0,0.03176429692990529,0.23188799415116332
1.0,0.5,2.0,2.0,0.0025,0.005,10.0,2000,cond_mean,263,0.9999877337541773,1.9464189758859436,0.5106364954960592,0.002068891384778502,0,0.06398296332773136,0.23188799415116332
1.0,0.5,2.0,2.0,0.0025,0.005,20.0,4000,cond_mean,263,0.9997831429753405,1.961424664781147,0.4994619628675509,0.0013895982705105095,0,0.04507501097453099,0.23188799415116332
1.0,0.5,2.0,2.0,0.0025,0.005,0.5,100,cond_mean,264,1.0001394905241778,1.9913220712527409,0.504630882381361,0.0013588504964631351,0,0.013337943066359458,0.23288985714316368
1.0,0.5,2.0,2.0,0.0025,0.005,1.0,200,cond_mean,264,0.9999357573843269,1.9880120049127419,0.5046650951730369,0.0019283668845506317,0,0.01783538782707776,0.23288985714316368
1.0,0.5,2.0,2.0,0.0025,0.005,2.0,400,cond_mean,264,0.9997287152959973,1.9840617024024683,0.49334842250406147,0.003219068560943702,0,0.02572454437270282,0.23288985714316368
1.0,0.5,2.0,2.0,0.0025,0.005,3.5,700,cond_mean,264,0.9998250021037923,1.9583470488030617,0.5000855788000538,0.001221508991797674,0,0.04847744444679528,0.23288985714316368
1.0,0.5,2.0,2.0,0.0025,0.005,5.0,1000,cond_mean,264,1.0000913551618844,1.9507830629475573,0.500266480960646,0.0019255774545555782,0,0.05759217771814027,0.23288985714316368
1.0,0.5,2.0,2.0,0.0025,0.005,10.0,2000,cond_mean,264,1.0002248996711012,1.93592068579184,0.511133312260544,0.0015638940500768482,0,0.07532093873441638,0.23288985714316368
1.0,0.5,2.0,2.0,0.0025,0.005,20.0,4000,cond_mean,264,1.0001268103811045,1.9469628114843995,0.5187793745018672,0.0030148279995869864,0,0.06673710889111859,0.23288985714316368
1.0,0.5,2.0,2.0,0.0025,0.005,0.5,100,cond_mean,265,1.0001937802926713,2.000729964632686,0.49936771448566625,0.0028385823642173465,0,0.01403120335374289,0.24529552384878375
1.0,0.5,2.0,2.0,0.0025,0.005,1.0,200,cond_mean,265,0.9998732489117925,1.99842623991891,0.4967181299152927,0.002624763005264155,0,0.013628131178557363,0.24529552384878375
1.0,0.5,2.0,2.0,0.0025,0.005,2.0,400,cond_mean,265,0.9994721058746466,2.006962168397451,0.48572440642996983,0.0023822566796848537,0,0.02272176180256001,0.24529552384878375
1.0,0.5,2.0,2.0,0.0025,0.005,3.5,700,cond_mean,265,1.0003214987512077,2.0085536688379397,0.5038063415251322,0.002368016267546884,0,0.01589419536508381,0.24529552384878375
1.0,0.5,2.0,2.0,0.0025,0.005,5.0,1000,cond_mean,265,0.999914217673664,2.0088752759303143,0.5019960153762003,0.0020805627229053404,0,0.01473651281724518,0.24529552384878375
1.0,0.5,2.0,2.0,0.0025,0.005,10.0,2000,cond_mean,265,1.000030836663449,1.9977182002199398,0.49940913028724515,0.0018551924607653496,0,0.009511301125503234,0.24529552384878375
1.0,0.5,2.0,2.0,0.0025,0.005,20.0,4000,cond_mean,265,0.9997610803822083,1.9956872429420336,0.5065104983351918,0.0024404049165823688,0,0.015851138626124056,0.24529552384878375
1.0,0.5,2.0,2.0,0.0025,0.005,0.5,100,cond_mean,266,1.0002051982540452,2.002803431138879,0.505418836483247,0.001520077828261041,0,0.01054526199875337,0.2646133512857237
1.0,0.5,2.0,2.0,0.0025,0.005,1.0,200,cond_mean,266,1.0001369497075188,2.006395368949015,0.5011144590718118,0.002035856798186273,0,0.012487897597929287,0.2646133512857237
1.0,0.5,2.0,2.0,0.0025,0.005,2.0,400,cond_mean,266,1.00004872215434,2.0009052113274786,0.4990441882390099,0.00248402914912985,0,0.012306805246180082,0.2646133512857237
1.0,0.5,2.0,2.0,0.0025,0.005,3.5,700,cond_mean,266,0.9994940607917681,2.027371399478033,0.4877194996165861,0.0023770925016875204,0,0.03707082603167967,0.2646133512857237
1.0,0.5,2.0,2.0,0.0025,0.005,5.0,1000,cond_mean,266,0.9997798379127578,2.005896534631786,0.4968855597828562,0.0016919928564867806,0,0.011366095220730435,0.2646133512857237
1.0,0.5,2.0,2.0,0.0025,0.005,10.0,2000,cond_mean,266,0.9998980514853804,2.0132620010619577,0.5024616360660566,0.002509066025021349,0,0.01995082402559703,0.2646133512857237
1.0,0.5,2.0,2.0,0.0025,0.005,20.0,4000,cond_mean,266,0.9998892590884483,2.0353133884205747,0.5011095257978654,0.0016697754437811757,0,0.041608890319422165,0.2646133512857237
1.0,0.5,2.0,2.0,0.0025,0.005,0.5,100,cond_mean,267,1.0002011452599675,1.998859098762689,0.5033331975527752,0.002075300653973743,0,0.011029886729011455,0.23934647013499802
1.0,0.5,2.0,2.0,0.0025,0.005,1.0,200,cond_mean,267,1.0002001968717182,1.997824424863246,0.5061074133546153,0.002427807092355962,0,0.014366822485873386,0.23934647013499802
1.0,0.5,2.0,2.0,0.0025,0.005,2.0,400,cond_mean,267,0.9999976036450937,2.0010795852317855,0.5069055338857997,0.0015716961821654175,0,0.011932427562100228,0.23934647013499802
1.0,0.5,2.0,2.0,0.0025,0.005,3.5,700,cond_mean,267,1.0000678814786594,2.012156667021401,0.5095138874032501,0.0017937365954425787,0,0.020615830051115516,0.23934647013499802
1.0,0.5,2.0,2.0,0.0025,0.005,5.0,1000,cond_mean,267,1.0000847715045305,2.0098341909648973,0.5034158614106312,0.0028898031031370157,0,0.018679016443108674,0.23934647013499802
1.0,0.5,2.0,2.0,0.0025,0.005,10.0,2000,cond_mean,267,1.0002862020965655,2.0085009713162534,0.5044574578265615,0.0027408469917511585,0,0.017493690286078202,0.23934647013499802
1.0,0.5,2.0,2.0,0.0025,0.005,20.0,4000,cond_mean,267,0.9999778092073381,2.0426556782981904,0.5015074063971774,0.0032979894952152506,0,0.05186670091434221,0.23934647013499802
1.0,0.5,2.0,2.0,0.0025,0.005,0.5,100,cond_mean,268,0.9998232989542953,2.0049501310149758,0.49854403120312246,0.0019385438497715073,0,0.011222485759830161,0.24148701201193035
1.0,0.5,2.0,2.0,0.0025,0.005,1.0,200,cond_mean,268,0.9998417529168868,1.9976475655715298,0.4950489940201825,0.001695802086509736,0,0.010717744009627852,0.24148701201193035
1.0,0.5,2.0,2.0,0.0025,0.005,2.0,400,cond_mean,268,1.0002745242100917,1.993459571498591,0.5048154442603253,0.0022049559543705563,0,0.014438361927736607,0.24148701201193035
1.0,0.5,2.0,2.0,0.0025,0.005,3.5,700,cond_mean,268,0.9999235172792881,2.008539460268855,0.499492032301315,0.0020587324046172175,0,0.01413019274773059,0.24148701201193035
1.0,0.5,2.0,2.0,0.0025,0.005,5.0,1000,cond_mean,268,0.9999524032267314,1.9922855954293281,0.5104196087989921,0.002293672686090594,0,0.019880707169881787,0.24148701201193035
1.0,0.5,2.0,2.0,0.0025,0.005,10.0,2000,cond_mean,268,1.0002235090561078,1.9853717128933575,0.511761412292699,0.0016246919066801424,0,0.023830416217697627,0.24148701201193035
1.0,0.5,2.0,2.0,0.0025,0.005,20.0,4000,cond_mean,268,1.0000913869493924,2.0100127798880005,0.5094091250440896,0.002474509884343776,0,0.020702388275826593,0.24148701201193035
1.0,0.5,2.0,2.0,0.0025,0.005,0.5,100,cond_mean,269,0.9998021897687243,1.9984472580566426,0.4928929988613672,0.0016021944669552307,0,0.01203647392594766,0.24204079756912375
1.0,0.5,2.0,2.0,0.0025,0.005,1.0,200,cond_mean,269,0.9998548178099812,1.9974199042091765,0.48740720962091183,0.002023117639353742,0,0.019326828504693968,0.24204079756912375
1.0,0.5,2.0,2.0,0.0025,0.005,2.0,400,cond_mean,269,0.9999105794970478,1.986291610500522,0.500193324230718,0.0015638575234570608,0,0.01759638461063069,0.24204079756912375
1.0,0.5,2.0,2.0,0.0025,0.005,3.5,700,cond_mean,269,1.0001186356518292,1.9967307705214759,0.5093735424053105,0.001573926562370401,0,0.014763325294579218,0.24204079756912375
1.0,0.5,2.0,2.0,0.0025,0.005,5.0,1000,cond_mean,269,1.000648323369714,1.9951758170499596,0.5094739611515029,0.0028284067547997955,0,0.01879411610569624,0.24204079756912375
1.0,0.5,2.0,2.0,0.0025,0.005,10.0,2000,cond_mean,269,0.9997731310599334,1.9785896543771064,0.49173779676194207,0.0015580156301297527,0,0.02798386962841621,0.24204079756912375
1.0,0.5,2.0,2.0,0.0025,0.005,20.0,4000,cond_mean,269,1.0002762969358148,1.9264190555854672,0.5131855855097922,0.00278942147183862,0,0.08695703520089691,0.24204079756912375
1.0,0.5,2.0,2.0,0.0025,0.005,0.5,100,cond_mean,270,0.9998430380727501,2.00092409854777,0.49837728298224987,0.0019849818892256404,0,0.0099794389934467,0.23258472614855105
1.0,0.5,2.0,2.0,0.0025,0.005,1.0,200,cond_mean,270,1.0001168090444281,2.0064249023370793,0.4999484804193699,0.002199279190045893,0,0.013106177357091253,0.23258472614855105
1.0,0.5,2.0,2.0,0.0025,0.005,2.0,400,cond_mean,270,1.0000094740319572,2.0137594858301777,0.4967134497028561,0.0025013949557874007,0,0.02058249418459063,0.23258472614855105
1.0,0.5,2.0,2.0,0.0025,0.005,3.5,700,cond_mean,270,1.0001079328275595,2.0422375824121297,0.5019305803037979,0.0022710787635470357,0,0.050020890976123014,0.23258472614855105
1.0,0.5,2.0,2.0,0.0025,0.005,5.0,1000,cond_mean,270,1.00015343244963,2.0314441202658142,0.500470802226808,0.002546982321590226,0,0.0383813396121813,0.23258472614855105
1.0,0.5,2.0,2.0,0.0025,0.005,10.0,2000,cond_mean,270,1.0002393531980331,2.012743703752585,0.5033626063235587,0.0017611483877262493,0,0.017514026139782386,0.23258472614855105
1.0,0.5,2.0,2.0,0.0025,0.005,20.0,4000,cond_mean,270,0.9996498949305779,2.054864938907774,0.4963411622763386,0.0022110923901134984,0,0.06451329282332205,0.23258472614855105
1.0,0.5,2.0,2.0,0.0025,0.005,0.5,100,cond_mean,271,1.0001606438398023,1.9966072630699478,0.4999350782182193,0.0015037149215536142,0,0.008393290480365084,0.23492024998579705
1.0,0.5,2.0,2.0,0.0025,0.005,1.0,200,cond_mean,271,1.000154525812828,1.9965236537429734,0.4997117372910936,0.001689375226477313,0,0.00926047380635154,0.23492024998579705
1.0,0.5,2.0,2.0,0.0025,0.005,2.0,400,cond_mean,271,1.0001549370634413,1.9810093944803524,0.5012105772710495,0.0019969213918106647,0,0.02403821512032749,0.23492024998579705
1.0,0.5,2.0,2.0,0.0025,0.005,3.5,700,cond_mean,271,0.999747408356075,1.9905267379460956,0.4976008403888451,0.002160150373119724,0,0.015502234978548633,0.23492024998579705
1.0,0.5,2.0,2.0,0.0025,0.005,5.0,1000,cond_mean,271,0.9996919164494695,1.9901339204370783,0.49373103836214477,0.003330745156022947,0,0.021406422974561325,0.23492024998579705
1.0,0.5,2.0,2.0,0.0025,0.005,10.0,2000,cond_mean,271,1.0002229687185014,1.9878346630918486,0.5016909361095749,0.0018752315562898048,0,0.01689164754398302,0.23492024998579705
1.0,0.5,2.0,2.0,0.0025,0.005,20.0,4000,cond_mean,271,0.9998397262099612,1.9452559075831477,0.4921789865997748,0.0018098666942242706,0,0.06480736201367485,0.23492024998579705
1.0,0.5,2.0,2.0,0.0025,0.005,0.5,100,cond_mean,272,0.9999426291344413,1.996803196829804,0.5015957535013212,0.0016164853715021999,0,0.009025528863399145,0.2352907142901261
1.0,0.5,2.0,2.0,0.0025,0.005,1.0,200,cond_mean,272,0.9999733328327304,1.9888547948208462,0.5062800245220709,0.0022743531739342977,0,0.018949246952083037,0.2352907142901261
1.0,0.5,2.0,2.0,0.0025,0.005,2.0,400,cond_mean,272,0.999674388212301,1.9854099462265282,0.5008853988244588,0.0036471926874460446,0,0.024694700414801294,0.2352907142901261
1.0,0.5,2.0,2.0,0.0025,0.005,3.5,700,cond_mean,272,1.0001929869827333,1.9732073181127527,0.50888942850512,0.0016322478300260649,0,0.0337356407061523,0.2352907142901261
1.0,0.5,2.0,2.0,0.0025,0.005,5.0,1000,cond_mean,272,1.0002586553530715,1.9724311198353457,0.5111880700807527,0.002333624702250538,0,0.036548490384497485,0.2352907142901261
1.0,0.5,2.0,2.0,0.0025,0.005,10.0,2000,cond_mean,272,0.999969869127587,1.9475380995778806,0.4963074050488247,0.001841212919707674,0,0.06151487629890197,0.2352907142901261
1.0,0.5,2.0,2.0,0.0025,0.005,20.0,4000,cond_mean,272,0.9999628069224179,1.9444694220877827,0.4937447318928076,0.003367054463125867,0,0.06679498728185511,0.2352907142901261
1.0,0.5,2.0,2.0,0.0025,0.005,0.5,100,cond_mean,273,0.9999451532837195,1.9951515709820937,0.5016260292328855,0.0019779596590409386,0,0.011429473540541968,0.2327574642840773
1.0,0.5,2.0,2.0,0.0025,0.005,1.0,200,cond_mean,273,0.9998700135828036,2.0089805439288804,0.5004337643580704,0.0017781981762538773,0,0.013587757017243428,0.2327574642840773
1.0,0.5,2.0,2.0,0.0025,0.005,2.0,400,cond_mean,273,1.0002300813769955,2.024940364522365,0.5002768551010107,0.0024260652069244206,0,0.031169108041958975,0.2327574642840773
1.0,0.5,2.0,2.0,0.0025,0.005,3.5,700,cond_mean,273,1.0001054130829392,2.027322961497771,0.4965466632425096,0.003094043761991795,0,0.035332363645429084,0.2327574642840773
1.0,0.5,2.0,2.0,0.0025,0.005,5.0,1000,cond_mean,273,1.0003808442898783,2.016178541861798,0.5032506632400447,0.0019160830917791024,0,0.021248759791825823,0.2327574642840773
1.0,0.5,2.0,2.0,0.0025,0.005,10.0,2000,cond_mean,273,0.9997077474120375,2.04098466982311,0.5044363233347762,0.0026001915553193044,0,0.049385631229015854,0.2327574642840773
1.0,0.5,2.0,2.0,0.0025,0.005,20.0,4000,cond_mean,273,0.999995915001998,2.0061020490519668,0.5006623728748935,0.002329117432862085,0,0.013446684133453223,0.2327574642840773
1.0,0.5,2.0,2.0,0.0025,0.005,0.5,100,cond_mean,274,0.9999686208576642,2.0101629246678803,0.49713946373126927,0.0023274567025265043,0,0.016776555789314803,0.2553609524288082
1.0,0.5,2.0,2.0,0.0025,0.005,1.0,200,cond_mean,274,0.9998935750270536,2.0145079932555374,0.4919803582691605,0.0028989895465668116,0,0.02425307788866909,0.2553609524288082
1.0,0.5,2.0,2.0,0.0025,0.005,2.0,400,cond_mean,274,1.0000500479635799,2.027930240565712,0.49162708783190295,0.003692809026795916,0,0.038620474984734476,0.2553609524288082
1.0,0.5,2.0,2.0,0.0025,0.005,3.5,700,cond_mean,274,1.0003030350575148,2.02609251459931,0.5025867609397594,0.0030444906970400606,0,0.0337500421134193,0.2553609524288082
1.0,0.5,2.0,2.0,0.0025,0.005,5.0,1000,cond_mean,274,1.0001106866658385,2.022604709523379,0.490091495809373,0.001754206312817124,0,0.030645811431460893,0.2553609524288082
1.0,0.5,2.0,2.0,0.0025,0.005,10.0,2000,cond_mean,274,1.0004580571724742,2.0210008025496795,0.5035983385695058,0.0017722847178941127,0,0.02605399606478851,0.2553609524288082
1.0,0.5,2.0,2.0,0.0025,0.005,20.0,4000,cond_mean,274,0.9999455983293045,2.034368336272484,0.49638760143956473,0.0030063639452764996,0,0.042601022803161186,0.2553609524288082
1.0,0.5,2.0,2.0,0.0025,0.005,0.5,100,cond_mean,275,0.9999699496055727,1.9912508937329048,0.507947908025119,0.0014684465098110501,0,0.01620061208675371,0.23996597029534833
1.0,0.5,2.0,2.0,0.0025,0.005,1.0,200,cond_mean,275,0.9998300915565422,1.9818942795780397,0.5013530806487705,0.0017439567426704911,0,0.022692815351249375,0.23996597029534833
1.0,0.5,2.0,2.0,0.0025,0.005,2.0,400,cond_mean,275,0.9997559853467133,1.9805778363396593,0.5095687988066504,0.0017652286986617656,0,0.027235234974402372,0.23996597029534833
1.0,0.5,2.0,2.0,0.0025,0.005,3.5,700,cond_mean,275,1.0000880624119444,1.9757186133659823,0.5171296847355382,0.0015325019653929831,0,0.036345083386281396,0.23996597029534833
1.0,0.5,2.0,2.0,0.0025,0.005,5.0,1000,cond_mean,275,1.0003473179790685,1.9902498116039156,0.5157274363053055,0.003335762349389209,0,0.027989727648455594,0.23996597029534833
1.0,0.5,2.0,2.0,0.0025,0.005,10.0,2000,cond_mean,275,0.9997690317401277,2.0083025413333804,0.5026884181473641,0.0022317940314804437,0,0.01513774993410544,0.23996597029534833
1.0,0.5,2.0,2.0,0.0025,0.005,20.0,4000,cond_mean,275,1.000070128262875,2.018364194877213,0.500314965907227,0.001276439360311569,0,0.0221110223929514,0.23996597029534833
1.0,0.5,2.0,2.0,0.0025,0.005,0.5,100,cond_mean,276,1.0000320161758078,2.002681909654609,0.49666579591488313,0.00222533419210379,0,0.012182542941235542,0.23514005357200013
1.0,0.5,2.0,2.0,0.0025,0.005,1.0,200,cond_mean,276,1.0000503612402722,2.0002639545486165,0.4987992007514873,0.0014368935512682603,0,0.007256787217338558,0.23514005357200013
1.0,0.5,2.0,2.0,0.0025,0.005,2.0,400,cond_mean,276,1.0002348695009553,2.0046511639528983,0.5020093320811312,0.001957529948444467,0,0.011244172509965775,0.23514005357200013
1.0,0.5,2.0,2.0,0.0025,0.005,3.5,700,cond_mean,276,1.0002309936617846,2.045501782207493,0.5013465133228181,0.002113571504910546,0,0.053557171344587505,0.23514005357200013
1.0,0.5,2.0,2.0,0.0025,0.005,5.0,1000,cond_mean,276,1.000236687587598,2.0477196300774283,0.5118961375182374,0.001997148291179555,0,0.05769334065325926,0.23514005357200013
1.0,0.5,2.0,2.0,0.0025,0.005,10.0,2000,cond_mean,276,1.0003164572274068,2.0292980592291907,0.5079074950736127,0.002572500596964418,0,0.03724614783622958,0.23514005357200013
1.0,0.5,2.0,2.0,0.0025,0.005,20.0,4000,cond_mean,276,1.0003212962379753,2.0289343810490235,0.5077241130983702,0.001893675619506505,0,0.035845537860479344,0.23514005357200013
1.0,0.5,2.0,2.0,0.0025,0.005,0.5,100,cond_mean,277,1.000120149724704,1.9762907253505677,0.506060313280966,0.0033801912816475623,0,0.032939350057234563,0.23189524399848388
1.0,0.5,2.0,2.0,0.0025,0.005,1.0,200,cond_mean,277,1.0000056525458914,1.9716733471626482,0.500650519246832,0.002402688373968217,0,0.03476814920430712,0.23189524399848388
1.0,0.5,2.0,2.0,0.0025,0.005,2.0,400,cond_mean,277,1.0001637667297216,1.974398960423589,0.4982154272972832,0.0026109981295992014,0,0.032338056231277265,0.23189524399848388
1.0,0.5,2.0,2.0,0.0025,0.005,3.5,700,cond_mean,277,0.9997390916317265,1.9801355045911762,0.4965328849271793,0.0024074046960572415,0,0.026185399066115646,0.23189524399848388
1.0,0.5,2.0,2.0,0.0025,0.005,5.0,1000,cond_mean,277,0.9997556063283835,1.9534048835319333,0.49774836351928226,0.002387994078208373,0,0.05521577990675195,0.23189524399848388
1.0,0.5,2.0,2.0,0.0025,0.005,10.0,2000,cond_mean,277,1.000131328054191,1.9536475415875505,0.507854417486628,0.002153417812422441,0,0.05530498639223252,0.23189524399848388
1.0,0.5,2.0,2.0,0.0025,0.005,20.0,4000,cond_mean,277,0.999973738450822,1.9514275466042925,0.5061107794813323,0.0021299539040680786,0,0.0574020276860909,0.23189524399848388
1.0,0.5,2.0,2.0,0.0025,0.005,0.5,100,cond_mean,278,1.0003560917479366,2.000588605024943,0.5054810293498077,0.0022801204923701074,0,0.01300422166098451,0.2318354761394273
1.0,0.5,2.0,2.0,0.0025,0.005,1.0,200,cond_mean,278,1.0003518047034474,2.0069992685563323,0.5063919554806384,0.001471293408442606,0,0.013324991367394982,0.2318354761394273
1.0,0.5,2.0,2.0,0.0025,0.005,2.0,400,cond_mean,278,1.000093126275084,2.0091199407475084,0.4987862757200555,0.0015790513082875842,0,0.013210268767206747,0.2318354761394273
1.0,0.5,2.0,2.0,0.0025,0.005,3.5,700,cond_mean,278,1.0002091008223262,2.010784337286337,0.4988570028063676,0.002380976934683339,0,0.0172061660725782,0.2318354761394273
1.0,0.5,2.0,2.0,0.0025,0.005,5.0,1000,cond_mean,278,0.99995540324017,2.018606132845389,0.4975299404501419,0.0016627562010358334,0,0.023212988863556144,0.2318354761394273
1.0,0.5,2.0,2.0,0.0025,0.005,10.0,2000,cond_mean,278,0.9998637848276205,2.0348824766135634,0.5170768955249838,0.0030998944397822737,0,0.04807499698734312,0.2318354761394273
1.0,0.5,2.0,2.0,0.0025,0.005,20.0,4000,cond_mean,278,1.0000893440348868,2.045940932983319,0.5054019655438239,0.0019803657218446244,0,0.05419641341121468,0.2318354761394273
1.0,0.5,2.0,2.0,0.0025,0.005,0.5,100,cond_mean,279,1.000142967366604,2.0004244723677806,0.5040095139461416,0.0015490085241060545,0,0.0091009113207611,0.23108817256122297
1.0,0.5,2.0,2.0,0.0025,0.005,1.0,200,cond_mean,279,0.9999980658479128,1.9906198530236927,0.504807507146083,0.002065381863862622,0,0.016122547066176735,0.23108817256122297
1.0,0.5,2.0,2.0,0.0025,0.005,2.0,400,cond_mean,279,1.0001801219160267,1.9995017596234554,0.5079112851348697,0.0018635936681136833,0,0.01355012344277657,0.23108817256122297
1.0,0.5,2.0,2.0,0.0025,0.005,3.5,700,cond_mean,279,1.00033713576081,1.9821744505111931,0.5136934137401731,0.0020953177212382425,0,0.02863404228325345,0.23108817256122297
1.0,0.5,2.0,2.0,0.0025,0.005,5.0,1000,cond_mean,279,1.00042904038251,1.973436593586401,0.510795411540388,0.0024737993405038556,0,0.035399569309278754,0.23108817256122297
1.0,0.5,2.0,2.0,0.0025,0.005,10.0,2000,cond_mean,279,0.9998643826340575,1.9539196682677131,0.49117038142081015,0.0015123577147224856,0,0.05515802004782395,0.23108817256122297
1.0,0.5,2.0,2.0,0.0025,0.005,20.0,4000,cond_mean,279,1.0001711782271876,1.9634769250263753,0.5069861845054366,0.0018275375891145858,0,0.04387807028838935,0.23108817256122297
1.0,0.5,2.0,2.0,0.0025,0.005,0.5,100,cond_mean,280,1.0000121808464084,2.0010103650503845,0.5025749590078123,0.0018111285094056415,0,0.009563100188508554,0.23162467855893606
1.0,0.5,2.0,2.0,0.0025,0.005,1.0,200,cond_mean,280,1.000162474273796,2.0097758134960406,0.505779498152698,0.001558849137225376,0,0.015427889622146468,0.23162467855893606
1.0,0.5,2.0,2.0,0.0025,0.005,2.0,400,cond_mean,280,1.0002425917483495,2.0099828070472383,0.5096264538066835,0.0014492683326703829,0,0.01812819192276663,0.23162467855893606
1.0,0.5,2.0,2.0,0.0025,0.005,3.5,700,cond_mean,280,1.0000373797354052,2.0084185149747142,0.5049789277145581,0.0014869927615858104,0,0.013715073167439954,0.23162467855893606
1.0,0.5,2.0,2.0,0.0025,0.005,5.0,1000,cond_mean,280,0.9996515860535897,1.987799363811504,0.4945248966162789,0.0025859469619884043,0,0.0201215683169465,0.23162467855893606
1.0,0.5,2.0,2.0,0.0025,0.005,10.0,2000,cond_mean,280,0.9998300976410618,1.9955639686819897,0.4922440000641687,0.0018660694377868406,0,0.014412532311146633,0.23162467855893606
1.0,0.5,2.0,2.0,0.0025,0.005,20.0,4000,cond_mean,280,0.9998285959988755,1.998135637467362,0.4951615939574808,0.0017662021217946927,0,0.010778700661147994,0.23162467855893606
1.0,0.5,2.0,2.0,0.0025,0.005,0.5,100,cond_mean,281,0.9999384410261775,1.993430970106679,0.5016878285530658,0.0016145959437624184,0,0.011216700419775892,0.23209170242106275
1.0,0.5,2.0,2.0,0.0025,0.005,1.0,200,cond_mean,281,0.9998783436060716,1.999434901979347,0.49746338146757796,0.0020713792914454987,0,0.010645961093817304,0.23209170242106275
1.0,0.5,2.0,2.0,0.0025,0.005,2.0,400,cond_mean,281,1.0001114576178187,2.001071426881581,0.5051381513145701,0.0018444676218603586,0,0.011218537985073482,0.23209170242106275
1.0,0.5,2.0,2.0,0.0025,0.005,3.5,700,cond_mean,281,0.9998543404183368,2.008887512004602,0.49572400204513567,0.002708708778686562,0,0.017592942845279715,0.23209170242106275
1.0,0.5,2.0,2.0,0.0025,0.005,5.0,1000,cond_mean,281,0.999986412306396,1.9822583215806442,0.5106845308261853,0.001987541301576351,0,0.02648200517752995,0.23209170242106275
1.0,0.5,2.0,2.0,0.0025,0.005,10.0,2000,cond_mean,281,0.9998103862400697,2.0078782358709337,0.4991756194059772,0.0015292711418448744,0,0.011842555437821381,0.23209170242106275
1.0,0.5,2.0,2.0,0.0025,0.005,20.0,4000,cond_mean,281,1.0000140941344375,1.9883978752333706,0.5059926131231187,0.002352594361847245,0,0.019250596463961975,0.23209170242106275
1.0,0.5,2.0,2.0,0.0025,0.005,0.5,100,cond_mean,282,1.000003675205166,2.013671550206301,0.494401542979953,0.001630226078342796,0,0.019205787671380627,0.23343584515220886
1.0,0.5,2.0,2.0,0.0025,0.005,1.0,200,cond_mean,282,1.0003214657071031,2.019648541467216,0.5012623113688791,0.002136121470654913,0,0.02503180075693777,0.23343584515220886
1.0,0.5,2.0,2.0,0.0025,0.005,2.0,400,cond_mean,282,1.0001130228801967,2.009852371070292,0.4991569784290375,0.0020725014981415693,0,0.015327323446346018,0.23343584515220886
1.0,0.5,2.0,2.0,0.0025,0.005,3.5,700,cond_mean,282,1.0001608985790953,2.0448170606994687,0.503014445098982,0.0036464988537742143,0,0.054836686806226546,0.23343584515220886
1.0,0.5,2.0,2.0,0.0025,0.005,5.0,1000,cond_mean,282,1.0001348154656438,2.031890376407952,0.49620227094086133,0.0019563713240410984,0,0.03846414579814984,0.23343584515220886
1.0,0.5,2.0,2.0,0.0025,0.005,10.0,2000,cond_mean,282,0.999292635877927,2.0163111228594115,0.4841017415819942,0.0024860457701709865,0,0.029881650353872545,0.23343584515220886
1.0,0.5,2.0,2.0,0.0025,0.005,20.0,4000,cond_mean,282,0.9994508984486815,2.0028387977939657,0.4976022770189922,0.004060815240213594,0,0.02043202194611441,0.23343584515220886
1.0,0.5,2.0,2.0,0.0025,0.005,0.5,100,cond_mean,283,1.0001036239196646,2.003446239138211,0.5040754694878231,0.0019307467136541476,0,0.01148590495565127,0.23329402371642313
1.0,0.5,2.0,2.0,0.0025,0.005,1.0,200,cond_mean,283,1.0000119296489913,2.0021758056763677,0.5035410694136423,0.0015095638767741127,0,0.009082770395756931,0.23329402371642313
1.0,0.5,2.0,2.0,0.0025,0.005,2.0,400,cond_mean,283,0.999907263177994,2.0157521985613465,0.49772517301677116,0.003213027509370719,0,0.024219090546052757,0.23329402371642313
1.0,0.5,2.0,2.0,0.0025,0.005,3.5,700,cond_mean,283,0.9999861237448083,1.9851591863563436,0.5063417889996968,0.0013925184638196003,0,0.020158422063457828,0.23329402371642313
1.0,0.5,2.0,2.0,0.0025,0.005,5.0,1000,cond_mean,283,0.9999556117334248,1.9745405394205526,0.499591317467916,0.0018340033022220064,0,0.030753803929707908,0.23329402371642313
1.0,0.5,2.0,2.0,0.0025,0.005,10.0,2000,cond_mean,283,1.0000330057806623,1.9674930657564973,0.5034052141521561,0.0015147478913010936,0,0.03843959048811965,0.23329402371642313
1.0,0.5,2.0,2.0,0.0025,0.005,20.0,4000,cond_mean,283,0.999884254733048,1.9636307313815342,0.5005629522188803,0.001531805669104848,0,0.04267104686795371,0.23329402371642313
1.0,0.5,2.0,2.0,0.0025,0.005,0.5,100,cond_mean,284,0.9999419491345503,2.000535841542328,0.49661204349494364,0.0016482537585886096,0,0.009192870356343731,0.23400147028067814
1.0,0.5,2.0,2.0,0.0025,0.005,1.0,200,cond_mean,284,0.9998877106020865,1.987268433108627,0.49210083842512664,0.0019015520066193088,0,0.020224826330394144,0.23400147028067814
1.0,0.5,2.0,2.0,0.0025,0.005,2.0,400,cond_mean,284,0.9997627657119782,2.0054860897306814,0.49261633258884446,0.0032636019176569726,0,0.019502319427099648,0.23400147028067814
1.0,0.5,2.0,2.0,0.0025,0.005,3.5,700,cond_mean,284,0.9999675436151951,1.9909893692445348,0.4905239503531925,0.0019644234680569464,0,0.018905492085439665,0.23400147028067814
1.0,0.5,2.0,2.0,0.0025,0.005,5.0,1000,cond_mean,284,0.9999234738436419,1.992035747822962,0.49330456881285994,0.0023046599533104602,0,0.01698541895583088,0.23400147028067814
1.0,0.5,2.0,2.0,0.0025,0.005,10.0,2000,cond_mean,284,1.0001201935903505,1.9891818721390537,0.5018147653228614,0.0016281189286415378,0,0.014983835063746192,0.23400147028067814
1.0,0.5,2.0,2.0,0.0025,0.005,20.0,4000,cond_mean,284,1.0001527359108857,1.9636874189224025,0.5132337831479561,0.001986631883123307,0,0.045999436065060705,0.23400147028067814
1.0,0.5,2.0,2.0,0.0025,0.005,0.5,100,cond_mean,285,0.9998245254695387,2.005551839077389,0.5011672715469748,0.0021408190896631844,0,0.012477473248916944,0.23482328571844846
1.0,0.5,2.0,2.0,0.0025,0.005,1.0,200,cond_mean,285,0.9996457822828783,2.000991861359893,0.5005726278184565,0.00207254231550975,0,0.010461882871762003,0.23482328571844846
1.0,0.5,2.0,2.0,0.0025,0.005,2.0,400,cond_mean,285,0.9997798724597194,2.0137447482166926,0.5055175712261407,0.0017488494145223795,0,0.019616741700465498,0.23482328571844846
1.0,0.5,2.0,2.0,0.0025,0.005,3.5,700,cond_mean,285,1.0001615691493349,2.004578640938502,0.5094939006472564,0.0019314881678545073,0,0.016251435254617055,0.23482328571844846
1.0,0.5,2.0,2.0,0.0025,0.005,5.0,1000,cond_mean,285,1.0001424011451194,2.0027499113624176,0.5085596991797339,0.001963861067034287,0,0.014890344601897258,0.23482328571844846
1.0,0.5,2.0,2.0,0.0025,0.005,10.0,2000,cond_mean,285,1.0000326223618605,1.991804375498051,0.4933654317409507,0.0013716680299568418,0,0.014568908639076983,0.23482328571844846
1.0,0.5,2.0,2.0,0.0025,0.005,20.0,4000,cond_mean,285,0.9997338215479576,2.023705440095275,0.4984206014536055,0.0026186816162682806,0,0.030314141659595267,0.23482328571844846
1.0,0.5,2.0,2.0,0.0025,0.005,0.5,100,cond_mean,286,1.000008065090379,2.0197399770967306,0.49893452222095985,0.0015473405336815561,0,0.024077050189242555,0.23147083928675524
1.0,0.5,2.0,2.0,0.0025,0.005,1.0,200,cond_mean,286,1.0000398843499632,2.011306901114745,0.49598818842739545,0.0018620329154295076,0,0.016842329091481284,0.23147083928675524
1.0,0.5,2.0,2.0,0.0025,0.005,2.0,400,cond_mean,286,0.9999648054582974,2.0175205906820426,0.5011563862358372,0.0019526627674231415,0,0.022436647563096,0.23147083928675524
1.0,0.5,2.0,2.0,0.0025,0.005,3.5,700,cond_mean,286,0.999706316331055,2.0369649103024794,0.49523390469767686,0.002031539110483627,0,0.04427208399128592,0.23147083928675524
1.0,0.5,2.0,2.0,0.0025,0.005,5.0,1000,cond_mean,286,0.9999465565008253,2.0258434364865794,0.5075577337728951,0.0016554614383742468,0,0.03241138650198247,0.23147083928675524
1.0,0.5,2.0,2.0,0.0025,0.005,10.0,2000,cond_mean,286,1.000613641178451,1.9766699484898111,0.5227646657177624,0.0033143726296986126,0,0.04238116635267616,0.23147083928675524
1.0,0.5,2.0,2.0,0.0025,0.005,20.0,4000,cond_mean,286,0.9998845330205874,1.9714195207433787,0.4925207355305351,0.001969855531104167,0,0.03585271278484354,0.23147083928675524
1.0,0.5,2.0,2.0,0.0025,0.005,0.5,100,cond_mean,287,1.0001647433237941,2.0100295877229577,0.4987142492877062,0.0014999389236839964,0,0.013893330089115731,0.23047169056787556
1.0,0.5,2.0,2.0,0.0025,0.005,1.0,200,cond_mean,287,1.0002690188049983,2.0096791230549913,0.5042700650774293,0.0018878942775050458,0,0.015395620484747076,0.23047169056787556
1.0,0.5,2.0,2.0,0.0025,0.005,2.0,400,cond_mean,287,1.000125705224757,2.0044164500175796,0.5039160431219634,0.0011761482502273153,0,0.009109648864605635,0.23047169056787556
1.0,0.5,2.0,2.0,0.0025,0.005,3.5,700,cond_mean,287,0.9999791675770852,1.9942136961061803,0.5056640847498939,0.0032099455892792,0,0.018682011002861872,0.23047169056787556
1.0,0.5,2.0,2.0,0.0025,0.005,5.0,1000,cond_mean,287,1.0000008752444167,1.9936303916823908,0.5093039387155748,0.00259109532886464,0,0.01907580011463287,0.23047169056787556
1.0,0.5,2.0,2.0,0.0025,0.005,10.0,2000,cond_mean,287,1.0001348687058669,1.9729805589737348,0.49362779660993783,0.0016233679169807994,0,0.033430220395282984,0.23047169056787556
1.0,0.5,2.0,2.0,0.0025,0.005,20.0,4000,cond_mean,287,0.9998644756619464,1.9522017577775097,0.5050789740455108,0.0016189983539747562,0,0.05606439673425992,0.23047169056787556
1.0,0.5,2.0,2.0,0.0025,0.005,0.5,100,cond_mean,288,1.0000403200354326,2.0031874514808665,0.4986207509783714,0.0012703876839904287,0,0.0074857588365831555,0.22921937499527953
1.0,0.5,2.0,2.0,0.0025,0.005,1.0,200,cond_mean,288,0.9999105751036832,2.0021214193323593,0.5005739449399881,0.0019003619400515019,0,0.009693290231733744,0.22921937499527953
1.0,0.5,2.0,2.0,0.0025,0.005,2.0,400,cond_mean,288,1.0000948908162366,2.0033224599781665,0.5002760104552184,0.0019784516066156206,0,0.010445211298246708,0.22921937499527953
1.0,0.5,2.0,2.0,0.0025,0.005,3.5,700,cond_mean,288,1.000201021655436,1.9973102087616261,0.5085147008873451,0.0016278633984046274,0,0.013745603622493338,0.22921937499527953
1.0,0.5,2.0,2.0,0.0025,0.005,5.0,1000,cond_mean,288,0.999928725467209,2.0008241376081646,0.5068643423239636,0.0021964647330576085,0,0.014148710007231021,0.22921937499527953
1.0,0.5,2.0,2.0,0.0025,0.005,10.0,2000,cond_mean,288,0.999918896893917,2.0189472642634456,0.5030020562101005,0.0019516304711477278,0,0.024186739392353003,0.22921937499527953
1.0,0.5,2.0,2.0,0.0025,0.005,20.0,4000,cond_mean,288,0.9998936978077767,1.978092661968469,0.4970506075023929,0.001598314327503677,0,0.026760327155899745,0.22921937499527953
1.0,0.5,2.0,2.0,0.0025,0.005,0.5,100,cond_mean,289,1.0001072087795277,1.9948907721884206,0.5040921182794673,0.002797905007054958,0,0.015784093079200107,0.22967608928281283
1.0,0.5,2.0,2.0,0.0025,0.005,1.0,200,cond_mean,289,1.0000599359662947,1.9929083833683128,0.5095292142721572,0.0017338447806722235,0,0.017033319173264158,0.22967608928281283
1.0,0.5,2.0,2.0,0.0025,0.005,2.0,400,cond_mean,289,0.9996470796282452,1.987449231817819,0.5001495204094263,0.0025435976451770267,0,0.019208033972790712,0.22967608928281283
1.0,0.5,2.0,2.0,0.0025,0.005,3.5,700,cond_mean,289,0.9997495904614693,1.9772936855024748,0.5009714472019544,0.002333764973614509,0,0.028671885935560918,0.22967608928281283
1.0,0.5,2.0,2.0,0.0025,0.005,5.0,1000,cond_mean,289,1.000203501252939,1.9776351797683969,0.5047001575999279,0.0029202793710511807,0,0.029983915677288076,0.22967608928281283
1.0,0.5,2.0,2.0,0.0025,0.005,10.0,2000,cond_mean,289,1.0001558609234886,1.9932584577563768,0.5029779198744452,0.002044108909880251,0,0.013203460867749088,0.22967608928281283
1.0,0.5,2.0,2.0,0.0025,0.005,20.0,4000,cond_mean,289,1.0004077595207284,1.976640072211543,0.4982101015666444,0.0019842926568321736,0,0.02895373800663029,0.22967608928281283
1.0,0.5,2.0,2.0,0.0025,0.005,0.5,100,cond_mean,290,0.9999504847340202,2.004595594774558,0.5009097078878739,0.0012500048908393785,0,0.008215982542554867,0.22973046430187033
1.0,0.5,2.0,2.0,0.0025,0.005,1.0,200,cond_mean,290,1.0000372669163604,2.005776716999836,0.5004104129960489,0.0017800556362109331,0,0.010997201046636599,0.22973046430187033
1.0,0.5,2.0,2.0,0.0025,0.005,2.0,400,cond_mean,290,0.9999272502164971,2.0150989567390605,0.4983505138017623,0.0016796891479436025,0,0.01940621849872696,0.22973046430187033
1.0,0.5,2.0,2.0,0.0025,0.005,3.5,700,cond_mean,290,0.9998913507206592,2.03798540623897,0.5011261783547564,0.001977454638984618,0,0.04492371308563046,0.22973046430187033
1.0,0.5,2.0,2.0,0.0025,0.005,5.0,1000,cond_mean,290,0.9999329556834019,2.041189262854592,0.5017109701273392,0.0019702031250240187,0,0.04854478888040948,0.22973046430187033
1.0,0.5,2.0,2.0,0.0025,0.005,10.0,2000,cond_mean,290,1.0003875913130267,2.0390051673887766,0.5090979481091461,0.002049060147912665,0,0.047290595535388724,0.22973046430187033
1.0,0.5,2.0,2.0,0.0025,0.005,20.0,4000,cond_mean,290,0.9997691833467796,2.0125263904916686,0.4874269199450899,0.0019197746538757376,0,0.02362695784852559,0.22973046430187033
1.0,0.5,2.0,2.0,0.0025,0.005,0.5,100,cond_mean,291,1.0001165545609079,2.0014468972763026,0.4992950155839263,0.002003518882831842,0,0.010052653518599373,0.23020904171945794
1.0,0.5,2.0,2.0,0.0025,0.005,1.0,200,cond_mean,291,1.000137931180825,2.008839177860924,0.5026744360791887,0.0017129016033224967,0,0.013608384740416486,0.23020904171945794
1.0,0.5,2.0,2.0,0.0025,0.005,2.0,400,cond_mean,291,1.000139053307997,1.99300131696404,0.5089937972102797,0.0017854053506173796,0,0.01651439301888666,0.23020904171945794
1.0,0.5,2.0,2.0,0.0025,0.005,3.5,700,cond_mean,291,1.0000761939434328,2.004375280651017,0.5111688142935503,0.002311506162167913,0,0.019030271155867057,0.23020904171945794
1.0,0.5,2.0,2.0,0.0025,0.005,5.0,1000,cond_mean,291,1.0001735495208899,1.9933616156852545,0.49732263597244025,0.0026444056020213983,0,0.015572219843141779,0.23020904171945794
1.0,0.5,2.0,2.0,0.0025,0.005,10.0,2000,cond_mean,291,1.0002993303207637,2.019919133414499,0.5110397393259561,0.0021192515841612896,0,0.02872307264059816,0.23020904171945794
1.0,0.5,2.0,2.0,0.0025,0.005,20.0,4000,cond_mean,291,0.9997651773830575,2.0440375984806445,0.505964655225091,0.002307502903074386,0,0.05264930877040732,0.23020904171945794
1.0,0.5,2.0,2.0,0.0025,0.005,0.5,100,cond_mean,292,0.9998949252891098,2.002175469575711,0.4985428268551465,0.0018585601693166592,0,0.009614564577767753,0.2306757142900356
1.0,0.5,2.0,2.0,0.0025,0.005,1.0,200,cond_mean,292,1.000117996192672,2.0027577224544664,0.4997064202409242,0.0028847404834761356,0,0.014526473612317735,0.2306757142900356
1.0,0.5,2.0,2.0,0.0025,0.005,2.0,400,cond_mean,292,0.9998177175366315,2.0004365917616274,0.49635950333163253,0.0022616107487120193,0,0.011965560723050864,0.2306757142900356
1.0,0.5,2.0,2.0,0.0025,0.005,3.5,700,cond_mean,292,0.9996557938420588,2.002866312932362,0.5013551227206358,0.002626626111504231,0,0.013624324312891468,0.2306757142900356
1.0,0.5,2.0,2.0,0.0025,0.005,5.0,1000,cond_mean,292,0.9998920122359982,2.0073052977458503,0.512331532560262,0.002078648094137805,0,0.020934830987039004,0.2306757142900356
1.0,0.5,2.0,2.0,0.0025,0.005,10.0,2000,cond_mean,292,1.0000519181769338,2.024880091389852,0.5032435152942479,0.0015520878247351174,0,0.02994861766025464,0.2306757142900356
1.0,0.5,2.0,2.0,0.0025,0.005,20.0,4000,cond_mean,292,1.0001249822588703,2.028799899880873,0.5019447012198726,0.0015829550078162676,0,0.034204432676394156,0.2306757142900356
1.0,0.5,2.0,2.0,0.0025,0.005,0.5,100,cond_mean,293,0.9996930888828209,1.9925849602670067,0.4981467727528866,0.0025857202744806337,0,0.015461729720670498,0.23113564285449684
1.0,0.5,2.0,2.0,0.0025,0.005,1.0,200,cond_mean,293,1.0001511665811622,1.9794323980040773,0.5053701282000471,0.0020821286528001533,0,0.026698672141354716,0.23113564285449684
1.0,0.5,2.0,2.0,0.0025,0.005,2.0,400,cond_mean,293,1.0002560873272044,1.9880294161351333,0.49972388648286764,0.002087043534697471,0,0.01726057616162855,0.23113564285449684
1.0,0.5,2.0,2.0,0.0025,0.005,3.5,700,cond_mean,293,0.999891270867379,2.006437005090104,0.493496609241149,0.0023807543724344536,0,0.016148381674354895,0.23113564285449684
1.0,0.5,2.0,2.0,0.0025,0.005,5.0,1000,cond_mean,293,1.0002470969583461,2.0249086048687905,0.5013368728109654,0.0022753044829917587,0,0.030887540711485067,0.23113564285449684
1.0,0.5,2.0,2.0,0.0025,0.005,10.0,2000,cond_mean,293,1.0000392943056058,1.999347627965929,0.48814215785935067,0.00234453959139097,0,0.01950347562828132,0.23113564285449684
1.0,0.5,2.0,2.0,0.0025,0.005,20.0,4000,cond_mean,293,1.000072554391687,1.9623515392595057,0.5056421910262328,0.0018266761369115567,0,0.044900432022191114,0.23113564285449684
1.0,0.5,2.0,2.0,0.0025,0.005,0.5,100,cond_mean,294,0.9997904945385828,2.0054398123937514,0.5008187176631016,0.0025975456442218726,0,0.014321083160987827,0.22971342271193862
1.0,0.5,2.0,2.0,0.0025,0.005,1.0,200,cond_mean,294,0.9998575013445821,2.002774501634674,0.5028942409985009,0.0015954618344457638,0,0.009419438014204168,0.22971342271193862
1.0,0.5,2.0,2.0,0.0025,0.005,2.0,400,cond_mean,294,0.9996784509324002,2.014787982436691,0.5053313304787453,0.0021274613095693044,0,0.02146255335276766,0.22971342271193862
1.0,0.5,2.0,2.0,0.0025,0.005,3.5,700,cond_mean,294,0.9999262786183963,2.0092812565587836,0.49637352169310206,0.001417146594007965,0,0.013599293083209252,0.22971342271193862
1.0,0.5,2.0,2.0,0.0025,0.005,5.0,1000,cond_mean,294,1.0001670384224077,1.998186796069323,0.5071561348881374,0.002921572754679371,0,0.017077007797518674,0.22971342271193862
1.0,0.5,2.0,2.0,0.0025,0.005,10.0,2000,cond_mean,294,1.0003260018620839,1.9961273775966202,0.5020854049799852,0.0020038310407354304,0,0.01107663818353108,0.22971342271193862
1.0,0.5,2.0,2.0,0.0025,0.005,20.0,4000,cond_mean,294,1.0004292100735,1.9885462186415612,0.5048240921475828,0.0018664291244024059,0,0.01703400977111826,0.22971342271193862
1.0,0.5,2.0,2.0,0.0025,0.005,0.5,100,cond_mean,295,1.0002676330358058,1.9971991520043038,0.5018468102907493,0.0024868765639674217,0,0.012812067443191107,0.2315507024260504
1.0,0.5,2.0,2.0,0.0025,0.005,1.0,200,cond_mean,295,1.0002519573651834,2.001984830423102,0.5027629347493526,0.0023032812658014532,0,0.011987042346757482,0.2315507024260504
1.0,0.5,2.0,2.0,0.0025,0.005,2.0,400,cond_mean,295,0.999736208631849,2.0008614647600176,0.49269859441421804,0.001557460094566785,0,0.011908565423744176,0.2315507024260504
1.0,0.5,2.0,2.0,0.0025,0.005,3.5,700,cond_mean,295,0.9999963804019966,2.016679394519451,0.5071267363472505,0.0016271079576694661,0,0.022799710096959733,0.2315507024260504
1.0,0.5,2.0,2.0,0.0025,0.005,5.0,1000,cond_mean,295,0.9999195570373179,2.011469622057943,0.49881634565533295,0.0016672370732077756,0,0.015635639977408987,0.2315507024260504
1.0,0.5,2.0,2.0,0.0025,0.005,10.0,2000,cond_mean,295,1.0000422793016044,2.002804069627077,0.4898658446207305,0.0014789929206688562,0,0.015614849845498378,0.2315507024260504
1.0,0.5,2.0,2.0,0.0025,0.005,20.0,4000,cond_mean,295,0.9999801811302048,1.9983568285810327,0.5033103067003798,0.0021555360635864816,0,0.011597417451508985,0.2315507024260504
1.0,0.5,2.0,2.0,0.0025,0.005,0.5,100,cond_mean,296,0.9997667128895328,2.0093838611109187,0.49435246697973073,0.0019147214725015627,0,0.015944248394046585,0.2311288392769971
1.0,0.5,2.0,2.0,0.0025,0.005,1.0,200,cond_mean,296,0.9994775243708461,2.0142277513954454,0.49245320420093175,0.0023638058585953386,0,0.0220799600585058,0.2311288392769971
1.0,0.5,2.0,2.0,0.0025,0.005,2.0,400,cond_mean,296,1.000060801706947,2.0187461141001672,0.502584497325316,0.0022806251617874095,0,0.024567128446181506,0.2311288392769971
1.0,0.5,2.0,2.0,0.0025,0.005,3.5,700,cond_mean,296,0.9998453370348102,2.024023525212306,0.5059551763433745,0.0017940231981314345,0,0.030128066571600883,0.2311288392769971
1.0,0.5,2.0,2.0,0.0025,0.005,5.0,1000,cond_mean,296,1.0001095581600765,2.017899136787002,0.5131157004226841,0.0021980525753115946,0,0.028656690292307208,0.2311288392769971
1.0,0.5,2.0,2.0,0.0025,0.005,10.0,2000,cond_mean,296,1.0004062312341346,2.0540959605586138,0.5143857737932561,0.002491114250447274,0,0.0657008886284472,0.2311288392769971
1.0,0.5,2.0,2.0,0.0025,0.005,20.0,4000,cond_mean,296,0.999904374972259,2.04874634717517,0.5093464030163393,0.001714149614812281,0,0.05803043504909488,0.2311288392769971
1.0,0.5,2.0,2.0,0.0025,0.005,0.5,100,cond_mean,297,0.999876037104842,2.008712197489434,0.49601588141157593,0.0018084633652813223,0,0.014338159829542473,0.2302301607227751
1.0,0.5,2.0,2.0,0.0025,0.005,1.0,200,cond_mean,297,0.9999836342498811,2.0046083227530085,0.4945212183868682,0.0021146824601456517,0,0.013716309812947958,0.2302301607227751
1.0,0.5,2.0,2.0,0.0025,0.005,2.0,400,cond_mean,297,1.0000527698996367,2.011743868796214,0.49349891231921394,0.0029505771832333836,0,0.021718181828793995,0.2302301607227751
1.0,0.5,2.0,2.0,0.0025,0.005,3.5,700,cond_mean,297,0.9998026715765576,2.0171756939933947,0.501322680722646,0.002370703805901636,0,0.023110766726032076,0.2302301607227751
1.0,0.5,2.0,2.0,0.0025,0.005,5.0,1000,cond_mean,297,0.999618093026181,2.0102373153556896,0.4931840083418383,0.002349251992478355,0,0.018512145248872493,0.2302301607227751
1.0,0.5,2.0,2.0,0.0025,0.005,10.0,2000,cond_mean,297,1.0000062992876284,1.9829983350489433,0.5019287558944009,0.001404400576621541,0,0.020936990325580475,0.2302301607227751
1.0,0.5,2.0,2.0,0.0025,0.005,20.0,4000,cond_mean,297,1.000369947190904,2.019292875632766,0.5111423834120129,0.002380849878281629,0,0.02865996862643811,0.2302301607227751
1.0,0.5,2.0,2.0,0.0025,0.005,0.5,100,cond_mean,298,1.0000046002271892,2.007640420242924,0.4976625444702539,0.001258086836838708,0,0.011210445740151103,0.23045068457057433
1.0,0.5,2.0,2.0,0.0025,0.005,1.0,200,cond_mean,298,0.9997953994342957,2.014951873089265,0.4936050015940461,0.0021218281726198833,0,0.02171457403161448,0.23045068457057433
1.0,0.5,2.0,2.0,0.0025,0.005,2.0,400,cond_mean,298,1.000194984449539,2.0193502454365517,0.5047137601182156,0.0019732024976677224,0,0.025016738890070517,0.23045068457057433
1.0,0.5,2.0,2.0,0.0025,0.005,3.5,700,cond_mean,298,0.9996574675131347,2.0226761574044336,0.49231630465932225,0.002536268402373619,0,0.030611841199741283,0.23045068457057433
1.0,0.5,2.0,2.0,0.0025,0.005,5.0,1000,cond_mean,298,0.9999625216276109,2.030891536637692,0.4971975741829825,0.0016486443779088573,0,0.036795812384377034,0.23045068457057433
1.0,0.5,2.0,2.0,0.0025,0.005,10.0,2000,cond_mean,298,1.0003879800727327,2.060680220399393,0.5152352271560565,0.0024827752529822215,0,0.0731465591217506,0.23045068457057433
1.0,0.5,2.0,2.0,0.0025,0.005,20.0,4000,cond_mean,298,1.0002898673064855,2.0806174621071984,0.5015125996350301,0.0024812410220862616,0,0.09381574423997799,0.23045068457057433
1.0,0.5,2.0,2.0,0.0025,0.005,0.5,100,cond_mean,299,0.9999503146957068,2.00472680519148,0.50104067395251,0.0024800538747234316,0,0.013414419429519486,0.22970079770311713
1.0,0.5,2.0,2.0,0.0025,0.005,1.0,200,cond_mean,299,1.0000612881605477,2.0204357733587663,0.5051551058544287,0.0019449449306576222,0,0.026273621208132765,0.22970079770311713
1.0,0.5,2.0,2.0,0.0025,0.005,2.0,400,cond_mean,299,0.9995665563953461,2.0212373697594477,0.4991571935320827,0.002006877318739121,0,0.02650130048616585,0.22970079770311713
1.0,0.5,2.0,2.0,0.0025,0.005,3.5,700,cond_mean,299,1.0002203949776725,2.0305442164904797,0.5116707234170105,0.002806536798747317,0,0.04050451586285772,0.22970079770311713
1.0,0.5,2.0,2.0,0.0025,0.005,5.0,1000,cond_mean,299,1.0000570744685113,2.027720663595684,0.5077477750370819,0.0013612864220271927,0,0.03408606534666504,0.22970079770311713
1.0,0.5,2.0,2.0,0.0025,0.005,10.0,2000,cond_mean,299,1.0000163534200057,2.01507906842032,0.50690119375554,0.002688881187892633,0,0.02355740719248332,0.22970079770311713
1.0,0.5,2.0,2.0,0.0025,0.005,20.0,4000,cond_mean,299,1.0003228070294008,1.9696907512679809,0.5096389237351688,0.002396673398227452,0,0.03858157057183219,0.22970079770311713
1.0,0.5,2.0,2.0,0.0025,0.005,0.5,100,cond_mean,300,1.0004083707504885,2.000087979262586,0.5041548685082837,0.002673080714313291,0,0.014008986746785959,0.22955019642332836
1.0,0.5,2.0,2.0,0.0025,0.005,1.0,200,cond_mean,300,1.0003438534981222,2.000553313237632,0.5012200120487027,0.0021389191359463384,0,0.01065646650740912,0.22955019642332836
1.0,0.5,2.0,2.0,0.0025,0.005,2.0,400,cond_mean,300,1.0000697888253367,1.99863034794786,0.4968893954135075,0.0017722869903538012,0,0.009807830297265863,0.22955019642332836
1.0,0.5,2.0,2.0,0.0025,0.005,3.5,700,cond_mean,300,1.000106512887614,1.9962471315941892,0.49212681989905416,0.0015389377071561416,0,0.013734902799665265,0.22955019642332836
1.0,0.5,2.0,2.0,0.0025,0.005,5.0,1000,cond_mean,300,1.0000300885898608,1.9810582894286148,0.4851685600922858,0.002077120709127011,0,0.031328700381554844,0.22955019642332836
1.0,0.5,2.0,2.0,0.0025,0.005,10.0,2000,cond_mean,300,1.0002847922389588,1.9714910639713592,0.5118618929743827,0.002038437167762441,0,0.03740789822799565,0.22955019642332836
1.0,0.5,2.0,2.0,0.0025,0.005,20.0,4000,cond_mean,300,1.0002200234552596,1.9463716558347077,0.5097785457680999,0.0024089224048273734,0,0.06397058834363856,0.22955019642332836
1.0,0.5,2.0,2.0,0.0025,0.005,0.5,100,cond_mean,301,1.0000781293276906,1.9978731150322666,0.49647926904248146,0.0020763451592785876,0,0.011530281700415188,0.22974011915669376
1.0,0.5,2.0,2.0,0.0025,0.005,1.0,200,cond_mean,301,1.0002965756729882,1.9980391411788674,0.5019760297512659,0.0025495637044613147,0,0.012927950571195902,0.22974011915669376
1.0,0.5,2.0,2.0,0.0025,0.005,2.0,400,cond_mean,301,1.0001292633343066,1.997907668744374,0.5006657193815934,0.0029942459264581203,0,0.014908295793848222,0.22974011915669376
1.0,0.5,2.0,2.0,0.0025,0.005,3.5,700,cond_mean,301,0.9998466313443019,2.022121723659265,0.4996133430535797,0.0021645094180418076,0,0.02767644652583175,0.22974011915669376
1.0,0.5,2.0,2.0,0.0025,0.005,5.0,1000,cond_mean,301,1.000353696924239,2.017154973627391,0.5066324949328906,0.0027121072483896015,0,0.02512247469053896,0.22974011915669376
1.0,0.5,2.0,2.0,0.0025,0.005,10.0,2000,cond_mean,301,1.0000135104015404,2.003035975203541,0.49496130387928844,0.0013520979983996993,0,0.010026978830300733,0.22974011915669376
1.0,0.5,2.0,2.0,0.0025,0.005,20.0,4000,cond_mean,301,0.9997201821086324,2.038736947338443,0.49037875405312426,0.0019036679103657077,0,0.04750482989453882,0.22974011915669376
1.0,0.5,2.0,2.0,0.0025,0.005,0.5,100,cond_mean,302,1.0001800348576741,1.9978201317930746,0.5052183381487292,0.001537789692344182,0,0.010264878814586643,0.2298040714148166
1.0,0.5,2.0,2.0,0.0025,0.005,1.0,200,cond_mean,302,1.0000551380273557,2.0043234150883156,0.5077253736527548,0.0024848028456470146,0,0.016507319826208976,0.2298040714148166
1.0,0.5,2.0,2.0,0.0025,0.005,2.0,400,cond_mean,302,1.0001222350377672,2.006398878667368,0.5113011058994701,0.0015302655204251152,0,0.017888470103400837,0.2298040714148166
1.0,0.5,2.0,2.0,0.0025,0.005,3.5,700,cond_mean,302,0.999657985104077,2.0096186082522314,0.4935708372945676,0.0022828219750123686,0,0.01764727009487027,0.2298040714148166
1.0,0.5,2.0,2.0,0.0025,0.005,5.0,1000,cond_mean,302,1.0001584440656657,2.0231633872985797,0.4909976436666696,0.002187752000663957,0,0.031436727543222735,0.2298040714148166
1.0,0.5,2.0,2.0,0.0025,0.005,10.0,2000,cond_mean,302,1.0002646789416851,2.0419255320990763,0.5061303131618365,0.002182188996873932,0,0.05004808006111747,0.2298040714148166
1.0,0.5,2.0,2.0,0.0025,0.005,20.0,4000,cond_mean,302,0.9999553596676303,2.056307237511665,0.4961355766699759,0.00203257515172044,0,0.06606981540699121,0.2298040714148166
1.0,0.5,2.0,2.0,0.0025,0.005,0.5,100,cond_mean,303,0.9998650001970346,1.9987166367177451,0.5002452738036247,0.0015698340802878265,0,0.007888585426974484,0.23096969642210752
1.0,0.5,2.0,2.0,0.0025,0.005,1.0,200,cond_mean,303,0.999879663364224,1.9963865005020576,0.49553007309402713,0.0018738310898864367,0,0.01155574074594122,0.23096969642210752
1.0,0.5,2.0,2.0,0.0025,0.005,2.0,400,cond_mean,303,1.0000831780071264,1.9831721845298105,0.5029070350612935,0.0029137211787498432,0,0.02440511762678123,0.23096969642210752
1.0,0.5,2.0,2.0,0.0025,0.005,3.5,700,cond_mean,303,1.0000300623407246,1.972397533596672,0.5027421809320953,0.0017442607821420437,0,0.033140560923909594,0.23096969642210752
1.0,0.5,2.0,2.0,0.0025,0.005,5.0,1000,cond_mean,303,1.0001667862541153,1.9742389812441055,0.5023344942578672,0.0021219966590214964,0,0.03161321728543338,0.23096969642210752
1.0,0.5,2.0,2.0,0.0025,0.005,10.0,2000,cond_mean,303,0.9997046491570193,1.9336685582898656,0.49626566280746665,0.0016832670259270422,0,0.07730298157100939,0.23096969642210752
1.0,0.5,2.0,2.0,0.0025,0.005,20.0,4000,cond_mean,303,1.0002303733911904,1.9484164565556317,0.49767991109450327,0.0015890399257535385,0,0.06026755385596345,0.23096969642210752
1.0,0.5,2.0,2.0,0.0025,0.005,0.5,100,cond_mean,304,1.000116377825465,2.0016562703154475,0.5027770809252881,0.0019841762419240106,0,0.010496987425191413,0.22940966656564601
1.0,0.5,2.0,2.0,0.0025,0.005,1.0,200,cond_mean,304,1.0003498613045878,2.0056472625571624,0.503615527293423,0.002354526815158608,0,0.013944585619323114,0.22940966656564601
1.0,0.5,2.0,2.0,0.0025,0.005,2.0,400,cond_mean,304,0.99977743247258,2.009888238801479,0.4957414183086207,0.0028618128020118268,0,0.01880572990261069,0.22940966656564601
1.0,0.5,2.0,2.0,0.0025,0.005,3.5,700,cond_mean,304,1.0001204185663715,1.9869145419511458,0.5070960826503752,0.001540556132777153,0,0.01910229399952942,0.22940966656564601
1.0,0.5,2.0,2.0,0.0025,0.005,5.0,1000,cond_mean,304,1.0000091548724617,1.998870804035875,0.5120999998822012,0.001844166230650425,0,0.018230401647234305,0.22940966656564601
1.0,0.5,2.0,2.0,0.0025,0.005,10.0,2000,cond_mean,304,1.000156934444402,2.022564256284662,0.5127267576618206,0.0016127167718670693,0,0.03161988792153992,0.22940966656564601
1.0,0.5,2.0,2.0,0.0025,0.005,20.0,4000,cond_mean,304,0.999907193107514,1.9971578863826003,0.49674775196116056,0.0016593852445361645,0,0.009677586840556002,0.22940966656564601
1.0,0.5,2.0,2.0,0.0025,0.005,0.5,100,cond_mean,305,0.9998286909021914,2.001547820356611,0.49442285703703415,0.0019068851689558618,0,0.011820755647595643,0.229450196426894
1.0,0.5,2.0,2.0,0.0025,0.005,1.0,200,cond_mean,305,1.0000932813435477,1.99744504484709,0.5005176464287523,0.0015950038377940826,0,0.00838488400477116,0.229450196426894
1.0,0.5,2.0,2.0,0.0025,0.005,2.0,400,cond_mean,305,0.9999029062017724,1.9932128534018505,0.49100043358568424,0.0015917228198253583,0,0.01606268194470161,0.229450196426894
1.0,0.5,2.0,2.0,0.0025,0.005,3.5,700,cond_mean,305,0.9999947401864062,1.9846443760217718,0.4925034311430817,0.0020093005795250225,0,0.02257097508963183,0.229450196426894
1.0,0.5,2.0,2.0,0.0025,0.005,5.0,1000,cond_mean,305,1.0000127766024138,1.9773843352987532,0.49193281819820167,0.0020517157642247074,0,0.030043875250475766,0.229450196426894
1.0,0.5,2.0,2.0,0.0025,0.005,10.0,2000,cond_mean,305,0.9995010969645279,1.9710300325865495,0.49424726207132275,0.0021694360837956296,0,0.03584144478752197,0.229450196426894
1.0,0.5,2.0,2.0,0.0025,0.005,20.0,4000,cond_mean,305,1.0002498350548092,1.9077607338645668,0.49985346594381486,0.0019982664179756865,0,0.10693700656152323,0.229450196426894
1.0,0.5,2.0,2.0,0.0025,0.005,0.5,100,cond_mean,306,0.9997236856568602,2.002892747893397,0.49682919817074994,0.0017132203690685163,0,0.009788362091004272,0.22949766672016786
1.0,0.5,2.0,2.0,0.0025,0.005,1.0,200,cond_mean,306,0.9997400819541209,2.003190790944525,0.4956671534924583,0.0020657369190315873,0,0.011987325446295717,0.22949766672016786
1.0,0.5,2.0,2.0,0.0025,0.005,2.0,400,cond_mean,306,0.9998931978613762,1.9949007846139653,0.5004143266846942,0.002103763350373124,0,0.011915832009414857,0.22949766672016786
1.0,0.5,2.0,2.0,0.0025,0.005,3.5,700,cond_mean,306,1.000263553014118,1.9865501681217423,0.5076010370292442,0.0021243683781064465,0,0.02094951487504457,0.22949766672016786
1.0,0.5,2.0,2.0,0.0025,0.005,5.0,1000,cond_mean,306,0.99965127022837,1.9857611081358024,0.4976613048849958,0.0028017252889874365,0,0.021611857366324358,0.22949766672016786
1.0,0.5,2.0,2.0,0.0025,0.005,10.0,2000,cond_mean,306,1.000556636891247,1.9783391042617575,0.5090966619405295,0.003256006652497034,0,0.031519865453469235,0.22949766672016786
1.0,0.5,2.0,2.0,0.0025,0.005,20.0,4000,cond_mean,306,1.0001666536814113,1.9487849398043928,0.5082003392220079,0.0026919519297428436,0,0.0611736926708334,0.22949766672016786
1.0,0.5,2.0,2.0,0.0025,0.005,0.5,100,cond_mean,307,1.0000791528087294,2.0008631291852113,0.5036808983540042,0.0030966444559756717,0,0.015917250019955524,0.22903488100772457
1.0,0.5,2.0,2.0,0.0025,0.005,1.0,200,cond_mean,307,1.000215096045882,1.99784948346627,0.5094338423602855,0.0025303154000526286,0,0.017383356527879253,0.22903488100772457
1.0,0.5,2.0,2.0,0.0025,0.005,2.0,400,cond_mean,307,0.9997934429893643,1.996636839348586,0.4968885343163078,0.002092450564341038,0,0.01159360025335761,0.22903488100772457
1.0,0.5,2.0,2.0,0.0025,0.005,3.5,700,cond_mean,307,0.9997298926007601,1.9846716809472682,0.4948085214887751,0.00219632730674326,0,0.02169223624814698,0.22903488100772457
1.0,0.5,2.0,2.0,0.0025,0.005,5.0,1000,cond_mean,307,1.0002393378612646,1.9837380228805408,0.5068651861976452,0.0026729427445712,0,0.024434471644029464,0.22903488100772457
1.0,0.5,2.0,2.0,0.0025,0.005,10.0,2000,cond_mean,307,0.9995082375605436,1.9707294489385385,0.4936543546163196,0.0017398129539336598,0,0.03575661582083129,0.22903488100772457
1.0,0.5,2.0,2.0,0.0025,0.005,20.0,4000,cond_mean,307,1.000002386569197,1.9609907516083893,0.4934069878368829,0.0015518755393109077,0,0.04665110028444493,0.22903488100772457
1.0,0.5,2.0,2.0,0.0025,0.005,0.5,100,cond_mean,308,1.0001091145464998,1.9984366067486294,0.5052028293898155,0.0023661131037640963,0,0.013464628983450843,0.230119303567335
1.0,0.5,2.0,2.0,0.0025,0.005,1.0,200,cond_mean,308,1.0002337729271384,2.0129225815752783,0.5048638589100211,0.0018311889373777085,0,0.01839642640547663,0.230119303567335
1.0,0.5,2.0,2.0,0.0025,0.005,2.0,400,cond_mean,308,1.000376507497082,2.017452588223433,0.5100480901120268,0.0017486596481832452,0,0.02508952860699045,0.230119303567335
1.0,0.5,2.0,2.0,0.0025,0.005,3.5,700,cond_mean,308,1.0002986234178262,2.018631386530785,0.5030390762169727,0.0016241205407225802,0,0.0231873742202079,0.230119303567335
1.0,0.5,2.0,2.0,0.0025,0.005,5.0,1000,cond_mean,308,1.0003460394087704,2.0109661681790865,0.5044758197117343,0.001828926903827205,0,0.016380907494392305,0.230119303567335
1.0,0.5,2.0,2.0,0.0025,0.005,10.0,2000,cond_mean,308,1.0000527770232364,2.0210807936226254,0.4978686186287357,0.002286469136470774,0,0.026998371937233315,0.230119303567335
1.0,0.5,2.0,2.0,0.0025,0.005,20.0,4000,cond_mean,308,0.9999136403277868,1.9887686316954984,0.4939057662531582,0.001212131618803546,0,0.016320432560756687,0.230119303567335
1.0,0.5,2.0,2.0,0.0025,0.005,0.5,100,cond_mean,309,1.000236592557875,2.0000369327600778,0.5031030431187427,0.0018267653061555705,0,0.009699179389319603,0.22930600598920137
1.0,0.5,2.0,2.0,0.0025,0.005,1.0,200,cond_mean,309,1.0003562390619511,2.000415861893932,0.5048173214457837,0.001932063964418463,0,0.011104700343840722,0.22930600598920137
1.0,0.5,2.0,2.0,0.0025,0.005,2.0,400,cond_mean,309,0.9998052495905245,1.9958917237554834,0.4917445125402559,0.0014786456187933432,0,0.013581717364642623,0.22930600598920137
1.0,0.5,2.0,2.0,0.0025,0.005,3.5,700,cond_mean,309,0.9998989427178219,1.9960407881560929,0.49142274381111234,0.0018044885298366972,0,0.01492691819326554,0.22930600598920137
1.0,0.5,2.0,2.0,0.0025,0.005,5.0,1000,cond_mean,309,0.9998988315384872,1.9894339610883052,0.4868761969235781,0.0020686121938043134,0,0.023357799845527105,0.22930600598920137
1.0,0.5,2.0,2.0,0.0025,0.005,10.0,2000,cond_mean,309,0.999984015844335,1.9605737457483348,0.49377809058886507,0.00215642915781593,0,0.047595334132402786,0.22930600598920137
1.0,0.5,2.0,2.0,0.0025,0.005,20.0,4000,cond_mean,309,0.9999109328056603,1.9547502595705517,0.5066903159245622,0.0018740292089168477,0,0.053647841884264275,0.22930600598920137
1.0,0.5,2.0,2.0,0.0025,0.005,0.5,100,cond_mean,310,1.0003029346453194,1.997609855224701,0.5042218309661084,0.0016343304110095593,0,0.009869880049342436,0.22856928571127355
1.0,0.5,2.0,2.0,0.0025,0.005,1.0,200,cond_mean,310,1.000066283719074,1.9914897645567846,0.504453091344029,0.0017826271966192467,0,0.01430601929309323,0.22856928571127355
1.0,0.5,2.0,2.0,0.0025,0.005,2.0,400,cond_mean,310,0.9999803340298767,1.998761265460001,0.5034808324673918,0.0016508767686902713,0,0.009420755366271369,0.22856928571127355
1.0,0.5,2.0,2.0,0.0025,0.005,3.5,700,cond_mean,310,0.9999089158689527,1.9932787261566443,0.5138124256570513,0.0021197956054405274,0,0.022292859483982835,0.22856928571127355
1.0,0.5,2.0,2.0,0.0025,0.005,5.0,1000,cond_mean,310,0.9998132512534663,2.0217992744595543,0.5004524380836768,0.002126511881217383,0,0.027261278429652314,0.22856928571127355
1.0,0.5,2.0,2.0,0.0025,0.005,10.0,2000,cond_mean,310,0.9997742897838595,1.993452573824381,0.5019599977976661,0.002482036786525691,0,0.014696110762063348,0.22856928571127355
1.0,0.5,2.0,2.0,0.0025,0.005,20.0,4000,cond_mean,310,0.9999946841438639,2.0176687873722394,0.5068198892484169,0.003383578297975454,0,0.02771872403462093,0.22856928571127355
1.0,0.5,2.0,2.0,0.0025,0.005,0.5,100,cond_mean,311,1.000005273553854,1.9938316437095134,0.5027288556235527,0.0020700480178333144,0,0.012896919801393831,0.2290493392751419
1.0,0.5,2.0,2.0,0.0025,0.005,1.0,200,cond_mean,311,1.0000005009653044,1.9857692232222914,0.500566605884351,0.0025038440244599556,0,0.02053062058502913,0.2290493392751419
1.0,0.5,2.0,2.0,0.0025,0.005,2.0,400,cond_mean,311,0.9998608360831148,1.9905497636549827,0.5016968204442006,0.0016903180434673318,0,0.013949957088170435,0.2290493392751419
1.0,0.5,2.0,2.0,0.0025,0.005,3.5,700,cond_mean,311,1.0000940234113815,2.0004904199528393,0.504873796115079,0.0014703539022338028,0,0.009519293000949352,0.2290493392751419
1.0,0.5,2.0,2.0,0.0025,0.005,5.0,1000,cond_mean,311,1.0000788604018218,1.9918957245974087,0.49982508993781016,0.0018988933583702625,0,0.0132157416510259,0.2290493392751419
1.0,0.5,2.0,2.0,0.0025,0.005,10.0,2000,cond_mean,311,0.999882910545366,1.9715857762395845,0.4999581002236992,0.0016063607707521195,0,0.03374744081400718,0.2290493392751419
1.0,0.5,2.0,2.0,0.0025,0.005,20.0,4000,cond_mean,311,1.0001755077123773,1.991413321678993,0.5036915316047069,0.0020184109753866547,0,0.014718649767022312,0.2290493392751419
1.0,0.5,2.0,2.0,0.0025,0.005,0.5,100,cond_mean,312,0.9999563647303463,2.0136169107358306,0.5002024671087465,0.0016239749943441687,0,0.017629916056079747,0.23265329756707484
1.0,0.5,2.0,2.0,0.0025,0.005,1.0,200,cond_mean,312,1.0001738942064788,2.0122996197140197,0.49750792833019297,0.0014995964286091178,0,0.016438656521632775,0.23265329756707484
1.0,0.5,2.0,2.0,0.0025,0.005,2.0,400,cond_mean,312,0.9998845404372332,2.0046456455948976,0.4924501111611653,0.001821217991303294,0,0.014246045926690397,0.23265329756707484
1.0,0.5,2.0,2.0,0.0025,0.005,3.5,700,cond_mean,312,1.0002929396342244,2.0152645734529027,0.49811675331592586,0.00293074895561587,0,0.023024408296980117,0.23265329756707484
1.0,0.5,2.0,2.0,0.0025,0.005,5.0,1000,cond_mean,312,1.000122521953479,2.0153429595496433,0.502402967825921,0.001504012272081386,0,0.019381666715841524,0.23265329756707484
1.0,0.5,2.0,2.0,0.0025,0.005,10.0,2000,cond_mean,312,1.0001941333457525,1.9996735493859528,0.4968227396662164,0.0017103869954726357,0,0.009613992536731966,0.23265329756707484
1.0,0.5,2.0,2.0,0.0025,0.005,20.0,4000,cond_mean,312,1.0002247147570302,1.9653115458298294,0.5072788403191096,0.0018971757646302555,0,0.04197852113702231,0.23265329756707484
1.0,0.5,2.0,2.0,0.0025,0.005,0.5,100,cond_mean,313,1.000060124671307,1.9918776756136083,0.5037508018838409,0.001983496531888557,0,0.01434132219784034,0.2303147084146206
1.0,0.5,2.0,2.0,0.0025,0.005,1.0,200,cond_mean,313,0.9997600693383725,1.9947259731817886,0.4975896908573137,0.001990903229247917,0,0.01186131315433765,0.2303147084146206
1.0,0.5,2.0,2.0,0.0025,0.005,2.0,400,cond_mean,313,1.0000319846911534,2.0029071132339835,0.4941497118934307,0.0017233416817123062,0,0.011961807850515791,0.2303147084146206
1.0,0.5,2.0,2.0,0.0025,0.005,3.5,700,cond_mean,313,0.9995928887036052,1.9893779021989697,0.4874555436791075,0.0019250035201123302,0,0.022111816976751273,0.2303147084146206
1.0,0.5,2.0,2.0,0.0025,0.005,5.0,1000,cond_mean,313,0.9998158450771357,1.9684153914880511,0.49500008786506844,0.0019822816409365437,0,0.03830966368156508,0.2303147084146206
1.0,0.5,2.0,2.0,0.0025,0.005,10.0,2000,cond_mean,313,0.9998137011241164,1.9552369505291016,0.49895560146629037,0.0018377184550012252,0,0.05250819465229499,0.2303147084146206
1.0,0.5,2.0,2.0,0.0025,0.005,20.0,4000,cond_mean,313,0.9999800587192492,1.9508678873733891,0.5049655905390599,0.0022169784024700058,0,0.0579809193621226,0.2303147084146206
1.0,0.5,2.0,2.0,0.0025,0.005,0.5,100,cond_mean,314,0.9995843305584848,2.0000886388895895,0.4943005811334911,0.00275289401984701,0,0.015112761659825035,0.2298152321350894
1.0,0.5,2.0,2.0,0.0025,0.005,1.0,200,cond_mean,314,1.0000897105011888,2.0052999757373446,0.5034437181754531,0.0012220425160731402,0,0.009592302929664193,0.2298152321350894
1.0,0.5,2.0,2.0,0.0025,0.005,2.0,400,cond_mean,314,0.9999723152894483,2.001732058182254,0.5036330424009748,0.0022479365150550458,0,0.012190057936680274,0.2298152321350894
1.0,0.5,2.0,2.0,0.0025,0.005,3.5,700,cond_mean,314,1.000282596969433,2.0088101128179137,0.49982744283232744,0.0019492681277751562,0,0.014040784434565703,0.2298152321350894
1.0,0.5,2.0,2.0,0.0025,0.005,5.0,1000,cond_mean,314,0.9999175125424531,1.986535196459818,0.499254130710363,0.0021653897047489807,0,0.018850585987493458,0.2298152321350894
1.0,0.5,2.0,2.0,0.0025,0.005,10.0,2000,cond_mean,314,1.0001190791837182,1.993349274387662,0.5003444996289238,0.0014594697636896726,0,0.010512026455657979,0.2298152321350894
1.0,0.5,2.0,2.0,0.0025,0.005,20.0,4000,cond_mean,314,0.9999835355053672,1.9811908866584325,0.4811938934243252,0.0020445298099541,0,0.03471624902853626,0.2298152321350894
1.0,0.5,2.0,2.0,0.0025,0.005,0.5,100,cond_mean,315,1.000045219002684,1.9992965253752246,0.5039476874425134,0.0017641367725895812,0,0.010062935959105696,0.22894358929313188
1.0,0.5,2.0,2.0,0.0025,0.005,1.0,200,cond_mean,315,0.9998227877775147,1.9871541425863575,0.5004932081450629,0.0018744897436601593,0,0.01749302929709928,0.22894358929313188
1.0,0.5,2.0,2.0,0.0025,0.005,2.0,400,cond_mean,315,1.0000681550924448,1.9977366035506232,0.5041709181378986,0.0015709805981705635,0,0.009722288089908144,0.22894358929313188
1.0,0.5,2.0,2.0,0.0025,0.005,3.5,700,cond_mean,315,0.9999361321015968,1.9780117245562594,0.4970329575151,0.002164845596251951,0,0.02782586508189489,0.22894358929313188
1.0,0.5,2.0,2.0,0.0025,0.005,5.0,1000,cond_mean,315,0.9999291217982761,1.9747290524224326,0.5020361077986667,0.0020068675230797708,0,0.030883126218025983,0.22894358929313188
1.0,0.5,2.0,2.0,0.0025,0.005,10.0,2000,cond_mean,315,0.9997208474473771,1.9820959089491508,0.4893717350812935,0.0025532295755268217,0,0.02776944800830029,0.22894358929313188
1.0,0.5,2.0,2.0,0.0025,0.005,20.0,4000,cond_mean,315,0.9998930946794193,1.9986291607921445,0.5020867569806892,0.0020390805543902815,0,0.010564736332313262,0.22894358929313188
1.0,0.5,2.0,2.0,0.0025,0.005,0.5,100,cond_mean,316,1.000191155493007,2.003084070676569,0.5040815305103203,0.0017277753529018817,0,0.010460529875391202,0.2307131725662787
1.0,0.5,2.0,2.0,0.0025,0.005,1.0,200,cond_mean,316,1.00000203587951,2.0039342085139378,0.5001855405755607,0.0014923454199230269,0,0.0086182402585444,0.2307131725662787
1.0,0.5,2.0,2.0,0.0025,0.005,2.0,400,cond_mean,316,1.000083485516934,2.0058562256133468,0.5035976836546192,0.0016799897893402718,0,0.01158314261445929,0.2307131725662787
1.0,0.5,2.0,2.0,0.0025,0.005,3.5,700,cond_mean,316,1.0000657417971854,2.0045770248201533,0.5062491891895063,0.0016660137845182757,0,0.012600786850755125,0.2307131725662787
1.0,0.5,2.0,2.0,0.0025,0.005,5.0,1000,cond_mean,316,1.0000073822368867,2.0192672806612215,0.5058052462758852,0.0013696332813512347,0,0.024377884140392315,0.2307131725662787
1.0,0.5,2.0,2.0,0.0025,0.005,10.0,2000,cond_mean,316,1.0001933091332056,2.0248544708581906,0.5080854012742636,0.0016404431954125621,0,0.031386463702316826,0.2307131725662787
1.0,0.5,2.0,2.0,0.0025,0.005,20.0,4000,cond_mean,316,0.99980413167474,2.0488114367363517,0.4905261605043483,0.002659179821905209,0,0.05923215890689735,0.2307131725662787
1.0,0.5,2.0,2.0,0.0025,0.005,0.5,100,cond_mean,317,1.0001281690512616,2.001372803514596,0.5020081772699523,0.0020997741342350593,0,0.01069704735003116,0.23001483929276997
1.0,0.5,2.0,2.0,0.0025,0.005,1.0,200,cond_mean,317,1.0001513397081192,1.993437434950845,0.5032086988556985,0.0021289975080777926,0,0.013490962150898969,0.23001483929276997
1.0,0.5,2.0,2.0,0.0025,0.005,2.0,400,cond_mean,317,1.0002883908057798,1.9991348489681249,0.5017313898938098,0.001612587416436411,0,0.008240269438387108,0.23001483929276997
1.0,0.5,2.0,2.0,0.0025,0.005,3.5,700,cond_mean,317,1.0008122163697197,1.999507632863288,0.5033967152687638,0.003723953516595017,0,0.018824845931503978,0.23001483929276997
1.0,0.5,2.0,2.0,0.0025,0.005,5.0,1000,cond_mean,317,1.0001010985431302,2.018304919781694,0.5046264341810929,0.0020745382040501933,0,0.0241596563882972,0.23001483929276997
1.0,0.5,2.0,2.0,0.0025,0.005,10.0,2000,cond_mean,317,0.9999354808898101,1.993796718182192,0.49955720662697634,0.0024075630573131275,0,0.01382530163538753,0.23001483929276997
1.0,0.5,2.0,2.0,0.0025,0.005,20.0,4000,cond_mean,317,0.999855857230293,1.9673461000762955,0.4940415521038521,0.0018114154820946227,0,0.03955061970483867,0.23001483929276997
1.0,0.5,2.0,2.0,0.0025,0.005,0.5,100,cond_mean,318,0.9999865041989668,1.9986020572195913,0.5019103935847155,0.0016965791967911254,0,0.008846094449582217,0.2298203868724938
1.0,0.5,2.0,2.0,0.0025,0.005,1.0,200,cond_mean,318,1.0001572814483042,2.003230009165229,0.5032706220539797,0.0024097105059281854,0,0.013030118329247935,0.2298203868724938
1.0,0.5,2.0,2.0,0.0025,0.005,2.0,400,cond_mean,318,1.0000002411578734,2.0025737683670033,0.4915288255656608,0.002373878928809556,0,0.016422233080282574,0.2298203868724938
1.0,0.5,2.0,2.0,0.0025,0.005,3.5,700,cond_mean,318,1.0002787052154192,2.0103424674090538,0.5010526395330441,0.00222952963251084,0,0.016250642165485524,0.2298203868724938
1.0,0.5,2.0,2.0,0.0025,0.005,5.0,1000,cond_mean,318,1.0000312409638468,2.0245403427566258,0.4973409867076556,0.0022315154234906855,0,0.030626120272914982,0.2298203868724938
1.0,0.5,2.0,2.0,0.0025,0.005,10.0,2000,cond_mean,318,0.999947454670587,2.030940676893332,0.5069051716736898,0.0018897212669696582,0,0.03790654458607641,0.2298203868724938
1.0,0.5,2.0,2.0,0.0025,0.005,20.0,4000,cond_mean,318,0.9999968233170973,2.0101647436922203,0.5053403079410448,0.0018522219391482366,0,0.016361891341588403,0.2298203868724938
1.0,0.5,2.0,2.0,0.0025,0.005,0.5,100,cond_mean,319,1.0000124370915402,2.0001467234017722,0.49851023626415614,0.0014761396465933334,0,0.007509135591063003,0.2295712917111814
1.0,0.5,2.0,2.0,0.0025,0.005,1.0,200,cond_mean,319,0.9999545772839737,2.0000809337907883,0.4984778138418264,0.0017276113700548845,0,0.008686360066211,0.2295712917111814
1.0,0.5,2.0,2.0,0.0025,0.005,2.0,400,cond_mean,319,1.000102172655064,2.008990569477984,0.4988033169069462,0.0021592477388465577,0,0.014959585423250928,0.2295712917111814
1.0,0.5,2.0,2.0,0.0025,0.005,3.5,700,cond_mean,319,1.000109200806555,2.008454794486275,0.5062270999623153,0.002665784364259943,0,0.0180839737970479,0.2295712917111814
1.0,0.5,2.0,2.0,0.0025,0.005,5.0,1000,cond_mean,319,0.9999714417247123,2.005064391512262,0.5051087797931945,0.0017877372128177272,0,0.012492429086640389,0.2295712917111814
1.0,0.5,2.0,2.0,0.0025,0.005,10.0,2000,cond_mean,319,1.000141952220347,1.970069193222424,0.5110684780667001,0.001933493300849231,0,0.03842066148721461,0.2295712917111814
1.0,0.5,2.0,2.0,0.0025,0.005,20.0,4000,cond_mean,319,0.9997765756415868,1.9516293037814283,0.4989469013381464,0.0036969386394709414,0,0.05872890055376868,0.2295712917111814
1.0,0.5,2.0,2.0,0.0025,0.005,0.5,100,cond_mean,320,0.9998025201588232,2.0046686028077776,0.495988315637186,0.0022820570656067506,0,0.01335720105011779,0.22972756556035684
1.0,0.5,2.0,2.0,0.0025,0.005,1.0,200,cond_mean,320,1.0000974834633873,2.0081069590051808,0.5006963753130066,0.0025767812880495484,0,0.015744463166667836,0.22972756556035684
1.0,0.5,2.0,2.0,0.0025,0.005,2.0,400,cond_mean,320,1.0002458477421432,2.003168324629677,0.5077074494007581,0.0018255176487427418,0,0.01364640563995479,0.22972756556035684
1.0,0.5,2.0,2.0,0.0025,0.005,3.5,700,cond_mean,320,1.000141737490862,2.0025086000437673,0.49701933248455166,0.0018055424385198734,0,0.010251410770988999,0.22972756556035684
1.0,0.5,2.0,2.0,0.0025,0.005,5.0,1000,cond_mean,320,0.9999727752678026,1.9978761208086662,0.4980465722119924,0.0016242869549926494,0,0.008705509086504234,0.22972756556035684
1.0,0.5,2.0,2.0,0.0025,0.005,10.0,2000,cond_mean,320,1.00023716854236,1.9527147382914565,0.5020030767911806,0.0024736732011283995,0,0.055916480692702795,0.22972756556035684
1.0,0.5,2.0,2.0,0.0025,0.005,20.0,4000,cond_mean,320,0.9999727488976368,1.977574222886939,0.5082859810542132,0.0019327947203723753,0,0.029496800644617228,0.22972756556035684
1.0,0.5,2.0,2.0,0.0025,0.005,0.5,100,cond_mean,321,0.9999834450194927,2.0052829817392435,0.5016399952923513,0.0028081272120751956,0,0.015228699386021994,0.22937027386589243
1.0,0.5,2.0,2.0,0.0025,0.005,1.0,200,cond_mean,321,1.0000238449549557,2.0048399551682126,0.5008795476144587,0.002091156122601233,0,0.011735016689251782,0.22937027386589243
1.0,0.5,2.0,2.0,0.0025,0.005,2.0,400,cond_mean,321,1.0001096138382157,2.0149229745382686,0.5002922150721995,0.002137378349210985,0,0.020176275893948593,0.22937027386589243
1.0,0.5,2.0,2.0,0.0025,0.005,3.5,700,cond_mean,321,0.999891545673621,2.009436009326661,0.5072176961601627,0.0014144234688414148,0,0.016109081388880495,0.22937027386589243
1.0,0.5,2.0,2.0,0.0025,0.005,5.0,1000,cond_mean,321,0.9999114781493184,2.0065536323280484,0.5058341784256936,0.0021498655668376926,0,0.015178464606598096,0.22937027386589243
1.0,0.5,2.0,2.0,0.0025,0.005,10.0,2000,cond_mean,321,0.9999146286015954,2.003427806580817,0.5008883725439446,0.0015015370371626636,0,0.008478158235493147,0.22937027386589243
1.0,0.5,2.0,2.0,0.0025,0.005,20.0,4000,cond_mean,321,1.000312394531393,1.9970390787428804,0.49757096398623385,0.003469355431519619,0,0.01783481683789628,0.22937027386589243
1.0,0.5,2.0,2.0,0.0025,0.005,0.5,100,cond_mean,322,1.0001475495389514,1.9894282737609863,0.49958646878914187,0.001552379605424616,0,0.014432938391363932,0.23271809515011097
1.0,0.5,2.0,2.0,0.0025,0.005,1.0,200,cond_mean,322,0.9996768203724278,1.985454372310581,0.4898894470816924,0.0021474265162322744,0,0.023605476726493275,0.23271809515011097
1.0,0.5,2.0,2.0,0.0025,0.005,2.0,400,cond_mean,322,0.9997097288041412,1.9680614550837527,0.4884679076687669,0.002309905377104247,0,0.041456294791532115,0.23271809515011097
1.0,0.5,2.0,2.0,0.0025,0.005,3.5,700,cond_mean,322,1.0000059938791963,1.9655644310217275,0.4957512616279595,0.0023230105626136405,0,0.04184762982172584,0.23271809515011097
1.0,0.5,2.0,2.0,0.0025,0.005,5.0,1000,cond_mean,322,1.0000179268965417,1.9651061827761407,0.4986554471981089,0.0017186215362225748,0,0.04122903255135336,0.23271809515011097
1.0,0.5,2.0,2.0,0.0025,0.005,10.0,2000,cond_mean,322,1.0003529424902469,1.9700307053919366,0.5038138736993255,0.0022947354969128247,0,0.03657499261102142,0.23271809515011097
1.0,0.5,2.0,2.0,0.0025,0.005,20.0,4000,cond_mean,322,1.0000681169224437,1.9483290130725133,0.5005825720866465,0.0023520635885412337,0,0.06075523876985685,0.23271809515011097
1.0,0.5,2.0,2.0,0.0025,0.005,0.5,100,cond_mean,323,1.000127203241143,2.0054668858789535,0.5029718760521524,0.0020461614500582107,0,0.012418630643258669,0.22984917857684195
1.0,0.5,2.0,2.0,0.0025,0.005,1.0,200,cond_mean,323,1.000054858787169,2.0077393006155955,0.5007518992884407,0.002088683329444589,0,0.013627375005631675,0.22984917857684195
1.0,0.5,2.0,2.0,0.0025,0.005,2.0,400,cond_mean,323,1.0000629096306306,2.008011907317483,0.5047839810989815,0.0024751815865219004,0,0.016469803851485023,0.22984917857684195
1.0,0.5,2.0,2.0,0.0025,0.005,3.5,700,cond_mean,323,1.0000201124573993,1.9921852951348245,0.49947500802554795,0.0017521076120454776,0,0.01248545809533333,0.22984917857684195
1.0,0.5,2.0,2.0,0.0025,0.005,5.0,1000,cond_mean,323,1.000061282811402,1.9876671247566184,0.5020660827800753,0.002373011522345056,0,0.018546813521403905,0.22984917857684195
1.0,0.5,2.0,2.0,0.0025,0.005,10.0,2000,cond_mean,323,0.9999706279876786,1.9763103777564786,0.4929431796298283,0.0018950835084712728,0,0.030392771482666284,0.22984917857684195
1.0,0.5,2.0,2.0,0.0025,0.005,20.0,4000,cond_mean,323,1.0000853858851178,1.9959293933561786,0.5002280897125039,0.0018129275905911894,0,0.010065587391493606,0.22984917857684195
1.0,0.5,2.0,2.0,0.0025,0.005,0.5,100,cond_mean,324,0.9997708876972806,2.0000700709996195,0.49535648840998947,0.0018266301891601757,0,0.010609990098819945,0.22870882728602737
1.0,0.5,2.0,2.0,0.0025,0.005,1.0,200,cond_mean,324,0.9999159346444876,2.005491669591762,0.4983232235550337,0.0020923009101048973,0,0.01223716811702279,0.22870882728602737
1.0,0.5,2.0,2.0,0.0025,0.005,2.0,400,cond_mean,324,0.9999426032209225,2.004840402645117,0.5036633865490431,0.0023339883941477157,0,0.013648252193629898,0.22870882728602737
1.0,0.5,2.0,2.0,0.0025,0.005,3.5,700,cond_mean,324,1.00001049085954,1.9907453693715085,0.5096880846239376,0.002345553447327197,0,0.02017033906368942,0.22870882728602737
1.0,0.5,2.0,2.0,0.0025,0.005,5.0,1000,cond_mean,324,1.0001847515026268,1.9764940442855687,0.5135358693158537,0.0023620392479951832,0,0.03417362730815275,0.22870882728602737
1.0,0.5,2.0,2.0,0.0025,0.005,10.0,2000,cond_mean,324,1.0004277267212496,1.9824975031785204,0.514994761386274,0.002448433555433522,0,0.030030602182687247,0.22870882728602737
1.0,0.5,2.0,2.0,0.0025,0.005,20.0,4000,cond_mean,324,0.9996499514852326,1.9553123833505988,0.49346034383261467,0.002633200095758634,0,0.05401414929694832,0.22870882728602737
1.0,0.5,2.0,2.0,0.0025,0.005,0.5,100,cond_mean,325,1.0000022351958024,2.0062061841235335,0.5026017980310061,0.0025128385216809652,0,0.014644583840434043,0.22979244044316666
1.0,0.5,2.0,2.0,0.0025,0.005,1.0,200,cond_mean,325,1.00009892946397,2.022214324228346,0.49967827549284105,0.001962478367304102,0,0.027408446361836182,0.22979244044316666
1.0,0.5,2.0,2.0,0.0025,0.005,2.0,400,cond_mean,325,1.000312157205256,2.0087349111652477,0.5030677376224556,0.0025661179269232033,0,0.016543857582088133,0.22979244044316666
1.0,0.5,2.0,2.0,0.0025,0.005,3.5,700,cond_mean,325,0.9998679590323425,2.0111836938924563,0.5006336217265923,0.002677805290332992,0,0.018467088293993225,0.22979244044316666
1.0,0.5,2.0,2.0,0.0025,0.005,5.0,1000,cond_mean,325,1.000089411555188,2.006480363508916,0.5118061868827097,0.0021237615628939516,0,0.019908570831920325,0.22979244044316666
1.0,0.5,2.0,2.0,0.0025,0.005,10.0,2000,cond_mean,325,0.9998626642197034,2.0513900108435426,0.5035205015860228,0.0019056654982911128,0,0.06018535365498075,0.22979244044316666
1.0,0.5,2.0,2.0,0.0025,0.005,20.0,4000,cond_mean,325,1.0000080672962064,2.0766209500986412,0.5058868093731265,0.0018057665899142497,0,0.0889745088687246,0.22979244044316666
1.0,0.5,2.0,2.0,0.0025,0.005,0.5,100,cond_mean,326,1.0002626402969328,1.987177407852498,0.5043022018492819,0.0019033455632790801,0,0.018250841056489955,0.22972426786353545
1.0,0.5,2.0,2.0,0.0025,0.005,1.0,200,cond_mean,326,1.0001258207588228,1.9896776478872271,0.5048765887140116,0.0017415095111670514,0,0.01589329754673177,0.22972426786353545
1.0,0.5,2.0,2.0,0.0025,0.005,2.0,400,cond_mean,326,1.0001432564272816,1.980862794489341,0.5040626019006,0.0011923118730061653,0,0.02337220470459175,0.22972426786353545
1.0,0.5,2.0,2.0,0.0025,0.005,3.5,700,cond_mean,326,0.9999903729181092,1.9931050315312326,0.4971048369019146,0.002163459643588118,0,0.013803456368207833,0.22972426786353545
1.0,0.5,2.0,2.0,0.0025,0.005,5.0,1000,cond_mean,326,0.9999586749832833,1.9930960344397464,0.5009652969616163,0.0016704608974707107,0,0.01151031073682194,0.22972426786353545
1.0,0.5,2.0,2.0,0.0025,0.005,10.0,2000,cond_mean,326,1.0002617462948773,2.0282986181411395,0.4962099624344981,0.0019703331677760603,0,0.03460262876604699,0.22972426786353545
1.0,0.5,2.0,2.0,0.0025,0.005,20.0,4000,cond_mean,326,0.9999541925803457,2.044352781769388,0.5114982167359184,0.0022026407826543954,0,0.05429284242176695,0.22972426786353545
1.0,0.5,2.0,2.0,0.0025,0.005,0.5,100,cond_mean,327,0.9999368213129776,1.9918159098461614,0.49776421338383303,0.00126661702225384,0,0.011666970623568982,0.22979877970647067
1.0,0.5,2.0,2.0,0.0025,0.005,1.0,200,cond_mean,327,1.0000411938715423,1.9808670034625064,0.5064870365879411,0.0018577936657648282,0,0.025239229769689984,0.22979877970647067
1.0,0.5,2.0,2.0,0.0025,0.005,2.0,400,cond_mean,327,1.0001836681458234,1.9913601770728524,0.5112981740566719,0.001943998876246227,0,0.01988999022898433,0.22979877970647067
1.0,0.5,2.0,2.0,0.0025,0.005,3.5,700,cond_mean,327,1.0003924613139372,1.994068460129788,0.5138328270156632,0.0021543748422586,0,0.021363397532499575,0.22979877970647067
1.0,0.5,2.0,2.0,0.0025,0.005,5.0,1000,cond_mean,327,1.0001373797488808,1.972115913335531,0.4980528513146456,0.002262081424669173,0,0.034216639722680096,0.22979877970647067
1.0,0.5,2.0,2.0,0.0025,0.005,10.0,2000,cond_mean,327,0.9998118918161331,1.962688346435119,0.5002510510692323,0.0018841446221309105,0,0.044072734404307215,0.22979877970647067
1.0,0.5,2.0,2.0,0.0025,0.005,20.0,4000,cond_mean,327,1.0000291531573446,1.9600680702262459,0.5038337284367518,0.0019457815586883527,0,0.0472397940925518,0.22979877970647067
1.0,0.5,2.0,2.0,0.0025,0.005,0.5,100,cond_mean,328,1.0001814723931708,1.9905603891583625,0.5030583862639543,0.002512545355936931,0,0.016834992838334346,0.22976432141980954
1.0,0.5,2.0,2.0,0.0025,0.005,1.0,200,cond_mean,328,1.0001140776763893,1.9813928144677648,0.5041302321430555,0.0026754474857441975,0,0.025622917477897317,0.22976432141980954
1.0,0.5,2.0,2.0,0.0025,0.005,2.0,400,cond_mean,328,1.0001295467080453,1.9780203359599637,0.4995156565466178,0.0018709218998000108,0,0.027018684140276725,0.22976432141980954
1.0,0.5,2.0,2.0,0.0025,0.005,3.5,700,cond_mean,328,1.0000243469447405,2.0027258449554073,0.502812292025125,0.0014354634882262972,0,0.008520941785565903,0.22976432141980954
1.0,0.5,2.0,2.0,0.0025,0.005,5.0,1000,cond_mean,328,0.9998646110613781,2.003351328643562,0.5073161078310383,0.0023292856909984208,0,0.0155900758351792,0.22976432141980954
1.0,0.5,2.0,2.0,0.0025,0.005,10.0,2000,cond_mean,328,1.0000077372486254,2.0211497291920444,0.4981581152615871,0.0016336176692180284,0,0.025827663364265802,0.22976432141980954
1.0,0.5,2.0,2.0,0.0025,0.005,20.0,4000,cond_mean,328,1.000099834120593,1.989534505906443,0.5077622829298326,0.0020251356122172933,0,0.01855589172542086,0.22976432141980954
1.0,0.5,2.0,2.0,0.0025,0.005,0.5,100,cond_mean,329,1.0000163039854872,2.0069076766666343,0.5065437802354198,0.0017665271736483819,0,0.014544040105265466,0.23039469643429453
1.0,0.5,2.0,2.0,0.0025,0.005,1.0,200,cond_mean,329,0.9998229639349132,2.0082577911231714,0.4999330912569683,0.002004067838840449,0,0.013721618928370295,0.23039469643429453
1.0,0.5,2.0,2.0,0.0025,0.005,2.0,400,cond_mean,329,0.9997344636521732,2.0147541999143472,0.5019994918969348,0.001992820315931994,0,0.019928494083626853,0.23039469643429453
1.0,0.5,2.0,2.0,0.0025,0.005,3.5,700,cond_mean,329,0.9998155135545466,2.017792823179478,0.497812269702591,0.0024175670103241415,0,0.02386083593057217,0.23039469643429453
1.0,0.5,2.0,2.0,0.0025,0.005,5.0,1000,cond_mean,329,1.000047852858512,2.0399719075446323,0.498178745091868,0.0021082064784135927,0,0.047383343208148285,0.23039469643429453
1.0,0.5,2.0,2.0,0.0025,0.005,10.0,2000,cond_mean,329,1.0000223633350018,2.014072607253415,0.5105481351500181,0.0019133121056003292,0,0.02316871707903627,0.23039469643429453
1.0,0.5,2.0,2.0,0.0025,0.005,20.0,4000,cond_mean,329,1.0001508039429658,2.0278019936948373,0.49932914459855615,0.0012826841272439527,0,0.03275367285422161,0.23039469643429453
1.0,0.5,2.0,2.0,0.0025,0.005,0.5,100,cond_mean,330,0.9998385069342551,1.991097081063376,0.4950339492674498,0.0016855023119170507,0,0.014614699053411137,0.23028375000493334
1.0,0.5,2.0,2.0,0.0025,0.005,1.0,200,cond_mean,330,0.9999130148959664,1.9821928325355143,0.49851642385115214,0.0016144604800235225,0,0.022124044245651255,0.23028375000493334
1.0,0.5,2.0,2.0,0.0025,0.005,2.0,400,cond_mean,330,0.9997800039975898,1.9770128595837353,0.50185746139367,0.0020757394699292297,0,0.028567140433033666,0.23028375000493334
1.0,0.5,2.0,2.0,0.0025,0.005,3.5,700,cond_mean,330,0.9999160282473959,1.9739239483989262,0.5016700749463835,0.001952169598296047,0,0.03167363417507052,0.23028375000493334
1.0,0.5,2.0,2.0,0.0025,0.005,5.0,1000,cond_mean,330,1.000177134530357,1.9764608209303793,0.5056554022410603,0.0019881851754532083,0,0.029644753239606754,0.23028375000493334
1.0,0.5,2.0,2.0,0.0025,0.005,10.0,2000,cond_mean,330,0.9999889530871479,1.9959548073686721,0.5035487797762439,0.0019358553298792949,0,0.011567207175885788,0.23028375000493334
1.0,0.5,2.0,2.0,0.0025,0.005,20.0,4000,cond_mean,330,1.0002584216245307,1.9686682497734147,0.5039372895917195,0.002242796809001996,0,0.03805098742202174,0.23028375000493334
1.0,0.5,2.0,2.0,0.0025,0.005,0.5,100,cond_mean,331,1.000324640278643,1.9924776852034976,0.5052641009078805,0.0018382126072215834,0,0.014046171107104587,0.23163274399537062
1.0,0.5,2.0,2.0,0.0025,0.005,1.0,200,cond_mean,331,1.0003547440147165,2.0072783048359124,0.5040719037571391,0.0020609591144081034,0,0.013986592023895399,0.23163274399537062
1.0,0.5,2.0,2.0,0.0025,0.005,2.0,400,cond_mean,331,1.0000898422235573,2.0001231143991354,0.5003669610247565,0.002221066481548435,0,0.01090655541560059,0.23163274399537062
1.0,0.5,2.0,2.0,0.0025,0.005,3.5,700,cond_mean,331,0.9999067598170152,1.9999418268111797,0.5023099479304366,0.0022778227089561122,0,0.011638107353574213,0.23163274399537062
1.0,0.5,2.0,2.0,0.0025,0.005,5.0,1000,cond_mean,331,0.9996970970245738,2.0032185660181883,0.49370342521538996,0.002191244330718595,0,0.013758304089919062,0.23163274399537062
1.0,0.5,2.0,2.0,0.0025,0.005,10.0,2000,cond_mean,331,1.0002727765622677,2.022683570417527,0.49493466390769253,0.0019053150306361873,0,0.02879415007281774,0.23163274399537062
1.0,0.5,2.0,2.0,0.0025,0.005,20.0,4000,cond_mean,331,1.0003927200394926,1.9989290699477547,0.4973932561941719,0.0023068237066213105,0,0.012289354368474666,0.23163274399537062
1.0,0.5,2.0,2.0,0.0025,0.005,0.5,100,cond_mean,332,1.0001745753348839,1.9953884085822216,0.508277791446452,0.0016093216108412985,0,0.014143219977379775,0.23196703571427083
1.0,0.5,2.0,2.0,0.0025,0.005,1.0,200,cond_mean,332,1.0003834027330891,1.9998918370262533,0.5049356776430655,0.0022950813238529605,0,0.012715272812502346,0.23196703571427083
1.0,0.5,2.0,2.0,0.0025,0.005,2.0,400,cond_mean,332,1.000016459349611,2.0002821443349985,0.5021734703761929,0.001885886720958547,0,0.009673547388097625,0.23196703571427083
1.0,0.5,2.0,2.0,0.0025,0.005,3.5,700,cond_mean,332,1.000573582083112,2.0068458703042715,0.5189146416883639,0.0020962753284921197,0,0.02688203548153247,0.23196703571427083
1.0,0.5,2.0,2.0,0.0025,0.005,5.0,1000,cond_mean,332,1.0001721876507736,2.0063362046799433,0.5099646978874646,0.001914607282974105,0,0.017332179343575425,0.23196703571427083
1.0,0.5,2.0,2.0,0.0025,0.005,10.0,2000,cond_mean,332,1.0001412033805157,2.017159969644867,0.49631706876549886,0.001984568954035078,0,0.022742243600216927,0.23196703571427083
1.0,0.5,2.0,2.0,0.0025,0.005,20.0,4000,cond_mean,332,0.9996912212204048,1.9704814033973863,0.5073294102304349,0.0018453572417861483,0,0.03665796896069759,0.23196703571427083
1.0,0.5,2.0,2.0,0.0025,0.005,0.5,100,cond_mean,333,1.0000420395648908,1.9944983554775928,0.5033012674652187,0.002069168686942107,0,0.012686623361606957,0.2309812975748043
1.0,0.5,2.0,2.0,0.0025,0.005,1.0,200,cond_mean,333,1.0000444653243592,1.9960845105928386,0.5008120047405034,0.0016498133160141447,0,0.009319096337123682,0.2309812975748043
1.0,0.5,2.0,2.0,0.0025,0.005,2.0,400,cond_mean,333,1.000007563605805,1.9943514221320748,0.5010941819208998,0.0020204458887960884,0,0.011947253906997881,0.2309812975748043
1.0,0.5,2.0,2.0,0.0025,0.005,3.5,700,cond_mean,333,1.0001306799917618,1.9991071410666428,0.49327360846577095,0.002008120138164499,0,0.013499184641367241,0.2309812975748043
1.0,0.5,2.0,2.0,0.0025,0.005,5.0,1000,cond_mean,333,1.000148880288457,1.9912093610915786,0.49411559095118845,0.0011818190877440032,0,0.014235626827342225,0.2309812975748043
1.0,0.5,2.0,2.0,0.0025,0.005,10.0,2000,cond_mean,333,1.000205982756548,1.9689653359212977,0.5102075385689498,0.0021365528775721615,0,0.03925486449477046,0.2309812975748043
1.0,0.5,2.0,2.0,0.0025,0.005,20.0,4000,cond_mean,333,1.0002060083867088,2.02288424440946,0.5119775842184592,0.0018166128424854646,0,0.03168708369832513,0.2309812975748043
1.0,0.5,2.0,2.0,0.0025,0.005,0.5,100,cond_mean,334,0.9999955217179206,2.012705160313351,0.5034286061973194,0.0018481436631029432,0,0.01780262044021812,0.23375212500936218
1.0,0.5,2.0,2.0,0.0025,0.005,1.0,200,cond_mean,334,0.9997809488867452,2.0131898172108973,0.5018394213939703,0.001906805271604226,0,0.018115722984092388,0.23375212500936218
1.0,0.5,2.0,2.0,0.0025,0.005,2.0,400,cond_mean,334,0.9998329865217364,2.0342822459342,0.5005272471028859,0.002721381708776331,0,0.04179660451120595,0.23375212500936218
1.0,0.5,2.0,2.0,0.0025,0.005,3.5,700,cond_mean,334,1.0001867932435655,2.0305036469241453,0.49877590104226865,0.0017991853291991705,0,0.03640181599999901,0.23375212500936218
1.0,0.5,2.0,2.0,0.0025,0.005,5.0,1000,cond_mean,334,1.0002340370563478,2.0313531497794948,0.5069515625019694,0.001991610517134815,0,0.03839614859744683,0.23375212500936218
1.0,0.5,2.0,2.0,0.0025,0.005,10.0,2000,cond_mean,334,1.0004959246663025,2.018377929517618,0.5124854473931201,0.0022467836842098854,0,0.028367188539476715,0.23375212500936218
1.0,0.5,2.0,2.0,0.0025,0.005,20.0,4000,cond_mean,334,0.9999978139031573,2.011733613327993,0.49593127552238514,0.0017539416262197416,0,0.01693048698113933,0.23375212500936218
1.0,0.5,2.0,2.0,0.0025,0.005,0.5,100,cond_mean,335,1.0000535107023343,1.99677335281993,0.5026375225333832,0.001466033576880658,0,0.008765819666557227,0.23151616657352342
1.0,0.5,2.0,2.0,0.0025,0.005,1.0,200,cond_mean,335,1.0002617179653992,1.9966765114443188,0.5076351230224356,0.002052094717845531,0,0.014375613495659283,0.23151616657352342
1.0,0.5,2.0,2.0,0.0025,0.005,2.0,400,cond_mean,335,1.0003736308983293,1.9994899443616918,0.5144209350264363,0.001611546827665262,0,0.019757333892687513,0.23151616657352342
1.0,0.5,2.0,2.0,0.0025,0.005,3.5,700,cond_mean,335,1.000318859724566,1.9975327582268405,0.5095064397627647,0.001955083870240326,0,0.015489497316918267,0.23151616657352342
1.0,0.5,2.0,2.0,0.0025,0.005,5.0,1000,cond_mean,335,0.9997999082608894,2.0055874258939888,0.4957973391925652,0.0017213072655624662,0,0.011813592363267622,0.23151616657352342
1.0,0.5,2.0,2.0,0.0025,0.005,10.0,2000,cond_mean,335,0.9996278657156693,2.02971766398637,0.5035682500097294,0.0018394307366247137,0,0.03589383047000331,0.23151616657352342
1.0,0.5,2.0,2.0,0.0025,0.005,20.0,4000,cond_mean,335,1.0000387560694428,1.9945071189127157,0.49843852689778034,0.0026868108137771225,0,0.014775541295143609,0.23151616657352342
1.0,0.5,2.0,2.0,0.0025,0.005,0.5,100,cond_mean,336,1.0003264299913839,1.9919635209696818,0.5042348611499436,0.002709993144942288,0,0.01699753670739831,0.22945579158009163
1.0,0.5,2.0,2.0,0.0025,0.005,1.0,200,cond_mean,336,1.000236267413104,1.9884556128410484,0.5059529979532928,0.0016924298551839923,0,0.017345249610280285,0.22945579158009163
1.0,0.5,2.0,2.0,0.0025,0.005,2.0,400,cond_mean,336,1.0005022294230133,1.9997795294350236,0.510918963351309,0.0026151212172316205,0,0.018546408215645762,0.22945579158009163
1.0,0.5,2.0,2.0,0.0025,0.005,3.5,700,cond_mean,336,1.0001907586376035,2.008122551319592,0.5068787874655023,0.002284688056196508,0,0.016916726323028694,0.22945579158009163
1.0,0.5,2.0,2.0,0.0025,0.005,5.0,1000,cond_mean,336,1.0003510141253857,2.0045880762824537,0.5061381822375686,0.001979794012153551,0,0.013323808115631875,0.22945579158009163
1.0,0.5,2.0,2.0,0.0025,0.005,10.0,2000,cond_mean,336,0.9998115159749515,2.00163979183969,0.5004922497253602,0.0018030291839132718,0,0.009144454639318044,0.22945579158009163
1.0,0.5,2.0,2.0,0.0025,0.005,20.0,4000,cond_mean,336,1.0001737398930766,2.0487507914228194,0.5011415671017709,0.0019418218621369697,0,0.05707491323537389,0.22945579158009163
1.0,0.5,2.0,2.0,0.0025,0.005,0.5,100,cond_mean,337,1.000162164430332,2.0008260609955966,0.5026007102534641,0.0031091717129433003,0,0.015602188061154201,0.22973373214647705
1.0,0.5,2.0,2.0,0.0025,0.005,1.0,200,cond_mean,337,0.9995734086072704,2.0130591645675007,0.5015175970241392,0.0026161726636254237,0,0.020108475426747423,0.22973373214647705
1.0,0.5,2.0,2.0,0.0025,0.005,2.0,400,cond_mean,337,0.9996988611609404,2.022774315783901,0.5070170938345155,0.0020815539910668903,0,0.029821294494573675,0.22973373214647705
1.0,0.5,2.0,2.0,0.0025,0.005,3.5,700,cond_mean,337,0.9997174802870412,2.022653927218968,0.5007055681663102,0.001967210277100557,0,0.02793875736232232,0.22973373214647705
1.0,0.5,2.0,2.0,0.0025,0.005,5.0,1000,cond_mean,337,0.9993133197722441,2.0361333664997057,0.48953704942820225,0.0026626699073007062,0,0.04561191572367085,0.22973373214647705
1.0,0.5,2.0,2.0,0.0025,0.005,10.0,2000,cond_mean,337,1.0000845071360105,2.0786147648027558,0.5034229111996478,0.0022367681966351913,0,0.09134654663569948,0.22973373214647705
1.0,0.5,2.0,2.0,0.0025,0.005,20.0,4000,cond_mean,337,1.000163330722194,2.0977408652634986,0.49256534296452215,0.002004957316105362,0,0.11403921537435459,0.22973373214647705
1.0,0.5,2.0,2.0,0.0025,0.005,0.5,100,cond_mean,338,1.0001613003938359,1.9928634003155867,0.5071432142639403,0.0014258104819580223,0,0.014045835441128106,0.23058454757223704
1.0,0.5,2.0,2.0,0.0025,0.005,1.0,200,cond_mean,338,1.0000394828646657,1.9988757961518946,0.5029372686405158,0.0015392426625358716,0,0.008531556029840464,0.23058454757223704
1.0,0.5,2.0,2.0,0.0025,0.005,2.0,400,cond_mean,338,1.0001742350672824,2.0193999182813656,0.5018627459838327,0.0017453915662729023,0,0.0240730602707735,0.23058454757223704
1.0,0.5,2.0,2.0,0.0025,0.005,3.5,700,cond_mean,338,1.0003736226069568,2.026799137915886,0.5002228330994,0.0016360749409637565,0,0.03201251148666128,0.23058454757223704
1.0,0.5,2.0,2.0,0.0025,0.005,5.0,1000,cond_mean,338,1.0002528510328914,2.0398912091204995,0.49956774903578377,0.0015516106812466161,0,0.04672342009788734,0.23058454757223704
1.0,0.5,2.0,2.0,0.0025,0.005,10.0,2000,cond_mean,338,0.9995540544221992,2.0432330949997746,0.49592531377076154,0.003791376700266644,0,0.05353271249874646,0.23058454757223704
1.0,0.5,2.0,2.0,0.0025,0.005,20.0,4000,cond_mean,338,1.000307869419906,2.0900615108896288,0.5059509279527408,0.0021974268821061747,0,0.10448981463462227,0.23058454757223704
1.0,0.5,2.0,2.0,0.0025,0.005,0.5,100,cond_mean,339,0.9997115886126167,1.9986356876192914,0.4943789033060876,0.0021547226007354696,0,0.012693689885690723,0.2582337798583986
1.0,0.5,2.0,2.0,0.0025,0.005,1.0,200,cond_mean,339,0.9997434013365034,1.996940159961365,0.49497000909413497,0.0039880237351464344,0,0.02078845043102372,0.2582337798583986
1.0,0.5,2.0,2.0,0.0025,0.005,2.0,400,cond_mean,339,0.9997604057975128,2.0079570425796116,0.505727108003703,0.0018346973408469775,0,0.015139398568693173,0.2582337798583986
1.0,0.5,2.0,2.0,0.0025,0.005,3.5,700,cond_mean,339,1.000076435727688,2.0106351857877462,0.510653038756873,0.0016252356237772825,0,0.020043812117461198,0.2582337798583986
1.0,0.5,2.0,2.0,0.0025,0.005,5.0,1000,cond_mean,339,1.0001672261137038,2.0234115044486543,0.5036273046184034,0.001705964452516592,0,0.02859482581307768,0.2582337798583986
1.0,0.5,2.0,2.0,0.0025,0.005,10.0,2000,cond_mean,339,0.9998648311202262,2.044510506830695,0.5028501622181372,0.0018499916007503326,0,0.052281368145370787,0.2582337798583986
1.0,0.5,2.0,2.0,0.0025,0.005,20.0,4000,cond_mean,339,0.9995025790072494,2.0568791942268385,0.5034519571726176,0.0024100473792047377,0,0.06688944994113244,0.2582337798583986
1.0,0.5,2.0,2.0,0.0025,0.005,0.5,100,cond_mean,340,0.9998857012390124,2.0071562915293795,0.49204885882166455,0.0015311105801242063,0,0.015157581248788894,0.2291071785647156
1.0,0.5,2.0,2.0,0.0025,0.005,1.0,200,cond_mean,340,1.0000995879667403,2.012530564567851,0.499736296359811,0.0019218700885108879,0,0.01728366736091167,0.2291071785647156
1.0,0.5,2.0,2.0,0.0025,0.005,2.0,400,cond_mean,340,1.0001144043390409,2.0169160238943693,0.4977828755928795,0.0016055507936657905,0,0.02132395963542004,0.2291071785647156
1.0,0.5,2.0,2.0,0.0025,0.005,3.5,700,cond_mean,340,1.000268891327767,2.0004840867241565,0.5042724651238134,0.001634014207954516,0,0.009545222207965927,0.2291071785647156
1.0,0.5,2.0,2.0,0.0025,0.005,5.0,1000,cond_mean,340,1.0003267968899556,1.9873900928047825,0.5100288648746154,0.0020098509419834098,0,0.021572145071412124,0.2291071785647156
1.0,0.5,2.0,2.0,0.0025,0.005,10.0,2000,cond_mean,340,1.000201549675745,2.0250184931816597,0.5152980858730015,0.003394093784678323,0,0.038298699035232954,0.2291071785647156
1.0,0.5,2.0,2.0,0.0025,0.005,20.0,4000,cond_mean,340,0.9996594894670662,2.013295770208408,0.491081254243572,0.0017608656736310118,0,0.020885216915576196,0.2291071785647156
1.0,0.5,2.0,2.0,0.0025,0.005,0.5,100,cond_mean,341,1.0000950872125693,2.0124972790410998,0.5074934257709758,0.002095276291525734,0,0.02016770303937076,0.229719827433915
1.0,0.5,2.0,2.0,0.0025,0.005,1.0,200,cond_mean,341,0.9996056156242993,2.011886120863069,0.5005104800925858,0.0026461282992726667,0,0.01903318110707094,0.229719827433915
1.0,0.5,2.0,2.0,0.0025,0.005,2.0,400,cond_mean,341,0.9999066284433811,2.000881682709829,0.5100019136098954,0.0014204189281432117,0,0.014996133824565645,0.229719827433915
1.0,0.5,2.0,2.0,0.0025,0.005,3.5,700,cond_mean,341,1.0001342896434886,2.006416542337595,0.5087050543129018,0.0018990050976037379,0,0.01627315936753981,0.229719827433915
1.0,0.5,2.0,2.0,0.0025,0.005,5.0,1000,cond_mean,341,0.9999721875658331,2.0112896321725406,0.5059125109805203,0.001793964259920471,0,0.01751367393512254,0.229719827433915
1.0,0.5,2.0,2.0,0.0025,0.005,10.0,2000,cond_mean,341,0.9998320734690036,2.021913540482278,0.5000158198491921,0.0023365438782662414,0,0.027786450455034393,0.229719827433915
1.0,0.5,2.0,2.0,0.0025,0.005,20.0,4000,cond_mean,341,1.0001078185993058,2.0692043354215985,0.49763496330806334,0.0021685246574030003,0,0.08078997251886681,0.229719827433915
1.0,0.5,2.0,2.0,0.0025,0.005,0.5,100,cond_mean,342,1.0004396394622743,1.9990034909281484,0.5059261062206138,0.0021253239760587917,0,0.012672113410991304,0.23013816072073365
1.0,0.5,2.0,2.0,0.0025,0.005,1.0,200,cond_mean,342,0.9999155773772624,1.9949611270381797,0.4994846894576471,0.0013924205471261546,0,0.008994719699614044,0.23013816072073365
1.0,0.5,2.0,2.0,0.0025,0.005,2.0,400,cond_mean,342,1.000207740873446,2.007270198775927,0.5076373225286614,0.002505712527350726,0,0.017686877476036623,0.23013816072073365
1.0,0.5,2.0,2.0,0.0025,0.005,3.5,700,cond_mean,342,1.0004381390128458,2.011462192794426,0.5050405815106824,0.0019871230608515308,0,0.01746612506251511,0.23013816072073365
1.0,0.5,2.0,2.0,0.0025,0.005,5.0,1000,cond_mean,342,1.0002637644564418,2.0332864200135927,0.5054410194918302,0.0017336004316050758,0,0.039836258629545325,0.23013816072073365
1.0,0.5,2.0,2.0,0.0025,0.005,10.0,2000,cond_mean,342,1.0000002642237773,2.020024920220325,0.4979275315094231,0.0017785009418574643,0,0.02487277608091875,0.23013816072073365
1.0,0.5,2.0,2.0,0.0025,0.005,20.0,4000,cond_mean,342,1.0001862779494062,1.9575076086649976,0.503047398361261,0.0018326408746142278,0,0.04992574129139164,0.23013816072073365
1.0,0.5,2.0,2.0,0.0025,0.005,0.5,100,cond_mean,343,1.0000436676165836,1.99042560751022,0.5067904671111659,0.0019358861079992842,0,0.017014242113609364,0.2305260058492422
1.0,0.5,2.0,2.0,0.0025,0.005,1.0,200,cond_mean,343,1.0001975189340784,2.0018091292986506,0.5087449885660869,0.0028589864325859423,0,0.017994414037988866,0.2305260058492422
1.0,0.5,2.0,2.0,0.0025,0.005,2.0,400,cond_mean,343,1.0001482876163135,2.0014027123800986,0.5119127766165145,0.00176500204506678,0,0.017588648585531767,0.2305260058492422
1.0,0.5,2.0,2.0,0.0025,0.005,3.5,700,cond_mean,343,1.0005906694328233,2.0019988281739813,0.5147910159392755,0.0025017803369854295,0,0.022133089679213007,0.2305260058492422
1.0,0.5,2.0,2.0,0.0025,0.005,5.0,1000,cond_mean,343,1.000153591216246,2.003326239370545,0.5101282325414641,0.002512582604218106,0,0.01824072792418073,0.2305260058492422
1.0,0.5,2.0,2.0,0.0025,0.005,10.0,2000,cond_mean,343,1.0003825770835058,2.016291291029505,0.5143304432807313,0.002743546842208251,0,0.029316709102352116,0.2305260058492422
1.0,0.5,2.0,2.0,0.0025,0.005,20.0,4000,cond_mean,343,0.9996447387544679,2.000135190223413,0.4965871487409343,0.0020828927754102068,0,0.010979020559389999,0.2305260058492422
1.0,0.5,2.0,2.0,0.0025,0.005,0.5,100,cond_mean,344,1.000050689238436,1.9942217040588832,0.5051961617105597,0.0017521968999282232,0,0.01276884326420876,0.22986625585638518
1.0,0.5,2.0,2.0,0.0025,0.005,1.0,200,cond_mean,344,1.0000515988897496,2.0064233478038362,0.505630250551592,0.001694401581915167,0,0.013284418431474921,0.22986625585638518
1.0,0.5,2.0,2.0,0.0025,0.005,2.0,400,cond_mean,344,0.9998454213774642,1.993748746666433,0.5043167587914111,0.0016674836050776577,0,0.012458644921611996,0.22986625585638518
1.0,0.5,2.0,2.0,0.0025,0.005,3.5,700,cond_mean,344,0.9996887164156937,1.999420383898087,0.5031882026324158,0.002203902384172226,0,0.011946239639596649,0.22986625585638518
1.0,0.5,2.0,2.0,0.0025,0.005,5.0,1000,cond_mean,344,1.0000432232342884,1.996661706617333,0.5090998118025476,0.002063380697991441,0,0.016027393416809112,0.22986625585638518
1.0,0.5,2.0,2.0,0.0025,0.005,10.0,2000,cond_mean,344,0.9999571423206516,2.023424781962681,0.4956270592483329,0.002324308448909686,0,0.02998908419202888,0.22986625585638518
1.0,0.5,2.0,2.0,0.0025,0.005,20.0,4000,cond_mean,344,1.0000971020672913,2.0321469366889096,0.5041338732853378,0.0015931528051355756,0,0.038215597570645285,0.22986625585638518
1.0,0.5,2.0,2.0,0.0025,0.005,0.5,100,cond_mean,345,1.0000978997176198,1.9961566283135503,0.49726040213212885,0.001538956294359646,0,0.009564058843721072,0.23010786315093615
1.0,0.5,2.0,2.0,0.0025,0.005,1.0,200,cond_mean,345,1.0000978279552286,1.9911904064476613,0.5022535133350895,0.0017945075061964906,0,0.013719251896916931,0.23010786315093615
1.0,0.5,2.0,2.0,0.0025,0.005,2.0,400,cond_mean,345,0.9996973265265456,1.9966025030071761,0.49617257613834237,0.0023900073172016794,0,0.013180789918702848,0.23010786315093615
1.0,0.5,2.0,2.0,0.0025,0.005,3.5,700,cond_mean,345,1.0001147688241123,1.9652907971022775,0.4948372489030593,0.0022228628841897903,0,0.0422453020331795,0.23010786315093615
1.0,0.5,2.0,2.0,0.0025,0.005,5.0,1000,cond_mean,345,1.000385850046258,1.9601608130873793,0.5028175002075205,0.002293418352750433,0,0.047393794160068684,0.23010786315093615
1.0,0.5,2.0,2.0,0.0025,0.005,10.0,2000,cond_mean,345,1.0003560948889052,1.9478883073130697,0.5085440271067291,0.0025267569498048825,0,0.06215895507786277,0.23010786315093615
1.0,0.5,2.0,2.0,0.0025,0.005,20.0,4000,cond_mean,345,0.9999061178963894,1.8948058520581754,0.5054514370460684,0.0023929303831175582,0,0.12189384768967373,0.23010786315093615
1.0,0.5,2.0,2.0,0.0025,0.005,0.5,100,cond_mean,346,1.000141683027902,1.995562874053334,0.5008016762342674,0.0016336474375001258,0,0.009562415512811498,0.23075217256389027
1.0,0.5,2.0,2.0,0.0025,0.005,1.0,200,cond_mean,346,1.0001535348203692,1.9926764393605196,0.5022610906895574,0.0014325165060315582,0,0.01131551798480857,0.23075217256389027
1.0,0.5,2.0,2.0,0.0025,0.005,2.0,400,cond_mean,346,1.000489472961286,1.9826885272450003,0.507357227452545,0.0020109392743495333,0,0.02389011917744973,0.23075217256389027
1.0,0.5,2.0,2.0,0.0025,0.005,3.5,700,cond_mean,346,1.0004333195536699,1.980069574155313,0.5080137756165118,0.0020525323690546936,0,0.02688576587129242,0.23075217256389027
1.0,0.5,2.0,2.0,0.0025,0.005,5.0,1000,cond_mean,346,1.0000357434292126,1.9787097437333476,0.5016000858751415,0.0024869242844937573,0,0.027490127095803774,0.23075217256389027
1.0,0.5,2.0,2.0,0.0025,0.005,10.0,2000,cond_mean,346,0.9999125423239577,1.984894283186676,0.49878134168652183,0.001465450070614051,0,0.01893262532966113,0.23075217256389027
1.0,0.5,2.0,2.0,0.0025,0.005,20.0,4000,cond_mean,346,1.0001458096066027,1.9637988076012782,0.4961669384770397,0.0016896465787378631,0,0.0430475214307153,0.23075217256389027
1.0,0.5,2.0,2.0,0.0025,0.005,0.5,100,cond_mean,347,1.0003165379612362,1.9947896235761429,0.507764653192452,0.0031896553495746583,0,0.019341091476673587,0.23008768456721945
1.0,0.5,2.0,2.0,0.0025,0.005,1.0,200,cond_mean,347,1.0001330643936461,1.9998201282462311,0.5035898981613774,0.0016476061670267547,0,0.009230630772207725,0.23008768456721945
1.0,0.5,2.0,2.0,0.0025,0.005,2.0,400,cond_mean,347,0.9998744648729659,2.0040805847331757,0.4979453702831286,0.0022185830848401706,0,0.012122573063353138,0.23008768456721945
1.0,0.5,2.0,2.0,0.0025,0.005,3.5,700,cond_mean,347,0.999858675956216,1.9833231619723357,0.49234440294124504,0.0020450918945353726,0,0.023900841599134907,0.23008768456721945
1.0,0.5,2.0,2.0,0.0025,0.005,5.0,1000,cond_mean,347,1.000092071346707,1.9980735146997166,0.5008745980149654,0.001689113936104496,0,0.008641219309987682,0.23008768456721945
1.0,0.5,2.0,2.0,0.0025,0.005,10.0,2000,cond_mean,347,1.0000884454994692,1.9758429987555124,0.5048198897260784,0.0030222444787396797,0,0.03206058815416759,0.23008768456721945
1.0,0.5,2.0,2.0,0.0025,0.005,20.0,4000,cond_mean,347,0.9999202178241914,1.9577235393260441,0.5085825585394718,0.002159024577973635,0,0.0509638262805401,0.23008768456721945
1.0,0.5,2.0,2.0,0.0025,0.005,0.5,100,cond_mean,348,1.000029361533112,1.9909229485230442,0.4977061628377863,0.0017296927772888994,0,0.013832260421819306,0.2322170118568465
1.0,0.5,2.0,2.0,0.0025,0.005,1.0,200,cond_mean,348,0.9999381270711634,1.9894662511293835,0.49679779749684166,0.0018669711253542455,0,0.015775731036838127,0.2322170118568465
1.0,0.5,2.0,2.0,0.0025,0.005,2.0,400,cond_mean,348,0.9997089146856254,1.9814721199060796,0.4954426495964043,0.003398002303531568,0,0.027740865136973037,0.2322170118568465
1.0,0.5,2.0,2.0,0.0025,0.005,3.5,700,cond_mean,348,0.9999962557204325,1.9783733897176572,0.49506594433494566,0.0016118193038556006,0,0.02702173985551614,0.2322170118568465
1.0,0.5,2.0,2.0,0.0025,0.005,5.0,1000,cond_mean,348,1.000088219461296,1.9873015887996373,0.49368662287366327,0.0013261639953971434,0,0.018190855983793382,0.2322170118568465
1.0,0.5,2.0,2.0,0.0025,0.005,10.0,2000,cond_mean,348,0.9999198542976645,2.0223451242252746,0.494351032382522,0.002008440348132254,0,0.028631234962792875,0.2322170118568465
1.0,0.5,2.0,2.0,0.0025,0.005,20.0,4000,cond_mean,348,0.9999687270099512,2.0311451177610462,0.5013574112565897,0.0023634766026840283,0,0.037795392788779726,0.2322170118568465
1.0,0.5,2.0,2.0,0.0025,0.005,0.5,100,cond_mean,349,1.000101003403749,1.9961977122700976,0.4988164255945881,0.0015914278645944545,0,0.009139546502705886,0.23255110714983726
1.0,0.5,2.0,2.0,0.0025,0.005,1.0,200,cond_mean,349,1.000234502639341,1.9976950984356594,0.5017215866709513,0.0016177057356749577,0,0.008612962472882247,0.23255110714983726
1.0,0.5,2.0,2.0,0.0025,0.005,2.0,400,cond_mean,349,1.0000460003055258,1.9949123413419814,0.4952170781392523,0.001949289433256409,0,0.012908235929218657,0.23255110714983726
1.0,0.5,2.0,2.0,0.0025,0.005,3.5,700,cond_mean,349,0.9999662913616053,1.992226982104287,0.48730061353911036,0.0018037684779681849,0,0.02096648154406901,0.23255110714983726
1.0,0.5,2.0,2.0,0.0025,0.005,5.0,1000,cond_mean,349,1.0002056907462864,1.9774132996254774,0.4924212650829738,0.0013655398449379558,0,0.02899703770551604,0.23255110714983726
1.0,0.5,2.0,2.0,0.0025,0.005,10.0,2000,cond_mean,349,1.0000534012073792,1.9971052612705278,0.49433178372876424,0.0018993846563017732,0,0.012473018310555077,0.23255110714983726
1.0,0.5,2.0,2.0,0.0025,0.005,20.0,4000,cond_mean,349,0.9999231137209356,2.0248356317670715,0.49401400535525697,0.0030253010608984267,0,0.03320785444793193,0.23255110714983726
1.0,0.5,2.0,2.0,0.0025,0.005,0.5,100,cond_mean,350,1.000129891909347,2.0121028159652914,0.502553301405317,0.0017501330168062737,0,0.016691506576565884,0.23185442271642387
1.0,0.5,2.0,2.0,0.0025,0.005,1.0,200,cond_mean,350,1.0002727060072942,2.0100040261632857,0.5086681261016532,0.0023054947799247055,0,0.01940821327001418,0.23185442271642387
1.0,0.5,2.0,2.0,0.0025,0.005,2.0,400,cond_mean,350,0.9997417698671597,2.0046268989055287,0.4970749882342708,0.0017579518773574404,0,0.010726958196073454,0.23185442271642387
1.0,0.5,2.0,2.0,0.0025,0.005,3.5,700,cond_mean,350,1.000057725247919,1.9963932775933606,0.4925623278974693,0.0012785627878166375,0,0.012471529595125838,0.23185442271642387
1.0,0.5,2.0,2.0,0.0025,0.005,5.0,1000,cond_mean,350,1.000280068538012,2.0130813263205076,0.49696908206873747,0.001980126855129929,0,0.018602193335791224,0.23185442271642387
1.0,0.5,2.0,2.0,0.0025,0.005,10.0,2000,cond_mean,350,1.0000120688144944,2.028719465333687,0.5024721808409167,0.0016673719156899938,0,0.03425018255786703,0.23185442271642387
1.0,0.5,2.0,2.0,0.0025,0.005,20.0,4000,cond_mean,350,1.0000897963368427,2.0150499784786082,0.513397827322292,0.0017921769486652832,0,0.025919933431666316,0.23185442271642387
1.0,0.5,2.0,2.0,0.0025,0.005,0.5,100,cond_mean,351,1.0001445130001578,2.002070096904219,0.5060267049224311,0.001730976007007167,0,0.011649685708435312,0.23206603571972145
1.0,0.5,2.0,2.0,0.0025,0.005,1.0,200,cond_mean,351,1.0001026507266877,1.9955156899949495,0.5040433258120246,0.002160002439393768,0,0.012849416757067201,0.23206603571972145
1.0,0.5,2.0,2.0,0.0025,0.005,2.0,400,cond_mean,351,0.9998853933632601,1.99371449084352,0.49524676880449553,0.001891020967693549,0,0.013237701635635798,0.23206603571972145
1.0,0.5,2.0,2.0,0.0025,0.005,3.5,700,cond_mean,351,1.0000561851706977,1.9934325286690162,0.5054565201609535,0.0013119211359981695,0,0.012164731287087794,0.23206603571972145
1.0,0.5,2.0,2.0,0.0025,0.005,5.0,1000,cond_mean,351,0.9998534935563694,2.0072270886581607,0.5037616056523329,0.0017976243263576035,0,0.013243349187503552,0.23206603571972145
1.0,0.5,2.0,2.0,0.0025,0.005,10.0,2000,cond_mean,351,0.9999698322839721,2.0380138360880156,0.5124260687754706,0.0023558634956911445,0,0.04809349955128166,0.23206603571972145
1.0,0.5,2.0,2.0,0.0025,0.005,20.0,4000,cond_mean,351,0.9997752422136981,2.043139583717187,0.4965867088026202,0.0029005738045571553,0,0.052102019422873805,0.23206603571972145
1.0,0.5,2.0,2.0,0.0025,0.005,0.5,100,cond_mean,352,1.0001125474952548,2.002545733467558,0.4984740341173612,0.0017695950159324215,0,0.009451598052701253,0.2319283810045038
1.0,0.5,2.0,2.0,0.0025,0.005,1.0,200,cond_mean,352,1.0001016614550107,2.014660302122296,0.5012478221868591,0.0021171184520396924,0,0.01989772211670243,0.2319283810045038
1.0,0.5,2.0,2.0,0.0025,0.005,2.0,400,cond_mean,352,1.00005642276678,2.023603708189756,0.4981460235248995,0.002229639005585864,0,0.02951513385943666,0.2319283810045038
1.0,0.5,2.0,2.0,0.0025,0.005,3.5,700,cond_mean,352,1.0003322058402737,2.032908695711739,0.5010578007193331,0.0016730721840898576,0,0.03889543600259259,0.2319283810045038
1.0,0.5,2.0,2.0,0.0025,0.005,5.0,1000,cond_mean,352,1.000020328221831,2.027581233819192,0.4961042963611496,0.0016541537481927376,0,0.03332853776439754,0.2319283810045038
1.0,0.5,2.0,2.0,0.0025,0.005,10.0,2000,cond_mean,352,1.0001323854527149,2.0329026109941815,0.5075519105470835,0.0019134686165871496,0,0.04009992091814704,0.2319283810045038
1.0,0.5,2.0,2.0,0.0025,0.005,20.0,4000,cond_mean,352,1.0001319275460467,2.0996240289388233,0.5066057019782862,0.0018212445734128735,0,0.11531093633860807,0.2319283810045038
1.0,0.5,2.0,2.0,0.0025,0.005,0.5,100,cond_mean,353,0.9998465403581157,2.005944863761,0.4971513461866079,0.0012372750726499732,0,0.009801514195214111,0.23163245829554008
1.0,0.5,2.0,2.0,0.0025,0.005,1.0,200,cond_mean,353,0.9998482114127274,1.998865171167489,0.49725384591243765,0.0018677924308522368,0,0.00983877268483538,0.23163245829554008
1.0,0.5,2.0,2.0,0.0025,0.005,2.0,400,cond_mean,353,0.9998871117091851,2.0093033002892007,0.4991559615963415,0.001713768155305761,0,0.013680549088293687,0.23163245829554008
1.0,0.5,2.0,2.0,0.0025,0.005,3.5,700,cond_mean,353,1.0004527389637432,2.0248134523669954,0.5040360844268875,0.0022259839643003153,0,0.030978055463866578,0.23163245829554008
1.0,0.5,2.0,2.0,0.0025,0.005,5.0,1000,cond_mean,353,1.0001894519644916,2.029011082684293,0.5020191354896202,0.0022734797373308905,0,0.03533300465936293,0.23163245829554008
1.0,0.5,2.0,2.0,0.0025,0.005,10.0,2000,cond_mean,353,1.0002179122860502,2.0484981509549254,0.496096362831024,0.0025887448581859277,0,0.05777113850588612,0.23163245829554008
1.0,0.5,2.0,2.0,0.0025,0.005,20.0,4000,cond_mean,353,1.000247276831697,2.027007785860478,0.5035500461245734,0.0019133260525075932,0,0.03280893014169983,0.23163245829554008
1.0,0.5,2.0,2.0,0.0025,0.005,0.5,100,cond_mean,354,1.000029652694678,1.995066811484864,0.5037235839621798,0.001593946318366858,0,0.010801203293059915,0.23260238685179502
1.0,0.5,2.0,2.0,0.0025,0.005,1.0,200,cond_mean,354,1.0000262636605117,1.9923925636511572,0.5029402927323738,0.002644450013342178,0,0.01613283340504769,0.23260238685179502
1.0,0.5,2.0,2.0,0.0025,0.005,2.0,400,cond_mean,354,1.0000602369674474,2.002038203158301,0.5037530038011294,0.0022618914043382307,0,0.01230694052726404,0.23260238685179502
1.0,0.5,2.0,2.0,0.0025,0.005,3.5,700,cond_mean,354,1.0003822396151598,1.9881487775752555,0.5002398051979874,0.003445751678496743,0,0.0218148770452242,0.23260238685179502
1.0,0.5,2.0,2.0,0.0025,0.005,5.0,1000,cond_mean,354,0.9999349247912086,1.9846461049795852,0.4931830868977382,0.003972435546869237,0,0.027724440120554816,0.23260238685179502
1.0,0.5,2.0,2.0,0.0025,0.005,10.0,2000,cond_mean,354,1.000314745574977,2.0230367118886283,0.5008622117836642,0.0023533934719887424,0,0.029021449069578757,0.23260238685179502
1.0,0.5,2.0,2.0,0.0025,0.005,20.0,4000,cond_mean,354,1.0000731955764801,2.0540034990574325,0.5022264615074514,0.0025417263942617394,0,0.06355669817537206,0.23260238685179502
1.0,0.5,2.0,2.0,0.0025,0.005,0.5,100,cond_mean,355,0.9998912844182255,2.00354964506776,0.4994948402088271,0.0013770326945740437,0,0.007927362205479786,0.23216574999969453
1.0,0.5,2.0,2.0,0.0025,0.005,1.0,200,cond_mean,355,0.9997208769980969,1.9920854540471784,0.49597026099114067,0.0021244013068782304,0,0.014670303392651426,0.23216574999969453
1.0,0.5,2.0,2.0,0.0025,0.005,2.0,400,cond_mean,355,0.9999638681968037,2.0060266777563007,0.5021647299080974,0.002399514519038488,0,0.01396535031302916,0.23216574999969453
1.0,0.5,2.0,2.0,0.0025,0.005,3.5,700,cond_mean,355,0.9996918398774768,2.0073739846647154,0.49897126128215297,0.0022241545299817173,0,0.013924601859473654,0.23216574999969453
1.0,0.5,2.0,2.0,0.0025,0.005,5.0,1000,cond_mean,355,0.9996880222845681,1.998769562055482,0.49535119247326687,0.0017290349157358196,0,0.010255634961150112,0.23216574999969453
1.0,0.5,2.0,2.0,0.0025,0.005,10.0,2000,cond_mean,355,1.0001206540072878,2.0270442576665038,0.49919677126500533,0.0026600315251600402,0,0.03389429063054322,0.23216574999969453
1.0,0.5,2.0,2.0,0.0025,0.005,20.0,4000,cond_mean,355,1.000076335904901,2.0375063467177763,0.5051113843561907,0.0034888286774853823,0,0.047004483126152165,0.23216574999969453
1.0,0.5,2.0,2.0,0.0025,0.005,0.5,100,cond_mean,356,1.0001340893399493,2.005938980897889,0.4961856667425684,0.002198772641074067,0,0.013861393910006549,0.2307815475755238
1.0,0.5,2.0,2.0,0.0025,0.005,1.0,200,cond_mean,356,1.0003231214154784,2.0024639774799033,0.5044938209683312,0.0027816074242743823,0,0.01494387206302031,0.2307815475755238
1.0,0.5,2.0,2.0,0.0025,0.005,2.0,400,cond_mean,356,1.0002231700666437,2.0216570756669543,0.5048844601786623,0.001889462632379373,0,0.027267556025150706,0.2307815475755238
1.0,0.5,2.0,2.0,0.0025,0.005,3.5,700,cond_mean,356,1.0000426989534976,2.0282988487393268,0.5059935266453629,0.001474307418267401,0,0.03423724249012566,0.2307815475755238
1.0,0.5,2.0,2.0,0.0025,0.005,5.0,1000,cond_mean,356,1.0003784458004912,2.0418179891922024,0.512952515921334,0.001463064008867327,0,0.051142974435168125,0.2307815475755238
1.0,0.5,2.0,2.0,0.0025,0.005,10.0,2000,cond_mean,356,1.0004645112700132,2.067460321195125,0.5102462641084263,0.002259130633189266,0,0.07926143626217118,0.2307815475755238
1.0,0.5,2.0,2.0,0.0025,0.005,20.0,4000,cond_mean,356,0.9998233331753188,2.046019694046143,0.4965499582647154,0.001917415919032436,0,0.05421824440389373,0.2307815475755238
1.0,0.5,2.0,2.0,0.0025,0.005,0.5,100,cond_mean,357,1.000233694964275,1.992723051658459,0.5075507555711934,0.0028864694215669177,0,0.01900202942353603,0.22941814870240965
1.0,0.5,2.0,2.0,0.0025,0.005,1.0,200,cond_mean,357,1.0001826158991334,1.9850659654238252,0.5063499045801699,0.002453155840854203,0,0.022460265751049938,0.22941814870240965
1.0,0.5,2.0,2.0,0.0025,0.005,2.0,400,cond_mean,357,1.0000293575140633,1.9868330082444723,0.5087052302132022,0.0012212437234595968,0,0.019821797725481045,0.22941814870240965
1.0,0.5,2.0,2.0,0.0025,0.005,3.5,700,cond_mean,357,0.999434520850686,1.9842695223713243,0.5078853178569634,0.002999582865877438,0,0.0261159209230025,0.22941814870240965
1.0,0.5,2.0,2.0,0.0025,0.005,5.0,1000,cond_mean,357,0.9997467620389369,1.9778982973969552,0.5042845419142195,0.0016216190760819297,0,0.027394681285477417,0.22941814870240965
1.0,0.5,2.0,2.0,0.0025,0.005,10.0,2000,cond_mean,357,1.000046989823656,1.9807555973590636,0.50500115141684,0.0025484794909253435,0,0.026254141862726465,0.22941814870240965
1.0,0.5,2.0,2.0,0.0025,0.005,20.0,4000,cond_mean,357,0.9991126071768458,1.9573526030730022,0.48700643758014683,0.003114339274275682,0,0.0542293480971598,0.22941814870240965
1.0,0.5,2.0,2.0,0.0025,0.005,0.5,100,cond_mean,358,0.9998169014601326,1.995536109343555,0.497120930693489,0.0023988564310012594,0,0.013309317229990578,0.22987976785017444
1.0,0.5,2.0,2.0,0.0025,0.005,1.0,200,cond_mean,358,1.0001731656037043,1.987000417017171,0.5055160971891164,0.0018506840208020606,0,0.01880659135706124,0.22987976785017444
1.0,0.5,2.0,2.0,0.0025,0.005,2.0,400,cond_mean,358,1.0002412742899291,1.9842503182842215,0.5053451115899918,0.0015502633037223245,0,0.020720239436060356,0.22987976785017444
1.0,0.5,2.0,2.0,0.0025,0.005,3.5,700,cond_mean,358,0.999806894421542,1.980467434828434,0.5007816407376251,0.0015932027566227284,0,0.02392284490018033,0.22987976785017444
1.0,0.5,2.0,2.0,0.0025,0.005,5.0,1000,cond_mean,358,1.0003827265646728,1.981021027084021,0.5032031090102164,0.0019519111427136822,0,0.024178437748826796,0.22987976785017444
1.0,0.5,2.0,2.0,0.0025,0.005,10.0,2000,cond_mean,358,0.9997007693443344,1.9734848196268655,0.49733592091550854,0.0018996605452013032,0,0.03218411156044055,0.22987976785017444
1.0,0.5,2.0,2.0,0.0025,0.005,20.0,4000,cond_mean,358,1.000437159674936,2.0108643425336763,0.5062207733152884,0.001977588338382685,0,0.017494019148871352,0.22987976785017444
1.0,0.5,2.0,2.0,0.0025,0.005,0.5,100,cond_mean,359,1.000105507613081,1.995959936101009,0.5016686098168367,0.0018051205215366844,0,0.010212546831168064,0.23186061313442355
1.0,0.5,2.0,2.0,0.0025,0.005,1.0,200,cond_mean,359,0.9998893481576292,1.9866739137191174,0.4997629850771334,0.0022656339526712583,0,0.018988788653660885,0.23186061313442355
1.0,0.5,2.0,2.0,0.0025,0.005,2.0,400,cond_mean,359,1.000316508478691,1.9774823728442212,0.504989248243127,0.0020185165902903307,0,0.028382820064818154,0.23186061313442355
1.0,0.5,2.0,2.0,0.0025,0.005,3.5,700,cond_mean,359,0.9999549654306606,1.9819248180935154,0.49450460286705006,0.001451057178329791,0,0.023220904612580688,0.23186061313442355
1.0,0.5,2.0,2.0,0.0025,0.005,5.0,1000,cond_mean,359,1.0000354996522096,1.9775100182801013,0.4872556716816286,0.001914664888298152,0,0.032486979557829386,0.23186061313442355
1.0,0.5,2.0,2.0,0.0025,0.005,10.0,2000,cond_mean,359,0.9997322376702273,1.9923057325985016,0.49026082208216615,0.0023702058105701806,0,0.019177546871849128,0.23186061313442355
1.0,0.5,2.0,2.0,0.0025,0.005,20.0,4000,cond_mean,359,0.9997431674187498,1.972759264734214,0.4981478870127859,0.0017772026419017282,0,0.032750918313795487,0.23186061313442355
1.0,0.5,2.0,2.0,0.0025,0.005,0.5,100,cond_mean,360,0.999675739671676,1.9918638988954809,0.49611506816629075,0.0019100520403360554,0,0.014052192673231132,0.2306400774312871
1.0,0.5,2.0,2.0,0.0025,0.005,1.0,200,cond_mean,360,0.9997623285425217,1.9876507585278216,0.4970762333712246,0.002069113052126762,0,0.0178616428365237,0.2306400774312871
1.0,0.5,2.0,2.0,0.0025,0.005,2.0,400,cond_mean,360,0.9999891117317731,1.9869028844948489,0.5008434646237194,0.0026368958456917217,0,0.019931629071348704,0.2306400774312871
1.0,0.5,2.0,2.0,0.0025,0.005,3.5,700,cond_mean,360,1.0000119605434519,1.9975983235823178,0.5093972100817912,0.0014669740651153187,0,0.014463901730756228,0.2306400774312871
1.0,0.5,2.0,2.0,0.0025,0.005,5.0,1000,cond_mean,360,1.0002278606829957,1.982571223144725,0.5082257591108247,0.0018955151269172072,0,0.024432893996104446,0.2306400774312871
1.0,0.5,2.0,2.0,0.0025,0.005,10.0,2000,cond_mean,360,0.9996322413427643,1.9532210729984516,0.5011773727301595,0.002868256536600893,0,0.0558433609414156,0.2306400774312871
1.0,0.5,2.0,2.0,0.0025,0.005,20.0,4000,cond_mean,360,0.9998268065390431,1.9533586189471728,0.5082719030401471,0.0020400987455906666,0,0.05565059253520204,0.2306400774312871
1.0,0.5,2.0,2.0,0.0025,0.005,0.5,100,cond_mean,361,1.0000591014471973,2.0011612819649036,0.5017104311253557,0.0014531647629135876,0,0.007558741914335876,0.2349639047170058
1.0,0.5,2.0,2.0,0.0025,0.005,1.0,200,cond_mean,361,1.0000686208065321,2.001753549599633,0.4997302779162435,0.002340856579652661,0,0.011673977597724367,0.2349639047170058
1.0,0.5,2.0,2.0,0.0025,0.005,2.0,400,cond_mean,361,0.9997860555706092,2.010529649680991,0.49685584572814423,0.001966220662473059,0,0.015990178550374406,0.2349639047170058
1.0,0.5,2.0,2.0,0.0025,0.005,3.5,700,cond_mean,361,0.9999972851410843,2.0249766817383974,0.49277025158471033,0.0024074984832905127,0,0.032641128549428106,0.2349639047170058
1.0,0.5,2.0,2.0,0.0025,0.005,5.0,1000,cond_mean,361,0.9997722834224914,2.0133178874892095,0.49437857050299816,0.001527891881217465,0,0.01849395468566962,0.2349639047170058
1.0,0.5,2.0,2.0,0.0025,0.005,10.0,2000,cond_mean,361,0.9995611170306385,2.000098303773085,0.5022069421627525,0.0018614231406730787,0,0.010094406532855949,0.2349639047170058
1.0,0.5,2.0,2.0,0.0025,0.005,20.0,4000,cond_mean,361,1.0001927809894566,2.0356886463574577,0.5114899620236557,0.0018337806714629529,0,0.044459024727984596,0.2349639047170058
1.0,0.5,2.0,2.0,0.0025,0.005,0.5,100,cond_mean,362,0.9998752039564358,1.9919674198281685,0.4973719195383036,0.0016911488087254253,0,0.012861917080214768,0.23483963699878327
1.0,0.5,2.0,2.0,0.0025,0.005,1.0,200,cond_mean,362,0.9998277928762334,1.9885040898304467,0.49343819278400247,0.0018238089664861686,0,0.01804248510246902,0.23483963699878327
1.0,0.5,2.0,2.0,0.0025,0.005,2.0,400,cond_mean,362,0.9999831933321425,1.9788753022085903,0.4904893732258537,0.0016107515043613982,0,0.028566231863940604,0.23483963699878327
1.0,0.5,2.0,2.0,0.0025,0.005,3.5,700,cond_mean,362,1.0002920454379125,1.9683852883632718,0.49922052627011354,0.00247780840022984,0,0.03853129764563516,0.23483963699878327
1.0,0.5,2.0,2.0,0.0025,0.005,5.0,1000,cond_mean,362,0.9998537235646381,1.9700633780341816,0.4989269707881899,0.0028415861415665346,0,0.03731666686499334,0.23483963699878327
1.0,0.5,2.0,2.0,0.0025,0.005,10.0,2000,cond_mean,362,0.9997972654710102,1.9913161304106413,0.4884844255766455,0.0022940074746067196,0,0.021148087307342616,0.23483963699878327
1.0,0.5,2.0,2.0,0.0025,0.005,20.0,4000,cond_mean,362,0.999856316217389,1.943270385904399,0.49144017480748764,0.0018635384363274309,0,0.06724868952257208,0.23483963699878327
1.0,0.5,2.0,2.0,0.0025,0.005,0.5,100,cond_mean,363,1.0002675295426195,1.9929240510046606,0.503622548709465,0.0023094858543280107,0,0.014623628512854996,0.23578241071663797
1.0,0.5,2.0,2.0,0.0025,0.005,1.0,200,cond_mean,363,1.0001389444574782,1.9927716320094346,0.5009420040158389,0.0017151871723435509,0,0.011900497131250305,0.23578241071663797
1.0,0.5,2.0,2.0,0.0025,0.005,2.0,400,cond_mean,363,1.0001669631650676,1.9904459775698606,0.4950801542915092,0.0019268644242892631,0,0.016099626224865386,0.23578241071663797
1.0,0.5,2.0,2.0,0.0025,0.005,3.5,700,cond_mean,363,1.000200888743105,2.001945337382801,0.49490466925064697,0.0016995534523972177,0,0.011251998244317508,0.23578241071663797
1.0,0.5,2.0,2.0,0.0025,0.005,5.0,1000,cond_mean,363,1.0001950083881055,2.0101222122083087,0.49168952436237945,0.0026433908276077256,0,0.020939536991595144,0.23578241071663797
1.0,0.5,2.0,2.0,0.0025,0.005,10.0,2000,cond_mean,363,0.9997950254753833,2.0119031797285447,0.49695374515406526,0.0014970655039958554,0,0.01601805449035151,0.23578241071663797
1.0,0.5,2.0,2.0,0.0025,0.005,20.0,4000,cond_mean,363,1.0005524518821565,1.9642681801097852,0.5172717075565599,0.0018443686939942697,0,0.0470721976438737,0.23578241071663797
1.0,0.5,2.0,2.0,0.0025,0.005,0.5,100,cond_mean,364,1.000304154022983,1.9951836064332227,0.5066376044818373,0.0021092327910786184,0,0.014312014680093557,0.23554067857496971
1.0,0.5,2.0,2.0,0.0025,0.005,1.0,200,cond_mean,364,1.0003499364847204,2.011352521954284,0.5055891467435051,0.001981438536797558,0,0.017602568122469072,0.23554067857496971
1.0,0.5,2.0,2.0,0.0025,0.005,2.0,400,cond_mean,364,1.0003679736743434,2.0138575173484874,0.4996372581738927,0.0022723007410233786,0,0.019607137597768453,0.23554067857496971
1.0,0.5,2.0,2.0,0.0025,0.005,3.5,700,cond_mean,364,0.9999182560839248,2.0163240071993433,0.4920154664153781,0.0016830139852402008,0,0.0230979436229391,0.23554067857496971
1.0,0.5,2.0,2.0,0.0025,0.005,5.0,1000,cond_mean,364,0.9996502012894071,2.000567868639474,0.48649109372317995,0.002125367672462366,0,0.01998702724672032,0.23554067857496971
1.0,0.5,2.0,2.0,0.0025,0.005,10.0,2000,cond_mean,364,0.9999028842595709,1.9718932643401692,0.5077544388034217,0.0016783856751712194,0,0.034975867705399455,0.23554067857496971
1.0,0.5,2.0,2.0,0.0025,0.005,20.0,4000,cond_mean,364,1.000332033733748,1.9346203450945545,0.4955197576911391,0.0031819453779265597,0,0.07759134493064775,0.23554067857496971
1.0,0.5,2.0,2.0,0.0025,0.005,0.5,100,cond_mean,365,0.9998681467941897,1.9982794746833623,0.4981094231920305,0.0014841628240575178,0,0.007879934058956038,0.2359460475688268
1.0,0.5,2.0,2.0,0.0025,0.005,1.0,200,cond_mean,365,0.9997579760872587,1.9991576420224793,0.49652046404535577,0.0015972936537630737,0,0.008928662168727017,0.2359460475688268
1.0,0.5,2.0,2.0,0.0025,0.005,2.0,400,cond_mean,365,0.9997715524412429,2.0132406803649854,0.49497487759134795,0.0019723539903523184,0,0.019147891425789095,0.2359460475688268
1.0,0.5,2.0,2.0,0.0025,0.005,3.5,700,cond_mean,365,1.0001759013545395,2.0064072666154513,0.4982780720959436,0.0026692675283352236,0,0.01528588032128909,0.2359460475688268
1.0,0.5,2.0,2.0,0.0025,0.005,5.0,1000,cond_mean,365,0.9999694451593842,2.0100255523259665,0.48639807641523664,0.0034782115720906645,0,0.02724354506385074,0.2359460475688268
1.0,0.5,2.0,2.0,0.0025,0.005,10.0,2000,cond_mean,365,1.0002597200357237,1.976796119484533,0.5092362447730713,0.0022018132495700573,0,0.031043488583309006,0.2359460475688268
1.0,0.5,2.0,2.0,0.0025,0.005,20.0,4000,cond_mean,365,1.000257634077466,1.9635208764481962,0.508717760772159,0.0016892905058079927,0,0.044094646644833424,0.2359460475688268
1.0,0.5,2.0,2.0,0.0025,0.005,0.5,100,cond_mean,366,1.000033775509173,2.0054252817861595,0.4984117149272456,0.0016376526668521285,0,0.010415288600426852,0.23546675599313208
1.0,0.5,2.0,2.0,0.0025,0.005,1.0,200,cond_mean,366,1.0001400777766256,2.0057431131306975,0.5057665694944977,0.0020232020365606473,0,0.013958834583012666,0.23546675599313208
1.0,0.5,2.0,2.0,0.0025,0.005,2.0,400,cond_mean,366,1.0000646543722185,2.0194965227583483,0.506022513861112,0.0015642126037789445,0,0.024926144832548788,0.23546675599313208
1.0,0.5,2.0,2.0,0.0025,0.005,3.5,700,cond_mean,366,1.0002652174370583,2.025610558390393,0.5107692477954136,0.0028027061354261515,0,0.035072931071714414,0.23546675599313208
1.0,0.5,2.0,2.0,0.0025,0.005,5.0,1000,cond_mean,366,0.9999864125286354,2.047467510276192,0.49848401376635554,0.0013599647703794891,0,0.05529070952634726,0.23546675599313208
1.0,0.5,2.0,2.0,0.0025,0.005,10.0,2000,cond_mean,366,1.000173180086377,2.068675478730657,0.5102593682565632,0.0022645721741217915,0,0.08062231464141711,0.23546675599313208
1.0,0.5,2.0,2.0,0.0025,0.005,20.0,4000,cond_mean,366,0.9997543337549577,2.0615805544790926,0.49596761555332725,0.0022238771221341244,0,0.072242910240002,0.23546675599313208
1.0,0.5,2.0,2.0,0.0025,0.005,0.5,100,cond_mean,367,1.0001670094619257,1.9872088999367403,0.4997903702304464,0.0019416702346633753,0,0.01760141212303108,0.23541245241982064
1.0,0.5,2.0,2.0,0.0025,0.005,1.0,200,cond_mean,367,1.00029554135874,1.9852497657137864,0.5022925278341008,0.0018616334915959039,0,0.019501234698851837,0.23541245241982064
1.0,0.5,2.0,2.0,0.0025,0.005,2.0,400,cond_mean,367,1.0004841154009037,1.989515776995661,0.50250546259589,0.002159869032438676,0,0.01637566914390331,0.23541245241982064
1.0,0.5,2.0,2.0,0.0025,0.005,3.5,700,cond_mean,367,1.0004835580517537,1.971894088848984,0.5110151670243783,0.0027426084137620204,0,0.03740055056654798,0.23541245241982064
1.0,0.5,2.0,2.0,0.0025,0.005,5.0,1000,cond_mean,367,1.0001484083725287,1.9667625040214072,0.5022981822001276,0.0021954564063595976,0,0.03991476478906006,0.23541245241982064
1.0,0.5,2.0,2.0,0.0025,0.005,10.0,2000,cond_mean,367,1.0001198918344048,1.9475560451797052,0.5078090401309883,0.0018021298472748308,0,0.06173865044454105,0.23541245241982064
1.0,0.5,2.0,2.0,0.0025,0.005,20.0,4000,cond_mean,367,0.999918545216317,1.977897433654208,0.5096727599501769,0.002259461976583856,0,0.030461809918734328,0.23541245241982064
1.0,0.5,2.0,2.0,0.0025,0.005,0.5,100,cond_mean,368,0.9999510053399628,2.0041390318246854,0.49885222772110427,0.0017361316131572794,0,0.009866497613181069,0.2346429761465905
1.0,0.5,2.0,2.0,0.0025,0.005,1.0,200,cond_mean,368,0.9999515642852701,2.007002417954452,0.5014879260868772,0.001970015471749521,0,0.012768482022646927,0.2346429761465905
1.0,0.5,2.0,2.0,0.0025,0.005,2.0,400,cond_mean,368,0.999952729946537,2.00683451704236,0.4989790041937432,0.0020479571725140113,0,0.012835362384106288,0.2346429761465905
1.0,0.5,2.0,2.0,0.0025,0.005,3.5,700,cond_mean,368,0.9996911139604704,2.004488979154927,0.5013394791252652,0.0022118667351406856,0,0.012339998081350454,0.2346429761465905
1.0,0.5,2.0,2.0,0.0025,0.005,5.0,1000,cond_mean,368,0.9999268631605214,1.9970003610441216,0.5022678899434362,0.0020159770697986755,0,0.010934607169892136,0.2346429761465905
1.0,0.5,2.0,2.0,0.0025,0.005,10.0,2000,cond_mean,368,1.000012152299582,2.0232365100117162,0.5051369450931184,0.0014627526245987949,0,0.028515111159177948,0.2346429761465905
1.0,0.5,2.0,2.0,0.0025,0.005,20.0,4000,cond_mean,368,0.9998565737410481,2.0218659905607916,0.49286956441649576,0.001962967689296762,0,0.02860959011588351,0.2346429761465905
1.0,0.5,2.0,2.0,0.0025,0.005,0.5,100,cond_mean,369,0.9999952398589781,1.99503617832794,0.5045079795800065,0.0015676002579946145,0,0.011254339554604052,0.23512015471767103
1.0,0.5,2.0,2.0,0.0025,0.005,1.0,200,cond_mean,369,1.0001409741487242,1.9987196310652156,0.5057698025023857,0.0019976063440893233,0,0.01228767898050886,0.23512015471767103
1.0,0.5,2.0,2.0,0.0025,0.005,2.0,400,cond_mean,369,1.0000172361877024,2.016486579740895,0.506601637773653,0.0016208038500288603,0,0.022333508854222795,0.23512015471767103
1.0,0.5,2.0,2.0,0.0025,0.005,3.5,700,cond_mean,369,0.9999031532183701,2.015410255711544,0.5031412726739335,0.0028741459082622777,0,0.0230984231256388,0.23512015471767103
1.0,0.5,2.0,2.0,0.0025,0.005,5.0,1000,cond_mean,369,1.0001194581717867,2.0226813799778403,0.5066517580956732,0.0018328978508529515,0,0.02890395455744206,0.23512015471767103
1.0,0.5,2.0,2.0,0.0025,0.005,10.0,2000,cond_mean,369,0.9992573698328593,2.02315517992327,0.497817914004036,0.0034851080514419984,0,0.03197041473865172,0.23512015471767103
1.0,0.5,2.0,2.0,0.0025,0.005,20.0,4000,cond_mean,369,0.9998691417084026,2.0301165171365065,0.5087534509436001,0.0024656955192321884,0,0.03853589561051793,0.23512015471767103
1.0,0.5,2.0,2.0,0.0025,0.005,0.5,100,cond_mean,370,0.9999574870184971,1.995592443423819,0.5016393907459756,0.0018421695640688444,0,0.010614619029270432,0.23776983328363194
1.0,0.5,2.0,2.0,0.0025,0.005,1.0,200,cond_mean,370,0.999784942023837,1.9925248788980374,0.4999142613799126,0.0029189292590628135,0,0.016749445115267363,0.23776983328363194
1.0,0.5,2.0,2.0,0.0025,0.005,2.0,400,cond_mean,370,0.9999952837799075,2.0000959710539714,0.5001296228540079,0.0030288703521592587,0,0.014858469353396448,0.23776983328363194
1.0,0.5,2.0,2.0,0.0025,0.005,3.5,700,cond_mean,370,1.0000024418584965,1.9966618329580457,0.4987092139583973,0.0021933426842832694,0,0.01155253058340826,0.23776983328363194
1.0,0.5,2.0,2.0,0.0025,0.005,5.0,1000,cond_mean,370,0.9997900506476501,1.9943074556699718,0.5030282826477424,0.0017733784898745623,0,0.011805704848581134,0.23776983328363194
1.0,0.5,2.0,2.0,0.0025,0.005,10.0,2000,cond_mean,370,0.9997865676309455,1.9548733382230006,0.5020904804478525,0.003268041229136799,0,0.05460258502953493,0.23776983328363194
1.0,0.5,2.0,2.0,0.0025,0.005,20.0,4000,cond_mean,370,1.0001146608872642,1.9664579049061572,0.501716734171658,0.001586704791381074,0,0.03953254469920603,0.23776983328363194
1.0,0.5,2.0,2.0,0.0025,0.005,0.5,100,cond_mean,371,1.0001373149171773,1.987446024601203,0.500669135281365,0.0016977302260358504,0,0.01673631434330345,0.2353181785770825
1.0,0.5,2.0,2.0,0.0025,0.005,1.0,200,cond_mean,371,0.9999968230597979,1.9843543040413356,0.49524932899428903,0.0018138536251750949,0,0.021092393100777488,0.2353181785770825
1.0,0.5,2.0,2.0,0.0025,0.005,2.0,400,cond_mean,371,1.0002124396024703,1.9910917552606395,0.495430266456928,0.001586341810950974,0,0.01447716221862513,0.2353181785770825
1.0,0.5,2.0,2.0,0.0025,0.005,3.5,700,cond_mean,371,0.9997631384706529,1.9815903139157536,0.4886034844532881,0.0032974744174724983,0,0.030395099435719563,0.2353181785770825
1.0,0.5,2.0,2.0,0.0025,0.005,5.0,1000,cond_mean,371,0.9998930878084245,1.9667331486876485,0.4972662529830629,0.002130394556431136,0,0.039971687652201174,0.2353181785770825
1.0,0.5,2.0,2.0,0.0025,0.005,10.0,2000,cond_mean,371,0.9998822988524313,1.9768073178730816,0.5013847063506572,0.0015561435424480243,0,0.027903266784738777,0.2353181785770825
1.0,0.5,2.0,2.0,0.0025,0.005,20.0,4000,cond_mean,371,1.000001991311085,1.999702237804542,0.4956794742131694,0.002043953531291051,0,0.011527425339300276,0.2353181785770825
1.0,0.5,2.0,2.0,0.0025,0.005,0.5,100,cond_mean,372,0.9998175734331696,2.005788505252863,0.5008741178469425,0.0025492807175917648,0,0.014288075251619518,0.2379948631361393
1.0,0.5,2.0,2.0,0.0025,0.005,1.0,200,cond_mean,372,0.9997499374548572,2.0059075796600414,0.4978664018703865,0.0019444978599325216,0,0.01198937988527644,0.2379948631361393
1.0,0.5,2.0,2.0,0.0025,0.005,2.0,400,cond_mean,372,1.00002358053774,1.9850317349773154,0.49978068871819126,0.002352894080392454,0,0.020789906382854127,0.2379948631361393
1.0,0.5,2.0,2.0,0.0025,0.005,3.5,700,cond_mean,372,1.000079176913843,1.9682933223147294,0.49910966267465096,0.001607862338580893,0,0.037497529441033156,0.2379948631361393
1.0,0.5,2.0,2.0,0.0025,0.005,5.0,1000,cond_mean,372,1.0002058622225973,1.9655728583614944,0.5002924459072545,0.002381465525563453,0,0.04142689870751738,0.2379948631361393
1.0,0.5,2.0,2.0,0.0025,0.005,10.0,2000,cond_mean,372,1.0001195830314347,1.929174743416031,0.5002962466038278,0.0022445698267649855,0,0.08248426583374696,0.2379948631361393
1.0,0.5,2.0,2.0,0.0025,0.005,20.0,4000,cond_mean,372,1.0001485325903594,1.92806188102758,0.5120015620881305,0.0024700643302943293,0,0.08471703268458741,0.2379948631361393
1.0,0.5,2.0,2.0,0.0025,0.005,0.5,100,cond_mean,373,0.9996637516577801,2.0049036331372587,0.49656280731371966,0.0023389948584714468,0,0.01341639478418584,0.24027046428195067
1.0,0.5,2.0,2.0,0.0025,0.005,1.0,200,cond_mean,373,0.9995992604931115,2.0087832820682836,0.4975024075770578,0.0027232593755228377,0,0.017029667159118658,0.24027046428195067
1.0,0.5,2.0,2.0,0.0025,0.005,2.0,400,cond_mean,373,0.9998157142212449,2.02420906428671,0.5035449931495973,0.0024797047035033403,0,0.03090341744933183,0.24027046428195067
1.0,0.5,2.0,2.0,0.0025,0.005,3.5,700,cond_mean,373,1.000217624761155,2.024470159068277,0.5118659393799122,0.002018247958726201,0,0.03327166417192699,0.24027046428195067
1.0,0.5,2.0,2.0,0.0025,0.005,5.0,1000,cond_mean,373,0.9999363115534473,2.0416001138685127,0.5012822422173808,0.00217516345785783,0,0.04922359254886956,0.24027046428195067
1.0,0.5,2.0,2.0,0.0025,0.005,10.0,2000,cond_mean,373,0.999926082078668,2.0669503210645903,0.49784638852960234,0.001342456509328357,0,0.077690564072582,0.24027046428195067
1.0,0.5,2.0,2.0,0.0025,0.005,20.0,4000,cond_mean,373,1.0001614898328333,2.083950760951726,0.4989945769090674,0.0017274648997469447,0,0.09733870544326921,0.24027046428195067
1.0,0.5,2.0,2.0,0.0025,0.005,0.5,100,cond_mean,374,1.0001725466788183,2.0054845104855623,0.5002797496960804,0.0019668597886521185,0,0.01156595724742796,0.23623607143027975
1.0,0.5,2.0,2.0,0.0025,0.005,1.0,200,cond_mean,374,1.000192053869582,2.002640410438814,0.49411063622324736,0.0019419499252047768,0,0.012954334775229155,0.23623607143027975
1.0,0.5,2.0,2.0,0.0025,0.005,2.0,400,cond_mean,374,0.9996035533976273,2.0089938315460905,0.4902976774392638,0.0017885248117750008,0,0.0181992982162075,0.23623607143027975
1.0,0.5,2.0,2.0,0.0025,0.005,3.5,700,cond_mean,374,0.9998521279056528,1.9891013190564668,0.49097888218283464,0.0021454743912654537,0,0.020091904651632686,0.23623607143027975
1.0,0.5,2.0,2.0,0.0025,0.005,5.0,1000,cond_mean,374,1.0000288143917375,1.9922903092712514,0.49348476180463435,0.0012938946819050405,0,0.013932261172869892,0.23623607143027975
1.0,0.5,2.0,2.0,0.0025,0.005,10.0,2000,cond_mean,374,0.9999444263415146,1.9950908043055653,0.5048076710071081,0.0031098354025954783,0,0.017459129188082675,0.23623607143027975
1.0,0.5,2.0,2.0,0.0025,0.005,20.0,4000,cond_mean,374,0.9995091741201974,1.9743879770328083,0.4825034917119877,0.0023890970995712147,0,0.03884386321037021,0.23623607143027975
1.0,0.5,2.0,2.0,0.0025,0.005,0.5,100,cond_mean,375,1.000159756857655,1.989607827668061,0.5038833896521934,0.0019242063084502171,0,0.016001522851543142,0.23528983327560127
1.0,0.5,2.0,2.0,0.0025,0.005,1.0,200,cond_mean,375,1.000265955070254,1.9886336795390427,0.5016774756724433,0.0020799624762244404,0,0.01674091745462226,0.23528983327560127
1.0,0.5,2.0,2.0,0.0025,0.005,2.0,400,cond_mean,375,1.0001981639996864,1.973138350803428,0.5084718179791109,0.0020522274166924377,0,0.0342296764643503,0.23528983327560127
1.0,0.5,2.0,2.0,0.0025,0.005,3.5,700,cond_mean,375,0.9997237091727571,1.979582531575189,0.5030954210546456,0.002292130471865004,0,0.026542493527922085,0.23528983327560127
1.0,0.5,2.0,2.0,0.0025,0.005,5.0,1000,cond_mean,375,0.9998085797331151,1.9824941101803015,0.5012302908071513,0.0021574054338186917,0,0.022908545661309346,0.23528983327560127
1.0,0.5,2.0,2.0,0.0025,0.005,10.0,2000,cond_mean,375,0.9999691130090438,1.9928223002626546,0.5014713799969359,0.0017949633657177886,0,0.012256778744647617,0.23528983327560127
1.0,0.5,2.0,2.0,0.0025,0.005,20.0,4000,cond_mean,375,1.0001702374661703,2.0677172835495,0.5123832453860168,0.0011844823257992176,0,0.07951672903843557,0.23528983327560127
1.0,0.5,2.0,2.0,0.0025,0.005,0.5,100,cond_mean,376,1.000203669114786,1.997514074640482,0.4999095680555872,0.002064678920726409,0,0.01058019846079266,0.2354423629918269
1.0,0.5,2.0,2.0,0.0025,0.005,1.0,200,cond_mean,376,0.9999978721697895,1.996548283763639,0.4993489192943538,0.0024933346703496398,0,0.012889751661035613,0.2354423629918269
1.0,0.5,2.0,2.0,0.0025,0.005,2.0,400,cond_mean,376,1.0002709562096532,2.011995582703926,0.5040127174005798,0.002147034547093977,0,0.018046954509773477,0.2354423629918269
1.0,0.5,2.0,2.0,0.0025,0.005,3.5,700,cond_mean,376,1.000509472834506,1.9978939778349112,0.5077658590548568,0.0023726458514561704,0,0.015138687265288284,0.2354423629918269
1.0,0.5,2.0,2.0,0.0025,0.005,5.0,1000,cond_mean,376,1.0007474923287965,1.9915906282857978,0.5146085205102291,0.0028420049773133864,0,0.024655495012346037,0.2354423629918269
1.0,0.5,2.0,2.0,0.0025,0.005,10.0,2000,cond_mean,376,1.000057334685741,1.9821598749687963,0.5012167813457779,0.001943727478639813,0,0.022741936301466776,0.2354423629918269
1.0,0.5,2.0,2.0,0.0025,0.005,20.0,4000,cond_mean,376,1.0002572743379645,2.013905472690009,0.508178669027394,0.0024110417151824385,0,0.022305101877126577,0.2354423629918269
1.0,0.5,2.0,2.0,0.0025,0.005,0.5,100,cond_mean,377,1.000047055164265,2.0025680811000934,0.5093684697525575,0.0017032452999470203,0,0.015026201799543252,0.23700957143280124
1.0,0.5,2.0,2.0,0.0025,0.005,1.0,200,cond_mean,377,1.0000253097674494,1.9943237194192922,0.5105160488443632,0.0020946276056385215,0,0.018310468649708596,0.23700957143280124
1.0,0.5,2.0,2.0,0.0025,0.005,2.0,400,cond_mean,377,0.9998942015115733,1.9949737852317533,0.5100777416202423,0.0018545732929319825,0,0.017191475482318076,0.23700957143280124
1.0,0.5,2.0,2.0,0.0025,0.005,3.5,700,cond_mean,377,1.000389997737119,1.999439298154922,0.516957870496103,0.0022288465802116288,0,0.023999936226564794,0.23700957143280124
1.0,0.5,2.0,2.0,0.0025,0.005,5.0,1000,cond_mean,377,1.0000475466319756,1.9983062456465064,0.5021668467748579,0.0028122181452456155,0,0.01420363923604282,0.23700957143280124
1.0,0.5,2.0,2.0,0.0025,0.005,10.0,2000,cond_mean,377,0.9999753984080357,1.9857137273983998,0.5048110533398559,0.0027730601770483924,0,0.02232770662034788,0.23700957143280124
1.0,0.5,2.0,2.0,0.0025,0.005,20.0,4000,cond_mean,377,0.9999243163482263,2.0237913951909157,0.500031124146747,0.0016076983254939008,0,0.02858248932744431,0.23700957143280124
1.0,0.5,2.0,2.0,0.0025,0.005,0.5,100,cond_mean,378,1.0000397339468066,2.015721635924311,0.49858956586949293,0.0018924474691148672,0,0.02049407930382916,0.23613563085174455
1.0,0.5,2.0,2.0,0.0025,0.005,1.0,200,cond_mean,378,0.9998436550268672,2.0155112492115457,0.49336617249985965,0.0017098237970530502,0,0.02149456104196086,0.23613563085174455
1.0,0.5,2.0,2.0,0.0025,0.005,2.0,400,cond_mean,378,0.9998709359349897,2.0214990435010907,0.49181410233242084,0.0022171223680152335,0,0.02908044819310819,0.23613563085174455
1.0,0.5,2.0,2.0,0.0025,0.005,3.5,700,cond_mean,378,1.0000693289494385,2.0187231466126527,0.4915520182589211,0.0012738140882805166,0,0.02523879671582906,0.23613563085174455
1.0,0.5,2.0,2.0,0.0025,0.005,5.0,1000,cond_mean,378,1.0001967406566785,2.021992623912165,0.48789397358804343,0.0025875584800528787,0,0.03304948682989896,0.23613563085174455
1.0,0.5,2.0,2.0,0.0025,0.005,10.0,2000,cond_mean,378,1.0004507315166455,2.0341692777610985,0.49816748020109936,0.0021550125713442423,0,0.041052954106937746,0.23613563085174455
1.0,0.5,2.0,2.0,0.0025,0.005,20.0,4000,cond_mean,378,1.0005964650990058,2.0509712658022607,0.5275568753770801,0.0025805662692487074,0,0.06892056121562753,0.23613563085174455
1.0,0.5,2.0,2.0,0.0025,0.005,0.5,100,cond_mean,379,1.0001304231011285,2.0011817541816583,0.49365244283436305,0.0018581550080564834,0,0.012665936213332823,0.23700083928581858
1.0,0.5,2.0,2.0,0.0025,0.005,1.0,200,cond_mean,379,1.0000753035950112,1.99893152249406,0.48964795445085135,0.001482012030695853,0,0.015680589280836117,0.23700083928581858
1.0,0.5,2.0,2.0,0.0025,0.005,2.0,400,cond_mean,379,0.9999112064074732,2.0228895481422233,0.48677828377763976,0.0021469983329987304,0,0.03336507225599586,0.23700083928581858
1.0,0.5,2.0,2.0,0.0025,0.005,3.5,700,cond_mean,379,0.9999702135911764,2.026042998744814,0.49407240131604563,0.002406582020034423,0,0.033327942736411126,0.23700083928581858
1.0,0.5,2.0,2.0,0.0025,0.005,5.0,1000,cond_mean,379,1.0000427623898007,2.0455234055167506,0.4921891507509362,0.0020389501689561757,0,0.05464579827793402,0.23700083928581858
1.0,0.5,2.0,2.0,0.0025,0.005,10.0,2000,cond_mean,379,0.9999942399661917,2.0271457101176287,0.5079354089339665,0.0023733959008329897,0,0.03488233027063707,0.23700083928581858
1.0,0.5,2.0,2.0,0.0025,0.005,20.0,4000,cond_mean,379,1.000315859894332,2.030740042871692,0.5005013514542042,0.0024649966911300674,0,0.03751578871092177,0.23700083928581858
1.0,0.5,2.0,2.0,0.0025,0.005,0.5,100,cond_mean,380,1.0001257154287284,2.000700048794919,0.49983300453546864,0.0022013790339352607,0,0.010853778255559676,0.23630957142449915
1.0,0.5,2.0,2.0,0.0025,0.005,1.0,200,cond_mean,380,1.0002515943621313,2.005105885900097,0.5044011787009032,0.002372386622438271,0,0.01410810735190486,0.23630957142449915
1.0,0.5,2.0,2.0,0.0025,0.005,2.0,400,cond_mean,380,0.9996946345151017,1.993634220469341,0.49839708239690356,0.0018595601246860884,0,0.01188400966040069,0.23630957142449915
1.0,0.5,2.0,2.0,0.0025,0.005,3.5,700,cond_mean,380,0.9998459477633009,1.9844747431737657,0.5027978323502923,0.0019758312157801723,0,0.020759360673757717,0.23630957142449915
1.0,0.5,2.0,2.0,0.0025,0.005,5.0,1000,cond_mean,380,1.0000744579083551,1.9687473997846778,0.5146824188131679,0.0018204184053670154,0,0.041546553215994576,0.23630957142449915
1.0,0.5,2.0,2.0,0.0025,0.005,10.0,2000,cond_mean,380,0.9999114306879993,1.9672785127352306,0.49306857739706533,0.0018251230581835583,0,0.039968183984033026,0.23630957142449915
1.0,0.5,2.0,2.0,0.0025,0.005,20.0,4000,cond_mean,380,1.0005324276655996,1.9451680838806489,0.5137442350881116,0.0026537118186967085,0,0.06630706765327532,0.23630957142449915
1.0,0.5,2.0,2.0,0.0025,0.005,0.5,100,cond_mean,381,1.0000613633470954,2.003740480624052,0.5021305306353833,0.00203366192776966,0,0.011184572040312294,0.23659895842761866
1.0,0.5,2.0,2.0,0.0025,0.005,1.0,200,cond_mean,381,0.999960330237757,2.0080976268352684,0.5027503784289213,0.0015148881612441283,0,0.012480444189750297,0.23659895842761866
1.0,0.5,2.0,2.0,0.0025,0.005,2.0,400,cond_mean,381,1.000018608308674,1.9895832747165199,0.5043904341199011,0.0027030208863213973,0,0.018800823749171167,0.23659895842761866
1.0,0.5,2.0,2.0,0.0025,0.005,3.5,700,cond_mean,381,0.9997481149535383,1.9987853688097093,0.5035789035500962,0.0024502319073146928,0,0.013223394906740639,0.23659895842761866
1.0,0.5,2.0,2.0,0.0025,0.005,5.0,1000,cond_mean,381,0.9999396229818985,1.9833160456944043,0.5051477271648639,0.0017999320637894051,0,0.022249454718046683,0.23659895842761866
1.0,0.5,2.0,2.0,0.0025,0.005,10.0,2000,cond_mean,381,0.9998950258517266,1.9829475069562725,0.4873736506986327,0.002142973755132796,0,0.027786722927628744,0.23659895842761866
1.0,0.5,2.0,2.0,0.0025,0.005,20.0,4000,cond_mean,381,1.0000814684897352,1.971148578527401,0.5049445437662573,0.0015009069489937135,0,0.03460229641875826,0.23659895842761866
1.0,0.5,2.0,2.0,0.0025,0.005,0.5,100,cond_mean,382,1.0002289255981178,1.9977728259149725,0.5052777800653512,0.00277594413480931,0,0.015316150294836102,0.2372695000043937
1.0,0.5,2.0,2.0,0.0025,0.005,1.0,200,cond_mean,382,1.000146039356652,2.001690599397202,0.512005183013449,0.0018517411598004967,0,0.01798071661640804,0.2372695000043937
1.0,0.5,2.0,2.0,0.0025,0.005,2.0,400,cond_mean,382,0.9999135634921054,1.9954012947194397,0.5055277337749037,0.002186305066930695,0,0.014089670271419245,0.2372695000043937
1.0,0.5,2.0,2.0,0.0025,0.005,3.5,700,cond_mean,382,0.9995599753338102,2.0062943739525707,0.4885865452548225,0.002223212312256501,0,0.01934444805975716,0.2372695000043937
1.0,0.5,2.0,2.0,0.0025,0.005,5.0,1000,cond_mean,382,0.9997595747366648,2.003416572116423,0.49591532540549704,0.001823692973924355,0,0.01097795865283529,0.2372695000043937
1.0,0.5,2.0,2.0,0.0025,0.005,10.0,2000,cond_mean,382,1.00016262688906,2.0276503669505357,0.49644365373922716,0.0025241497299011923,0,0.034698098091966396,0.2372695000043937
1.0,0.5,2.0,2.0,0.0025,0.005,20.0,4000,cond_mean,382,0.9998141391044197,2.0586402636230225,0.49549671520869965,0.002776251225402317,0,0.06940064677161821,0.2372695000043937
1.0,0.5,2.0,2.0,0.0025,0.005,0.5,100,cond_mean,383,1.0000996887467202,2.0050100654097696,0.5037287055077396,0.0014433895634825254,0,0.010264351399426672,0.2375070774329028
1.0,0.5,2.0,2.0,0.0025,0.005,1.0,200,cond_mean,383,1.000384585711424,1.9948052274399932,0.507279787334422,0.0026660741960358204,0,0.01692839066235228,0.2375070774329028
1.0,0.5,2.0,2.0,0.0025,0.005,2.0,400,cond_mean,383,1.0001416175294224,1.9988224899112947,0.5032756106765274,0.00198410930996789,0,0.010624381036144331,0.2375070774329028
1.0,0.5,2.0,2.0,0.0025,0.005,3.5,700,cond_mean,383,1.000137768572705,2.0265829769245993,0.49474012618814556,0.0020830181985995004,0,0.0332748135792713,0.2375070774329028
1.0,0.5,2.0,2.0,0.0025,0.005,5.0,1000,cond_mean,383,1.0001740149607887,2.0126841162972666,0.49338411445037456,0.0024186275027497654,0,0.021008496848081867,0.2375070774329028
1.0,0.5,2.0,2.0,0.0025,0.005,10.0,2000,cond_mean,383,1.0001533331447376,2.0442780292004135,0.4950332181749098,0.001519894444020735,0,0.052277169056456844,0.2375070774329028
1.0,0.5,2.0,2.0,0.0025,0.005,20.0,4000,cond_mean,383,0.999712958223349,2.083835596240003,0.49401302959226245,0.002149083912949304,0,0.09792654369051691,0.2375070774329028
1.0,0.5,2.0,2.0,0.0025,0.005,0.5,100,cond_mean,384,0.9999548506283594,1.9954700934932479,0.5023188952389804,0.0015862597850448378,0,0.009890549628499815,0.2451224939930918
1.0,0.5,2.0,2.0,0.0025,0.005,1.0,200,cond_mean,384,1.0002999753123298,1.999160067861273,0.5074568890675228,0.0018130123465141432,0,0.01283175395820166,0.2451224939930918
1.0,0.5,2.0,2.0,0.0025,0.005,2.0,400,cond_mean,384,1.0001480779757355,1.9913228669422738,0.49810562116333074,0.001599082927806904,0,0.013058686879636534,0.2451224939930918
1.0,0.5,2.0,2.0,0.0025,0.005,3.5,700,cond_mean,384,1.0004457581179225,1.982403532505559,0.4960103404796468,0.0024249336923349847,0,0.024492631109475554,0.2451224939930918
1.0,0.5,2.0,2.0,0.0025,0.005,5.0,1000,cond_mean,384,1.0002862517695128,1.9789033118174268,0.5062527793791723,0.002487139465894284,0,0.02830532693459489,0.2451224939930918
1.0,0.5,2.0,2.0,0.0025,0.005,10.0,2000,cond_mean,384,1.0001118115930598,1.9530627674011225,0.4989882753810313,0.0017603468282149798,0,0.05492056855686801,0.2451224939930918
1.0,0.5,2.0,2.0,0.0025,0.005,20.0,4000,cond_mean,384,1.0001340250598882,1.9498186763168321,0.5085996640954891,0.0018642307016537819,0,0.05943780989722418,0.2451224939930918
1.0,0.5,2.0,2.0,0.0025,0.005,0.5,100,cond_mean,385,0.9998127077135062,1.99438257797615,0.4972839340932046,0.0013584407851031054,0,0.009851439864443734,0.2374520594187613
1.0,0.5,2.0,2.0,0.0025,0.005,1.0,200,cond_mean,385,1.0000826305257227,1.9969759788518773,0.5027452860632046,0.001855512660341959,0,0.010341906299510699,0.2374520594187613
1.0,0.5,2.0,2.0,0.0025,0.005,2.0,400,cond_mean,385,0.9998853321200651,2.002231251434222,0.49702750306173876,0.0021920090165511654,0,0.011650783045349358,0.2374520594187613
1.0,0.5,2.0,2.0,0.0025,0.005,3.5,700,cond_mean,385,1.0000021630153006,2.000882782436064,0.5050177528192777,0.0021930367291925243,0,0.012637751224835512,0.2374520594187613
1.0,0.5,2.0,2.0,0.0025,0.005,5.0,1000,cond_mean,385,0.9999643140650304,2.001107895187365,0.5052634287891087,0.002249737596098328,0,0.013110865732714489,0.2374520594187613
1.0,0.5,2.0,2.0,0.0025,0.005,10.0,2000,cond_mean,385,1.0002457644061478,1.9902981344609614,0.5039920363828834,0.0017877888531329185,0,0.015003494518812496,0.2374520594187613
1.0,0.5,2.0,2.0,0.0025,0.005,20.0,4000,cond_mean,385,0.9997771651564461,1.9917552349263468,0.49922881881212167,0.0018322811806903685,0,0.013144340686342418,0.2374520594187613
1.0,0.5,2.0,2.0,0.0025,0.005,0.5,100,cond_mean,386,0.999994619370787,2.0020458247311943,0.49721763123505996,0.0013761833387001194,0,0.00802493658555282,0.23654967257087783
1.0,0.5,2.0,2.0,0.0025,0.005,1.0,200,cond_mean,386,1.000083551185957,2.0049396892800613,0.5029031544136408,0.0022474361098185724,0,0.012922741454836292,0.23654967257087783
1.0,0.5,2.0,2.0,0.0025,0.005,2.0,400,cond_mean,386,0.9997689312171104,2.0000260971319843,0.4999664884944522,0.0022455879635461086,0,0.011072188998772688,0.23654967257087783
1.0,0.5,2.0,2.0,0.0025,0.005,3.5,700,cond_mean,386,1.0002961767637015,1.992921328388131,0.5058438563054409,0.002023595450177469,0,0.014716299058716145,0.23654967257087783
1.0,0.5,2.0,2.0,0.0025,0.005,5.0,1000,cond_mean,386,1.0001112377260684,1.985201771115413,0.5036033731860353,0.0018282596542171657,0,0.01978414753360027,0.23654967257087783
1.0,0.5,2.0,2.0,0.0025,0.005,10.0,2000,cond_mean,386,1.0000085779535826,1.9842212655884628,0.5000228068306573,0.002751702765625375,0,0.02267239910087086,0.23654967257087783
1.0,0.5,2.0,2.0,0.0025,0.005,20.0,4000,cond_mean,386,0.9998550272614357,2.0161385763281463,0.5008670760384114,0.0018696372821026177,0,0.020824610912831717,0.23654967257087783
1.0,0.5,2.0,2.0,0.0025,0.005,0.5,100,cond_mean,387,0.9997974153549046,1.9824432510310734,0.4948713121521362,0.002244813631977306,0,0.02395572374937568,0.23584853571706585
1.0,0.5,2.0,2.0,0.0025,0.005,1.0,200,cond_mean,387,0.9996715931165362,1.9806707810182047,0.4923706959530413,0.001992584375845555,0,0.02613722132247078,0.23584853571706585
1.0,0.5,2.0,2.0,0.0025,0.005,2.0,400,cond_mean,387,0.9997465367575064,1.9777143188192352,0.4980652315470761,0.0018994231264630682,0,0.027498420857697117,0.23584853571706585
1.0,0.5,2.0,2.0,0.0025,0.005,3.5,700,cond_mean,387,0.9997668538691814,1.9834478168512635,0.48883669254992296,0.0024815416538524946,0,0.026875075123323065,0.23584853571706585
1.0,0.5,2.0,2.0,0.0025,0.005,5.0,1000,cond_mean,387,0.9999581257618128,1.9833877397400395,0.5065654967387546,0.0019124926360748146,0,0.022978857723665588,0.23584853571706585
1.0,0.5,2.0,2.0,0.0025,0.005,10.0,2000,cond_mean,387,0.9996997765229123,1.9758988444839642,0.4937728184365134,0.001534671990710585,0,0.0298752762647255,0.23584853571706585
1.0,0.5,2.0,2.0,0.0025,0.005,20.0,4000,cond_mean,387,1.00012767579288,1.9529233857807613,0.5015496087513438,0.0022478533558624447,0,0.055443236580866744,0.23584853571706585
1.0,0.5,2.0,2.0,0.0025,0.005,0.5,100,cond_mean,388,1.000117565611441,1.9981350207509065,0.50130599381135,0.001616843806200372,0,0.00836177473090775,0.23577617256835634
1.0,0.5,2.0,2.0,0.0025,0.005,1.0,200,cond_mean,388,0.9999563500765375,1.9920500589263666,0.5010884996417296,0.0017096194854629536,0,0.012523464641245888,0.23577617256835634
1.0,0.5,2.0,2.0,0.0025,0.005,2.0,400,cond_mean,388,0.9997456386911752,2.0027275452896767,0.49696618089683436,0.0026475462563712608,0,0.013831556531512152,0.23577617256835634
1.0,0.5,2.0,2.0,0.0025,0.005,3.5,700,cond_mean,388,1.000046793857107,1.9888554941588052,0.5009702817364761,0.001696522685967263,0,0.015363270401203671,0.23577617256835634
1.0,0.5,2.0,2.0,0.0025,0.005,5.0,1000,cond_mean,388,0.9997084322123256,1.980244921985232,0.4892703569303339,0.0020249725873224197,0,0.028451600873508596,0.23577617256835634
1.0,0.5,2.0,2.0,0.0025,0.005,10.0,2000,cond_mean,388,1.000355779829563,1.9905277376059418,0.5025256238737643,0.004223225112452237,0,0.023586819665110472,0.23577617256835634
1.0,0.5,2.0,2.0,0.0025,0.005,20.0,4000,cond_mean,388,0.9998180398556876,1.973376869965896,0.5034014241620843,0.0022366366396833746,0,0.032972209035311256,0.23577617256835634
1.0,0.5,2.0,2.0,0.0025,0.005,0.5,100,cond_mean,389,1.0002845758010406,2.00059506164538,0.5011614715707255,0.0021597237755936484,0,0.010728766941677948,0.2367061964302723
1.0,0.5,2.0,2.0,0.0025,0.005,1.0,200,cond_mean,389,0.9999864795301351,1.9961729579571992,0.493508657311436,0.0021204289237193494,0,0.014141566304773307,0.2367061964302723
1.0,0.5,2.0,2.0,0.0025,0.005,2.0,400,cond_mean,389,1.0001186782582332,2.0041435941941796,0.49298605996863337,0.002685278621718704,0,0.016971113329697946,0.2367061964302723
1.0,0.5,2.0,2.0,0.0025,0.005,3.5,700,cond_mean,389,1.000004829276806,2.0185599239754177,0.500203279490238,0.002412459394561141,0,0.024474200816858426,0.2367061964302723
1.0,0.5,2.0,2.0,0.0025,0.005,5.0,1000,cond_mean,389,1.000092825338238,2.0030870736216246,0.5035180935852698,0.0017774114797007932,0,0.010402446451234981,0.2367061964302723
1.0,0.5,2.0,2.0,0.0025,0.005,10.0,2000,cond_mean,389,0.9996579410427595,2.0056203769321974,0.4958287462045561,0.0023583980443748548,0,0.01415316379928639,0.2367061964302723
1.0,0.5,2.0,2.0,0.0025,0.005,20.0,4000,cond_mean,389,0.9998995500956874,1.997661940420086,0.5089826460488528,0.0020173376222806377,0,0.015746650270013502,0.2367061964302723
1.0,0.5,2.0,2.0,0.0025,0.005,0.5,100,cond_mean,390,1.0001299134053352,1.9913741296318033,0.5067193001025854,0.0017117152383090977,0,0.015543087078995009,0.23540773214439728
1.0,0.5,2.0,2.0,0.0025,0.005,1.0,200,cond_mean,390,0.9999899777507478,1.9902383687400726,0.5013188915263709,0.0013805674533005022,0,0.013263404815523358,0.23540773214439728
1.0,0.5,2.0,2.0,0.0025,0.005,2.0,400,cond_mean,390,1.0001172132345453,1.9993148621503771,0.4991959776041591,0.002608643768608767,0,0.012897320414226487,0.23540773214439728
1.0,0.5,2.0,2.0,0.0025,0.005,3.5,700,cond_mean,390,1.0003503421379354,1.989297097755602,0.5175378199675114,0.0020524584926386058,0,0.027292923282781798,0.23540773214439728
1.0,0.5,2.0,2.0,0.0025,0.005,5.0,1000,cond_mean,390,0.9999179524425164,1.9862407418541488,0.5074829247528734,0.002069755236832806,0,0.021286100024459,0.23540773214439728
1.0,0.5,2.0,2.0,0.0025,0.005,10.0,2000,cond_mean,390,1.00033988354576,1.9903029452361498,0.5041337650268894,0.002548201320255669,0,0.017466705751528425,0.23540773214439728
1.0,0.5,2.0,2.0,0.0025,0.005,20.0,4000,cond_mean,390,0.9996451131160128,1.9634855620724951,0.5043994434438179,0.002531752626464549,0,0.0444246479399539,0.23540773214439728
1.0,0.5,2.0,2.0,0.0025,0.005,0.5,100,cond_mean,391,0.9999773321059626,1.989045149209873,0.4973723759132979,0.0019573693544972927,0,0.016257779092314455,0.23441872614369327
1.0,0.5,2.0,2.0,0.0025,0.005,1.0,200,cond_mean,391,1.0003961149293226,1.9923884229570357,0.5000066284887941,0.0018022671044275818,0,0.012617517069530739,0.23441872614369327
1.0,0.5,2.0,2.0,0.0025,0.005,2.0,400,cond_mean,391,1.0003419423140332,1.981115866848629,0.5001248668604535,0.0026980399118908586,0,0.025552475941424423,0.23441872614369327
1.0,0.5,2.0,2.0,0.0025,0.005,3.5,700,cond_mean,391,1.0001833216937406,1.9936346335055954,0.5063761419951148,0.0018791604308293188,0,0.014239941836064671,0.23441872614369327
1.0,0.5,2.0,2.0,0.0025,0.005,5.0,1000,cond_mean,391,0.999765745531261,1.970934423006967,0.5015508693625761,0.002497336730460697,0,0.03582674354234323,0.23441872614369327
1.0,0.5,2.0,2.0,0.0025,0.005,10.0,2000,cond_mean,391,0.999747964400683,1.9920983684342843,0.4981881592321963,0.0023829645358291593,0,0.014991976030911559,0.23441872614369327
1.0,0.5,2.0,2.0,0.0025,0.005,20.0,4000,cond_mean,391,1.0000350621045948,1.9573799705752923,0.5023788022911566,0.0017758359690300705,0,0.050018993107489605,0.23441872614369327
1.0,0.5,2.0,2.0,0.0025,0.005,0.5,100,cond_mean,392,1.0001619318784865,2.005640688157622,0.4994990862142902,0.0015574677312536808,0,0.010117069325716625,0.23814583341923676
1.0,0.5,2.0,2.0,0.0025,0.005,1.0,200,cond_mean,392,1.0002418167554505,1.992218829409437,0.49994210535676353,0.002203783853744324,0,0.014110526240330443,0.23814583341923676
1.0,0.5,2.0,2.0,0.0025,0.005,2.0,400,cond_mean,392,1.0000110082799702,1.9924065390836025,0.49692995631816667,0.0019491705967482702,0,0.013595351211763381,0.23814583341923676
1.0,0.5,2.0,2.0,0.0025,0.005,3.5,700,cond_mean,392,1.0001147788776172,1.9871631651750374,0.5059445683823651,0.001576597317961752,0,0.018318017025024416,0.23814583341923676
1.0,0.5,2.0,2.0,0.0025,0.005,5.0,1000,cond_mean,392,0.9997235684819701,1.98988179037293,0.4901123754074053,0.0025312984824966047,0,0.02117832212653629,0.23814583341923676
1.0,0.5,2.0,2.0,0.0025,0.005,10.0,2000,cond_mean,392,1.000071885672139,1.9565950876481089,0.5038374775018213,0.0020175343148114543,0,0.051257179530607815,0.23814583341923676
1.0,0.5,2.0,2.0,0.0025,0.005,20.0,4000,cond_mean,392,0.9997918108147001,1.9550682027975308,0.5078710676709973,0.0014039361927215067,0,0.0532237107899577,0.23814583341923676
1.0,0.5,2.0,2.0,0.0025,0.005,0.5,100,cond_mean,393,1.0000559007891623,2.003701982975285,0.5055177238713519,0.002291303027200357,0,0.01395696993947644,0.23913114285096526
1.0,0.5,2.0,2.0,0.0025,0.005,1.0,200,cond_mean,393,1.0002623490598366,1.9983539305985516,0.49908811721115737,0.0020025940347408637,0,0.010228223372219942,0.23913114285096526
1.0,0.5,2.0,2.0,0.0025,0.005,2.0,400,cond_mean,393,1.0001388735802492,1.9826971382056036,0.5007024522119028,0.001805926977811186,0,0.021872124743049393,0.23913114285096526
1.0,0.5,2.0,2.0,0.0025,0.005,3.5,700,cond_mean,393,1.0001857918058148,1.9904280250421238,0.5031645656220425,0.002422704399427291,0,0.016640133484632197,0.23913114285096526
1.0,0.5,2.0,2.0,0.0025,0.005,5.0,1000,cond_mean,393,1.0000672452758157,1.9899790298233755,0.5083839996443272,0.0024582007762645785,0,0.019829160859247016,0.23913114285096526
1.0,0.5,2.0,2.0,0.0025,0.005,10.0,2000,cond_mean,393,0.999798609273048,1.9799434551384707,0.4974705678238088,0.002260444149365745,0,0.02587685165849555,0.23913114285096526
1.0,0.5,2.0,2.0,0.0025,0.005,20.0,4000,cond_mean,393,1.0002683479200198,1.965443783785971,0.4941939528589947,0.0017730841854447284,0,0.041754004943045764,0.23913114285096526
1.0,0.5,2.0,2.0,0.0025,0.005,0.5,100,cond_mean,394,0.9998934425956726,1.996331354185229,0.5011155399433541,0.0021921384436180834,0,0.011684945162685555,0.2359083392823647
1.0,0.5,2.0,2.0,0.0025,0.005,1.0,200,cond_mean,394,0.9999943183925903,1.9946325814072556,0.5025860084286489,0.0013044197846267176,0,0.009523235856220653,0.2359083392823647
1.0,0.5,2.0,2.0,0.0025,0.005,2.0,400,cond_mean,394,1.0003244084305856,2.007953309155157,0.5076942137613135,0.002835845228632742,0,0.019138236378677995,0.2359083392823647
1.0,0.5,2.0,2.0,0.0025,0.005,3.5,700,cond_mean,394,0.9999166736332594,2.0015261514070137,0.5011522089576127,0.0019226378799463005,0,0.009746919754314297,0.2359083392823647
1.0,0.5,2.0,2.0,0.0025,0.005,5.0,1000,cond_mean,394,0.9996739536403678,2.006252006777614,0.49550267010527066,0.002369795640915613,0,0.014698118339654375,0.2359083392823647
1.0,0.5,2.0,2.0,0.0025,0.005,10.0,2000,cond_mean,394,0.9996244612985931,2.0317077818607707,0.5020145628130575,0.0017352532866819117,0,0.037757715416914354,0.2359083392823647
1.0,0.5,2.0,2.0,0.0025,0.005,20.0,4000,cond_mean,394,0.999974403851822,2.0096336996399744,0.49502002678697954,0.001226360162415892,0,0.014241064871646185,0.2359083392823647
1.0,0.5,2.0,2.0,0.0025,0.005,0.5,100,cond_mean,395,1.0000286498291673,2.01142159265372,0.5071608579461772,0.0016239041068082912,0,0.01797670980834019,0.24646892857604794
1.0,0.5,2.0,2.0,0.0025,0.005,1.0,200,cond_mean,395,0.9997436978949592,2.0167292118739533,0.5062319277017423,0.0018595621386321764,0,0.023035873136144983,0.24646892857604794
1.0,0.5,2.0,2.0,0.0025,0.005,2.0,400,cond_mean,395,0.9997417458977691,2.0159325475765213,0.5021821802594807,0.0013095912816091181,0,0.019789808559642966,0.24646892857604794
1.0,0.5,2.0,2.0,0.0025,0.005,3.5,700,cond_mean,395,0.9997928929306301,2.00597744708894,0.5030433597550965,0.0017449444787243805,0,0.011879807393120351,0.24646892857604794
1.0,0.5,2.0,2.0,0.0025,0.005,5.0,1000,cond_mean,395,0.9995704984405798,1.999550841525148,0.5016560460436355,0.0027006069117851477,0,0.013747317580856115,0.24646892857604794
1.0,0.5,2.0,2.0,0.0025,0.005,10.0,2000,cond_mean,395,1.000134015284969,2.011785233492254,0.5014614814556911,0.0012736536886697588,0,0.015063488694303235,0.24646892857604794
1.0,0.5,2.0,2.0,0.0025,0.005,20.0,4000,cond_mean,395,1.000050555233534,2.006560008334874,0.5024340780127611,0.0019337564698804442,0,0.012524393827622169,0.24646892857604794
1.0,0.5,2.0,2.0,0.0025,0.005,0.5,100,cond_mean,396,0.9999929977705239,2.0097926674195916,0.4963220364478179,0.0024067770284307505,0,0.017078289406081467,0.24042783328332007
1.0,0.5,2.0,2.0,0.0025,0.005,1.0,200,cond_mean,396,0.9999853488201312,2.0188286665531305,0.4943993287468667,0.001556622316655949,0,0.024209562040559955,0.24042783328332007
1.0,0.5,2.0,2.0,0.0025,0.005,2.0,400,cond_mean,396,1.0001182678666076,1.9991919923783814,0.4910748480775665,0.00170855759424546,0,0.014703430421571908,0.24042783328332007
1.0,0.5,2.0,2.0,0.0025,0.005,3.5,700,cond_mean,396,0.9999151856762645,2.0006001466774306,0.48978915995529354,0.0012262374931912312,0,0.01456804011168896,0.24042783328332007
1.0,0.5,2.0,2.0,0.0025,0.005,5.0,1000,cond_mean,396,1.000399230423834,1.995093746324766,0.5048562187765855,0.001986304353336052,0,0.012674242140058987,0.24042783328332007
1.0,0.5,2.0,2.0,0.0025,0.005,10.0,2000,cond_mean,396,0.9995665199878658,2.0037816379985505,0.49532379048254116,0.0026980656382379277,0,0.014986235726667036,0.24042783328332007
1.0,0.5,2.0,2.0,0.0025,0.005,20.0,4000,cond_mean,396,0.999928700584002,2.010579432027316,0.5035696239732961,0.0025618223656764727,0,0.018135668339191915,0.24042783328332007
1.0,0.5,2.0,2.0,0.0025,0.005,0.5,100,cond_mean,397,0.9998597633761869,2.0043779855694557,0.4975388169552119,0.0015785830384529207,0,0.009719576819824924,0.2506704584396045
1.0,0.5,2.0,2.0,0.0025,0.005,1.0,200,cond_mean,397,0.9996214104819,1.9970207293503004,0.49451684552739633,0.0017765704445794719,0,0.011459874182903044,0.2506704584396045
1.0,0.5,2.0,2.0,0.0025,0.005,2.0,400,cond_mean,397,1.000104953647503,1.995176900585928,0.5071286756627468,0.0017552675650806184,0,0.013711190018650251,0.2506704584396045
1.0,0.5,2.0,2.0,0.0025,0.005,3.5,700,cond_mean,397,0.9998037406701059,1.9904587428767118,0.49764565114581943,0.0018138817386200668,0,0.01444750602113269,0.2506704584396045
1.0,0.5,2.0,2.0,0.0025,0.005,5.0,1000,cond_mean,397,1.000050742282713,1.981589535237568,0.5017554919956011,0.0012704246192808669,0,0.02223756299482244,0.2506704584396045
1.0,0.5,2.0,2.0,0.0025,0.005,10.0,2000,cond_mean,397,1.0001017644497192,1.9888828860730379,0.5093562194603714,0.0030391136346425217,0,0.022924584385540746,0.2506704584396045
1.0,0.5,2.0,2.0,0.0025,0.005,20.0,4000,cond_mean,397,1.0004895988503648,2.0290531718863716,0.5119970467395955,0.002975593756895651,0,0.039234017793716824,0.2506704584396045
1.0,0.5,2.0,2.0,0.0025,0.005,0.5,100,cond_mean,398,0.9998847033813296,2.0112322751628096,0.4961437265305687,0.0015829159618445515,0,0.015882641132494782,0.23653588686803623
1.0,0.5,2.0,2.0,0.0025,0.005,1.0,200,cond_mean,398,0.9996292925685635,2.0022613780340546,0.4906491677434644,0.0023458687337893492,0,0.016542672611957108,0.23653588686803623
1.0,0.5,2.0,2.0,0.0025,0.005,2.0,400,cond_mean,398,0.9996962479790974,1.99874393501419,0.49342121330945504,0.0021135001418126262,0,0.013212560676002743,0.23653588686803623
1.0,0.5,2.0,2.0,0.0025,0.005,3.5,700,cond_mean,398,1.000290076748863,2.0057080512818417,0.510979835508155,0.0029893819334514105,0,0.021228101857045704,0.23653588686803623
1.0,0.5,2.0,2.0,0.0025,0.005,5.0,1000,cond_mean,398,1.0002550375838846,1.982002586721413,0.5028920835720345,0.002179020717409404,0,0.023573291437700424,0.23653588686803623
1.0,0.5,2.0,2.0,0.0025,0.005,10.0,2000,cond_mean,398,0.9999615873732013,1.9655945627702067,0.4962957250954092,0.0016912794445625473,0,0.04092015364918727,0.23653588686803623
1.0,0.5,2.0,2.0,0.0025,0.005,20.0,4000,cond_mean,398,0.9996431341422747,1.9974754353969952,0.4927196671818743,0.0020079517224422224,0,0.013611496328558523,0.23653588686803623
1.0,0.5,2.0,2.0,0.0025,0.005,0.5,100,cond_mean,399,1.0000481101659204,1.9978630544079297,0.49278307397601834,0.0019212515012754466,0,0.013684208158263376,0.236612607142888
1.0,0.5,2.0,2.0,0.0025,0.005,1.0,200,cond_mean,399,0.9998294061353018,1.9889965136998569,0.4939924944342599,0.0023120164768084266,0,0.018618360624149632,0.236612607142888
1.0,0.5,2.0,2.0,0.0025,0.005,2.0,400,cond_mean,399,0.9997205536675323,1.9984642671884785,0.49880318491373976,0.002176992359469446,0,0.010938110194553295,0.236612607142888
1.0,0.5,2.0,2.0,0.0025,0.005,3.5,700,cond_mean,399,0.9996430376423937,1.993481503336322,0.5010059792935438,0.0030946701591749175,0,0.017144657879056766,0.236612607142888
1.0,0.5,2.0,2.0,0.0025,0.005,5.0,1000,cond_mean,399,1.0000338316779904,1.9854892439305107,0.5041934541002184,0.0015964509173274338,0,0.019229531666784316,0.236612607142888
1.0,0.5,2.0,2.0,0.0025,0.005,10.0,2000,cond_mean,399,0.9999513331096634,2.006503794777429,0.5021154697264499,0.001857370543816664,0,0.012161672773015414,0.236612607142888
1.0,0.5,2.0,2.0,0.0025,0.005,20.0,4000,cond_mean,399,1.0003314949331255,1.9687386781933256,0.49568875894704834,0.0025406289032975,0,0.0387705708559294,0.236612607142888
1.0,0.5,2.0,2.0,0.0025,0.005,0.5,100,two_speed,0,1.0001888309211817,2.002691156480463,0.502294226621981,0.0019026424442583187,0,0.010212294407419576,0.2550799881407459
1.0,0.5,2.0,2.0,0.0025,0.005,1.0,200,two_speed,0,1.000325796364894,1.991957492195096,0.511147764891605,0.002009659927979579,0,0.019451272875354007,0.2550799881407459
1.0,0.5,2.0,2.0,0.0025,0.005,2.0,400,two_speed,0,1.0003762194703796,2.0021611160999524,0.511444060202562,0.0025165256329798256,0,0.01905011492671017,0.2550799881407459
1.0,0.5,2.0,2.0,0.0025,0.005,3.5,700,two_speed,0,1.0001592646992927,1.9987181657692483,0.5081761880444748,0.0014011906541738063,0,0.012534657260929429,0.2550799881407459
1.0,0.5,2.0,2.0,0.0025,0.005,5.0,1000,two_speed,0,0.9998034839808585,2.030201378452887,0.5034466067112765,0.002104761157345246,0,0.03667331206585069,0.2550799881407459
1.0,0.5,2.0,2.0,0.0025,0.005,10.0,2000,two_speed,0,0.9999331388037911,1.9994245690157828,0.5074758356957588,0.001391447760523453,0,0.01205775186984111,0.2550799881407459
1.0,0.5,2.0,2.0,0.0025,0.005,20.0,4000,two_speed,0,0.999874602840225,1.9579137485998894,0.4982329102756985,0.0012419045875116364,0,0.049065650595310685,0.2550799881407459
1.0,0.5,2.0,2.0,0.0025,0.005,0.5,100,two_speed,1,0.9999557414252919,1.9961300023708217,0.503156467731055,0.0015744984366933108,0,0.009877623578661813,0.255245523710203
1.0,0.5,2.0,2.0,0.0025,0.005,1.0,200,two_speed,1,0.9999996636887122,1.991351584136333,0.5081755077482475,0.002038413579690186,0,0.017710422128752273,0.255245523710203
1.0,0.5,2.0,2.0,0.0025,0.005,2.0,400,two_speed,1,1.0001343406008283,1.9993510188017667,0.5059606883083722,0.002623637901009612,0,0.014933594907601712,0.255245523710203
1.0,0.5,2.0,2.0,0.0025,0.005,3.5,700,two_speed,1,0.9997447534517053,1.9822608689455732,0.5025931934172436,0.002266581604585219,0,0.02364701929239964,0.255245523710203
1.0,0.5,2.0,2.0,0.0025,0.005,5.0,1000,two_speed,1,0.9999592492850986,1.9731684070504396,0.5135437478007887,0.003032372690407182,0,0.03833677708111784,0.255245523710203
1.0,0.5,2.0,2.0,0.0025,0.005,10.0,2000,two_speed,1,0.9998151480504499,1.9725512192091705,0.5050504512138975,0.002420075756820524,0,0.034449627240347974,0.255245523710203
1.0,0.5,2.0,2.0,0.0025,0.005,20.0,4000,two_speed,1,0.9997053399907732,1.9483202740097345,0.49981494786321723,0.0019796540597723828,0,0.06047872682116937,0.255245523710203
1.0,0.5,2.0,2.0,0.0025,0.005,0.5,100,two_speed,2,0.9998261100663051,1.992342058723198,0.4980100689682667,0.0014539327884204622,0,0.011611157009278459,0.2556340297118628
1.0,0.5,2.0,2.0,0.0025,0.005,1.0,200,two_speed,2,0.9998699463782604,1.9970091083362829,0.4970335601912045,0.0020102381923270073,0,0.011078346773088095,0.2556340297118628
1.0,0.5,2.0,2.0,0.0025,0.005,2.0,400,two_speed,2,0.9996268781884838,2.016249132346618,0.503051865982243,0.0023816903761773533,0,0.022679275399060145,0.2556340297118628
1.0,0.5,2.0,2.0,0.0025,0.005,3.5,700,two_speed,2,1.000223343900487,2.033220348760601,0.5067696763472092,0.002172039036598861,0,0.04059583173599551,0.2556340297118628
1.0,0.5,2.0,2.0,0.0025,0.005,5.0,1000,two_speed,2,1.0002537628671606,2.0394708468027627,0.5092456893975593,0.0016555339718315309,0,0.047483110669998004,0.2556340297118628
1.0,0.5,2.0,2.0,0.0025,0.005,10.0,2000,two_speed,2,1.0003319526654495,2.0384311324518074,0.5040000951232421,0.00199942607403443,0,0.04562235345831014,0.2556340297118628
1.0,0.5,2.0,2.0,0.0025,0.005,20.0,4000,two_speed,2,0.9997792834253828,2.06838343764684,0.49463885306993083,0.0023607312497982862,0,0.0802207944489522,0.2556340297118628
1.0,0.5,2.0,2.0,0.0025,0.005,0.5,100,two_speed,3,1.0005529339709238,1.9989475002695527,0.5126041704041266,0.002373208545854071,0,0.019442194012633387,0.2550211011299065
1.0,0.5,2.0,2.0,0.0025,0.005,1.0,200,two_speed,3,1.0003946006103237,1.9998453688234952,0.5118403916632188,0.002302303351691294,0,0.018583692981622987,0.2550211011299065
1.0,0.5,2.0,2.0,0.0025,0.005,2.0,400,two_speed,3,1.0000375556236412,2.0073093775255346,0.5038862968944569,0.0020445231763574997,0,0.014039045921549769,0.2550211011299065
1.0,0.5,2.0,2.0,0.0025,0.005,3.5,700,two_speed,3,0.9998246960627335,1.996947199581561,0.4999668296965106,0.0019889091625855796,0,0.010407723969585992,0.2550211011299065
1.0,0.5,2.0,2.0,0.0025,0.005,5.0,1000,two_speed,3,0.9998727418555009,1.9879024861431491,0.5108325209449077,0.001970438695880783,0,0.02219495749659223,0.2550211011299065
1.0,0.5,2.0,2.0,0.0025,0.005,10.0,2000,two_speed,3,1.0001181876601957,1.9594794212295896,0.5149089526280967,0.0022345512079698106,0,0.051330293859684926,0.2550211011299065
1.0,0.5,2.0,2.0,0.0025,0.005,20.0,4000,two_speed,3,1.0000764097022705,1.939327965559241,0.5049821391468503,0.0017901680541259598,0,0.07075421477824578,0.2550211011299065
1.0,0.5,2.0,2.0,0.0025,0.005,0.5,100,two_speed,4,1.0002340512368657,2.0004457543228114,0.5082059453075239,0.0020593011027702783,0,0.014404611106314054,0.25517052385423866
1.0,0.5,2.0,2.0,0.0025,0.005,1.0,200,two_speed,4,1.000602845821129,1.9998963687276998,0.5188124922509991,0.00305722623918921,0,0.02782641540005072,0.25517052385423866
1.0,0.5,2.0,2.0,0.0025,0.005,2.0,400,two_speed,4,1.0006196327006758,1.9878598811542554,0.5220071662947279,0.004267898476426017,0,0.037442484557280886,0.25517052385423866
1.0,0.5,2.0,2.0,0.0025,0.005,3.5,700,two_speed,4,0.9998606916110575,1.9980080145219428,0.5027952753060154,0.0026865276410000913,0,0.013965506613138256,0.25517052385423866
1.0,0.5,2.0,2.0,0.0025,0.005,5.0,1000,two_speed,4,1.0003347090188517,2.015331353263762,0.5019726226750353,0.001866207354999435,0,0.02005731235460123,0.25517052385423866
1.0,0.5,2.0,2.0,0.0025,0.005,10.0,2000,two_speed,4,1.0003394523346554,2.003615933431179,0.5087926542630204,0.001945388871002953,0,0.015073942842440008,0.25517052385423866
1.0,0.5,2.0,2.0,0.0025,0.005,20.0,4000,two_speed,4,0.9994363952582935,1.9929964620973877,0.5078128369335948,0.002538221208539382,0,0.018862185009671805,0.25517052385423866
1.0,0.5,2.0,2.0,0.0025,0.005,0.5,100,two_speed,5,0.999975578482045,2.002066914874622,0.5022994818482978,0.0017888055642583504,0,0.009591693998636295,0.2886987262837855
1.0,0.5,2.0,2.0,0.0025,0.005,1.0,200,two_speed,5,0.9999705753760146,1.9968484450571309,0.5002588102599981,0.0020441714301445675,0,0.010675660387051781,0.2886987262837855
1.0,0.5,2.0,2.0,0.0025,0.005,2.0,400,two_speed,5,0.9998759320183771,1.999570230203276,0.4976899701986502,0.0017367976280225396,0,0.008984466141288918,0.2886987262837855
1.0,0.5,2.0,2.0,0.0025,0.005,3.5,700,two_speed,5,1.000125177882993,1.9899641475305352,0.5035103206416898,0.002206077236966165,0,0.01643609279273735,0.2886987262837855
1.0,0.5,2.0,2.0,0.0025,0.005,5.0,1000,two_speed,5,1.000046763608456,1.979241473384414,0.5061996860690506,0.00400421573255525,0,0.03205378102139964,0.2886987262837855
1.0,0.5,2.0,2.0,0.0025,0.005,10.0,2000,two_speed,5,1.0000622059446875,1.9948008421233496,0.5079048599071554,0.0014811770126512043,0,0.013857683160136663,0.2886987262837855
1.0,0.5,2.0,2.0,0.0025,0.005,20.0,4000,two_speed,5,1.000312028143834,1.9298673509261441,0.5055983613100782,0.002465117842299507,0,0.08188151328965686,0.2886987262837855
1.0,0.5,2.0,2.0,0.0025,0.005,0.5,100,two_speed,6,1.000318643795119,1.998789602716548,0.5068130227596797,0.0020318047940436194,0,0.013078744038566655,0.25896370242948513
1.0,0.5,2.0,2.0,0.0025,0.005,1.0,200,two_speed,6,1.0002716634294446,1.9964728752693843,0.5042760852721937,0.0020616642739298397,0,0.012067558583661627,0.25896370242948513
1.0,0.5,2.0,2.0,0.0025,0.005,2.0,400,two_speed,6,1.0004759901126847,1.9945625441149961,0.512601530445871,0.002371385002452026,0,0.02046417279798649,0.25896370242948513
1.0,0.5,2.0,2.0,0.0025,0.005,3.5,700,two_speed,6,1.0000497676408144,1.987541430197978,0.5089836973138939,0.0017765952263504932,0,0.020447884756764095,0.25896370242948513
1.0,0.5,2.0,2.0,0.0025,0.005,5.0,1000,two_speed,6,1.0000996595393592,1.9710942209415285,0.5167907106063714,0.0017014161118319958,0,0.04043074034433775,0.25896370242948513
1.0,0.5,2.0,2.0,0.0025,0.005,10.0,2000,two_speed,6,1.0001955731735328,1.951784728300776,0.5156116249923546,0.0013251679893529229,0,0.05910120864405395,0.25896370242948513
1.0,0.5,2.0,2.0,0.0025,0.005,20.0,4000,two_speed,6,1.0000348277918936,1.9662973114783802,0.5004431128507127,0.002671671532017216,0,0.041067776088904905,0.25896370242948513
1.0,0.5,2.0,2.0,0.0025,0.005,0.5,100,two_speed,7,1.000120478933444,1.996985181233611,0.5019503170300192,0.0022910023643974626,0,0.011992212304437807,0.2569946428661102
1.0,0.5,2.0,2.0,0.0025,0.005,1.0,200,two_speed,7,1.0000835963497499,1.996543312639034,0.5088168325610766,0.002324354726718046,0,0.01653271542168061,0.2569946428661102
1.0,0.5,2.0,2.0,0.0025,0.005,2.0,400,two_speed,7,1.0000551359839251,1.9772198249066943,0.503570050058533,0.0018088972043075208,0,0.02807134266391898,0.2569946428661102
1.0,0.5,2.0,2.0,0.0025,0.005,3.5,700,two_speed,7,1.0000890104225997,1.9794855507076181,0.5024107528015348,0.002139527270799282,0,0.026048886233681363,0.2569946428661102
1.0,0.5,2.0,2.0,0.0025,0.005,5.0,1000,two_speed,7,1.0000926006412156,1.979536182591475,0.5023444012252094,0.0015941585061071371,0,0.025033427440106927,0.2569946428661102
1.0,0.5,2.0,2.0,0.0025,0.005,10.0,2000,two_speed,7,1.000356100391777,1.9935244057747463,0.5152735354813034,0.0018723658471239523,0,0.022552505952725233,0.2569946428661102
1.0,0.5,2.0,2.0,0.0025,0.005,20.0,4000,two_speed,7,0.9999789150758881,2.026641619824282,0.506318209247696,0.001860813451437283,0,0.033050519696187296,0.2569946428661102
1.0,0.5,2.0,2.0,0.0025,0.005,0.5,100,two_speed,8,1.00007010861263,1.9921928019364,0.4991950637777588,0.0014613235403844846,0,0.01158815580787063,0.2572121547169185
1.0,0.5,2.0,2.0,0.0025,0.005,1.0,200,two_speed,8,1.0001855155700985,1.9973824887560832,0.504051642531098,0.0016402616497069116,0,0.009926003741300567,0.2572121547169185
1.0,0.5,2.0,2.0,0.0025,0.005,2.0,400,two_speed,8,1.000404403451625,2.0022025535238117,0.5111984776092635,0.002437823825417104,0,0.018519026664642495,0.2572121547169185
1.0,0.5,2.0,2.0,0.0025,0.005,3.5,700,two_speed,8,1.0008844355724291,2.001736487447803,0.52793071333496,0.0033823891284562113,0,0.03852865426705285,0.2572121547169185
1.0,0.5,2.0,2.0,0.0025,0.005,5.0,1000,two_speed,8,1.0003055450711016,2.0036164755810835,0.5204502467204345,0.0017885176691715115,0,0.027717625215477684,0.2572121547169185
1.0,0.5,2.0,2.0,0.0025,0.005,10.0,2000,two_speed,8,0.9996246346685704,1.979636672576661,0.495947456778349,0.0023464732154676185,0,0.026684764881210916,0.2572121547169185
1.0,0.5,2.0,2.0,0.0025,0.005,20.0,4000,two_speed,8,0.9999404276956542,2.023584325178439,0.5082321216874471,0.001506187921658961,0,0.03012048717365382,0.2572121547169185
1.0,0.5,2.0,2.0,0.0025,0.005,0.5,100,two_speed,9,0.9999462425805101,2.001939132699946,0.49769279327409605,0.0018083581877963745,0,0.00960046509215087,0.29798882143638494
1.0,0.5,2.0,2.0,0.0025,0.005,1.0,200,two_speed,9,1.0001138460791603,2.002765561137595,0.5024833309673843,0.0019137707562308477,0,0.010376415996310524,0.29798882143638494
1.0,0.5,2.0,2.0,0.0025,0.005,2.0,400,two_speed,9,1.000170961958331,2.0002713329591155,0.5068656733689175,0.0014015742971667635,0,0.011050783557947782,0.29798882143638494
1.0,0.5,2.0,2.0,0.0025,0.005,3.5,700,two_speed,9,0.9997521734932959,1.9999929285174212,0.5014318065239345,0.0025998868619123705,0,0.01302514251802825,0.29798882143638494
1.0,0.5,2.0,2.0,0.0025,0.005,5.0,1000,two_speed,9,0.999771029689258,2.00834905806952,0.493276542731958,0.0016928501236334623,0,0.015281698328080484,0.29798882143638494
1.0,0.5,2.0,2.0,0.0025,0.005,10.0,2000,two_speed,9,1.0000376126115598,2.033337766977365,0.5081242827373422,0.002595662393408033,0,0.04184900994613862,0.29798882143638494
1.0,0.5,2.0,2.0,0.0025,0.005,20.0,4000,two_speed,9,1.0004142102741154,2.044608220040524,0.5011963446789502,0.0037839047712945224,0,0.05476283602250862,0.29798882143638494
1.0,0.5,2.0,2.0,0.0025,0.005,0.5,100,two_speed,10,1.0002344414389996,2.018252991176597,0.5121534786345487,0.002727142883029609,0,0.02934627183311708,0.257363452426424
1.0,0.5,2.0,2.0,0.0025,0.005,1.0,200,two_speed,10,0.999997863447783,2.0212577869708688,0.5126190910598555,0.0019729006872780904,0,0.031052183831227962,0.257363452426424
1.0,0.5,2.0,2.0,0.0025,0.005,2.0,400,two_speed,10,0.9995982791191187,2.0171142909783097,0.49607930413012374,0.003073680240483645,0,0.02527803041537328,0.257363452426424
1.0,0.5,2.0,2.0,0.0025,0.005,3.5,700,two_speed,10,0.9996625360345935,2.012332089645584,0.4898734538669244,0.0022219305851999068,0,0.022018207075449773,0.257363452426424
1.0,0.5,2.0,2.0,0.0025,0.005,5.0,1000,two_speed,10,0.9998371275699472,2.0130116107030673,0.488390683405039,0.0020244976532025984,0,0.023443396531041428,0.257363452426424
1.0,0.5,2.0,2.0,0.0025,0.005,10.0,2000,two_speed,10,1.0000467622332099,2.03478624281529,0.5027977028102726,0.0015110430166806708,0,0.04094173122495342,0.257363452426424
1.0,0.5,2.0,2.0,0.0025,0.005,20.0,4000,two_speed,10,0.9996344906365594,1.9897340711210099,0.5114213894715021,0.002126921316397838,0,0.022295537006928382,0.257363452426424
1.0,0.5,2.0,2.0,0.0025,0.005,0.5,100,two_speed,11,1.0000843021931471,1.9906010237932963,0.5024950380969225,0.0018933260351480206,0,0.01461051685715654,0.2703717202779704
1.0,0.5,2.0,2.0,0.0025,0.005,1.0,200,two_speed,11,1.00019996316607,1.9825086888357177,0.49952042973604466,0.002594545436534113,0,0.023907334287757636,0.2703717202779704
1.0,0.5,2.0,2.0,0.0025,0.005,2.0,400,two_speed,11,1.0005044844806619,1.9847716809311096,0.5044114798838519,0.00277652003165015,0,0.022829542195061225,0.2703717202779704
1.0,0.5,2.0,2.0,0.0025,0.005,3.5,700,two_speed,11,0.999875160410456,1.9911597848212526,0.5072651032904549,0.002113930217198968,0,0.017532518653799456,0.2703717202779704
1.0,0.5,2.0,2.0,0.0025,0.005,5.0,1000,two_speed,11,0.9996128012979253,1.9941005422093985,0.49604263307091284,0.002013026884351061,0,0.012868181836919077,0.2703717202779704
1.0,0.5,2.0,2.0,0.0025,0.005,10.0,2000,two_speed,11,0.9999184055758888,1.9703415992360849,0.49865387924190857,0.0025299657681330133,0,0.03648490573120716,0.2703717202779704
1.0,0.5,2.0,2.0,0.0025,0.005,20.0,4000,two_speed,11,0.9996832229270579,1.9264983915154041,0.5021008409852147,0.002903224713364981,0,0.0860751533978332,0.2703717202779704
1.0,0.5,2.0,2.0,0.0025,0.005,0.5,100,two_speed,12,1.0001120669780665,2.0044702453491308,0.5038662544756174,0.0022055114892688614,0,0.012937729889825682,0.27070296429363744
1.0,0.5,2.0,2.0,0.0025,0.005,1.0,200,two_speed,12,0.9999609757447062,2.002513220205868,0.50091618024177,0.0019212541270847527,0,0.009943608255424646,0.27070296429363744
1.0,0.5,2.0,2.0,0.0025,0.005,2.0,400,two_speed,12,1.0003167630679908,2.015789933551656,0.504591528846169,0.0020688990624662014,0,0.021538429872871235,0.27070296429363744
1.0,0.5,2.0,2.0,0.0025,0.005,3.5,700,two_speed,12,1.0001147721616352,2.0321416664257588,0.5038142504611863,0.003053485591962146,0,0.04018074370134058,0.27070296429363744
1.0,0.5,2.0,2.0,0.0025,0.005,5.0,1000,two_speed,12,1.0006444007383302,2.040663760297506,0.5164530592468057,0.002879910681483146,0,0.05276793594107865,0.27070296429363744
1.0,0.5,2.0,2.0,0.0025,0.005,10.0,2000,two_speed,12,0.9998058606824234,2.029955798369396,0.49559507523578433,0.0017176937568432191,0,0.03608315677231417,0.27070296429363744
1.0,0.5,2.0,2.0,0.0025,0.005,20.0,4000,two_speed,12,0.9999064914181643,2.0011509927224274,0.508134416533276,0.0014542975610961865,0,0.013045206991671866,0.27070296429363744
1.0,0.5,2.0,2.0,0.0025,0.005,0.5,100,two_speed,13,1.0000839023486148,1.9947846569166447,0.5029101471389125,0.002068364315812096,0,0.012357125718360274,0.2657960535559271
1.0,0.5,2.0,2.0,0.0025,0.005,1.0,200,two_speed,13,1.0001523659874707,2.000899924047362,0.5015354962148985,0.001472991186989757,0,0.007520079738406589,0.2657960535559271
1.0,0.5,2.0,2.0,0.0025,0.005,2.0,400,two_speed,13,1.0004159017522625,2.0107659836690317,0.5127547982687314,0.0026310502330008567,0,0.023875961748619775,0.2657960535559271
1.0,0.5,2.0,2.0,0.0025,0.005,3.5,700,two_speed,13,1.0004509413526137,2.02266957263691,0.5159879465973032,0.0022293186032655444,0,0.03446214975002489,0.2657960535559271
1.0,0.5,2.0,2.0,0.0025,0.005,5.0,1000,two_speed,13,1.0002888487928745,2.015111882507259,0.511087239598268,0.0022336437942544565,0,0.02476072393819377,0.2657960535559271
1.0,0.5,2.0,2.0,0.0025,0.005,10.0,2000,two_speed,13,1.0000328851111988,2.013377004554487,0.4961554952755535,0.0019975820222949197,0,0.019006292948486363,0.2657960535559271
1.0,0.5,2.0,2.0,0.0025,0.005,20.0,4000,two_speed,13,0.9999885271621406,1.9771087280206785,0.5059920738040979,0.003511643115331411,0,0.032538491644316464,0.2657960535559271
1.0,0.5,2.0,2.0,0.0025,0.005,0.5,100,two_speed,14,0.9999946518717575,1.9957783674756981,0.49886059498248236,0.0014888667849890698,0,0.008908450457739964,0.259087196434848
1.0,0.5,2.0,2.0,0.0025,0.005,1.0,200,two_speed,14,0.9999782675941123,2.0076985971831864,0.4993708203716358,0.0014136627040285843,0,0.011303048804474936,0.259087196434848
1.0,0.5,2.0,2.0,0.0025,0.005,2.0,400,two_speed,14,1.0004681570370146,1.9969050375736384,0.5042932441422144,0.002909947055602143,0,0.015545126974522941,0.259087196434848
1.0,0.5,2.0,2.0,0.0025,0.005,3.5,700,two_speed,14,1.0001536118207028,1.987362106357504,0.4979687762863585,0.0016223285912425728,0,0.016917499753072916,0.259087196434848
1.0,0.5,2.0,2.0,0.0025,0.005,5.0,1000,two_speed,14,1.000138375927649,1.9803108794063036,0.5014650864047545,0.0011002562857351838,0,0.023413304938304843,0.259087196434848
1.0,0.5,2.0,2.0,0.0025,0.005,10.0,2000,two_speed,14,1.00009477804284,1.9878799963987928,0.4951299618270914,0.0018796799761428764,0,0.018066507577430082,0.259087196434848
1.0,0.5,2.0,2.0,0.0025,0.005,20.0,4000,two_speed,14,0.9998603275621796,1.9382792481108984,0.5070975075256783,0.0019595326537558237,0,0.072255334938898,0.259087196434848
1.0,0.5,2.0,2.0,0.0025,0.005,0.5,100,two_speed,15,1.0001754884817808,1.9937331937023373,0.5051594294433307,0.0016513136087018831,0,0.012603115729696003,0.25670093442645986
1.0,0.5,2.0,2.0,0.0025,0.005,1.0,200,two_speed,15,0.9996638404989993,1.9843900558148213,0.4983346156083733,0.002274136531445856,0,0.02130915284097782,0.25670093442645986
1.0,0.5,2.0,2.0,0.0025,0.005,2.0,400,two_speed,15,1.0000258740683978,1.9921594079774074,0.49881226965007014,0.0014313453984987283,0,0.011573285543369723,0.25670093442645986
1.0,0.5,2.0,2.0,0.0025,0.005,3.5,700,two_speed,15,1.000082648481826,1.9908306147251704,0.5049881408348028,0.001761879824392356,0,0.015071607469105543,0.25670093442645986
1.0,0.5,2.0,2.0,0.0025,0.005,5.0,1000,two_speed,15,0.9999454319678178,2.0020031105692166,0.5084680272156119,0.0015842948428941303,0,0.013794885989749784,0.25670093442645986
1.0,0.5,2.0,2.0,0.0025,0.005,10.0,2000,two_speed,15,1.000119540175744,2.036886813458008,0.5032401807082404,0.0024709037309307777,0,0.04443557305579277,0.25670093442645986
1.0,0.5,2.0,2.0,0.0025,0.005,20.0,4000,two_speed,15,0.9997344715682351,2.035081579819491,0.490387107862754,0.0020944572189933674,0,0.04375201096654642,0.25670093442645986
1.0,0.5,2.0,2.0,0.0025,0.005,0.5,100,two_speed,16,0.9999336163922107,2.007975129901299,0.49999472846300486,0.0018554770959376295,0,0.012951281624629376,0.25833672013998565
1.0,0.5,2.0,2.0,0.0025,0.005,1.0,200,two_speed,16,0.999837323110964,2.0144697102564693,0.49935241629371613,0.0018835469150232525,0,0.019120654876485996,0.25833672013998565
1.0,0.5,2.0,2.0,0.0025,0.005,2.0,400,two_speed,16,1.0000415966444194,2.0306236036435323,0.49992555129971084,0.003060438373276059,0,0.03841863168655567,0.25833672013998565
1.0,0.5,2.0,2.0,0.0025,0.005,3.5,700,two_speed,16,1.0003200882636514,2.028056275388645,0.4999690413272053,0.0019685964198875444,0,0.03384070044765437,0.25833672013998565
1.0,0.5,2.0,2.0,0.0025,0.005,5.0,1000,two_speed,16,1.0000620984531772,2.014604708083006,0.4965573120758087,0.0019871169773847874,0,0.02007131767442958,0.25833672013998565
1.0,0.5,2.0,2.0,0.0025,0.005,10.0,2000,two_speed,16,0.9997192742042277,2.027526183022677,0.5099871464180089,0.001874050766695507,0,0.035625693128401865,0.25833672013998565
1.0,0.5,2.0,2.0,0.0025,0.005,20.0,4000,two_speed,16,1.0000966281262713,2.0263791519553997,0.5125794730996258,0.001826439241086983,0,0.03549460056855652,0.25833672013998565
1.0,0.5,2.0,2.0,0.0025,0.005,0.5,100,two_speed,17,1.0003724391033644,1.9931883210422818,0.5079245448652041,0.0019292018431637725,0,0.01566757955044207,0.25500779156573117
1.0,0.5,2.0,2.0,0.0025,0.005,1.0,200,two_speed,17,1.0002482966073734,1.9931258369394589,0.5062413990076454,0.0028909640352569577,0,0.018014423068474946,0.25500779156573117
1.0,0.5,2.0,2.0,0.0025,0.005,2.0,400,two_speed,17,1.000231176177538,1.991691397230994,0.5086376343913437,0.003132683065161072,0,0.021155738982443044,0.25500779156573117
1.0,0.5,2.0,2.0,0.0025,0.005,3.5,700,two_speed,17,1.0001420174295412,1.9921556034950239,0.5078555362824535,0.0023473066375515558,0,0.01774614535473413,0.25500779156573117
1.0,0.5,2.0,2.0,0.0025,0.005,5.0,1000,two_speed,17,1.0001749665799227,2.0035887585318486,0.5155330045494823,0.0020582592240113847,0,0.02265569053441649,0.25500779156573117
1.0,0.5,2.0,2.0,0.0025,0.005,10.0,2000,two_speed,17,0.999955278470433,2.012656187519215,0.5122155315316133,0.0012841144454481316,0,0.022530821792929295,0.25500779156573117
1.0,0.5,2.0,2.0,0.0025,0.005,20.0,4000,two_speed,17,1.0005972811892485,2.0310665604292373,0.510465130191841,0.0021318808426129625,0,0.03928756162311137,0.25500779156573117
1.0,0.5,2.0,2.0,0.0025,0.005,0.5,100,two_speed,18,1.0002287019251275,2.0176110819206863,0.5056723750738212,0.002191675439955616,0,0.0240361686448184,0.25938533328007907
1.0,0.5,2.0,2.0,0.0025,0.005,1.0,200,two_speed,18,0.9999444777275452,2.0133346828880025,0.503490653482922,0.00200992351461859,0,0.01886805007519327,0.25938533328007907
1.0,0.5,2.0,2.0,0.0025,0.005,2.0,400,two_speed,18,1.0001083792498129,1.9999554973050206,0.5021587903957832,0.0014891558794755705,0,0.007766940992479765,0.25938533328007907
1.0,0.5,2.0,2.0,0.0025,0.005,3.5,700,two_speed,18,0.9998600010271723,2.0120250448524124,0.5084694727172965,0.002412893668652837,0,0.021388138872089867,0.25938533328007907
1.0,0.5,2.0,2.0,0.0025,0.005,5.0,1000,two_speed,18,1.0002293491176626,2.004869469222414,0.5040680948547522,0.002574358793379801,0,0.014674376998794343,0.25938533328007907
1.0,0.5,2.0,2.0,0.0025,0.005,10.0,2000,two_speed,18,1.0003772508988942,1.9821625254609596,0.5071427477929473,0.0018916886404589505,0,0.024160014676628015,0.25938533328007907
1.0,0.5,2.0,2.0,0.0025,0.005,20.0,4000,two_speed,18,1.0001695707381333,1.9868770957041384,0.5047090207731827,0.0013243212941952953,0,0.01747484571364317,0.25938533328007907
1.0,0.5,2.0,2.0,0.0025,0.005,0.5,100,two_speed,19,1.000155427826792,2.0000305880707514,0.49922547859488753,0.0019015849719619695,0,0.009451167002263807,0.25627639286020504
1.0,0.5,2.0,2.0,0.0025,0.005,1.0,200,two_speed,19,0.999897815558223,1.9919019855137745,0.4958409042479716,0.0025026840247660332,0,0.016290081001459688,0.25627639286020504
1.0,0.5,2.0,2.0,0.0025,0.005,2.0,400,two_speed,19,1.0002890970933664,2.001675479394389,0.5010516775316531,0.0027726504508437787,0,0.013816119853918254,0.25627639286020504
1.0,0.5,2.0,2.0,0.0025,0.005,3.5,700,two_speed,19,1.0001413867818338,2.0104574724365545,0.5124034864226191,0.0019712425641171603,0,0.022183564153307803,0.25627639286020504
1.0,0.5,2.0,2.0,0.0025,0.005,5.0,1000,two_speed,19,1.000488665103279,2.0023628640463267,0.5117725510238986,0.002114738418765471,0,0.018040567787206738,0.25627639286020504
1.0,0.5,2.0,2.0,0.0025,0.005,10.0,2000,two_speed,19,0.999943636596984,2.01588443465593,0.504018506756044,0.001789009854029217,0,0.02098297447439632,0.25627639286020504
1.0,0.5,2.0,2.0,0.0025,0.005,20.0,4000,two_speed,19,1.0000202304998165,2.0169098719519343,0.5127178390239032,0.002197632604735628,0,0.027656219235773164,0.25627639286020504
1.0,0.5,2.0,2.0,0.0025,0.005,0.5,100,two_speed,20,0.9998859661603707,1.9978020145484294,0.5015931673422971,0.0018372639870711217,0,0.009664583581200335,0.2564820654390912
1.0,0.5,2.0,2.0,0.0025,0.005,1.0,200,two_speed,20,0.9999793176137171,1.997631133562372,0.5055355259223238,0.0021341805059833167,0,0.013050195034526675,0.2564820654390912
1.0,0.5,2.0,2.0,0.0025,0.005,2.0,400,two_speed,20,0.999861455116137,1.999719260879422,0.5049293688020499,0.0022789059376563713,0,0.013066547138523671,0.2564820654390912
1.0,0.5,2.0,2.0,0.0025,0.005,3.5,700,two_speed,20,1.0000983780414874,1.9746836039440123,0.5043747620499933,0.0013234471396922473,0,0.030390775421086872,0.2564820654390912
1.0,0.5,2.0,2.0,0.0025,0.005,5.0,1000,two_speed,20,1.0000500810983397,1.9750547120235908,0.5032628813675024,0.0015388774407864543,0,0.03001632017141439,0.2564820654390912
1.0,0.5,2.0,2.0,0.0025,0.005,10.0,2000,two_speed,20,1.0002173430315429,1.969243385705849,0.4955907681101448,0.002221179451437571,0,0.0377593842220732,0.2564820654390912
1.0,0.5,2.0,2.0,0.0025,0.005,20.0,4000,two_speed,20,1.0003766438977835,1.9805506725444437,0.5026164484501909,0.002228773246147075,0,0.025133636836284355,0.2564820654390912
1.0,0.5,2.0,2.0,0.0025,0.005,0.5,100,two_speed,21,1.0001045999974454,1.988505286508006,0.49924791894936255,0.0023983998359162853,0,0.017794549474812994,0.25568411299692734
1.0,0.5,2.0,2.0,0.0025,0.005,1.0,200,two_speed,21,1.0002834593312329,1.9822183246299647,0.5002666787375002,0.00169646524417608,0,0.022188280005906336,0.25568411299692734
1.0,0.5,2.0,2.0,0.0025,0.005,2.0,400,two_speed,21,1.0003364569786433,1.9706487085360869,0.5068969620195151,0.0020757150162333603,0,0.03625089973396354,0.25568411299692734
1.0,0.5,2.0,2.0,0.0025,0.005,3.5,700,two_speed,21,1.0003175102801802,1.9868929189484115,0.5087693257526112,0.002373705126213044,0,0.021940024035824898,0.25568411299692734
1.0,0.5,2.0,2.0,0.0025,0.005,5.0,1000,two_speed,21,1.0002189885050101,1.9672935114505181,0.502497808783871,0.002341938599748249,0,0.039537930071852564,0.25568411299692734
1.0,0.5,2.0,2.0,0.0025,0.005,10.0,2000,two_speed,21,1.0000425333886396,1.9736791981514423,0.5033359356860505,0.0021493435285405466,0,0.03242455376794466,0.25568411299692734
1.0,0.5,2.0,2.0,0.0025,0.005,20.0,4000,two_speed,21,1.0003636547038584,2.0390731973290532,0.5150637728216085,0.0030482413484881673,0,0.05066215157542782,0.25568411299692734
1.0,0.5,2.0,2.0,0.0025,0.005,0.5,100,two_speed,22,0.9999542499876926,1.9979282205617164,0.4999155613282802,0.0018263083278660136,0,0.00927448200169839,0.25809140485112686
1.0,0.5,2.0,2.0,0.0025,0.005,1.0,200,two_speed,22,0.999838503505864,1.9973479664661877,0.5056915942854839,0.0016846202146051329,0,0.011772031044030922,0.25809140485112686
1.0,0.5,2.0,2.0,0.0025,0.005,2.0,400,two_speed,22,1.0001660634506198,1.998519848546588,0.5047953411967776,0.002229523014057993,0,0.01258193485692366,0.25809140485112686
1.0,0.5,2.0,2.0,0.0025,0.005,3.5,700,two_speed,22,0.9999940037314347,2.008858260729284,0.5139971206057286,0.0014393424873355707,0,0.022045506502293925,0.25809140485112686
1.0,0.5,2.0,2.0,0.0025,0.005,5.0,1000,two_speed,22,0.9999131511277375,2.0131920909816308,0.5085123928998067,0.001677806721732387,0,0.020633601302472302,0.25809140485112686
1.0,0.5,2.0,2.0,0.0025,0.005,10.0,2000,two_speed,22,1.000042855817654,1.975926278605624,0.5094727293071766,0.0021055121614117584,0,0.032040838132427245,0.25809140485112686
1.0,0.5,2.0,2.0,0.0025,0.005,20.0,4000,two_speed,22,1.0000206977456703,1.9793223159459252,0.5069601275709897,0.002197523387886863,0,0.02768487083330718,0.25809140485112686
1.0,0.5,2.0,2.0,0.0025,0.005,0.5,100,two_speed,23,0.9999733993403227,1.9984369305784235,0.5019487911068324,0.001482579367600987,0,0.007937628663381952,0.2564119939925149
1.0,0.5,2.0,2.0,0.0025,0.005,1.0,200,two_speed,23,0.999946209399367,2.0140020311505578,0.5050023716412474,0.0016260406849400878,0,0.019201029700771404,0.2564119939925149
1.0,0.5,2.0,2.0,0.0025,0.005,2.0,400,two_speed,23,1.0002018250268891,2.0077569431845417,0.5055726292784116,0.002701380559074038,0,0.017385425575747918,0.2564119939925149
1.0,0.5,2.0,2.0,0.0025,0.005,3.5,700,two_speed,23,0.9999738247481951,1.990041282084799,0.4979007219613966,0.0014572124515127949,0,0.01381504061488306,0.2564119939925149
1.0,0.5,2.0,2.0,0.0025,0.005,5.0,1000,two_speed,23,0.9999110759819807,1.9820547588194528,0.5043529872101075,0.002247495819539704,0,0.024149239164664247,0.2564119939925149
1.0,0.5,2.0,2.0,0.0025,0.005,10.0,2000,two_speed,23,1.000057765339891,1.9581573586984231,0.5079636960199865,0.0021543398622319407,0,0.05039502239483928,0.2564119939925149
1.0,0.5,2.0,2.0,0.0025,0.005,20.0,4000,two_speed,23,0.9999421404509421,1.9733723236296585,0.5133111050317833,0.0018046207968818323,0,0.03621260857069982,0.2564119939925149
1.0,0.5,2.0,2.0,0.0025,0.005,0.5,100,two_speed,24,0.9999539353429199,2.00024532635171,0.5003374914581382,0.0015458843348032554,0,0.00761025437486122,0.25593452985464993
1.0,0.5,2.0,2.0,0.0025,0.005,1.0,200,two_speed,24,1.000158757394732,1.9995248341932008,0.5026217889855003,0.0018568601327571034,0,0.009663068714254125,0.25593452985464993
1.0,0.5,2.0,2.0,0.0025,0.005,2.0,400,two_speed,24,1.000543215284364,2.0037771037858683,0.5109242697297377,0.0036753063120580852,0,0.022851582231951863,0.25593452985464993
1.0,0.5,2.0,2.0,0.0025,0.005,3.5,700,two_speed,24,1.000242442602224,2.0194949853918467,0.5084116751133194,0.0017186257117569302,0,0.026188630514698247,0.25593452985464993
1.0,0.5,2.0,2.0,0.0025,0.005,5.0,1000,two_speed,24,1.0001222859084882,2.034890789053611,0.5129069368444249,0.0014411423615425458,0,0.04391787644721807,0.25593452985464993
1.0,0.5,2.0,2.0,0.0025,0.005,10.0,2000,two_speed,24,0.9999755473840618,2.0562463664513366,0.5139843827309297,0.0017683277859002655,0,0.06758602616424447,0.25593452985464993
1.0,0.5,2.0,2.0,0.0025,0.005,20.0,4000,two_speed,24,0.9999440031933219,2.039754666179479,0.5102278927149089,0.0020460386007493036,0,0.04862145892240976,0.25593452985464993
1.0,0.5,2.0,2.0,0.0025,0.005,0.5,100,two_speed,25,1.0001004454782652,1.9861196329400475,0.5027222386294038,0.001365447835015264,0,0.017681991939093828,0.25783616658632774
1.0,0.5,2.0,2.0,0.0025,0.005,1.0,200,two_speed,25,0.9998629756243693,1.977535410692805,0.5022068012141208,0.0012639984027351145,0,0.026842747485248,0.25783616658632774
1.0,0.5,2.0,2.0,0.0025,0.005,2.0,400,two_speed,25,1.0000503246753787,1.9698619172559075,0.5025092789347381,0.0019497446886081625,0,0.036198860656385515,0.25783616658632774
1.0,0.5,2.0,2.0,0.0025,0.005,3.5,700,two_speed,25,1.0003594635277748,1.9620286436142036,0.5017611355808023,0.0018881431763841014,0,0.04483566692468689,0.25783616658632774
1.0,0.5,2.0,2.0,0.0025,0.005,5.0,1000,two_speed,25,1.000247457019554,1.9678081338998554,0.4975075658287069,0.001964058347198174,0,0.03864674763682858,0.25783616658632774
1.0,0.5,2.0,2.0,0.0025,0.005,10.0,2000,two_speed,25,1.000377484820515,1.9573627906809967,0.5097266025188678,0.0024674711406891463,0,0.051803045639696975,0.25783616658632774
1.0,0.5,2.0,2.0,0.0025,0.005,20.0,4000,two_speed,25,1.0000485952590605,1.9542275830544293,0.509580036936074,0.0017061761737635624,0,0.05466311970306027,0.25783616658632774
1.0,0.5,2.0,2.0,0.0025,0.005,0.5,100,two_speed,26,1.0002377875325348,2.00300058090165,0.5036953781920621,0.0020974136810992597,0,0.01172814684560934,0.25839103570407523
1.0,0.5,2.0,2.0,0.0025,0.005,1.0,200,two_speed,26,1.0003260411903052,1.9993874218507086,0.5106825973368591,0.0021863187762128644,0,0.017132651131156723,0.25839103570407523
1.0,0.5,2.0,2.0,0.0025,0.005,2.0,400,two_speed,26,0.9999299904732004,1.9846102446175362,0.5042050576839471,0.0020217747936698677,0,0.021097924623028477,0.25839103570407523
1.0,0.5,2.0,2.0,0.0025,0.005,3.5,700,two_speed,26,0.9998249781837879,1.9914492422612637,0.5004935745238003,0.0016410323938638295,0,0.012801970292115246,0.25839103570407523
1.0,0.5,2.0,2.0,0.0025,0.005,5.0,1000,two_speed,26,0.9998588223157319,1.9860915041871157,0.4967847445932971,0.001655256651299382,0,0.01845086336993596,0.25839103570407523
1.0,0.5,2.0,2.0,0.0025,0.005,10.0,2000,two_speed,26,0.9999503234682604,1.990409416284164,0.5046746061017011,0.001727025139919561,0,0.015245910233941942,0.25839103570407523
1.0,0.5,2.0,2.0,0.0025,0.005,20.0,4000,two_speed,26,0.9998685753215096,1.9968813669868297,0.5115918494743334,0.0024068640651559903,0,0.019721279098970673,0.25839103570407523
1.0,0.5,2.0,2.0,0.0025,0.005,0.5,100,two_speed,27,1.0000794146513556,1.9971111134360249,0.5061313119316548,0.0016177078609064936,0,0.011666578885212707,0.27774177985598464
1.0,0.5,2.0,2.0,0.0025,0.005,1.0,200,two_speed,27,0.9999176356449382,1.9984644369791698,0.5010260636030203,0.001804419705161978,0,0.009162649884047932,0.27774177985598464
1.0,0.5,2.0,2.0,0.0025,0.005,2.0,400,two_speed,27,1.000194833010586,2.000800456831479,0.5054590059364367,0.002003058209917672,0,0.011971064354789337,0.27774177985598464
1.0,0.5,2.0,2.0,0.0025,0.005,3.5,700,two_speed,27,1.0005485940822851,1.993155469663115,0.5103018884193194,0.0021494578898300512,0,0.018191754510457177,0.27774177985598464
1.0,0.5,2.0,2.0,0.0025,0.005,5.0,1000,two_speed,27,1.0001074710211062,1.9848762966217914,0.509616641110576,0.0015752208771331133,0,0.022691491851002672,0.27774177985598464
1.0,0.5,2.0,2.0,0.0025,0.005,10.0,2000,two_speed,27,0.9999885950512548,1.998395567306376,0.5045031959774806,0.0017001110470489193,0,0.010393148691274471,0.27774177985598464
1.0,0.5,2.0,2.0,0.0025,0.005,20.0,4000,two_speed,27,1.000168200551573,2.044198581165833,0.5019266424977459,0.0019807558685170958,0,0.051941640324596104,0.27774177985598464
1.0,0.5,2.0,2.0,0.0025,0.005,0.5,100,two_speed,28,0.9999932196631981,2.0068025987107,0.5043884536305682,0.0017940100734762006,0,0.013095916509288952,0.26293375599198043
1.0,0.5,2.0,2.0,0.0025,0.005,1.0,200,two_speed,28,1.0002623791340886,2.014483885892192,0.5064219094839669,0.0031399188254893355,0,0.02404723863081331,0.26293375599198043
1.0,0.5,2.0,2.0,0.0025,0.005,2.0,400,two_speed,28,1.0000434693684128,2.034999533850107,0.5019745542901701,0.001590649256854425,0,0.04120341572254746,0.26293375599198043
1.0,0.5,2.0,2.0,0.0025,0.005,3.5,700,two_speed,28,1.000006632542737,2.040736375322264,0.5022859314022811,0.001984155142425772,0,0.0480854340235113,0.26293375599198043
1.0,0.5,2.0,2.0,0.0025,0.005,5.0,1000,two_speed,28,1.0000780994347824,2.040423612780619,0.5060870653326539,0.001210755359754471,0,0.04756613511696293,0.26293375599198043
1.0,0.5,2.0,2.0,0.0025,0.005,10.0,2000,two_speed,28,1.0002781073603761,2.024994119194389,0.5012886473022299,0.0022004060803094173,0,0.03083463410756558,0.26293375599198043
1.0,0.5,2.0,2.0,0.0025,0.005,20.0,4000,two_speed,28,1.000212351041845,2.06075436765113,0.4974077953897817,0.0013125296312719154,0,0.07063255559191095,0.26293375599198043
1.0,0.5,2.0,2.0,0.0025,0.005,0.5,100,two_speed,29,1.0002038902748662,2.003566406813905,0.506457264667788,0.00301718600846522,0,0.017378187127100337,0.2624074881397454
1.0,0.5,2.0,2.0,0.0025,0.005,1.0,200,two_speed,29,1.0002494135000584,1.9977887531053495,0.5091217169928235,0.003723332822991488,0,0.02167623090073969,0.2624074881397454
1.0,0.5,2.0,2.0,0.0025,0.005,2.0,400,two_speed,29,0.9999372636440583,2.005321429875472,0.5007387948214705,0.003057824021844175,0,0.016252706552893296,0.2624074881397454
1.0,0.5,2.0,2.0,0.0025,0.005,3.5,700,two_speed,29,0.9999266139895665,1.9820195008371528,0.5041904089384178,0.002137378533616704,0,0.023872478930150935,0.2624074881397454
1.0,0.5,2.0,2.0,0.0025,0.005,5.0,1000,two_speed,29,0.9996385944705327,1.9846948961000008,0.5085370126584033,0.0022647028334138145,0,0.02408770984538502,0.2624074881397454
1.0,0.5,2.0,2.0,0.0025,0.005,10.0,2000,two_speed,29,1.0000250047067063,1.9494506354498788,0.5072999009967558,0.0018689570678944551,0,0.059590948387137764,0.2624074881397454
1.0,0.5,2.0,2.0,0.0025,0.005,20.0,4000,two_speed,29,0.9999028809330576,1.952614015671558,0.5092256171390256,0.002025458186151346,0,0.056717883277342146,0.2624074881397454
1.0,0.5,2.0,2.0,0.0025,0.005,0.5,100,two_speed,30,1.0000348894849533,1.9904585912000563,0.501540012902573,0.0021413251817436253,0,0.01534013269860339,0.26690222628946814
1.0,0.5,2.0,2.0,0.0025,0.005,1.0,200,two_speed,30,1.0003175689239197,1.9878497066409844,0.5071163237447142,0.0020438215663515463,0,0.019287399700664544,0.26690222628946814
1.0,0.5,2.0,2.0,0.0025,0.005,2.0,400,two_speed,30,0.9999795738742376,1.9913326965693354,0.5044439773956936,0.0013634482878467711,0,0.013361435840507382,0.26690222628946814
1.0,0.5,2.0,2.0,0.0025,0.005,3.5,700,two_speed,30,1.0000333074442234,1.9770255490786672,0.5072293073547242,0.0021720124212757453,0,0.0299547231678903,0.26690222628946814
1.0,0.5,2.0,2.0,0.0025,0.005,5.0,1000,two_speed,30,0.9999210479236429,1.9823669929376777,0.5155307990696186,0.002357417632147531,0,0.03091336774647596,0.26690222628946814
1.0,0.5,2.0,2.0,0.0025,0.005,10.0,2000,two_speed,30,1.0002622741882943,1.9665658326438122,0.5037464952021561,0.001978933960944667,0,0.03999451926710193,0.26690222628946814
1.0,0.5,2.0,2.0,0.0025,0.005,20.0,4000,two_speed,30,1.0002487733307637,2.0082700325584235,0.4918055412207726,0.0017348595997552434,0,0.01715064623516887,0.26690222628946814
1.0,0.5,2.0,2.0,0.0025,0.005,0.5,100,two_speed,31,1.0001901096722046,2.0137260547386324,0.5016501710898941,0.0016753874587357445,0,0.017950213057935076,0.2602435060045017
1.0,0.5,2.0,2.0,0.0025,0.005,1.0,200,two_speed,31,1.0002665899090168,2.0167317115861025,0.5071211872622684,0.0017702703780184544,0,0.02291663126724556,0.2602435060045017
1.0,0.5,2.0,2.0,0.0025,0.005,2.0,400,two_speed,31,1.000328850434113,2.013029480906522,0.5029237070899557,0.002256366808312098,0,0.018971933296593513,0.2602435060045017
1.0,0.5,2.0,2.0,0.0025,0.005,3.5,700,two_speed,31,1.000287265644966,2.024132987224031,0.5000035905206998,0.002178255290160884,0,0.02987378026796977,0.2602435060045017
1.0,0.5,2.0,2.0,0.0025,0.005,5.0,1000,two_speed,31,0.9999717085033277,2.019157435871361,0.5027078237372608,0.0016738040279138792,0,0.023850599310491476,0.2602435060045017
1.0,0.5,2.0,2.0,0.0025,0.005,10.0,2000,two_speed,31,1.000282827352283,2.004883212467777,0.507632228229584,0.0024048160863444456,0,0.016150186203097057,0.2602435060045017
1.0,0.5,2.0,2.0,0.0025,0.005,20.0,4000,two_speed,31,0.9999945020336376,1.9914220310248851,0.5124291724453,0.0015166672735754032,0,0.020401252387755153,0.2602435060045017
1.0,0.5,2.0,2.0,0.0025,0.005,0.5,100,two_speed,32,1.0001119163964827,1.9952707006241557,0.5011991998526392,0.0017108740072356318,0,0.01011005892327371,0.2680134167063183
1.0,0.5,2.0,2.0,0.0025,0.005,1.0,200,two_speed,32,1.0002495022653788,2.002018546444203,0.5015423284281074,0.0015504189305907458,0,0.008168121030156997,0.2680134167063183
1.0,0.5,2.0,2.0,0.0025,0.005,2.0,400,two_speed,32,1.0002264491254325,1.9956970212409901,0.4974373999551806,0.0017931204381429573,0,0.010870605951917248,0.2680134167063183
1.0,0.5,2.0,2.0,0.0025,0.005,3.5,700,two_speed,32,0.9995528034942966,1.9867362747077164,0.4891691112021981,0.002848185662844098,0,0.02467138623933564,0.2680134167063183
1.0,0.5,2.0,2.0,0.0025,0.005,5.0,1000,two_speed,32,1.0001182990102553,1.9864495564883884,0.49753707040921913,0.0019246479210480471,0,0.018628836637489935,0.2680134167063183
1.0,0.5,2.0,2.0,0.0025,0.005,10.0,2000,two_speed,32,1.0000848084877123,1.9756905933987652,0.5046551679742648,0.0021079268641890415,0,0.030401667961308197,0.2680134167063183
1.0,0.5,2.0,2.0,0.0025,0.005,20.0,4000,two_speed,32,0.9995835520722711,2.0023140346805874,0.4951110768710292,0.002877513354845851,0,0.015498472398768495,0.2680134167063183
1.0,0.5,2.0,2.0,0.0025,0.005,0.5,100,two_speed,33,1.0000606540048507,1.9966190850664096,0.4981240461422678,0.002513427297033415,0,0.013196633217142022,0.27085053571499884
1.0,0.5,2.0,2.0,0.0025,0.005,1.0,200,two_speed,33,1.0001306842218736,2.015393706580485,0.4999026415569759,0.0024020024318968883,0,0.021334922411997023,0.27085053571499884
1.0,0.5,2.0,2.0,0.0025,0.005,2.0,400,two_speed,33,1.0002617273339014,2.017307038567174,0.5059758607639888,0.0028487755738932415,0,0.025473484016732172,0.27085053571499884
1.0,0.5,2.0,2.0,0.0025,0.005,3.5,700,two_speed,33,0.9999265435589019,2.021278671897523,0.500910806998104,0.0022521237237726264,0,0.026970910518995094,0.27085053571499884
1.0,0.5,2.0,2.0,0.0025,0.005,5.0,1000,two_speed,33,0.9997573330471783,2.013936514638513,0.5023821918365673,0.003388352545890311,0,0.023449978352183,0.27085053571499884
1.0,0.5,2.0,2.0,0.0025,0.005,10.0,2000,two_speed,33,0.999717949245155,1.9929641512813734,0.5083886318724421,0.0018613349805027424,0,0.016842654650561065,0.27085053571499884
1.0,0.5,2.0,2.0,0.0025,0.005,20.0,4000,two_speed,33,0.99971317700199,1.934030127343615,0.5047081264193614,0.0025982047367694295,0,0.07740354565661214,0.27085053571499884
1.0,0.5,2.0,2.0,0.0025,0.005,0.5,100,two_speed,34,1.0000668757330913,2.0057163303202423,0.5061782101280587,0.0018329811404041373,0,0.013689546623280207,0.26507227385549675
1.0,0.5,2.0,2.0,0.0025,0.005,1.0,200,two_speed,34,1.0003232670559736,1.9978491891085373,0.5092735805942377,0.0022379238364680937,0,0.01609389725595414,0.26507227385549675
1.0,0.5,2.0,2.0,0.0025,0.005,2.0,400,two_speed,34,1.0001416224830928,2.013357633709218,0.5137310262604114,0.002928506612733461,0,0.027273686101000442,0.26507227385549675
1.0,0.5,2.0,2.0,0.0025,0.005,3.5,700,two_speed,34,0.9999976729810924,2.0093469377140085,0.5105476601826917,0.0015981512582882791,0,0.019099788565677154,0.26507227385549675
1.0,0.5,2.0,2.0,0.0025,0.005,5.0,1000,two_speed,34,1.0000726951357453,2.0155501233911712,0.5143818434934492,0.0020704199138701137,0,0.027674806460294875,0.26507227385549675
1.0,0.5,2.0,2.0,0.0025,0.005,10.0,2000,two_speed,34,0.9999103039705586,2.0348956931009385,0.49680722086537604,0.0020799059870903894,0,0.04183906478839103,0.26507227385549675
1.0,0.5,2.0,2.0,0.0025,0.005,20.0,4000,two_speed,34,1.0001128038764875,2.0856180066636454,0.499861540123749,0.0029128654967254114,0,0.09989496488263497,0.26507227385549675
1.0,0.5,2.0,2.0,0.0025,0.005,0.5,100,two_speed,35,1.0000093530850962,1.9982278543265393,0.4947306546857203,0.001643578771104949,0,0.010849047568079268,0.2620145952927747
1.0,0.5,2.0,2.0,0.0025,0.005,1.0,200,two_speed,35,0.9998713387764193,2.0038005059831074,0.49244970674796273,0.0016968179589827814,0,0.013484189108969922,0.2620145952927747
1.0,0.5,2.0,2.0,0.0025,0.005,2.0,400,two_speed,35,1.0001192667269712,1.9911196707909995,0.49685662629026045,0.0016141883151195278,0,0.0137005165505772,0.2620145952927747
1.0,0.5,2.0,2.0,0.0025,0.005,3.5,700,two_speed,35,0.9999906018572947,1.9967900884720053,0.4969939827580057,0.0025431370472479738,0,0.013583802191447164,0.2620145952927747
1.0,0.5,2.0,2.0,0.0025,0.005,5.0,1000,two_speed,35,1.0001741047445372,2.008111619142429,0.5013092546439373,0.0024667808233905745,0,0.015384560535869042,0.2620145952927747
1.0,0.5,2.0,2.0,0.0025,0.005,10.0,2000,two_speed,35,1.0000536331756964,2.0149554069860325,0.5074923545405702,0.0017886097895879983,0,0.02157736819425466,0.2620145952927747
1.0,0.5,2.0,2.0,0.0025,0.005,20.0,4000,two_speed,35,0.99950216949174,2.0093180916580207,0.5039151365079189,0.0017781751293311507,0,0.015299726589054076,0.2620145952927747
1.0,0.5,2.0,2.0,0.0025,0.005,0.5,100,two_speed,36,0.9997048977123978,2.003308263945766,0.49541148516870137,0.002921032289211848,0,0.0158099852722295,0.26336755357416614
1.0,0.5,2.0,2.0,0.0025,0.005,1.0,200,two_speed,36,0.9999817526270892,2.002264423120799,0.5072510305011871,0.0012629067343567812,0,0.011638846092312428,0.26336755357416614
1.0,0.5,2.0,2.0,0.0025,0.005,2.0,400,two_speed,36,0.9997506289438883,2.0171028950299266,0.4997285215192739,0.0018925768230371738,0,0.02185784410459885,0.26336755357416614
1.0,0.5,2.0,2.0,0.0025,0.005,3.5,700,two_speed,36,1.0001273702730025,2.0246817445393024,0.5083783916402012,0.003547202813382304,0,0.03509245246012603,0.26336755357416614
1.0,0.5,2.0,2.0,0.0025,0.005,5.0,1000,two_speed,36,0.9999767264134382,2.005130592692684,0.49958750281778275,0.0020351070473981297,0,0.011620405082369757,0.26336755357416614
1.0,0.5,2.0,2.0,0.0025,0.005,10.0,2000,two_speed,36,1.0003334091899247,1.9923162467451452,0.5081363431408416,0.0019140583564174055,0,0.016347625058583788,0.26336755357416614
1.0,0.5,2.0,2.0,0.0025,0.005,20.0,4000,two_speed,36,0.9999072215830493,1.9548158567781062,0.5117456829271276,0.001739607504472468,0,0.054819173158302655,0.26336755357416614
1.0,0.5,2.0,2.0,0.0025,0.005,0.5,100,two_speed,37,0.9999921588692025,2.0148443597398886,0.4997126584121055,0.0011405107509309185,0,0.01803702256677032,0.263725732137183
1.0,0.5,2.0,2.0,0.0025,0.005,1.0,200,two_speed,37,1.0003312754289706,2.0186190764909333,0.50555120546986,0.0025040449130224714,0,0.02563117617268923,0.263725732137183
1.0,0.5,2.0,2.0,0.0025,0.005,2.0,400,two_speed,37,1.0003085280919914,2.0275329933103183,0.5148136228192813,0.0020059365020432566,0,0.03796631232001587,0.263725732137183
1.0,0.5,2.0,2.0,0.0025,0.005,3.5,700,two_speed,37,1.0003800492044113,2.022649648284987,0.5098620473397132,0.00212611598633912,0,0.030515986652367516,0.263725732137183
1.0,0.5,2.0,2.0,0.0025,0.005,5.0,1000,two_speed,37,1.0000236865839605,2.0222131425105436,0.5028993693975472,0.0012975650575952143,0,0.02665417321275839,0.263725732137183
1.0,0.5,2.0,2.0,0.0025,0.005,10.0,2000,two_speed,37,1.0000306746674088,2.0360593289720814,0.511432161900104,0.0018363265471649745,0,0.044949256932385336,0.263725732137183
1.0,0.5,2.0,2.0,0.0025,0.005,20.0,4000,two_speed,37,1.000113440131017,2.0083442184857327,0.5100821749178962,0.0017702135554434576,0,0.018287709828375614,0.263725732137183
1.0,0.5,2.0,2.0,0.0025,0.005,0.5,100,two_speed,38,1.0000756436023168,2.012250276816183,0.5065723222662197,0.0019819368115733386,0,0.019130825777825006,0.26743968443146776
1.0,0.5,2.0,2.0,0.0025,0.005,1.0,200,two_speed,38,0.9999785327410424,2.016821138399478,0.5032870038989905,0.002638304369547721,0,0.023747278869807487,0.26743968443146776
1.0,0.5,2.0,2.0,0.0025,0.005,2.0,400,two_speed,38,0.9999377968847999,2.0260548364432274,0.4967199710153181,0.0017610237674309875,0,0.031600569065587315,0.26743968443146776
1.0,0.5,2.0,2.0,0.0025,0.005,3.5,700,two_speed,38,1.0005274516541152,2.0122618192452233,0.5117922149245494,0.002367138312190429,0,0.02332915304535498,0.26743968443146776
1.0,0.5,2.0,2.0,0.0025,0.005,5.0,1000,two_speed,38,1.0000889810462767,1.994252179475939,0.5032922269816703,0.0017526097963440003,0,0.011615783261223403,0.26743968443146776
1.0,0.5,2.0,2.0,0.0025,0.005,10.0,2000,two_speed,38,1.0001796385867652,1.9934215698267506,0.5120377255974146,0.001902659073236705,0,0.01946035237213326,0.26743968443146776
1.0,0.5,2.0,2.0,0.0025,0.005,20.0,4000,two_speed,38,1.000105752978976,1.9716733655490004,0.5082202384890091,0.0032665630819495787,0,0.037663102549404824,0.26743968443146776
1.0,0.5,2.0,2.0,0.0025,0.005,0.5,100,two_speed,39,1.0000050527963917,2.004825581300536,0.49926124307187913,0.001837267906644111,0,0.010643172585794213,0.260505767855128
1.0,0.5,2.0,2.0,0.0025,0.005,1.0,200,two_speed,39,0.99990754203419,2.0042228872505423,0.5003322799403668,0.0022762118212042177,0,0.012204720350283384,0.260505767855128
1.0,0.5,2.0,2.0,0.0025,0.005,2.0,400,two_speed,39,0.9999656954024898,1.987866370173819,0.5084052079789032,0.0014198529082127508,0,0.019103831955302703,0.260505767855128
1.0,0.5,2.0,2.0,0.0025,0.005,3.5,700,two_speed,39,1.0001708609282578,1.966584442102958,0.5039422154932872,0.0020297553202823955,0,0.04009298674944175,0.260505767855128
1.0,0.5,2.0,2.0,0.0025,0.005,5.0,1000,two_speed,39,0.9999616161587318,1.973415395715928,0.502727710217236,0.0017843099511676728,0,0.03210680972873188,0.260505767855128
1.0,0.5,2.0,2.0,0.0025,0.005,10.0,2000,two_speed,39,1.0002409266634404,1.9867524943326207,0.493841264952393,0.0019072143077326245,0,0.019975459534720165,0.260505767855128
1.0,0.5,2.0,2.0,0.0025,0.005,20.0,4000,two_speed,39,0.9999708417494995,1.962122267229239,0.505660616273999,0.0014592399985239237,0,0.04484328487888111,0.260505767855128
1.0,0.5,2.0,2.0,0.0025,0.005,0.5,100,two_speed,40,1.0000392691558524,2.002639247304933,0.49909172209879843,0.0014134264460106735,0,0.00768159038108172,0.2606535714252719
1.0,0.5,2.0,2.0,0.0025,0.005,1.0,200,two_speed,40,0.9998758181378562,2.0014762978782623,0.5045537725973338,0.001662216624581026,0,0.010409360803196665,0.2606535714252719
1.0,0.5,2.0,2.0,0.0025,0.005,2.0,400,two_speed,40,1.0000460988432596,2.004881402498538,0.5045298348582498,0.0015987072461942648,0,0.011262548230141625,0.2606535714252719
1.0,0.5,2.0,2.0,0.0025,0.005,3.5,700,two_speed,40,0.999934211960969,2.0137493360546994,0.5005700773341303,0.0016175215214739593,0,0.017768497248410134,0.2606535714252719
1.0,0.5,2.0,2.0,0.0025,0.005,5.0,1000,two_speed,40,0.9999749196831736,1.9956966602361466,0.5063201822420486,0.00195888891088466,0,0.013626951654280165,0.2606535714252719
1.0,0.5,2.0,2.0,0.0025,0.005,10.0,2000,two_speed,40,1.0000214310793654,1.979510052574039,0.49742823393914004,0.0018397195950591097,0,0.02558485421329798,0.2606535714252719
1.0,0.5,2.0,2.0,0.0025,0.005,20.0,4000,two_speed,40,1.0001199949444854,1.9898244386340929,0.4980491664803523,0.002064587407730478,0,0.01579486743066831,0.2606535714252719
1.0,0.5,2.0,2.0,0.0025,0.005,0.5,100,two_speed,41,0.999961587596087,1.9913422226213706,0.4966350213070424,0.0021098855659241952,0,0.01501427023768758,0.25936277385335416
1.0,0.5,2.0,2.0,0.0025,0.005,1.0,200,two_speed,41,1.0001879606014639,1.9925862008669148,0.4963526325209535,0.003299452403595738,0,0.019033634455085532,0.25936277385335416
1.0,0.5,2.0,2.0,0.0025,0.005,2.0,400,two_speed,41,1.000480173171991,1.9861760625611973,0.504691908657807,0.0030177513670806345,0,0.022483578338996717,0.25936277385335416
1.0,0.5,2.0,2.0,0.0025,0.005,3.5,700,two_speed,41,1.0002661399303614,1.9870147602615558,0.5020043693727255,0.001387415734068726,0,0.01662858691352821,0.25936277385335416
1.0,0.5,2.0,2.0,0.0025,0.005,5.0,1000,two_speed,41,1.000194141879929,1.998368881939448,0.5042820247705,0.0021977668804747824,0,0.012131965340811953,0.25936277385335416
1.0,0.5,2.0,2.0,0.0025,0.005,10.0,2000,two_speed,41,0.9998071710093756,2.02633167927061,0.4944202897108807,0.0017132380774155412,0,0.03234958173491249,0.25936277385335416
1.0,0.5,2.0,2.0,0.0025,0.005,20.0,4000,two_speed,41,0.9999953178923325,2.06133098956736,0.5092947237942425,0.0018182163060930664,0,0.0720959006964152,0.25936277385335416
1.0,0.5,2.0,2.0,0.0025,0.005,0.5,100,two_speed,42,1.000009493848675,1.999597078809684,0.5022847152295821,0.0015263717706970813,0,0.00807099031270479,0.26108898799533825
1.0,0.5,2.0,2.0,0.0025,0.005,1.0,200,two_speed,42,0.9999874333187571,2.0000415529681788,0.5034546550581659,0.0016442834649812773,0,0.009259337610820692,0.26108898799533825
1.0,0.5,2.0,2.0,0.0025,0.005,2.0,400,two_speed,42,1.000037268044285,1.9925134585211737,0.5128126483034351,0.001665042940887626,0,0.02043065783035882,0.26108898799533825
1.0,0.5,2.0,2.0,0.0025,0.005,3.5,700,two_speed,42,0.9997698958314367,1.9971940271711506,0.4984580749650839,0.0022313649237776815,0,0.011562815145263685,0.26108898799533825
1.0,0.5,2.0,2.0,0.0025,0.005,5.0,1000,two_speed,42,0.9998663535366136,1.9996827680536837,0.49831812168630796,0.0019521816288225913,0,0.009789815271951137,0.26108898799533825
1.0,0.5,2.0,2.0,0.0025,0.005,10.0,2000,two_speed,42,1.0000537501303617,1.9912705630119822,0.5185789274312983,0.0017218225947652891,0,0.02742826937388346,0.26108898799533825
1.0,0.5,2.0,2.0,0.0025,0.005,20.0,4000,two_speed,42,0.9996646658597703,1.9433542377915227,0.5113928375742448,0.0019456870691734237,0,0.06763539673695489,0.26108898799533825
1.0,0.5,2.0,2.0,0.0025,0.005,0.5,100,two_speed,43,1.0002249521575612,1.9935709103495816,0.502312137222235,0.0018453018381259596,0,0.012015425185449359,0.26283249413661125
1.0,0.5,2.0,2.0,0.0025,0.005,1.0,200,two_speed,43,1.0003093571585242,1.9979044954033374,0.4998972751333252,0.002347750118416444,0,0.011875233472566605,0.26283249413661125
1.0,0.5,2.0,2.0,0.0025,0.005,2.0,400,two_speed,43,0.9999376231592371,1.9967718796552394,0.49970421257230446,0.0013835144857618229,0,0.0077518819623812515,0.26283249413661125
1.0,0.5,2.0,2.0,0.0025,0.005,3.5,700,two_speed,43,1.000259757489449,2.00651823924364,0.5084981679959749,0.0022781501248754455,0,0.017175878401866133,0.26283249413661125
1.0,0.5,2.0,2.0,0.0025,0.005,5.0,1000,two_speed,43,0.9999708598585129,2.001561050759344,0.5041715105748397,0.001932513115737119,0,0.011124547434877603,0.26283249413661125
1.0,0.5,2.0,2.0,0.0025,0.005,10.0,2000,two_speed,43,1.0001883913011949,1.9769113670221465,0.49505368638907304,0.0019665314660597703,0,0.029256748021483783,0.26283249413661125
1.0,0.5,2.0,2.0,0.0025,0.005,20.0,4000,two_speed,43,0.9997273650233589,1.9978324785893238,0.5025448689558335,0.0021772656676591787,0,0.011712967281211245,0.26283249413661125
1.0,0.5,2.0,2.0,0.0025,0.005,0.5,100,two_speed,44,1.000533531520743,2.017279896022675,0.5118434894513773,0.002875085608941146,0,0.028382286071273202,0.26171673799399287
1.0,0.5,2.0,2.0,0.0025,0.005,1.0,200,two_speed,44,1.0001739080649172,2.015217949107269,0.5034651190185262,0.001696967160546034,0,0.01986320705440225,0.26171673799399287
1.0,0.5,2.0,2.0,0.0025,0.005,2.0,400,two_speed,44,1.0001528607046322,2.0271736888627525,0.5047538139446419,0.0014984805782816218,0,0.032697253675605296,0.26171673799399287
1.0,0.5,2.0,2.0,0.0025,0.005,3.5,700,two_speed,44,1.0002228676966456,2.0333841282003493,0.5089071544722048,0.001365111272947014,0,0.0405267647272495,0.26171673799399287
1.0,0.5,2.0,2.0,0.0025,0.005,5.0,1000,two_speed,44,1.0003235041159557,2.049794317807887,0.5074069334624989,0.0022400147219138055,0,0.05907656147018801,0.26171673799399287
1.0,0.5,2.0,2.0,0.0025,0.005,10.0,2000,two_speed,44,1.0002665389982146,2.052524060963548,0.5131311883288837,0.0018555642432527026,0,0.06310965930007527,0.26171673799399287
1.0,0.5,2.0,2.0,0.0025,0.005,20.0,4000,two_speed,44,0.999271548153792,2.082900269237098,0.496205520269398,0.002914139137449549,0,0.09703585851485454,0.26171673799399287
1.0,0.5,2.0,2.0,0.0025,0.005,0.5,100,two_speed,45,0.9998340419708883,1.9986538611214908,0.49277339021475924,0.0015476218092127234,0,0.011989190172857576,0.2909644227142313
1.0,0.5,2.0,2.0,0.0025,0.005,1.0,200,two_speed,45,1.0001050648580103,2.0140388811688146,0.5001839320253296,0.001453497804848488,0,0.017715387777703883,0.2909644227142313
1.0,0.5,2.0,2.0,0.0025,0.005,2.0,400,two_speed,45,1.000185561172496,1.9947054941749398,0.4979768089780552,0.0019128895300427043,0,0.011649309500080073,0.2909644227142313
1.0,0.5,2.0,2.0,0.0025,0.005,3.5,700,two_speed,45,1.000209310407819,2.016497303071834,0.49750379153065244,0.0021581030408704617,0,0.02213264487517604,0.2909644227142313
1.0,0.5,2.0,2.0,0.0025,0.005,5.0,1000,two_speed,45,0.999842686189817,1.993909978751543,0.49326212824237053,0.001910779112842167,0,0.014498944103552182,0.2909644227142313
1.0,0.5,2.0,2.0,0.0025,0.005,10.0,2000,two_speed,45,1.0001222765237487,1.9980487162206455,0.5080611988393897,0.0016261501401523834,0,0.013226146265789907,0.2909644227142313
1.0,0.5,2.0,2.0,0.0025,0.005,20.0,4000,two_speed,45,0.9999277334610525,1.980331318200346,0.5003300287186434,0.0014701523561141407,0,0.023835237062653995,0.2909644227142313
1.0,0.5,2.0,2.0,0.0025,0.005,0.5,100,two_speed,46,0.9997555784842351,2.0103759095529643,0.4937528724849016,0.0017180780391475917,0,0.016597957348877472,0.2668046487129426
1.0,0.5,2.0,2.0,0.0025,0.005,1.0,200,two_speed,46,0.999955012123069,1.9976840363929174,0.5007221055996449,0.0016212998726446758,0,0.00845793342895904,0.2668046487129426
1.0,0.5,2.0,2.0,0.0025,0.005,2.0,400,two_speed,46,0.9998377447773824,1.9993707867093231,0.49397051611469506,0.0021432547739082064,0,0.012979865037443737,0.2668046487129426
1.0,0.5,2.0,2.0,0.0025,0.005,3.5,700,two_speed,46,1.000029894452279,2.0039498650082526,0.49746609016164756,0.001986011167335371,0,0.011288416334618821,0.2668046487129426
1.0,0.5,2.0,2.0,0.0025,0.005,5.0,1000,two_speed,46,0.9999956257866255,2.0198858805437223,0.49392199730342035,0.001452999718514943,0,0.025420883339127093,0.2668046487129426
1.0,0.5,2.0,2.0,0.0025,0.005,10.0,2000,two_speed,46,1.0001196414847315,2.009407574709533,0.5081452061246068,0.0024223283799732656,0,0.019184640884385287,0.2668046487129426
1.0,0.5,2.0,2.0,0.0025,0.005,20.0,4000,two_speed,46,0.9999323146338299,2.023865190103885,0.5222820072466917,0.0016890062025968528,0,0.040750079905614724,0.2668046487129426
1.0,0.5,2.0,2.0,0.0025,0.005,0.5,100,two_speed,47,0.9999881955813629,2.0026341155853706,0.5032058622833081,0.0017596157627326912,0,0.010083914865219087,0.2617320952870484
1.0,0.5,2.0,2.0,0.0025,0.005,1.0,200,two_speed,47,0.9998656686548314,1.993728880283678,0.5029615135118123,0.0013341444045314845,0,0.010622304491551153,0.2617320952870484
1.0,0.5,2.0,2.0,0.0025,0.005,2.0,400,two_speed,47,1.000344213099536,2.0039489409571702,0.5141716090887478,0.0017533634613043898,0,0.020328487816930835,0.2617320952870484
1.0,0.5,2.0,2.0,0.0025,0.005,3.5,700,two_speed,47,0.999876485696699,2.0068522029215106,0.5180213080402607,0.00204237788886658,0,0.026870224261399567,0.2617320952870484
1.0,0.5,2.0,2.0,0.0025,0.005,5.0,1000,two_speed,47,0.999544908873373,2.004260879323629,0.5028877191411067,0.0027210876021098312,0,0.015147105185280587,0.2617320952870484
1.0,0.5,2.0,2.0,0.0025,0.005,10.0,2000,two_speed,47,1.000136215092957,1.9839187822954623,0.5104006138027598,0.002105791398447349,0,0.025046228845605086,0.2617320952870484
1.0,0.5,2.0,2.0,0.0025,0.005,20.0,4000,two_speed,47,0.9999320125466459,1.971466523882723,0.5012964345576564,0.0013674285201589937,0,0.0336500963196487,0.2617320952870484
1.0,0.5,2.0,2.0,0.0025,0.005,0.5,100,two_speed,48,0.9999535809487714,2.007152687771618,0.4970080001205832,0.0016638683773244707,0,0.012238315394668816,0.2609792678683464
1.0,0.5,2.0,2.0,0.0025,0.005,1.0,200,two_speed,48,0.9997891188293921,2.012054953554777,0.5001451421241488,0.0022334306294491007,0,0.01775363755607431,0.2609792678683464
1.0,0.5,2.0,2.0,0.0025,0.005,2.0,400,two_speed,48,1.000076786960528,2.0284941240580148,0.5020420883657865,0.0017922991776483889,0,0.0341275998586548,0.2609792678683464
1.0,0.5,2.0,2.0,0.0025,0.005,3.5,700,two_speed,48,0.9999465312778386,2.006380861779461,0.5060930131477805,0.0018815898405855332,0,0.014301282782950024,0.2609792678683464
1.0,0.5,2.0,2.0,0.0025,0.005,5.0,1000,two_speed,48,1.0000613779693666,1.9938824348508444,0.5025710538002113,0.0020766807946569986,0,0.01279979912230266,0.2609792678683464
1.0,0.5,2.0,2.0,0.0025,0.005,10.0,2000,two_speed,48,0.9997868764095873,2.0007098152459792,0.49861568777864024,0.002504767296845771,0,0.012423984918037185,0.2609792678683464
1.0,0.5,2.0,2.0,0.0025,0.005,20.0,4000,two_speed,48,0.9998270080259128,1.998208821876328,0.5011800551274137,0.002001809964635363,0,0.010245307119161473,0.2609792678683464
1.0,0.5,2.0,2.0,0.0025,0.005,0.5,100,two_speed,49,1.0001563002643683,1.9954506164793768,0.5017633084933076,0.0019431905227844648,0,0.01108104975846115,0.2621774048644251
1.0,0.5,2.0,2.0,0.0025,0.005,1.0,200,two_speed,49,0.9999667136686603,1.9914227498926038,0.49837624979406175,0.0019357112643395922,0,0.013881338750548066,0.2621774048644251
1.0,0.5,2.0,2.0,0.0025,0.005,2.0,400,two_speed,49,0.9999370565718068,1.9852278944800348,0.5011087696996488,0.0022430252968580256,0,0.020362430308259617,0.2621774048644251
1.0,0.5,2.0,2.0,0.0025,0.005,3.5,700,two_speed,49,1.000007037477664,1.977499160703465,0.500606302091844,0.0014827503972932973,0,0.02698416043870922,0.2621774048644251
1.0,0.5,2.0,2.0,0.0025,0.005,5.0,1000,two_speed,49,0.9997911208634969,1.969547859958927,0.5012602944635568,0.0019025877247975124,0,0.03642605695276601,0.2621774048644251
1.0,0.5,2.0,2.0,0.0025,0.005,10.0,2000,two_speed,49,1.0002919415160358,1.9587763055981968,0.5071361996146391,0.001856508199530949,0,0.049109895437163445,0.2621774048644251
1.0,0.5,2.0,2.0,0.0025,0.005,20.0,4000,two_speed,49,1.000216539383509,1.9584292477737402,0.5031663212604787,0.001874780269906424,0,0.04896477398204216,0.2621774048644251
1.0,0.5,2.0,2.0,0.0025,0.005,0.5,100,two_speed,50,1.0001188901122204,1.9971225315276708,0.5026684048413341,0.001599862823148257,0,0.00913511693158478,0.26528533341895255
1.0,0.5,2.0,2.0,0.0025,0.005,1.0,200,two_speed,50,1.000153837883573,1.99080316178587,0.5049294183312736,0.0018580537162422306,0,0.01527419613465874,0.26528533341895255
1.0,0.5,2.0,2.0,0.0025,0.005,2.0,400,two_speed,50,1.0001110198473127,1.9903195801759974,0.5043970068075341,0.0014469885031443408,0,0.01433129245542299,0.26528533341895255
1.0,0.5,2.0,2.0,0.0025,0.005,3.5,700,two_speed,50,1.0000819877900744,2.006369227036007,0.5004959064475132,0.0016722981920264815,0,0.011031754271505607,0.26528533341895255
1.0,0.5,2.0,2.0,0.0025,0.005,5.0,1000,two_speed,50,1.0002899564899779,1.9975675424621133,0.49775336304078777,0.001913275092085793,0,0.010513545052260667,0.26528533341895255
1.0,0.5,2.0,2.0,0.0025,0.005,10.0,2000,two_speed,50,1.000303467418717,1.9876412979605247,0.4972622796715088,0.0020905087959414603,0,0.018156440813413322,0.26528533341895255
1.0,0.5,2.0,2.0,0.0025,0.005,20.0,4000,two_speed,50,0.9996973179417024,1.9480573487924746,0.4996748381412977,0.0018897059743465273,0,0.06071069761344718,0.26528533341895255
1.0,0.5,2.0,2.0,0.0025,0.005,0.5,100,two_speed,51,1.0000145785269057,1.9863381747087283,0.5027370536211497,0.0017101848680290642,0,0.01819762890862565,0.2627466428592535
1.0,0.5,2.0,2.0,0.0025,0.005,1.0,200,two_speed,51,0.9997583314364665,1.989063474455848,0.49257114616045305,0.0021885922784896064,0,0.019046156741124684,0.2627466428592535
1.0,0.5,2.0,2.0,0.0025,0.005,2.0,400,two_speed,51,0.9999185013012664,1.9864541168680443,0.4998546266031981,0.0014650086928170273,0,0.017220194649014572,0.2627466428592535
1.0,0.5,2.0,2.0,0.0025,0.005,3.5,700,two_speed,51,1.0003780086367513,1.9819340831677068,0.5008015217221243,0.0018880305147308905,0,0.0228762445056278,0.2627466428592535
1.0,0.5,2.0,2.0,0.0025,0.005,5.0,1000,two_speed,51,1.0003006742260248,1.9633097531907386,0.5022708147798017,0.0018201563567882063,0,0.04332232635737727,0.2627466428592535
1.0,0.5,2.0,2.0,0.0025,0.005,10.0,2000,two_speed,51,1.0000009066078401,1.951058056037886,0.5094144091493124,0.00232820726735819,0,0.058788301276555065,0.2627466428592535
1.0,0.5,2.0,2.0,0.0025,0.005,20.0,4000,two_speed,51,0.9997048094942234,1.9156445034073968,0.5013082379791056,0.0018656671068161168,0,0.09778766254509065,0.2627466428592535
1.0,0.5,2.0,2.0,0.0025,0.005,0.5,100,two_speed,52,0.9999670095656853,1.9873639510794783,0.505321289033491,0.002190901932894732,0,0.01939843320264957,0.2628868928545022
1.0,0.5,2.0,2.0,0.0025,0.005,1.0,200,two_speed,52,0.9998174202081624,1.9967041538923815,0.5041595137984001,0.0018122774213752632,0,0.011313710810616167,0.2628868928545022
1.0,0.5,2.0,2.0,0.0025,0.005,2.0,400,two_speed,52,0.9999688410842371,2.0080180001956385,0.5020237304774885,0.0013312840849592506,0,0.011647642925848502,0.2628868928545022
1.0,0.5,2.0,2.0,0.0025,0.005,3.5,700,two_speed,52,1.000117178218591,2.0222520870348566,0.5067256474232624,0.002003788886362752,0,0.028789100106393347,0.2628868928545022
1.0,0.5,2.0,2.0,0.0025,0.005,5.0,1000,two_speed,52,0.9998355471122745,2.005143414473581,0.5042522011501803,0.0017978285632752537,0,0.012182863780780205,0.2628868928545022
1.0,0.5,2.0,2.0,0.0025,0.005,10.0,2000,two_speed,52,0.9994454673485341,2.0338785384752494,0.4975247593665307,0.0023524061712557986,0,0.04097285178070912,0.2628868928545022
1.0,0.5,2.0,2.0,0.0025,0.005,20.0,4000,two_speed,52,0.9998584202786958,2.0679037002371854,0.5050297163555703,0.0014304879738597867,0,0.07881041617170953,0.2628868928545022
1.0,0.5,2.0,2.0,0.0025,0.005,0.5,100,two_speed,53,0.9999590414377555,1.9987279680951433,0.49852625686539215,0.0021330309879865326,0,0.010726061882555878,0.2675141725755696
1.0,0.5,2.0,2.0,0.0025,0.005,1.0,200,two_speed,53,1.0002540568256881,1.9947658269802744,0.5057023292335883,0.0018652715882540958,0,0.013004929876854797,0.2675141725755696
1.0,0.5,2.0,2.0,0.0025,0.005,2.0,400,two_speed,53,0.9999037888838678,2.001676966237471,0.5034273745008012,0.0016803207439228893,0,0.009689569955658832,0.2675141725755696
1.0,0.5,2.0,2.0,0.0025,0.005,3.5,700,two_speed,53,1.0000882843473147,1.9904792925892945,0.5153834631297591,0.0014165062464642948,0,0.02367082197794185,0.2675141725755696
1.0,0.5,2.0,2.0,0.0025,0.005,5.0,1000,two_speed,53,0.9999736249026644,1.9807413821248723,0.507894642527989,0.001226508188512565,0,0.02518693435546834,0.2675141725755696
1.0,0.5,2.0,2.0,0.0025,0.005,10.0,2000,two_speed,53,1.0002671697261516,1.9701332520138246,0.5041181658632303,0.002545033262363909,0,0.036986713825017815,0.2675141725755696
1.0,0.5,2.0,2.0,0.0025,0.005,20.0,4000,two_speed,53,1.0002329114745738,1.9725757656307512,0.505590043891247,0.0021288767161886405,0,0.03396199009779559,0.2675141725755696
1.0,0.5,2.0,2.0,0.0025,0.005,0.5,100,two_speed,54,1.0001473517748876,1.9993792091554135,0.49388703637421477,0.0013978515238984442,0,0.010869614511632975,0.26491725601122845
1.0,0.5,2.0,2.0,0.0025,0.005,1.0,200,two_speed,54,0.9996680904861334,2.0053492623369182,0.4949986940015801,0.0026687669050499013,0,0.015664292369920032,0.26491725601122845
1.0,0.5,2.0,2.0,0.0025,0.005,2.0,400,two_speed,54,0.9998081903548972,1.9942855770443801,0.49325031687361454,0.0021446667205663903,0,0.015063854054653972,0.26491725601122845
1.0,0.5,2.0,2.0,0.0025,0.005,3.5,700,two_speed,54,1.0003433851635368,1.9743726347981183,0.5152092155632094,0.0025393049637291833,0,0.03735776460046889,0.26491725601122845
1.0,0.5,2.0,2.0,0.0025,0.005,5.0,1000,two_speed,54,1.0002230252277031,1.9853550268825644,0.5165831795359886,0.003134851783669234,0,0.03119460691468172,0.26491725601122845
1.0,0.5,2.0,2.0,0.0025,0.005,10.0,2000,two_speed,54,1.000434750511101,2.0064298367778326,0.5162648736899741,0.0016748642170316404,0,0.0231691257676484,0.26491725601122845
1.0,0.5,2.0,2.0,0.0025,0.005,20.0,4000,two_speed,54,1.0001178910369,2.014776065582578,0.5113326910389508,0.00208048922154499,0,0.024631496008880694,0.26491725601122845
1.0,0.5,2.0,2.0,0.0025,0.005,0.5,100,two_speed,55,0.9997533011146162,2.001671930662598,0.49799561346357935,0.0016983593939498727,0,0.008868798083010207,0.2651755417131686
1.0,0.5,2.0,2.0,0.0025,0.005,1.0,200,two_speed,55,0.9999631828848128,1.9903568858455807,0.49931881248285576,0.002065479351620662,0,0.01507884922317807,0.2651755417131686
1.0,0.5,2.0,2.0,0.0025,0.005,2.0,400,two_speed,55,1.0002326823543155,2.0151693971950175,0.5028858247380862,0.0024665002455813534,0,0.021567557514677368,0.2651755417131686
1.0,0.5,2.0,2.0,0.0025,0.005,3.5,700,two_speed,55,0.9999265453436861,1.9959158486845296,0.49995963561806916,0.0018098102711431123,0,0.010058726933367887,0.2651755417131686
1.0,0.5,2.0,2.0,0.0025,0.005,5.0,1000,two_speed,55,1.0000221843871733,2.002611238441131,0.4940833099953294,0.0020580684905570933,0,0.013124664221838264,0.2651755417131686
1.0,0.5,2.0,2.0,0.0025,0.005,10.0,2000,two_speed,55,1.0004088242757265,1.9868793889216987,0.50705610560564,0.0023798470644068306,0,0.020901914685507915,0.2651755417131686
1.0,0.5,2.0,2.0,0.0025,0.005,20.0,4000,two_speed,55,1.00016469467661,2.015383856721518,0.5034367610042976,0.001956966697989553,0,0.020576885785583206,0.2651755417131686
1.0,0.5,2.0,2.0,0.0025,0.005,0.5,100,two_speed,56,0.9999315549135946,1.9852234132243523,0.5014441182778445,0.0015850124855500407,0,0.01885674914814357,0.26226041071848677
1.0,0.5,2.0,2.0,0.0025,0.005,1.0,200,two_speed,56,0.9999916281392187,1.9802140573783156,0.5018996513652303,0.0013917904471779893,0,0.023960762421485256,0.26226041071848677
1.0,0.5,2.0,2.0,0.0025,0.005,2.0,400,two_speed,56,1.0001118780682257,1.9848127158702307,0.5074777751221297,0.0027343407117775363,0,0.024077208329514918,0.26226041071848677
1.0,0.5,2.0,2.0,0.0025,0.005,3.5,700,two_speed,56,0.999918112611864,1.9736871499359998,0.5045248054311411,0.0028455597805436307,0,0.03394854065101851,0.26226041071848677
1.0,0.5,2.0,2.0,0.0025,0.005,5.0,1000,two_speed,56,0.9996174004030479,1.97170022488585,0.49559497948270764,0.002533116275993397,0,0.03543291744509654,0.26226041071848677
1.0,0.5,2.0,2.0,0.0025,0.005,10.0,2000,two_speed,56,0.9999850060768956,1.9589085120272272,0.5007934817021115,0.0016753291911292209,0,0.04815458616515229,0.26226041071848677
1.0,0.5,2.0,2.0,0.0025,0.005,20.0,4000,two_speed,56,1.0000402499757342,1.9687487053768178,0.5010106275449088,0.0015015029017167352,0,0.03683784585733353,0.26226041071848677
1.0,0.5,2.0,2.0,0.0025,0.005,0.5,100,two_speed,57,1.0000053991363715,1.998026905098281,0.4980458332451392,0.001562800333723814,0,0.008403812421927755,0.26232875000485883
1.0,0.5,2.0,2.0,0.0025,0.005,1.0,200,two_speed,57,1.000371977500674,2.0006997831981304,0.5039610964060085,0.001972836258260278,0,0.01078614227089614,0.26232875000485883
1.0,0.5,2.0,2.0,0.0025,0.005,2.0,400,two_speed,57,1.0003219272809005,1.994419108254086,0.5019668667844289,0.0019221763407275387,0,0.011657927457360629,0.26232875000485883
1.0,0.5,2.0,2.0,0.0025,0.005,3.5,700,two_speed,57,1.0002070804984682,1.9909607733395223,0.4983979331589838,0.0016261479578403033,0,0.013427875210812519,0.26232875000485883
1.0,0.5,2.0,2.0,0.0025,0.005,5.0,1000,two_speed,57,0.99999575911513,1.995659649605706,0.4975251632666472,0.002201940562291714,0,0.012351921400609893,0.26232875000485883
1.0,0.5,2.0,2.0,0.0025,0.005,10.0,2000,two_speed,57,0.9996688817398469,1.9485322283766537,0.4993427670727383,0.002740858502202805,0,0.06094839093548073,0.26232875000485883
1.0,0.5,2.0,2.0,0.0025,0.005,20.0,4000,two_speed,57,1.0001276699677137,1.9581124273687909,0.5088165959504832,0.0019475271298184976,0,0.05030457241351967,0.26232875000485883
1.0,0.5,2.0,2.0,0.0025,0.005,0.5,100,two_speed,58,0.9998527848765807,2.0158269908544675,0.5015309240688653,0.0015606463867083838,0,0.01995614962551069,0.2942312977143696
1.0,0.5,2.0,2.0,0.0025,0.005,1.0,200,two_speed,58,0.9995238613639631,2.021673171431486,0.4967680683606611,0.002992184031933823,0,0.029266415870873898,0.2942312977143696
1.0,0.5,2.0,2.0,0.0025,0.005,2.0,400,two_speed,58,0.9993541598752765,2.022304486727481,0.49590733425581396,0.002752460314832604,0,0.02950284469303607,0.2942312977143696
1.0,0.5,2.0,2.0,0.0025,0.005,3.5,700,two_speed,58,0.9997558567363725,2.021081376275698,0.49916845756823086,0.002944997932089723,0,0.028328259178416228,0.2942312977143696
1.0,0.5,2.0,2.0,0.0025,0.005,5.0,1000,two_speed,58,1.0000247867779524,2.018871077773039,0.5011557373218172,0.0013060639559617085,0,0.02274875262454259,0.2942312977143696
1.0,0.5,2.0,2.0,0.0025,0.005,10.0,2000,two_speed,58,1.0002478836070898,2.0197797587635486,0.5020500935992953,0.002258716184360977,0,0.02549246270641827,0.2942312977143696
1.0,0.5,2.0,2.0,0.0025,0.005,20.0,4000,two_speed,58,0.9999287870175516,2.0091082961327356,0.5114184613301425,0.002520378131127993,0,0.022107257613330454,0.2942312977143696
1.0,0.5,2.0,2.0,0.0025,0.005,0.5,100,two_speed,59,1.0002684683520804,2.0047438101057495,0.5003595017433405,0.002001654533982331,0,0.011305803449228711,0.27077475000571993
1.0,0.5,2.0,2.0,0.0025,0.005,1.0,200,two_speed,59,1.000005577212078,2.0004498500745527,0.4963963995609039,0.0023169186229566605,0,0.012334866134514464,0.27077475000571993
1.0,0.5,2.0,2.0,0.0025,0.005,2.0,400,two_speed,59,1.0000885236810377,2.0039459507178377,0.5059514494754219,0.002016000031257834,0,0.013285169490093288,0.27077475000571993
1.0,0.5,2.0,2.0,0.0025,0.005,3.5,700,two_speed,59,1.0000812114164692,2.0100111015172213,0.5065403054411033,0.0016317436792140283,0,0.016332215918960055,0.27077475000571993
1.0,0.5,2.0,2.0,0.0025,0.005,5.0,1000,two_speed,59,1.00012940283144,2.0021141425028564,0.5028391722022943,0.0019758270277752546,0,0.01058005072691695,0.27077475000571993
1.0,0.5,2.0,2.0,0.0025,0.005,10.0,2000,two_speed,59,0.9999022322116062,2.0061811548824506,0.5041664799547775,0.002270328106185996,0,0.014404914765909637,0.27077475000571993
1.0,0.5,2.0,2.0,0.0025,0.005,20.0,4000,two_speed,59,0.9998369706782493,2.0373557907155337,0.5042720136190735,0.002511168386351133,0,0.04521246089469193,0.27077475000571993
1.0,0.5,2.0,2.0,0.0025,0.005,0.5,100,two_speed,60,0.999965657333354,1.9978461534843996,0.5013199942338441,0.0016548253713444083,0,0.008680225017192006,0.2693880477288206
1.0,0.5,2.0,2.0,0.0025,0.005,1.0,200,two_speed,60,1.0000598303801347,1.9995392027444303,0.4984487596943149,0.001769774693035054,0,0.008966743445266526,0.2693880477288206
1.0,0.5,2.0,2.0,0.0025,0.005,2.0,400,two_speed,60,0.999836448968796,1.995088727650201,0.4992016897907675,0.0017388877492369912,0,0.010290569039275612,0.2693880477288206
1.0,0.5,2.0,2.0,0.0025,0.005,3.5,700,two_speed,60,1.0002878365296757,2.004423150714005,0.5012340436256758,0.001803761131682913,0,0.010341854008057432,0.2693880477288206
1.0,0.5,2.0,2.0,0.0025,0.005,5.0,1000,two_speed,60,1.000452985631966,1.9983833290189632,0.5089914806863752,0.0016752994854891984,0,0.01384313459524922,0.2693880477288206
1.0,0.5,2.0,2.0,0.0025,0.005,10.0,2000,two_speed,60,0.9997304739449174,2.001963343341918,0.49900847644741947,0.0023686057377161913,0,0.011918570518525027,0.2693880477288206
1.0,0.5,2.0,2.0,0.0025,0.005,20.0,4000,two_speed,60,1.0000460705959737,2.0410185040798785,0.5145737699974247,0.0016475061398660588,0,0.05122888145070446,0.2693880477288206
1.0,0.5,2.0,2.0,0.0025,0.005,0.5,100,two_speed,61,0.9998444324269841,1.9983853655348702,0.4979856493759478,0.0020571048918667833,0,0.010538308525725067,0.2615051369981042
1.0,0.5,2.0,2.0,0.0025,0.005,1.0,200,two_speed,61,0.9999467061835612,1.996445237776983,0.5015305696849243,0.001466419323520743,0,0.00855059156445589,0.2615051369981042
1.0,0.5,2.0,2.0,0.0025,0.005,2.0,400,two_speed,61,1.0001571264925115,1.9909750663122303,0.5027411320972776,0.0023177539859291886,0,0.015787934817285836,0.2615051369981042
1.0,0.5,2.0,2.0,0.0025,0.005,3.5,700,two_speed,61,0.9998323641006149,1.9917432542419944,0.5010030820499903,0.0021726479315048786,0,0.014419355630347562,0.2615051369981042
1.0,0.5,2.0,2.0,0.0025,0.005,5.0,1000,two_speed,61,0.9998483002796194,1.9854196607179004,0.497819841070787,0.002335051381909833,0,0.020562196830988734,0.2615051369981042
1.0,0.5,2.0,2.0,0.0025,0.005,10.0,2000,two_speed,61,1.0003285829677646,1.9679910803207696,0.5183441723504847,0.002371867500745828,0,0.045034679542246686,0.2615051369981042
1.0,0.5,2.0,2.0,0.0025,0.005,20.0,4000,two_speed,61,1.000317492761056,1.9542750760911487,0.5144020162851952,0.0017410492418539862,0,0.05619433136966562,0.2615051369981042
1.0,0.5,2.0,2.0,0.0025,0.005,0.5,100,two_speed,62,1.0000142265542122,1.9856543858240594,0.5043437778665725,0.0017609257485628606,0,0.019507705908998762,0.26357681543699335
1.0,0.5,2.0,2.0,0.0025,0.005,1.0,200,two_speed,62,1.0001161520668582,1.9860031119828865,0.5031986246951187,0.001588524438068899,0,0.018352412263059798,0.26357681543699335
1.0,0.5,2.0,2.0,0.0025,0.005,2.0,400,two_speed,62,1.0002067638470746,1.9597443081802841,0.5032083717463036,0.0019921685186637937,0,0.04759027453814577,0.26357681543699335
1.0,0.5,2.0,2.0,0.0025,0.005,3.5,700,two_speed,62,1.0003172923725683,1.9794506475616387,0.5037646947596002,0.0023199379745376257,0,0.026651057343637794,0.26357681543699335
1.0,0.5,2.0,2.0,0.0025,0.005,5.0,1000,two_speed,62,0.9999772825073107,1.986602499360416,0.5034979215263811,0.0018974079876472594,0,0.018633477677939735,0.26357681543699335
1.0,0.5,2.0,2.0,0.0025,0.005,10.0,2000,two_speed,62,0.9999591252726407,2.0210917810292353,0.49884945416535875,0.0015487044942326235,0,0.02555820366652705,0.26357681543699335
1.0,0.5,2.0,2.0,0.0025,0.005,20.0,4000,two_speed,62,0.9998024390540313,2.0647184221329407,0.5044620406829645,0.001332599866891712,0,0.07511455130014746,0.26357681543699335
1.0,0.5,2.0,2.0,0.0025,0.005,0.5,100,two_speed,63,1.0001757962275473,1.997125068190682,0.49682316559068207,0.0014663646278098637,0,0.009178481627751226,0.2646120772863339
1.0,0.5,2.0,2.0,0.0025,0.005,1.0,200,two_speed,63,1.0003845115652494,1.9908448521871753,0.503196532992788,0.002968016618690802,0,0.018363723118562547,0.2646120772863339
1.0,0.5,2.0,2.0,0.0025,0.005,2.0,400,two_speed,63,1.0000891348764092,1.9797026387144299,0.4956455614717564,0.0019866762001759628,0,0.02610166364299912,0.2646120772863339
1.0,0.5,2.0,2.0,0.0025,0.005,3.5,700,two_speed,63,1.0003228813772356,1.9839229227495117,0.5002546873525004,0.0019185203266567097,0,0.020861204032127004,0.2646120772863339
1.0,0.5,2.0,2.0,0.0025,0.005,5.0,1000,two_speed,63,1.000266621593951,1.998387840121743,0.505643861415665,0.00216678545665534,0,0.012816555073202519,0.2646120772863339
1.0,0.5,2.0,2.0,0.0025,0.005,10.0,2000,two_speed,63,1.0001855119652197,2.005113425445341,0.516764103108952,0.001764897073425694,0,0.023811725480194876,0.2646120772863339
1.0,0.5,2.0,2.0,0.0025,0.005,20.0,4000,two_speed,63,1.0004770959855596,1.9948324337876584,0.5181578667865624,0.0023401042885301533,0,0.026205152250630956,0.2646120772863339
1.0,0.5,2.0,2.0,0.0025,0.005,0.5,100,two_speed,64,0.9998711125272106,1.991108755872227,0.499889202860302,0.002094147791151482,0,0.01453739542057569,0.2616039939956473
1.0,0.5,2.0,2.0,0.0025,0.005,1.0,200,two_speed,64,1.0003579570687038,1.9970375272974024,0.510709341741935,0.0022735219355142196,0,0.01769029928530311,0.2616039939956473
1.0,0.5,2.0,2.0,0.0025,0.005,2.0,400,two_speed,64,1.0003029802512866,1.9919609807383019,0.5041707171830558,0.002057077361701523,0,0.014576533699324054,0.2616039939956473
1.0,0.5,2.0,2.0,0.0025,0.005,3.5,700,two_speed,64,0.9999941325247642,1.9949283218684835,0.4973348311277087,0.0018960208709558122,0,0.011525630796086038,0.2616039939956473
1.0,0.5,2.0,2.0,0.0025,0.005,5.0,1000,two_speed,64,1.000078182140042,1.988816920623638,0.5089952009934361,0.00163385834866027,0,0.019103002354997373,0.2616039939956473
1.0,0.5,2.0,2.0,0.0025,0.005,10.0,2000,two_speed,64,1.0002721606451321,1.9815164834269,0.5093826490916087,0.0014922008408860446,0,0.025344910250843473,0.2616039939956473
1.0,0.5,2.0,2.0,0.0025,0.005,20.0,4000,two_speed,64,0.9998626342975866,2.0065146926732766,0.513379282970358,0.00187722997581135,0,0.02131720051982108,0.2616039939956473
1.0,0.5,2.0,2.0,0.0025,0.005,0.5,100,two_speed,65,1.0003102585745445,1.9911355911697024,0.5053072334199543,0.0020623352303364376,0,0.015719358698110666,0.25979225598608274
1.0,0.5,2.0,2.0,0.0025,0.005,1.0,200,two_speed,65,1.0001494162707005,2.007083027470288,0.5013459953332622,0.0033953597469271184,0,0.018628744107244553,0.25979225598608274
1.0,0.5,2.0,2.0,0.0025,0.005,2.0,400,two_speed,65,1.0000425650513833,2.0086420517308143,0.5000437442155289,0.0017596360861938144,0,0.013194107160838384,0.25979225598608274
1.0,0.5,2.0,2.0,0.0025,0.005,3.5,700,two_speed,65,1.000360484455157,2.0076191175695612,0.5017657797179869,0.0019204499156456852,0,0.013075276082902657,0.25979225598608274
1.0,0.5,2.0,2.0,0.0025,0.005,5.0,1000,two_speed,65,0.9999989026547559,2.015962404456609,0.5028160658671756,0.0015899076783049148,0,0.020326522291643282,0.25979225598608274
1.0,0.5,2.0,2.0,0.0025,0.005,10.0,2000,two_speed,65,0.9997595434484966,2.031726725165634,0.5058167405044857,0.0023129623651566697,0,0.03917271953578927,0.25979225598608274
1.0,0.5,2.0,2.0,0.0025,0.005,20.0,4000,two_speed,65,1.00021480048271,2.035126674714341,0.5190872839846817,0.002003322344742784,0,0.04786502189967199,0.25979225598608274
1.0,0.5,2.0,2.0,0.0025,0.005,0.5,100,two_speed,66,1.0000078872331166,1.9949659209280677,0.5024705349051559,0.0014077822910582595,0,0.00957954338333457,0.26253539285556016
1.0,0.5,2.0,2.0,0.0025,0.005,1.0,200,two_speed,66,1.0000598252474564,1.9968251429141777,0.5059252603081187,0.0018119489641436988,0,0.012278522220590308,0.26253539285556016
1.0,0.5,2.0,2.0,0.0025,0.005,2.0,400,two_speed,66,1.0002537738094763,2.0010041868492396,0.5090605849718971,0.002076402801635937,0,0.015321196811726901,0.26253539285556016
1.0,0.5,2.0,2.0,0.0025,0.005,3.5,700,two_speed,66,0.9998206590212,2.0014039436796778,0.49829997918055374,0.0025743802335478016,0,0.012890264523608785,0.26253539285556016
1.0,0.5,2.0,2.0,0.0025,0.005,5.0,1000,two_speed,66,0.9999256960186431,1.9939046244646932,0.5040014472294535,0.0016122235023510938,0,0.011892708710081863,0.26253539285556016
1.0,0.5,2.0,2.0,0.0025,0.005,10.0,2000,two_speed,66,0.9998196343982705,2.0197710566639078,0.5088314858862397,0.0028920934685621106,0,0.029223843653433834,0.26253539285556016
1.0,0.5,2.0,2.0,0.0025,0.005,20.0,4000,two_speed,66,1.0000412736798927,2.0300711684373116,0.5139307850215806,0.0023748838838536426,0,0.04074587416260402,0.26253539285556016
1.0,0.5,2.0,2.0,0.0025,0.005,0.5,100,two_speed,67,0.9999325595541303,2.0059276778318953,0.5022526146460021,0.0017971038715350305,0,0.011581502675003375,0.2630604761486341
1.0,0.5,2.0,2.0,0.0025,0.005,1.0,200,two_speed,67,1.0002436915645556,2.0079171408220216,0.5079947070899897,0.003726682770764853,0,0.022788706231342236,0.2630604761486341
1.0,0.5,2.0,2.0,0.0025,0.005,2.0,400,two_speed,67,1.0001390602864637,1.997792210064416,0.5107127362837834,0.002074094084453629,0,0.017269864241417705,0.2630604761486341
1.0,0.5,2.0,2.0,0.0025,0.005,3.5,700,two_speed,67,1.0002127936990808,1.9940314806789508,0.5042064981427519,0.0019640969770052114,0,0.012910568927702737,0.2630604761486341
1.0,0.5,2.0,2.0,0.0025,0.005,5.0,1000,two_speed,67,1.0002947171633834,1.9840018002941486,0.5137486498840452,0.0027799023702117847,0,0.0288348778832956,0.2630604761486341
1.0,0.5,2.0,2.0,0.0025,0.005,10.0,2000,two_speed,67,1.0002473789698587,2.0071703482239247,0.5046018340774235,0.0018951711335206658,0,0.013648164335318652,0.2630604761486341
1.0,0.5,2.0,2.0,0.0025,0.005,20.0,4000,two_speed,67,1.0000965494112324,2.054857940575774,0.5081099189703305,0.0023147036526967608,0,0.06501074373460478,0.2630604761486341
1.0,0.5,2.0,2.0,0.0025,0.005,0.5,100,two_speed,68,1.0002149814445374,1.9962556998171965,0.5059513819360513,0.0025308065787904197,0,0.015100521670096576,0.2625624702944021
1.0,0.5,2.0,2.0,0.0025,0.005,1.0,200,two_speed,68,1.0003512476424052,2.0122090097814858,0.5111455086893756,0.0023823971157111855,0,0.02301113586699398,0.2625624702944021
1.0,0.5,2.0,2.0,0.0025,0.005,2.0,400,two_speed,68,1.0000738736253745,2.0041803136105236,0.5089554576134822,0.0018011677733083616,0,0.015320827499954053,0.2625624702944021
1.0,0.5,2.0,2.0,0.0025,0.005,3.5,700,two_speed,68,1.0001514523460961,2.0254257585312927,0.5023613795851581,0.0016441529113133725,0,0.030549156530582305,0.2625624702944021
1.0,0.5,2.0,2.0,0.0025,0.005,5.0,1000,two_speed,68,1.0003212420469856,2.013263380249725,0.5123625025965096,0.002317296435387613,0,0.02458605931446886,0.2625624702944021
1.0,0.5,2.0,2.0,0.0025,0.005,10.0,2000,two_speed,68,0.999835266829543,2.0215302671920545,0.5118257422053581,0.0025018271060692865,0,0.031889687425375464,0.2625624702944021
1.0,0.5,2.0,2.0,0.0025,0.005,20.0,4000,two_speed,68,0.9996949441079861,1.9786174280704372,0.5124234746303369,0.0018103960025654046,0,0.031096790080425474,0.2625624702944021
1.0,0.5,2.0,2.0,0.0025,0.005,0.5,100,two_speed,69,0.999872907492864,1.9930809883911333,0.499859377845788,0.0020625178377412855,0,0.012904897622570055,0.26159830956852864
1.0,0.5,2.0,2.0,0.0025,0.005,1.0,200,two_speed,69,1.0000966414596184,1.986692316184232,0.5035904343273302,0.0019005934185870772,0,0.01852178975452999,0.26159830956852864
1.0,0.5,2.0,2.0,0.0025,0.005,2.0,400,two_speed,69,1.0002202188869762,2.0057956241489507,0.50634134114362,0.0020990449141819194,0,0.014562061431524834,0.26159830956852864
1.0,0.5,2.0,2.0,0.0025,0.005,3.5,700,two_speed,69,1.0000523652867546,1.9861541398885167,0.5114414773052984,0.0022643848922393886,0,0.024481169871980096,0.26159830956852864
1.0,0.5,2.0,2.0,0.0025,0.005,5.0,1000,two_speed,69,1.0001790198538665,1.9906907561435232,0.5101382599558341,0.002288736757910838,0,0.020120937238323672,0.26159830956852864
1.0,0.5,2.0,2.0,0.0025,0.005,10.0,2000,two_speed,69,1.0000927435138796,2.005738966222755,0.5141590694691992,0.00194964255169793,0,0.021620446977759483,0.26159830956852864
1.0,0.5,2.0,2.0,0.0025,0.005,20.0,4000,two_speed,69,1.0002184376486065,1.9901125919993343,0.5084563295365957,0.001591447450513586,0,0.017420378843165094,0.26159830956852864
1.0,0.5,2.0,2.0,0.0025,0.005,0.5,100,two_speed,70,1.0001799684999981,1.9934482408548304,0.5008065206010344,0.0018491796090359808,0,0.011855409859740833,0.26494454772078563
1.0,0.5,2.0,2.0,0.0025,0.005,1.0,200,two_speed,70,0.9999099051242278,1.9965683715016576,0.500354948499712,0.0016116042049215296,0,0.008876570744561295,0.26494454772078563
1.0,0.5,2.0,2.0,0.0025,0.005,2.0,400,two_speed,70,0.9997315847195588,1.9903770788595145,0.4966099546294176,0.002140521136850468,0,0.015843835400448064,0.26494454772078563
1.0,0.5,2.0,2.0,0.0025,0.005,3.5,700,two_speed,70,0.9998481940726359,2.003811416325299,0.4950532497721823,0.0017605858591677082,0,0.011499600407997116,0.26494454772078563
1.0,0.5,2.0,2.0,0.0025,0.005,5.0,1000,two_speed,70,1.0004243337575158,2.0099684219812466,0.511346865870913,0.0026746113882790135,0,0.022374673907195566,0.26494454772078563
1.0,0.5,2.0,2.0,0.0025,0.005,10.0,2000,two_speed,70,1.0002295986409258,1.9592917334991662,0.5036805430194065,0.0018975027508972737,0,0.048025764338837054,0.26494454772078563
1.0,0.5,2.0,2.0,0.0025,0.005,20.0,4000,two_speed,70,0.9995679286114264,1.9154484735504362,0.5033096260547969,0.0016001451192035007,0,0.09790914997978063,0.26494454772078563
1.0,0.5,2.0,2.0,0.0025,0.005,0.5,100,two_speed,71,0.9999959717848735,1.9984724507130456,0.5015199275251068,0.002228586587917641,0,0.011253363189883256,0.2861172142937513
1.0,0.5,2.0,2.0,0.0025,0.005,1.0,200,two_speed,71,0.9997823270809556,2.006675682929151,0.49674419312040724,0.00178874004495746,0,0.01231884810930441,0.2861172142937513
1.0,0.5,2.0,2.0,0.0025,0.005,2.0,400,two_speed,71,0.9999542426926838,2.002629341158407,0.5048464710265297,0.0019129431544736256,0,0.011790133062290348,0.2861172142937513
1.0,0.5,2.0,2.0,0.0025,0.005,3.5,700,two_speed,71,1.000136006878317,1.9911427075196828,0.5044111832179153,0.0019839645200817628,0,0.015148416001559663,0.2861172142937513
1.0,0.5,2.0,2.0,0.0025,0.005,5.0,1000,two_speed,71,0.9999349381527356,1.9873873316968909,0.503832236992382,0.0026062569417805484,0,0.020054218179374528,0.2861172142937513
1.0,0.5,2.0,2.0,0.0025,0.005,10.0,2000,two_speed,71,1.000420577289228,2.0038972438867715,0.5098215696712418,0.002965637658134975,0,0.019426931185266078,0.2861172142937513
1.0,0.5,2.0,2.0,0.0025,0.005,20.0,4000,two_speed,71,1.0003933648770253,2.022072275312312,0.5001794704872846,0.0029246411100653513,0,0.029297042865034817,0.2861172142937513
1.0,0.5,2.0,2.0,0.0025,0.005,0.5,100,two_speed,72,0.9999046817323874,2.001180782394956,0.4999370073582462,0.0026765617064820656,0,0.01320687347121507,0.29184647027536165
1.0,0.5,2.0,2.0,0.0025,0.005,1.0,200,two_speed,72,1.0000396086380556,2.0023277524274024,0.49712793354441237,0.0013268103590121736,0,0.008033658227422009,0.29184647027536165
1.0,0.5,2.0,2.0,0.0025,0.005,2.0,400,two_speed,72,1.00013994531673,1.9959713221911395,0.49594160811370014,0.0014248770293267064,0,0.01013905740303982,0.29184647027536165
1.0,0.5,2.0,2.0,0.0025,0.005,3.5,700,two_speed,72,1.000431401479069,1.9837848758653354,0.5047784738778957,0.0021457299321602855,0,0.022153714441790408,0.29184647027536165
1.0,0.5,2.0,2.0,0.0025,0.005,5.0,1000,two_speed,72,1.0005979188576763,1.9981518153980746,0.5041413585709671,0.0030636322680756014,0,0.015961026546574823,0.29184647027536165
1.0,0.5,2.0,2.0,0.0025,0.005,10.0,2000,two_speed,72,1.0006461272389595,1.9980216107932218,0.5057721359324318,0.0027868327657624777,0,0.015453077527131749,0.29184647027536165
1.0,0.5,2.0,2.0,0.0025,0.005,20.0,4000,two_speed,72,1.0002497935984274,1.9940604226844214,0.5003747646827332,0.00244267501897401,0,0.013850198297902185,0.29184647027536165
1.0,0.5,2.0,2.0,0.0025,0.005,0.5,100,two_speed,73,1.0002153074179074,2.0056700527576754,0.49900367058184436,0.0017671477135758015,0,0.011046669649922842,0.27524692272501333
1.0,0.5,2.0,2.0,0.0025,0.005,1.0,200,two_speed,73,1.0001202138591934,2.017007411214971,0.4944728246804051,0.0014764997944144529,0,0.022282474848859597,0.27524692272501333
1.0,0.5,2.0,2.0,0.0025,0.005,2.0,400,two_speed,73,0.9999874494453405,2.0037691356496605,0.49166339485971017,0.0017081976197671084,0,0.014476018574120732,0.27524692272501333
1.0,0.5,2.0,2.0,0.0025,0.005,3.5,700,two_speed,73,0.999873898452951,2.003392425292736,0.49515674302509505,0.0021018543765449543,0,0.012627268383478297,0.27524692272501333
1.0,0.5,2.0,2.0,0.0025,0.005,5.0,1000,two_speed,73,1.0000796573137567,2.004624456524587,0.49709827392226363,0.0014486826159210158,0,0.009751701102673977,0.27524692272501333
1.0,0.5,2.0,2.0,0.0025,0.005,10.0,2000,two_speed,73,1.0004329847775293,2.0325580714135687,0.505044825746513,0.002498846208281479,0,0.03989437956528388,0.27524692272501333
1.0,0.5,2.0,2.0,0.0025,0.005,20.0,4000,two_speed,73,0.9996800224214509,2.0271901151080347,0.5070081116409852,0.002089003038187372,0,0.03435739402719168,0.27524692272501333
1.0,0.5,2.0,2.0,0.0025,0.005,0.5,100,two_speed,74,1.0001677931389672,2.004411747253242,0.507058639926842,0.0022965248202190054,0,0.015240205499844173,0.2643584582755076
1.0,0.5,2.0,2.0,0.0025,0.005,1.0,200,two_speed,74,1.000091883011942,2.0022948372898415,0.5085413136397215,0.001921900604746555,0,0.014727371600947895,0.2643584582755076
1.0,0.5,2.0,2.0,0.0025,0.005,2.0,400,two_speed,74,1.0002546572761162,2.011256317944565,0.5137808227414199,0.003302772251702603,0,0.027217770158430722,0.2643584582755076
1.0,0.5,2.0,2.0,0.0025,0.005,3.5,700,two_speed,74,0.9999333825513819,2.0120643524553836,0.5180821110676076,0.0016631695811124472,0,0.028499211926857046,0.2643584582755076
1.0,0.5,2.0,2.0,0.0025,0.005,5.0,1000,two_speed,74,0.9997589913190247,2.0146597197039764,0.5125865536627374,0.002044813540564411,0,0.02585403664226389,0.2643584582755076
1.0,0.5,2.0,2.0,0.0025,0.005,10.0,2000,two_speed,74,1.0004745913783157,2.022039613935364,0.5282449037192477,0.002540798634713505,0,0.04541112293920145,0.2643584582755076
1.0,0.5,2.0,2.0,0.0025,0.005,20.0,4000,two_speed,74,1.0000458147958828,1.9856580911064394,0.4934853975667575,0.001985523807586679,0,0.021171509693298663,0.2643584582755076
1.0,0.5,2.0,2.0,0.0025,0.005,0.5,100,two_speed,75,1.0001450393324338,2.0026152261990826,0.5086572683165044,0.0016919824745905965,0,0.014127121370137372,0.28664261899289806
1.0,0.5,2.0,2.0,0.0025,0.005,1.0,200,two_speed,75,1.000068639371362,1.9963672241575303,0.5050222927803741,0.0016158474900602696,0,0.011031424088685196,0.28664261899289806
1.0,0.5,2.0,2.0,0.0025,0.005,2.0,400,two_speed,75,1.0000306033719908,1.995211132766587,0.5099116115006164,0.0016729453928909326,0,0.016211105589146648,0.28664261899289806
1.0,0.5,2.0,2.0,0.0025,0.005,3.5,700,two_speed,75,1.0000011862880462,1.9854404245580926,0.5023060014210979,0.001800294920929815,0,0.019205213432758057,0.28664261899289806
1.0,0.5,2.0,2.0,0.0025,0.005,5.0,1000,two_speed,75,0.9997487214073987,1.9819037909774717,0.498722999806192,0.0025973112586446636,0,0.024549770264181203,0.28664261899289806
1.0,0.5,2.0,2.0,0.0025,0.005,10.0,2000,two_speed,75,1.0000981758871992,1.9841476149559665,0.5085275197192377,0.0018417274285121605,0,0.02312334336989294,0.28664261899289806
1.0,0.5,2.0,2.0,0.0025,0.005,20.0,4000,two_speed,75,1.0003832581568433,1.9790580932134456,0.5049308915295506,0.0025198418413648715,0,0.02773220027724335,0.28664261899289806
1.0,0.5,2.0,2.0,0.0025,0.005,0.5,100,two_speed,76,0.9998225430307721,2.010041412721309,0.49726385941334933,0.0019696968044286135,0,0.015458821319588133,0.2638235059899411
1.0,0.5,2.0,2.0,0.0025,0.005,1.0,200,two_speed,76,0.9997334402092405,2.003609985581373,0.49115594998373485,0.0014466023655703166,0,0.013848405728678233,0.2638235059899411
1.0,0.5,2.0,2.0,0.0025,0.005,2.0,400,two_speed,76,0.999912790655783,2.0079317264706016,0.4915189809314646,0.0016311969239895838,0,0.016414932605758614,0.2638235059899411
1.0,0.5,2.0,2.0,0.0025,0.005,3.5,700,two_speed,76,1.0001072416501424,2.0045661434870943,0.5055189875095819,0.0018105905217893593,0,0.012477021726037651,0.2638235059899411
1.0,0.5,2.0,2.0,0.0025,0.005,5.0,1000,two_speed,76,1.0003341277145419,2.0019540170341177,0.513363643756358,0.0021512428132915962,0,0.019998651021196853,0.2638235059899411
1.0,0.5,2.0,2.0,0.0025,0.005,10.0,2000,two_speed,76,1.0002185584068668,1.9977540294509764,0.5030071642209301,0.001990866201540322,0,0.010732578627494514,0.2638235059899411
1.0,0.5,2.0,2.0,0.0025,0.005,20.0,4000,two_speed,76,0.9999284137315365,2.025311442681397,0.49949132220606696,0.0022414964279769928,0,0.031226137975470022,0.2638235059899411
1.0,0.5,2.0,2.0,0.0025,0.005,0.5,100,two_speed,77,1.0002738123712178,2.0152497578075153,0.5006264751043302,0.002166239120946599,0,0.020601611307410297,0.26439620228484273
1.0,0.5,2.0,2.0,0.0025,0.005,1.0,200,two_speed,77,1.0002969846220962,2.015772346741265,0.5013969116089232,0.0026336541939441416,0,0.022384890800141454,0.26439620228484273
1.0,0.5,2.0,2.0,0.0025,0.005,2.0,400,two_speed,77,1.000179776682191,2.007925858178554,0.4984868881805756,0.0017556767859586485,0,0.012811435802635569,0.26439620228484273
1.0,0.5,2.0,2.0,0.0025,0.005,3.5,700,two_speed,77,1.000280714165581,2.0044565377443138,0.5041003482643975,0.002974059210265538,0,0.016248186403792907,0.26439620228484273
1.0,0.5,2.0,2.0,0.0025,0.005,5.0,1000,two_speed,77,0.9997403426181941,1.980974252235569,0.49854618277314944,0.0022685665265834852,0,0.024713142137439113,0.26439620228484273
1.0,0.5,2.0,2.0,0.0025,0.005,10.0,2000,two_speed,77,1.0002838983065943,1.9742931703057809,0.5169004418692799,0.0018220195051039901,0,0.03744888653008069,0.26439620228484273
1.0,0.5,2.0,2.0,0.0025,0.005,20.0,4000,two_speed,77,0.9999952285685825,1.9954136097679571,0.5041461934639346,0.0017791440239850983,0,0.011559546162584354,0.26439620228484273
1.0,0.5,2.0,2.0,0.0025,0.005,0.5,100,two_speed,78,0.9998470811195969,2.010961953391928,0.5052560293973712,0.0018143385015113537,0,0.017069082106820333,0.2632686131567295
1.0,0.5,2.0,2.0,0.0025,0.005,1.0,200,two_speed,78,1.0001276539069577,1.9984028711017745,0.5139347976008936,0.0014560681099506558,0,0.019387365680021498,0.2632686131567295
1.0,0.5,2.0,2.0,0.0025,0.005,2.0,400,two_speed,78,1.0001524419090546,2.0000435945079857,0.5195335799658605,0.0014426182335320554,0,0.026057773644968644,0.2632686131567295
1.0,0.5,2.0,2.0,0.0025,0.005,3.5,700,two_speed,78,1.0001953405803614,1.9997922556537744,0.5153080606397593,0.0016684695364402025,0,0.021201534959639293,0.2632686131567295
1.0,0.5,2.0,2.0,0.0025,0.005,5.0,1000,two_speed,78,1.0002526780007197,2.01154104484536,0.5098049266415335,0.001980554655572787,0,0.02055495309541553,0.2632686131567295
1.0,0.5,2.0,2.0,0.0025,0.005,10.0,2000,two_speed,78,1.0000960810038833,1.994087868014832,0.4991423866026131,0.0012665603375785765,0,0.00933861374979159,0.2632686131567295
1.0,0.5,2.0,2.0,0.0025,0.005,20.0,4000,two_speed,78,1.0002597974330099,1.9497177514102262,0.5113268899182236,0.0031539894791107158,0,0.061616714699519876,0.2632686131567295
1.0,0.5,2.0,2.0,0.0025,0.005,0.5,100,two_speed,79,1.000027094051579,2.007296740681328,0.5002471322006204,0.0019382675163577149,0,0.012707128562261433,0.26353737499032703
1.0,0.5,2.0,2.0,0.0025,0.005,1.0,200,two_speed,79,0.9999759640820243,2.002619030935876,0.5017975974408772,0.0015960182000155356,0,0.008727810738050065,0.26353737499032703
1.0,0.5,2.0,2.0,0.0025,0.005,2.0,400,two_speed,79,0.9999292058625366,2.0090890282369878,0.5030614960989674,0.001520918098471155,0,0.013513844249306434,0.26353737499032703
1.0,0.5,2.0,2.0,0.0025,0.005,3.5,700,two_speed,79,1.0000696017964603,2.008967092400829,0.5069685768902495,0.0027546837486150514,0,0.019246433809272927,0.26353737499032703
1.0,0.5,2.0,2.0,0.0025,0.005,5.0,1000,two_speed,79,1.0001341517133304,2.0192765623734297,0.5093000276204851,0.0021080874398395357,0,0.02714052072051803,0.26353737499032703
1.0,0.5,2.0,2.0,0.0025,0.005,10.0,2000,two_speed,79,0.9996888361108648,2.0289962684625045,0.5041690807455101,0.0020124576750863,0,0.03542327045207225,0.26353737499032703
1.0,0.5,2.0,2.0,0.0025,0.005,20.0,4000,two_speed,79,0.9997970636260584,2.040142800163911,0.5011245235547658,0.00121407841194713,0,0.04674887199342246,0.26353737499032703
1.0,0.5,2.0,2.0,0.0025,0.005,0.5,100,two_speed,80,0.9999830446202314,1.9925811008234646,0.5047091483452456,0.001988712584042752,0,0.014389390586511152,0.26582760714726256
1.0,0.5,2.0,2.0,0.0025,0.005,1.0,200,two_speed,80,0.9997433808403084,2.003921544257883,0.5003865580089548,0.002345661724665874,0,0.012463939445861293,0.26582760714726256
1.0,0.5,2.0,2.0,0.0025,0.005,2.0,400,two_speed,80,0.9998912955682155,2.008547454749585,0.5082670285270401,0.0016235247162245591,0,0.01680853404117868,0.26582760714726256
1.0,0.5,2.0,2.0,0.0025,0.005,3.5,700,two_speed,80,1.0001232328569083,2.0094240853035945,0.5040843315758273,0.0017771122796991128,0,0.0148460225021825,0.26582760714726256
1.0,0.5,2.0,2.0,0.0025,0.005,5.0,1000,two_speed,80,0.9997283424696652,2.008928148172715,0.5008056337936877,0.001990983646638952,0,0.01434930143140231,0.26582760714726256
1.0,0.5,2.0,2.0,0.0025,0.005,10.0,2000,two_speed,80,0.999453032356782,2.0340204374137785,0.5025052784816181,0.0024599476244826675,0,0.041382369020857956,0.26582760714726256
1.0,0.5,2.0,2.0,0.0025,0.005,20.0,4000,two_speed,80,0.9995080767011394,2.0521733740517734,0.4989206479879282,0.0022496993314622027,0,0.06132176273205645,0.26582760714726256
1.0,0.5,2.0,2.0,0.0025,0.005,0.5,100,two_speed,81,0.9998409493428151,1.9883162301475006,0.5008374273500203,0.0019396797495562501,0,0.01658828806047965,0.26309918457575676
1.0,0.5,2.0,2.0,0.0025,0.005,1.0,200,two_speed,81,0.9999633196137895,1.9862591562848033,0.5034126398418298,0.0020878076696197977,0,0.01942923551439762,0.26309918457575676
1.0,0.5,2.0,2.0,0.0025,0.005,2.0,400,two_speed,81,1.0000063871936777,1.9861703821820864,0.5029669750820396,0.0020686385034624413,0,0.01927607049025244,0.26309918457575676
1.0,0.5,2.0,2.0,0.0025,0.005,3.5,700,two_speed,81,1.000004080242047,1.9654007793738253,0.5030383265987172,0.0024033102765660744,0,0.041765145511105495,0.26309918457575676
1.0,0.5,2.0,2.0,0.0025,0.005,5.0,1000,two_speed,81,0.9998431597551675,1.97535465169431,0.5016342001815218,0.0016730407589064958,0,0.02971109742535162,0.26309918457575676
1.0,0.5,2.0,2.0,0.0025,0.005,10.0,2000,two_speed,81,1.0002500378834998,1.946203598122826,0.5002233767918517,0.0014754778582912822,0,0.06253757161159262,0.26309918457575676
1.0,0.5,2.0,2.0,0.0025,0.005,20.0,4000,two_speed,81,1.000098955132299,1.9421439740201782,0.5192404171441395,0.001995453050284403,0,0.07145202373187966,0.26309918457575676
1.0,0.5,2.0,2.0,0.0025,0.005,0.5,100,two_speed,82,1.0003361845985206,1.9916796875978986,0.5079329528526582,0.001880691643105112,0,0.016500684579778768,0.2594090238479631
1.0,0.5,2.0,2.0,0.0025,0.005,1.0,200,two_speed,82,1.0002375753378603,1.9893418774553244,0.5085954310473387,0.0024832699311080585,0,0.020325746977344416,0.2594090238479631
1.0,0.5,2.0,2.0,0.0025,0.005,2.0,400,two_speed,82,0.9999993678795334,1.9879910748572491,0.5102313142465891,0.001152380136840748,0,0.020013907077960316,0.2594090238479631
1.0,0.5,2.0,2.0,0.0025,0.005,3.5,700,two_speed,82,1.0000146276546051,1.9788142729758162,0.5227154563541082,0.0019487551743182475,0,0.03936193292918951,0.2594090238479631
1.0,0.5,2.0,2.0,0.0025,0.005,5.0,1000,two_speed,82,0.9997877825520814,1.9764940223164973,0.5170503180026221,0.0017626912316015106,0,0.03612958910155278,0.2594090238479631
1.0,0.5,2.0,2.0,0.0025,0.005,10.0,2000,two_speed,82,0.9995142119036665,1.969404232495406,0.5005629112644676,0.0030573216585810417,0,0.038479893192095875,0.2594090238479631
1.0,0.5,2.0,2.0,0.0025,0.005,20.0,4000,two_speed,82,0.9999294540278776,1.9582194757019835,0.5068810030100412,0.002555485004758782,0,0.05043074899525866,0.2594090238479631
1.0,0.5,2.0,2.0,0.0025,0.005,0.5,100,two_speed,83,1.0001321727318975,1.9973697911198693,0.5033015586718206,0.0010896252971233666,0,0.0073789094618196965,0.2655571368522942
1.0,0.5,2.0,2.0,0.0025,0.005,1.0,200,two_speed,83,1.0000762884053402,1.9823584919858606,0.505219943604344,0.003157145814153084,0,0.026471208747446344,0.2655571368522942
1.0,0.5,2.0,2.0,0.0025,0.005,2.0,400,two_speed,83,0.9998558006253114,1.9849731369869934,0.5061255224361404,0.0017735817083307365,0,0.021120305637901196,0.2655571368522942
1.0,0.5,2.0,2.0,0.0025,0.005,3.5,700,two_speed,83,1.0002075716302719,2.0088896328042574,0.5088559624358783,0.0015321760927102589,0,0.016913211325672958,0.2655571368522942
1.0,0.5,2.0,2.0,0.0025,0.005,5.0,1000,two_speed,83,1.0001433950501712,2.0073816416382617,0.5095718415759561,0.0015108270327270697,0,0.016621978373210163,0.2655571368522942
1.0,0.5,2.0,2.0,0.0025,0.005,10.0,2000,two_speed,83,1.0002240377367944,2.0002407265113984,0.5158349509987366,0.003074736578155344,0,0.025192486399327564,0.2655571368522942
1.0,0.5,2.0,2.0,0.0025,0.005,20.0,4000,two_speed,83,0.9999552759871697,1.9760589074191264,0.5066887649361769,0.002110295528025616,0,0.03077077173903611,0.2655571368522942
1.0,0.5,2.0,2.0,0.0025,0.005,0.5,100,two_speed,84,1.0001764596842568,2.0029946449511105,0.5063617778351328,0.0018099618961933107,0,0.012438040748296329,0.26138402371933417
1.0,0.5,2.0,2.0,0.0025,0.005,1.0,200,two_speed,84,1.0002248718675188,1.9942590436632293,0.5110079168129167,0.0013858348125505289,0,0.016833563968549528,0.26138402371933417
1.0,0.5,2.0,2.0,0.0025,0.005,2.0,400,two_speed,84,1.0003858623220572,2.002107304854947,0.5079580196268184,0.002225035580203904,0,0.01482571887044387,0.26138402371933417
1.0,0.5,2.0,2.0,0.0025,0.005,3.5,700,two_speed,84,1.0002741220205338,2.0101220382176512,0.5051187287030581,0.0018420697078164042,0,0.01599231939145778,0.26138402371933417
1.0,0.5,2.0,2.0,0.0025,0.005,5.0,1000,two_speed,84,1.0000791537012672,2.007653164910676,0.5132495719755125,0.0026717428720282785,0,0.023234701396580446,0.26138402371933417
1.0,0.5,2.0,2.0,0.0025,0.005,10.0,2000,two_speed,84,1.0000239208272024,2.0101815155516882,0.5178359129482211,0.002980755152735712,0,0.029864346984830203,0.26138402371933417
1.0,0.5,2.0,2.0,0.0025,0.005,20.0,4000,two_speed,84,0.9999614272773442,2.044362886511601,0.5137532441998205,0.00267895959414084,0,0.055374133537727174,0.26138402371933417
1.0,0.5,2.0,2.0,0.0025,0.005,0.5,100,two_speed,85,1.0000789715587914,1.9936481830945085,0.5060018986275385,0.002290663393212146,0,0.015481817391038582,0.2613591725572145
1.0,0.5,2.0,2.0,0.0025,0.005,1.0,200,two_speed,85,1.000331419735163,1.9965191950195595,0.5129078286506144,0.0025428182469561986,0,0.02088089617709957,0.2613591725572145
1.0,0.5,2.0,2.0,0.0025,0.005,2.0,400,two_speed,85,0.9999005081300107,2.0086042710559675,0.5056434177862315,0.0014247279502204958,0,0.014315306415468272,0.2613591725572145
1.0,0.5,2.0,2.0,0.0025,0.005,3.5,700,two_speed,85,0.9998453927245838,2.0059789773811714,0.5013449283412075,0.0022491857651651737,0,0.013205207808341992,0.2613591725572145
1.0,0.5,2.0,2.0,0.0025,0.005,5.0,1000,two_speed,85,0.9997417468600438,1.9957858820716916,0.5021852855269114,0.002051773306122649,0,0.011742202988457814,0.2613591725572145
1.0,0.5,2.0,2.0,0.0025,0.005,10.0,2000,two_speed,85,1.0001324902024142,1.9837321637176604,0.5101811640315717,0.0016198514040241445,0,0.024159179204142775,0.2613591725572145
1.0,0.5,2.0,2.0,0.0025,0.005,20.0,4000,two_speed,85,1.0000158481940256,1.9562088384874985,0.5144030825378402,0.0017670786527900194,0,0.054192634231705714,0.2613591725572145
1.0,0.5,2.0,2.0,0.0025,0.005,0.5,100,two_speed,86,1.0000305903299374,2.003752898229509,0.5020696581749423,0.001626434189036193,0,0.00945267919597137,0.2622564522815602
1.0,0.5,2.0,2.0,0.0025,0.005,1.0,200,two_speed,86,1.0002133627345755,2.0057783755274112,0.5097853687752565,0.0014745699594522822,0,0.015763612806314206,0.2622564522815602
1.0,0.5,2.0,2.0,0.0025,0.005,2.0,400,two_speed,86,1.0001528187222846,2.0067049378969752,0.5001613326285136,0.0016618357899897997,0,0.011263663696196023,0.2622564522815602
1.0,0.5,2.0,2.0,0.0025,0.005,3.5,700,two_speed,86,0.9997813551182225,1.9970121001520844,0.5066985242706777,0.0022673264935629944,0,0.014888925760411176,0.2622564522815602
1.0,0.5,2.0,2.0,0.0025,0.005,5.0,1000,two_speed,86,0.9997366748859787,2.014675146716961,0.5043548565026217,0.001833762073209225,0,0.020185270592494146,0.2622564522815602
1.0,0.5,2.0,2.0,0.0025,0.005,10.0,2000,two_speed,86,1.0002406421488483,2.0368930646264816,0.4969258387206642,0.002056483122755934,0,0.04407711368512623,0.2622564522815602
1.0,0.5,2.0,2.0,0.0025,0.005,20.0,4000,two_speed,86,0.9996398382760845,2.0957196929982507,0.5054671511332545,0.0024626630907269346,0,0.11115387868002218,0.2622564522815602
1.0,0.5,2.0,2.0,0.0025,0.005,0.5,100,two_speed,87,1.0000657697771047,2.0002505217976205,0.5006752023173061,0.0014860627783867685,0,0.007338602884325754,0.26211833328540834
1.0,0.5,2.0,2.0,0.0025,0.005,1.0,200,two_speed,87,1.0000060109432314,1.9899391929961285,0.5036485317560241,0.001221840930379097,0,0.013906571126201023,0.26211833328540834
1.0,0.5,2.0,2.0,0.0025,0.005,2.0,400,two_speed,87,1.0001224640257995,1.9958528104234023,0.5043036782254096,0.0022480130166939345,0,0.013192021652645996,0.26211833328540834
1.0,0.5,2.0,2.0,0.0025,0.005,3.5,700,two_speed,87,1.000465651619894,2.007417279196098,0.5136857063337882,0.00218392383675127,0,0.021867802802329295,0.26211833328540834
1.0,0.5,2.0,2.0,0.0025,0.005,5.0,1000,two_speed,87,1.0005941728867558,2.017588129388946,0.5226206414680571,0.002231752806621175,0,0.036445943083720456,0.26211833328540834
1.0,0.5,2.0,2.0,0.0025,0.005,10.0,2000,two_speed,87,0.999940865835599,2.030462980351865,0.5143018141200687,0.0016874374889833588,0,0.04046773543470332,0.26211833328540834
1.0,0.5,2.0,2.0,0.0025,0.005,20.0,4000,two_speed,87,0.9999379385733094,2.135357746474456,0.5033214851672241,0.0025061401195532874,0,0.15650939904643277,0.26211833328540834
1.0,0.5,2.0,2.0,0.0025,0.005,0.5,100,two_speed,88,1.000369913395859,2.0076732282713703,0.5085747402524955,0.0017201768532948316,0,0.0161523925302968,0.26357288086520775
1.0,0.5,2.0,2.0,0.0025,0.005,1.0,200,two_speed,88,1.0002258014740795,2.004921424728422,0.5137365880186181,0.0018232747264021831,0,0.02037253833895059,0.26357288086520775
1.0,0.5,2.0,2.0,0.0025,0.005,2.0,400,two_speed,88,1.0003480069220745,2.001015699914032,0.5165628006458062,0.0019419245442190906,0,0.023018888772831737,0.26357288086520775
1.0,0.5,2.0,2.0,0.0025,0.005,3.5,700,two_speed,88,1.0003933874285826,2.0019285978046915,0.5155021112474995,0.0020737858133413807,0,0.022022631610138177,0.26357288086520775
1.0,0.5,2.0,2.0,0.0025,0.005,5.0,1000,two_speed,88,0.99999771745304,2.013200144826066,0.5072724326517216,0.001276366905874924,0,0.018984162421237245,0.26357288086520775
1.0,0.5,2.0,2.0,0.0025,0.005,10.0,2000,two_speed,88,0.9999216596656318,2.002545809661039,0.5053540321648464,0.0017361101424374968,0,0.011502016609602268,0.26357288086520775
1.0,0.5,2.0,2.0,0.0025,0.005,20.0,4000,two_speed,88,0.9999645995008332,1.9787344270208864,0.4984633377711658,0.002003239827088253,0,0.026545957757693053,0.26357288086520775
1.0,0.5,2.0,2.0,0.0025,0.005,0.5,100,two_speed,89,0.9997624801245883,2.0012369980774674,0.49470916766324197,0.0018571764494971041,0,0.011281057459735202,0.2646283512835258
1.0,0.5,2.0,2.0,0.0025,0.005,1.0,200,two_speed,89,1.0001739507585126,1.9970593507541388,0.4991519548157762,0.0019895889323399787,0,0.010469972848598868,0.2646283512835258
1.0,0.5,2.0,2.0,0.0025,0.005,2.0,400,two_speed,89,0.9998752143315218,2.0084274795987347,0.4921081977244429,0.002220142589388897,0,0.017752040290270374,0.2646283512835258
1.0,0.5,2.0,2.0,0.0025,0.005,3.5,700,two_speed,89,1.0001079244767965,2.002874624106608,0.5012555091778721,0.0026096022350164906,0,0.013309674573337066,0.2646283512835258
1.0,0.5,2.0,2.0,0.0025,0.005,5.0,1000,two_speed,89,1.000615924865739,1.9956363288975447,0.5066617428070943,0.0036821356553529356,0,0.02034643475855492,0.2646283512835258
1.0,0.5,2.0,2.0,0.0025,0.005,10.0,2000,two_speed,89,1.000007289132506,1.9479270873012546,0.5115225547485174,0.0013093373476031637,0,0.06199351196303148,0.2646283512835258
1.0,0.5,2.0,2.0,0.0025,0.005,20.0,4000,two_speed,89,1.0002829309452497,1.945000622874268,0.5152702624094437,0.00187447938477041,0,0.066647934217818,0.2646283512835258
1.0,0.5,2.0,2.0,0.0025,0.005,0.5,100,two_speed,90,0.9996891995426535,1.9966743993319067,0.49868945606011467,0.0016583650372338006,0,0.009159791254184717,0.26517048213697436
1.0,0.5,2.0,2.0,0.0025,0.005,1.0,200,two_speed,90,1.0000847809792446,2.001614919710435,0.5047568987611378,0.0018791214212184062,0,0.011186107778094591,0.26517048213697436
1.0,0.5,2.0,2.0,0.0025,0.005,2.0,400,two_speed,90,0.9999830283530065,2.0021629185011864,0.5047358737329873,0.0020099774230414526,0,0.011924340284031514,0.26517048213697436
1.0,0.5,2.0,2.0,0.0025,0.005,3.5,700,two_speed,90,1.0001920144306429,2.0039604496412657,0.5135112129931151,0.0017769282198093718,0,0.0198711336029015,0.26517048213697436
1.0,0.5,2.0,2.0,0.0025,0.005,5.0,1000,two_speed,90,0.9999524658696249,1.9874193859703002,0.5058985739324006,0.001576565446686481,0,0.018203580301847107,0.26517048213697436
1.0,0.5,2.0,2.0,0.0025,0.005,10.0,2000,two_speed,90,0.9997402006373448,1.9916579131546928,0.49330640620704586,0.0028474388836178806,0,0.018856346377479166,0.26517048213697436
1.0,0.5,2.0,2.0,0.0025,0.005,20.0,4000,two_speed,90,1.0000100068134046,1.9768904502223323,0.5027448365148414,0.0016233055348178248,0,0.028040021285527888,0.26517048213697436
1.0,0.5,2.0,2.0,0.0025,0.005,0.5,100,two_speed,91,0.9997949717319072,1.9922676500773053,0.5007034392328498,0.0018963718633543388,0,0.012997034716693789,0.26549538085237145
1.0,0.5,2.0,2.0,0.0025,0.005,1.0,200,two_speed,91,0.9999726741594213,1.9922600781110436,0.5032645881011546,0.0016023421255670339,0,0.012664538739139617,0.26549538085237145
1.0,0.5,2.0,2.0,0.0025,0.005,2.0,400,two_speed,91,1.0003880707965027,1.982768809182706,0.5106766205755603,0.0017589355858111393,0,0.025313681900149702,0.26549538085237145
1.0,0.5,2.0,2.0,0.0025,0.005,3.5,700,two_speed,91,1.0003102957146819,1.9990100737298662,0.507599767342151,0.0023973022487540556,0,0.01509353374560304,0.26549538085237145
1.0,0.5,2.0,2.0,0.0025,0.005,5.0,1000,two_speed,91,0.999898726662642,1.975226616921446,0.504119081671491,0.0017484220987822852,0,0.030350528802193584,0.26549538085237145
1.0,0.5,2.0,2.0,0.0025,0.005,10.0,2000,two_speed,91,0.9998970961696309,2.0073592144193997,0.49893691726146816,0.0019792482178271295,0,0.012970964281234188,0.26549538085237145
1.0,0.5,2.0,2.0,0.0025,0.005,20.0,4000,two_speed,91,1.000125524792064,1.9997276386465916,0.5010157663936335,0.0021441637185561626,0,0.010590429821563573,0.26549538085237145
1.0,0.5,2.0,2.0,0.0025,0.005,0.5,100,two_speed,92,0.9998590521800619,2.002985164273896,0.4992665112884076,0.002522998555580361,0,0.012880565258286842,0.26282445828629925
1.0,0.5,2.0,2.0,0.0025,0.005,1.0,200,two_speed,92,0.9998981286082395,2.0154595083572637,0.49599586354246156,0.00226210673059191,0,0.021664076461262904,0.26282445828629925
1.0,0.5,2.0,2.0,0.0025,0.005,2.0,400,two_speed,92,0.9999562272219285,2.004369383852529,0.500175140664486,0.0021675173044667776,0,0.01177430080072544,0.26282445828629925
1.0,0.5,2.0,2.0,0.0025,0.005,3.5,700,two_speed,92,1.0000445628048864,2.016821117045306,0.5062795002529431,0.0018135176267303583,0,0.02279323876870016,0.26282445828629925
1.0,0.5,2.0,2.0,0.0025,0.005,5.0,1000,two_speed,92,1.0001774410994928,2.013150472606003,0.5071404074399484,0.002550145405712197,0,0.02153248684876447,0.26282445828629925
1.0,0.5,2.0,2.0,0.0025,0.005,10.0,2000,two_speed,92,1.000171389409939,1.998972973753669,0.5069392647780491,0.002680489702110649,0,0.015836050687855825,0.26282445828629925
1.0,0.5,2.0,2.0,0.0025,0.005,20.0,4000,two_speed,92,0.999760929582057,1.9502629081589673,0.5068987517187763,0.00150137562925332,0,0.058481008878557825,0.26282445828629925
1.0,0.5,2.0,2.0,0.0025,0.005,0.5,100,two_speed,93,1.0003139135048777,1.9985326916599628,0.5018963325484423,0.0021353224516552573,0,0.010855009825840376,0.2622708095670013
1.0,0.5,2.0,2.0,0.0025,0.005,1.0,200,two_speed,93,1.0001398197109062,1.995052737584621,0.49750335618687364,0.001515089002547123,0,0.010058483025858624,0.2622708095670013
1.0,0.5,2.0,2.0,0.0025,0.005,2.0,400,two_speed,93,1.000100960351436,2.00749668422896,0.4965482918299246,0.0020923803194282773,0,0.014262304446766644,0.2622708095670013
1.0,0.5,2.0,2.0,0.0025,0.005,3.5,700,two_speed,93,1.0003394339591725,2.0107029392634064,0.49590363084894007,0.0035048141323519395,0,0.022070235828200186,0.2622708095670013
1.0,0.5,2.0,2.0,0.0025,0.005,5.0,1000,two_speed,93,1.0000339355232917,2.000299134271013,0.49808684767910394,0.0015267321882558753,0,0.007930708468702103,0.2622708095670013
1.0,0.5,2.0,2.0,0.0025,0.005,10.0,2000,two_speed,93,0.9997957868795974,1.9961627509072257,0.4981901179753137,0.0020222156048755107,0,0.011074706789202408,0.2622708095670013
1.0,0.5,2.0,2.0,0.0025,0.005,20.0,4000,two_speed,93,1.0001408474185884,1.9510049114907402,0.5024310037264208,0.0015956516682735726,0,0.05712808119492465,0.2622708095670013
1.0,0.5,2.0,2.0,0.0025,0.005,0.5,100,two_speed,94,1.0000306521824864,1.9977083903461619,0.49749768552410756,0.002579478833925257,0,0.01336160492013463,0.2627219761488959
1.0,0.5,2.0,2.0,0.0025,0.005,1.0,200,two_speed,94,0.9999594346762308,1.9897533762602562,0.49844304775847614,0.001879518789069564,0,0.015132649154900344,0.2627219761488959
1.0,0.5,2.0,2.0,0.0025,0.005,2.0,400,two_speed,94,1.000327968750133,1.9976154389605174,0.506529445700064,0.0018623099853588238,0,0.012441918254788418,0.2627219761488959
1.0,0.5,2.0,2.0,0.0025,0.005,3.5,700,two_speed,94,1.0004547045148136,1.9882623900080507,0.5210092943656699,0.0018691152233234133,0,0.03103337229673144,0.2627219761488959
1.0,0.5,2.0,2.0,0.0025,0.005,5.0,1000,two_speed,94,1.000209502263725,1.990394278363862,0.5171755205576647,0.0017492826710947176,0,0.025974582325763863,0.2627219761488959
1.0,0.5,2.0,2.0,0.0025,0.005,10.0,2000,two_speed,94,0.9997561283441375,1.9505720130962403,0.4993351752847992,0.0021850403525953514,0,0.058100923596075,0.2627219761488959
1.0,0.5,2.0,2.0,0.0025,0.005,20.0,4000,two_speed,94,1.0003189634176646,1.9288739442863936,0.5207134893436038,0.0021221400522678778,0,0.08619555688500095,0.2627219761488959
1.0,0.5,2.0,2.0,0.0025,0.005,0.5,100,two_speed,95,1.000076468937157,2.009892521037052,0.500327099983863,0.001441203460875203,0,0.013438099678058873,0.2615053571561085
1.0,0.5,2.0,2.0,0.0025,0.005,1.0,200,two_speed,95,1.0003556241361007,2.0170187021190715,0.5032672267538524,0.0022905336972617045,0,0.022935202053629648,0.2615053571561085
1.0,0.5,2.0,2.0,0.0025,0.005,2.0,400,two_speed,95,1.000009864829863,2.0080985585837694,0.501617434820163,0.002206998079912552,0,0.014447310682245897,0.2615053571561085
1.0,0.5,2.0,2.0,0.0025,0.005,3.5,700,two_speed,95,1.0002262089561618,2.0093764418111326,0.505255967179949,0.001692574972611776,0,0.015078154066719468,0.2615053571561085
1.0,0.5,2.0,2.0,0.0025,0.005,5.0,1000,two_speed,95,1.0002943243016755,2.0219139911576893,0.5112767222214464,0.0018598253702701711,0,0.030340872225829617,0.2615053571561085
1.0,0.5,2.0,2.0,0.0025,0.005,10.0,2000,two_speed,95,0.9999429335480787,2.05442851228644,0.5101658092136605,0.0027560052117018632,0,0.06544632200882687,0.2615053571561085
1.0,0.5,2.0,2.0,0.0025,0.005,20.0,4000,two_speed,95,1.0000867821205246,2.069839322104053,0.5043279404891088,0.0024052198412649146,0,0.08155851517998164,0.2615053571561085
1.0,0.5,2.0,2.0,0.0025,0.005,0.5,100,two_speed,96,1.0002858295592754,1.9951283505000554,0.5064437144149415,0.002040230520330566,0,0.01396432096277905,0.2625311785710177
1.0,0.5,2.0,2.0,0.0025,0.005,1.0,200,two_speed,96,1.0000089229213442,1.9878537205205016,0.5032392526466007,0.0021080626523957407,0,0.017919631527553524,0.2625311785710177
1.0,0.5,2.0,2.0,0.0025,0.005,2.0,400,two_speed,96,1.0000950023679285,2.0024072229656253,0.5109592114876427,0.003902579799243386,0,0.02396918969123825,0.2625311785710177
1.0,0.5,2.0,2.0,0.0025,0.005,3.5,700,two_speed,96,0.9999785404040523,1.9915190564316294,0.5051651033066532,0.002099619249303025,0,0.015761339222062846,0.2625311785710177
1.0,0.5,2.0,2.0,0.0025,0.005,5.0,1000,two_speed,96,1.000234549380814,1.9964712339500503,0.5129715746658218,0.001816921460739509,0,0.019191559938926517,0.2625311785710177
1.0,0.5,2.0,2.0,0.0025,0.005,10.0,2000,two_speed,96,0.9999517447636413,2.0190703547923876,0.5017011449786586,0.0019737151703482325,0,0.024145640011701424,0.2625311785710177
1.0,0.5,2.0,2.0,0.0025,0.005,20.0,4000,two_speed,96,1.000092537262973,2.021826940654271,0.4989766208610428,0.0027873000559702848,0,0.028742037244272354,0.2625311785710177
1.0,0.5,2.0,2.0,0.0025,0.005,0.5,100,two_speed,97,0.9997146823892136,2.0052256265118897,0.4974538524533273,0.002156621542127839,0,0.012539046252893607,0.2638120118561866
1.0,0.5,2.0,2.0,0.0025,0.005,1.0,200,two_speed,97,0.9999584858055992,2.0086434945589215,0.501305940730768,0.001613610850276593,0,0.012856840206723112,0.2638120118561866
1.0,0.5,2.0,2.0,0.0025,0.005,2.0,400,two_speed,97,0.9998599385519987,2.00288023596322,0.49643893341120493,0.0012857795512686285,0,0.008386841376553272,0.2638120118561866
1.0,0.5,2.0,2.0,0.0025,0.005,3.5,700,two_speed,97,1.0001563272660068,1.9884974605724384,0.5033858027750968,0.0019916134916032257,0,0.016991747237486587,0.2638120118561866
1.0,0.5,2.0,2.0,0.0025,0.005,5.0,1000,two_speed,97,1.0001565684562086,1.9754890139422314,0.5092305847073493,0.002037386380544113,0,0.03214368617794317,0.2638120118561866
1.0,0.5,2.0,2.0,0.0025,0.005,10.0,2000,two_speed,97,0.9999723341156037,1.943618187319206,0.5115559802498644,0.001891571765329092,0,0.0672055874769669,0.2638120118561866
1.0,0.5,2.0,2.0,0.0025,0.005,20.0,4000,two_speed,97,0.9998230825020258,1.9328278982055445,0.5065038797475232,0.0027145020989671896,0,0.07900224645419371,0.2638120118561866
1.0,0.5,2.0,2.0,0.0025,0.005,0.5,100,two_speed,98,1.0003123572458408,1.9941531057166733,0.5031182160225884,0.0023190251170627824,0,0.013735528982553613,0.2941764821464728
1.0,0.5,2.0,2.0,0.0025,0.005,1.0,200,two_speed,98,1.0003060216193373,2.00751337640424,0.5010004242456837,0.0018610728697796225,0,0.012678852451182079,0.2941764821464728
1.0,0.5,2.0,2.0,0.0025,0.005,2.0,400,two_speed,98,1.0002193353462656,2.0160281991496465,0.5002638407118147,0.002319322322673296,0,0.02174658181170475,0.2941764821464728
1.0,0.5,2.0,2.0,0.0025,0.005,3.5,700,two_speed,98,1.0003689873282724,2.029803200418013,0.4976944844080944,0.0017445991521085928,0,0.03574706505466965,0.2941764821464728
1.0,0.5,2.0,2.0,0.0025,0.005,5.0,1000,two_speed,98,1.0001418168229812,2.0237526325772968,0.4946796270963128,0.0025333255696999616,0,0.03111730749353221,0.2941764821464728
1.0,0.5,2.0,2.0,0.0025,0.005,10.0,2000,two_speed,98,1.0003108888124375,2.030850984740799,0.503510390128029,0.002512844449686667,0,0.037882894258386195,0.2941764821464728
1.0,0.5,2.0,2.0,0.0025,0.005,20.0,4000,two_speed,98,1.0002367026744123,2.0444803306373784,0.49718928638260146,0.0015718545103417573,0,0.05219060014422606,0.2941764821464728
1.0,0.5,2.0,2.0,0.0025,0.005,0.5,100,two_speed,99,1.0004155623825075,1.9874980241531204,0.5066522058791508,0.0023512788214052776,0,0.020114356213498663,0.2711748987203464
1.0,0.5,2.0,2.0,0.0025,0.005,1.0,200,two_speed,99,1.0003409255042064,1.9928684733708304,0.5087391367225124,0.0020005386789785813,0,0.016772424535110162,0.2711748987203464
1.0,0.5,2.0,2.0,0.0025,0.005,2.0,400,two_speed,99,0.999938351136455,1.9910569195523153,0.49975886604136294,0.002164738986532797,0,0.014816581557915771,0.2711748987203464
1.0,0.5,2.0,2.0,0.0025,0.005,3.5,700,two_speed,99,1.0000982248366797,1.9851319963815541,0.5025545322338291,0.0016672187345946699,0,0.01926693431806088,0.2711748987203464
1.0,0.5,2.0,2.0,0.0025,0.005,5.0,1000,two_speed,99,0.9999118209917865,2.000634091352677,0.4972796414808258,0.0019133700836564257,0,0.0100103238354283,0.2711748987203464
1.0,0.5,2.0,2.0,0.0025,0.005,10.0,2000,two_speed,99,0.9997938722576617,2.025022957071683,0.49070414882724106,0.0018182188439200802,0,0.032630064858894525,0.2711748987203464
1.0,0.5,2.0,2.0,0.0025,0.005,20.0,4000,two_speed,99,0.999950847217679,1.985114766558468,0.4954816952753392,0.001490249873140608,0,0.01957946938056676,0.2711748987203464
1.0,0.5,2.0,2.0,0.0025,0.005,0.5,100,two_speed,100,0.9998335751008911,2.0024131261649347,0.4954404887162414,0.001808783986276105,0,0.01089021498099478,0.27467193457830164
1.0,0.5,2.0,2.0,0.0025,0.005,1.0,200,two_speed,100,0.9997720309163406,1.9985033364479663,0.4934415335107053,0.002521912411115982,0,0.01493902458826044,0.27467193457830164
1.0,0.5,2.0,2.0,0.0025,0.005,2.0,400,two_speed,100,0.9996776351942038,1.9982841429905072,0.4872218536598084,0.0018001721422917785,0,0.01852741345201813,0.27467193457830164
1.0,0.5,2.0,2.0,0.0025,0.005,3.5,700,two_speed,100,0.9998543826179963,2.0113467458563643,0.4966661218329189,0.0018709479559670913,0,0.01651226776770417,0.27467193457830164
1.0,0.5,2.0,2.0,0.0025,0.005,5.0,1000,two_speed,100,1.0000852570837235,2.0231765560684436,0.5038734088650861,0.0020299194129285917,0,0.02895068060214068,0.27467193457830164
1.0,0.5,2.0,2.0,0.0025,0.005,10.0,2000,two_speed,100,1.000351035588225,2.042683338889181,0.5242546457009128,0.0021328338588134494,0,0.05839165581652575,0.27467193457830164
1.0,0.5,2.0,2.0,0.0025,0.005,20.0,4000,two_speed,100,0.999800411682113,2.0577044477646393,0.5027523655646747,0.0022052997350219335,0,0.06753373675011685,0.27467193457830164
1.0,0.5,2.0,2.0,0.0025,0.005,0.5,100,two_speed,101,1.000191672590611,1.994663312681971,0.5031648214773791,0.0017721268833721852,0,0.011309136241769269,0.2736440951536809
1.0,0.5,2.0,2.0,0.0025,0.005,1.0,200,two_speed,101,1.0003527223870754,1.9925935052463353,0.5001217771041904,0.0025883343300772974,0,0.015398317117911725,0.2736440951536809
1.0,0.5,2.0,2.0,0.0025,0.005,2.0,400,two_speed,101,1.0003988665312662,2.003234186905101,0.5025864224472084,0.0034405337030390185,0,0.01755115853243108,0.2736440951536809
1.0,0.5,2.0,2.0,0.0025,0.005,3.5,700,two_speed,101,1.0003399240123512,2.0121153736477106,0.5034383261587524,0.0023977096137343655,0,0.01871520482888947,0.2736440951536809
1.0,0.5,2.0,2.0,0.0025,0.005,5.0,1000,two_speed,101,0.9998194082896137,2.014515997406684,0.5024278613633355,0.0018560063227292826,0,0.019409733353951453,0.2736440951536809
1.0,0.5,2.0,2.0,0.0025,0.005,10.0,2000,two_speed,101,0.9999195774198039,2.024975761227013,0.5094678288533215,0.0013617258570337689,0,0.03201469875506955,0.2736440951536809
1.0,0.5,2.0,2.0,0.0025,0.005,20.0,4000,two_speed,101,1.0001658227146373,1.9963678607708846,0.509125850764472,0.002365358485952168,0,0.01687845473422326,0.2736440951536809
1.0,0.5,2.0,2.0,0.0025,0.005,0.5,100,two_speed,102,1.000040081369083,2.0011239302738306,0.4956426728729471,0.0018189091635053074,0,0.01072306118742215,0.27575275000916527
1.0,0.5,2.0,2.0,0.0025,0.005,1.0,200,two_speed,102,1.000130955071263,2.0026567312742727,0.5031012283047243,0.0013208756543981479,0,0.00811899046906751,0.27575275000916527
1.0,0.5,2.0,2.0,0.0025,0.005,2.0,400,two_speed,102,1.0003154459961685,1.9966893868058178,0.5041187424789124,0.002079031229184617,0,0.011958205252568268,0.27575275000916527
1.0,0.5,2.0,2.0,0.0025,0.005,3.5,700,two_speed,102,1.0003189544868718,2.0049009118274848,0.4982029786116083,0.0015403704696899596,0,0.01002185447553003,0.27575275000916527
1.0,0.5,2.0,2.0,0.0025,0.005,5.0,1000,two_speed,102,1.000291209036555,1.9862105374803514,0.5001826875585008,0.001420172246827811,0,0.01743088807066505,0.27575275000916527
1.0,0.5,2.0,2.0,0.0025,0.005,10.0,2000,two_speed,102,1.000244111062935,1.9964734695910478,0.5010414840871614,0.0021619665404663795,0,0.011440287131633203,0.27575275000916527
1.0,0.5,2.0,2.0,0.0025,0.005,20.0,4000,two_speed,102,0.9996858923942996,2.0538450240226123,0.49214002382714095,0.001916267989867718,0,0.06390380332248963,0.27575275000916527
1.0,0.5,2.0,2.0,0.0025,0.005,0.5,100,two_speed,103,1.0000075348334152,2.0114050606028595,0.5057654033287285,0.0015075876870717644,0,0.01684674211595919,0.27367487501552595
1.0,0.5,2.0,2.0,0.0025,0.005,1.0,200,two_speed,103,0.9997226115528125,2.024528716799295,0.502815535991583,0.002206410498674921,0,0.030637264413279307,0.27367487501552595
1.0,0.5,2.0,2.0,0.0025,0.005,2.0,400,two_speed,103,0.9997518864091927,2.019293501051275,0.5035513539482178,0.0022799983217162826,0,0.025433531764983763,0.27367487501552595
1.0,0.5,2.0,2.0,0.0025,0.005,3.5,700,two_speed,103,0.9997670680194082,2.020652804343794,0.4962926947759936,0.0027794652454090235,0,0.02782981317524443,0.27367487501552595
1.0,0.5,2.0,2.0,0.0025,0.005,5.0,1000,two_speed,103,0.9995309854523605,2.016014558980548,0.4887543848771119,0.002039026087252776,0,0.025249308102438094,0.27367487501552595
1.0,0.5,2.0,2.0,0.0025,0.005,10.0,2000,two_speed,103,1.0000213555008586,1.9949780581443768,0.4997078100662045,0.0023435457000208857,0,0.012884362790195175,0.27367487501552595
1.0,0.5,2.0,2.0,0.0025,0.005,20.0,4000,two_speed,103,1.0004745671987787,2.027943879161348,0.5000709497582788,0.0024650629075898315,0,0.03452903466642313,0.27367487501552595
1.0,0.5,2.0,2.0,0.0025,0.005,0.5,100,two_speed,104,0.9999507489127301,1.999648430215891,0.49897210097797884,0.0014731734838020203,0,0.007345805280174685,0.2825731785602069
1.0,0.5,2.0,2.0,0.0025,0.005,1.0,200,two_speed,104,1.000103451518841,1.9943114720254824,0.5059481208918574,0.001313977347467032,0,0.011908642414776236,0.2825731785602069
1.0,0.5,2.0,2.0,0.0025,0.005,2.0,400,two_speed,104,1.0001057920474812,2.001380238602256,0.4999997102448923,0.0016727089532292134,0,0.008374572038579449,0.2825731785602069
1.0,0.5,2.0,2.0,0.0025,0.005,3.5,700,two_speed,104,0.9995633586099397,1.9824628319140447,0.4917872665144086,0.0025052509801512858,0,0.025825425958383448,0.2825731785602069
1.0,0.5,2.0,2.0,0.0025,0.005,5.0,1000,two_speed,104,1.0000586538588638,1.9600913743317423,0.5075543942027437,0.002002313220240878,0,0.047912885622143034,0.2825731785602069
1.0,0.5,2.0,2.0,0.0025,0.005,10.0,2000,two_speed,104,0.9999902740817596,1.9469622809328295,0.5119854059985065,0.002295253197323716,0,0.0637480604944451,0.2825731785602069
1.0,0.5,2.0,2.0,0.0025,0.005,20.0,4000,two_speed,104,0.9999558843840058,1.9555487705833083,0.5088454865552884,0.002294718565307345,0,0.0535398978759464,0.2825731785602069
1.0,0.5,2.0,2.0,0.0025,0.005,0.5,100,two_speed,105,0.9999114634205685,1.9919023315527973,0.4978907196491573,0.001086721115010727,0,0.01107924120445219,0.27749107729843153
1.0,0.5,2.0,2.0,0.0025,0.005,1.0,200,two_speed,105,1.0001584291821686,1.9898468495320665,0.5020237006976782,0.0015982484257826906,0,0.014291842948555417,0.27749107729843153
1.0,0.5,2.0,2.0,0.0025,0.005,2.0,400,two_speed,105,1.0003951111993636,1.9903714849281549,0.5061222179084223,0.002734540802629976,0,0.018899288711452817,0.27749107729843153
1.0,0.5,2.0,2.0,0.0025,0.005,3.5,700,two_speed,105,1.0000208767480803,1.975873417973728,0.5080328277922644,0.0025573298348045654,0,0.03228480262194264,0.27749107729843153
1.0,0.5,2.0,2.0,0.0025,0.005,5.0,1000,two_speed,105,0.9999701736133563,2.000408854375467,0.5143356439390638,0.0023398783273881375,0,0.021936176419774207,0.27749107729843153
1.0,0.5,2.0,2.0,0.0025,0.005,10.0,2000,two_speed,105,1.0001981922848167,2.0698604718413804,0.5091621248186091,0.002896000690347226,0,0.08243092990418133,0.27749107729843153
1.0,0.5,2.0,2.0,0.0025,0.005,20.0,4000,two_speed,105,1.0000093197366373,2.0848598747536844,0.5078010770387561,0.0029750119201922957,0,0.09912164839031855,0.27749107729843153
1.0,0.5,2.0,2.0,0.0025,0.005,0.5,100,two_speed,106,0.9997126848663398,2.003707826817377,0.4917772137878705,0.002096935650603077,0,0.015152470733164801,0.281985821435228
1.0,0.5,2.0,2.0,0.0025,0.005,1.0,200,two_speed,106,1.0000435676045472,1.9977266067430401,0.49824022659863815,0.001999314032688527,0,0.010439790585260254,0.281985821435228
1.0,0.5,2.0,2.0,0.0025,0.005,2.0,400,two_speed,106,0.9998573335426701,1.9945665220404025,0.5060525039076916,0.0025620327370626636,0,0.016263582465886457,0.281985821435228
1.0,0.5,2.0,2.0,0.0025,0.005,3.5,700,two_speed,106,1.0001439007376747,1.9778669691925637,0.5109343474483027,0.0015400197051891225,0,0.02998616568340057,0.281985821435228
1.0,0.5,2.0,2.0,0.0025,0.005,5.0,1000,two_speed,106,1.0001453365853112,1.9701450163416878,0.507823652122484,0.002451271466059006,0,0.03778517140248476,0.281985821435228
1.0,0.5,2.0,2.0,0.0025,0.005,10.0,2000,two_speed,106,1.0000462734730857,1.9974177019922963,0.5127564706556934,0.0019888797127936035,0,0.019398701266575006,0.281985821435228
1.0,0.5,2.0,2.0,0.0025,0.005,20.0,4000,two_speed,106,0.9998395484693887,1.984199514674857,0.5017946830713457,0.0018790459108228086,0,0.020614670723888288,0.281985821435228
1.0,0.5,2.0,2.0,0.0025,0.005,0.5,100,two_speed,107,0.9999574071258311,2.0039785148291145,0.4951246016595353,0.0017762756980117915,0,0.011691923322241043,0.28463494057567523
1.0,0.5,2.0,2.0,0.0025,0.005,1.0,200,two_speed,107,0.9995634221159613,2.0133057557036196,0.48704764990779836,0.0026478556907925106,0,0.025800667547432748,0.28463494057567523
1.0,0.5,2.0,2.0,0.0025,0.005,2.0,400,two_speed,107,0.9995297909846511,2.015836314912787,0.49813608030791345,0.002739902915205166,0,0.022839384886124484,0.28463494057567523
1.0,0.5,2.0,2.0,0.0025,0.005,3.5,700,two_speed,107,0.9999334935288751,2.0101479276074494,0.4988345260909482,0.001711234247832576,0,0.014480793121276307,0.28463494057567523
1.0,0.5,2.0,2.0,0.0025,0.005,5.0,1000,two_speed,107,0.9999917124054728,2.0053547165695553,0.5086848398979666,0.0015561943428391602,0,0.01502473085189726,0.28463494057567523
1.0,0.5,2.0,2.0,0.0025,0.005,10.0,2000,two_speed,107,0.9999495771256178,2.001465496016066,0.5087834258830894,0.0021144538496308055,0,0.015627995129301388,0.28463494057567523
1.0,0.5,2.0,2.0,0.0025,0.005,20.0,4000,two_speed,107,1.0003950175586305,1.974768446447672,0.5115955293378924,0.0017381215557503874,0,0.03343726462072064,0.28463494057567523
1.0,0.5,2.0,2.0,0.0025,0.005,0.5,100,two_speed,108,1.000146159813417,2.0033562683922854,0.5067486611707723,0.0023869329166705698,0,0.015019525897145848,0.2823672857069011
1.0,0.5,2.0,2.0,0.0025,0.005,1.0,200,two_speed,108,1.000424310099251,2.000912199283908,0.5139580688116747,0.002086321026974193,0,0.020254911879303557,0.2823672857069011
1.0,0.5,2.0,2.0,0.0025,0.005,2.0,400,two_speed,108,1.000183497684301,2.008918192060936,0.5085471925818034,0.0018376848543218136,0,0.017431938483898405,0.2823672857069011
1.0,0.5,2.0,2.0,0.0025,0.005,3.5,700,two_speed,108,1.0000635709243293,1.9966703006095554,0.5027076852783435,0.0017456425320587295,0,0.009993819212499354,0.2823672857069011
1.0,0.5,2.0,2.0,0.0025,0.005,5.0,1000,two_speed,108,1.0000766385104156,1.9854012392416078,0.5079532516667941,0.002365133656777106,0,0.02289437894567329,0.2823672857069011
1.0,0.5,2.0,2.0,0.0025,0.005,10.0,2000,two_speed,108,1.000373475808611,1.9916034768403632,0.5058227974395781,0.0027075844575735527,0,0.017854409707028375,0.2823672857069011
1.0,0.5,2.0,2.0,0.0025,0.005,20.0,4000,two_speed,108,1.0001139808659718,2.0486995932126413,0.5090026663213114,0.0015978884608872554,0,0.05766135025876575,0.2823672857069011
1.0,0.5,2.0,2.0,0.0025,0.005,0.5,100,two_speed,109,0.9998609721869123,2.0049274718085583,0.4990055943839291,0.0015861616261606296,0,0.009711700640502424,0.2805783928571535
1.0,0.5,2.0,2.0,0.0025,0.005,1.0,200,two_speed,109,0.9999925704371518,2.0115475094106565,0.496040471929659,0.0010563828314987351,0,0.015240449563794221,0.2805783928571535
1.0,0.5,2.0,2.0,0.0025,0.005,2.0,400,two_speed,109,1.0004558580903495,2.0108113810721697,0.5042548666257657,0.0026223764084205236,0,0.018588196667440125,0.2805783928571535
1.0,0.5,2.0,2.0,0.0025,0.005,3.5,700,two_speed,109,1.000341035011012,2.005310130019901,0.5105611326123389,0.0019466663530125605,0,0.017351148303827772,0.2805783928571535
1.0,0.5,2.0,2.0,0.0025,0.005,5.0,1000,two_speed,109,1.0003536000545197,2.0202581067036225,0.51198321976244,0.0021051254632296385,0,0.02945422416338589,0.2805783928571535
1.0,0.5,2.0,2.0,0.0025,0.005,10.0,2000,two_speed,109,1.0005251600938991,2.0128311771842298,0.5152273222603689,0.0024112234355516504,0,0.02669480298848682,0.2805783928571535
1.0,0.5,2.0,2.0,0.0025,0.005,20.0,4000,two_speed,109,0.9997510596918701,2.0496510014743055,0.5005086092218819,0.0016426525208214236,0,0.05789364028002012,0.2805783928571535
1.0,0.5,2.0,2.0,0.0025,0.005,0.5,100,two_speed,110,0.9998829408524906,2.001735327284551,0.5030852312482217,0.0022790682439791277,0,0.012148192681019633,0.28092795229583445
1.0,0.5,2.0,2.0,0.0025,0.005,1.0,200,two_speed,110,1.0000851305808045,1.9916922516398037,0.505394762421378,0.001707633223720133,0,0.014485105650455295,0.28092795229583445
1.0,0.5,2.0,2.0,0.0025,0.005,2.0,400,two_speed,110,1.000185860874339,1.9805610053168634,0.503968661887634,0.002043256285876236,0,0.025032697770766367,0.28092795229583445
1.0,0.5,2.0,2.0,0.0025,0.005,3.5,700,two_speed,110,1.000027752623186,1.9922398981267133,0.49460914816713636,0.001741973819561934,0,0.01432829569568516,0.28092795229583445
1.0,0.5,2.0,2.0,0.0025,0.005,5.0,1000,two_speed,110,0.9995627347624612,1.9896530917230797,0.49543063142349436,0.0019970660026755863,0,0.01637535503310983,0.28092795229583445
1.0,0.5,2.0,2.0,0.0025,0.005,10.0,2000,two_speed,110,1.0000259082066651,2.0190567943773967,0.5078508203780829,0.001391025756392947,0,0.025149444628764672,0.28092795229583445
1.0,0.5,2.0,2.0,0.0025,0.005,20.0,4000,two_speed,110,1.0003099352468565,2.0388296988454346,0.5099026912646157,0.002329084965159043,0,0.04764379968093843,0.28092795229583445
1.0,0.5,2.0,2.0,0.0025,0.005,0.5,100,two_speed,111,0.9998342136150109,1.9979891777718735,0.500479905944293,0.0024251042973292775,0,0.012181328422557869,0.2800443928489195
1.0,0.5,2.0,2.0,0.0025,0.005,1.0,200,two_speed,111,0.9998852124961228,1.9879101588585049,0.502097772195997,0.0022420307773149363,0,0.01800222208170159,0.2800443928489195
1.0,0.5,2.0,2.0,0.0025,0.005,2.0,400,two_speed,111,1.0000258105384154,1.9866998350106262,0.5045210650044452,0.002273969748785069,0,0.0197980692423291,0.2800443928489195
1.0,0.5,2.0,2.0,0.0025,0.005,3.5,700,two_speed,111,0.9999674654529668,1.977751064438976,0.49852539989105044,0.0019815592768646275,0,0.02754931283724758,0.2800443928489195
1.0,0.5,2.0,2.0,0.0025,0.005,5.0,1000,two_speed,111,1.000071317156388,1.9699973993204722,0.5089611554885384,0.0017622814599026542,0,0.03738647338298751,0.2800443928489195
1.0,0.5,2.0,2.0,0.0025,0.005,10.0,2000,two_speed,111,0.999665908544983,1.9562614425985845,0.5019488413598443,0.0016892491000936372,0,0.05124246371667448,0.2800443928489195
1.0,0.5,2.0,2.0,0.0025,0.005,20.0,4000,two_speed,111,1.0000115022908895,1.967502377360965,0.4933075326993679,0.0021183841048413154,0,0.04000026372118317,0.2800443928489195
1.0,0.5,2.0,2.0,0.0025,0.005,0.5,100,two_speed,112,1.000045271274748,2.002868532221938,0.5091059081938097,0.002357159620143375,0,0.016852767800298405,0.28123725599808885
1.0,0.5,2.0,2.0,0.0025,0.005,1.0,200,two_speed,112,1.0000591180824778,2.0053283975697154,0.5063091036668902,0.0027192024003415693,0,0.016803500373516137,0.28123725599808885
1.0,0.5,2.0,2.0,0.0025,0.005,2.0,400,two_speed,112,1.0002526404429068,2.0203172404012815,0.5067170654979912,0.002833667606399576,0,0.0285147410050671,0.28123725599808885
1.0,0.5,2.0,2.0,0.0025,0.005,3.5,700,two_speed,112,1.0001947459431058,2.018267740929826,0.5068575256747169,0.0014796822444229744,0,0.023842004294340965,0.28123725599808885
1.0,0.5,2.0,2.0,0.0025,0.005,5.0,1000,two_speed,112,1.000532230021517,2.0103923278842193,0.5030997163361356,0.0020246456558609227,0,0.016007248122377218,0.28123725599808885
1.0,0.5,2.0,2.0,0.0025,0.005,10.0,2000,two_speed,112,1.0001119251067545,2.0015595063002443,0.5196934859627681,0.0024215514485492317,0,0.028046035314561554,0.28123725599808885
1.0,0.5,2.0,2.0,0.0025,0.005,20.0,4000,two_speed,112,1.000061718970924,1.9748771811907382,0.5071710276641941,0.0020531862061804267,0,0.03199376122236645,0.28123725599808885
1.0,0.5,2.0,2.0,0.0025,0.005,0.5,100,two_speed,113,0.9999437928352786,1.987911344708323,0.49746490630190227,0.0021322457128323774,0,0.017746363521109206,0.2803638571474169
1.0,0.5,2.0,2.0,0.0025,0.005,1.0,200,two_speed,113,1.0003258139258213,1.9888930665597166,0.511091426507737,0.0034108039724228545,0,0.025268659191171633,0.2803638571474169
1.0,0.5,2.0,2.0,0.0025,0.005,2.0,400,two_speed,113,1.0002238199451297,1.986613193663845,0.5082547929010263,0.0018490982410011693,0,0.02061320940123965,0.2803638571474169
1.0,0.5,2.0,2.0,0.0025,0.005,3.5,700,two_speed,113,1.0001133034667928,1.9738639065631431,0.5063143136542712,0.0017749444746980897,0,0.032370939518482154,0.2803638571474169
1.0,0.5,2.0,2.0,0.0025,0.005,5.0,1000,two_speed,113,0.9998996291076911,1.984980576570078,0.49563541699804614,0.0019625821024119995,0,0.02060424546159417,0.2803638571474169
1.0,0.5,2.0,2.0,0.0025,0.005,10.0,2000,two_speed,113,1.000492667913518,1.9896539766123218,0.5182327647746141,0.002833561666902807,0,0.029259014418218373,0.2803638571474169
1.0,0.5,2.0,2.0,0.0025,0.005,20.0,4000,two_speed,113,1.0000204391311573,1.9954449796109248,0.5085730061718821,0.001698358826529193,0,0.014900293671964245,0.2803638571474169
1.0,0.5,2.0,2.0,0.0025,0.005,0.5,100,two_speed,114,1.000326304679492,1.9956250874854586,0.5065162035440853,0.0020668145658604463,0,0.013839729671180153,0.2805049642920494
1.0,0.5,2.0,2.0,0.0025,0.005,1.0,200,two_speed,114,0.999971623321243,1.983807017278508,0.5006677019449526,0.0016594287450669414,0,0.02041190064121438,0.2805049642920494
1.0,0.5,2.0,2.0,0.0025,0.005,2.0,400,two_speed,114,1.0003609414905434,1.9885029368900173,0.5080127359744383,0.002345733866453439,0,0.02011173796138872,0.2805049642920494
1.0,0.5,2.0,2.0,0.0025,0.005,3.5,700,two_speed,114,1.0001727437367376,1.9735211310018512,0.5020603337017057,0.0014142162883115316,0,0.031423088840447075,0.2805049642920494
1.0,0.5,2.0,2.0,0.0025,0.005,5.0,1000,two_speed,114,1.0000696097964827,1.9851980957606767,0.507752838384496,0.002477326270466349,0,0.023173947211243686,0.2805049642920494
1.0,0.5,2.0,2.0,0.0025,0.005,10.0,2000,two_speed,114,1.0006262382194293,1.9791390225568457,0.5124435731693824,0.002186424374923041,0,0.03036069327455621,0.2805049642920494
1.0,0.5,2.0,2.0,0.0025,0.005,20.0,4000,two_speed,114,0.9997409271523494,1.9959102334303096,0.49605144604233076,0.003354066393613894,0,0.017781518788861504,0.2805049642920494
1.0,0.5,2.0,2.0,0.0025,0.005,0.5,100,two_speed,115,0.9998145418267086,1.9964347053536853,0.49807139246170307,0.0023488305007406765,0,0.012439694172699377,0.2735156725726223
1.0,0.5,2.0,2.0,0.0025,0.005,1.0,200,two_speed,115,0.9995411311994554,1.9880380764282295,0.4951212925453106,0.002527000716050481,0,0.0194374144808817,0.2735156725726223
1.0,0.5,2.0,2.0,0.0025,0.005,2.0,400,two_speed,115,1.0000151114863318,1.9931918492412894,0.5093472970549666,0.002108072079982358,0,0.017796049028247975,0.2735156725726223
1.0,0.5,2.0,2.0,0.0025,0.005,3.5,700,two_speed,115,1.000396514487494,2.0131390130964872,0.517086373540254,0.00191155274893671,0,0.027896591001166947,0.2735156725726223
1.0,0.5,2.0,2.0,0.0025,0.005,5.0,1000,two_speed,115,1.0001331824866602,2.0074632257848792,0.5026695001400661,0.0016796891212990644,0,0.012357416615591591,0.2735156725726223
1.0,0.5,2.0,2.0,0.0025,0.005,10.0,2000,two_speed,115,1.0002907827247234,1.986170349444191,0.5097497730047121,0.00231962684061356,0,0.02303903518347363,0.2735156725726223
1.0,0.5,2.0,2.0,0.0025,0.005,20.0,4000,two_speed,115,0.999910146960953,1.9887536645526822,0.5020303781228135,0.0019316881738445449,0,0.01632523428121796,0.2735156725726223
1.0,0.5,2.0,2.0,0.0025,0.005,0.5,100,two_speed,116,1.0001116869233226,2.007305816192319,0.49875715908737805,0.0010074543824063035,0,0.009972555341146817,0.27276547028616605
1.0,0.5,2.0,2.0,0.0025,0.005,1.0,200,two_speed,116,1.0001741502081363,2.0093815988177512,0.5006536575832699,0.002280290390809225,0,0.015596582430366667,0.27276547028616605
1.0,0.5,2.0,2.0,0.0025,0.005,2.0,400,two_speed,116,1.0003586649636715,2.014941064543765,0.5047834933729982,0.0021377059860382334,0,0.020972521610422547,0.27276547028616605
1.0,0.5,2.0,2.0,0.0025,0.005,3.5,700,two_speed,116,0.9999179711360814,2.035511550296839,0.49588709648222645,0.003587211083580922,0,0.04494488129660878,0.27276547028616605
1.0,0.5,2.0,2.0,0.0025,0.005,5.0,1000,two_speed,116,0.9997209739883377,2.0079373951503467,0.4993248460418711,0.0031119600371841585,0,0.017849926918355057,0.27276547028616605
1.0,0.5,2.0,2.0,0.0025,0.005,10.0,2000,two_speed,116,1.0000884355538344,2.042476977487767,0.5174084943604089,0.002664053361153323,0,0.05501454452723329,0.27276547028616605
1.0,0.5,2.0,2.0,0.0025,0.005,20.0,4000,two_speed,116,0.9997734342407992,2.021700913752572,0.5089217783256379,0.001665877609384899,0,0.028954392861063976,0.27276547028616605
1.0,0.5,2.0,2.0,0.0025,0.005,0.5,100,two_speed,117,1.0001771603989695,1.9991313056872306,0.4960871931170906,0.002134341972209365,0,0.011908861678948638,0.27553104772232473
1.0,0.5,2.0,2.0,0.0025,0.005,1.0,200,two_speed,117,1.0000350522599302,2.0090790232173807,0.4943176531527975,0.0020645048999909147,0,0.01643843867936269,0.27553104772232473
1.0,0.5,2.0,2.0,0.0025,0.005,2.0,400,two_speed,117,1.000297910648978,2.000961542544977,0.49633372879946697,0.0014795338929102,0,0.00925294909866312,0.27553104772232473
1.0,0.5,2.0,2.0,0.0025,0.005,3.5,700,two_speed,117,1.0003638633785883,1.985470107622059,0.49993953328961016,0.002022135760342328,0,0.01957888801491314,0.27553104772232473
1.0,0.5,2.0,2.0,0.0025,0.005,5.0,1000,two_speed,117,1.0003819576933701,1.9825618028624765,0.5068961746214116,0.0017992953038234829,0,0.02344392238172611,0.27553104772232473
1.0,0.5,2.0,2.0,0.0025,0.005,10.0,2000,two_speed,117,1.0002261067140212,2.001335243616284,0.49813809465501757,0.0020725048167739707,0,0.010741689630063687,0.27553104772232473
1.0,0.5,2.0,2.0,0.0025,0.005,20.0,4000,two_speed,117,1.00038866479758,2.0089108979249097,0.5130296701195457,0.002327149624191208,0,0.022382657801979986,0.27553104772232473
1.0,0.5,2.0,2.0,0.0025,0.005,0.5,100,two_speed,118,0.9999970289932567,2.0190004610070686,0.4991291589472759,0.0020540014310904795,0,0.02418477561227368,0.29143469642648206
1.0,0.5,2.0,2.0,0.0025,0.005,1.0,200,two_speed,118,1.0001180516949337,2.0269753723634025,0.49962403184146864,0.002113776140678261,0,0.03283762614146655,0.29143469642648206
1.0,0.5,2.0,2.0,0.0025,0.005,2.0,400,two_speed,118,1.0000890702478904,2.029083469421881,0.5068657322670166,0.0014516205834845621,0,0.035331469954217716,0.29143469642648206
1.0,0.5,2.0,2.0,0.0025,0.005,3.5,700,two_speed,118,1.0001854489051423,2.0388677280529475,0.5088545974793118,0.0020051315590686844,0,0.04705033818212841,0.29143469642648206
1.0,0.5,2.0,2.0,0.0025,0.005,5.0,1000,two_speed,118,1.000055013240049,2.0424845472447295,0.5059408911303929,0.0023450404269179203,0,0.050851889125903445,0.29143469642648206
1.0,0.5,2.0,2.0,0.0025,0.005,10.0,2000,two_speed,118,1.0004036439288122,2.0135084912468244,0.5262886449009678,0.0020347104441974144,0,0.037934872878637844,0.29143469642648206
1.0,0.5,2.0,2.0,0.0025,0.005,20.0,4000,two_speed,118,0.9997704071308195,1.9630381396292782,0.49994513134307506,0.001752321299897627,0,0.04354716383233312,0.29143469642648206
1.0,0.5,2.0,2.0,0.0025,0.005,0.5,100,two_speed,119,0.9999403891934859,2.0133886021982117,0.5025880110627543,0.001823767388216864,0,0.01820039759395575,0.27159116671620204
1.0,0.5,2.0,2.0,0.0025,0.005,1.0,200,two_speed,119,1.0002026001979156,1.9999697891237127,0.5042026021939141,0.0016719555517421424,0,0.009686780638588416,0.27159116671620204
1.0,0.5,2.0,2.0,0.0025,0.005,2.0,400,two_speed,119,0.9999347402048534,2.0158912083556313,0.49649872399138584,0.0021042069968292263,0,0.021528711777264533,0.27159116671620204
1.0,0.5,2.0,2.0,0.0025,0.005,3.5,700,two_speed,119,1.000240425975316,2.006861867258271,0.509025632153487,0.0017807683370776204,0,0.016359036289028704,0.27159116671620204
1.0,0.5,2.0,2.0,0.0025,0.005,5.0,1000,two_speed,119,0.9998784465036318,1.9848047747260171,0.49908823717943684,0.0023219113947176404,0,0.020952332535820198,0.27159116671620204
1.0,0.5,2.0,2.0,0.0025,0.005,10.0,2000,two_speed,119,0.9994433617420889,1.981332267155898,0.49595455562821417,0.0019662011284152627,0,0.02412969088634014,0.27159116671620204
1.0,0.5,2.0,2.0,0.0025,0.005,20.0,4000,two_speed,119,0.9998280575439612,1.9350389874945115,0.5052283493789226,0.0018848780809478396,0,0.07572218198502935,0.27159116671620204
1.0,0.5,2.0,2.0,0.0025,0.005,0.5,100,two_speed,120,0.9999256074408746,1.9947767477598708,0.49798874918953023,0.0017797766295075733,0,0.010900008775874007,0.29732199414034505
1.0,0.5,2.0,2.0,0.0025,0.005,1.0,200,two_speed,120,0.9998569044744701,1.9990377321267092,0.4954871864714124,0.0014324585122693642,0,0.009084243482930276,0.29732199414034505
1.0,0.5,2.0,2.0,0.0025,0.005,2.0,400,two_speed,120,1.0002663228331337,1.9959766160535564,0.5080414060768134,0.0019316707038903706,0,0.014533121821718918,0.29732199414034505
1.0,0.5,2.0,2.0,0.0025,0.005,3.5,700,two_speed,120,1.0003177695885397,1.982884532314282,0.5205081218314647,0.00176066767936975,0,0.03363080821492146,0.29732199414034505
1.0,0.5,2.0,2.0,0.0025,0.005,5.0,1000,two_speed,120,0.9999883850068126,1.9701641854627912,0.513162993031693,0.001719913089723882,0,0.039153653444616916,0.29732199414034505
1.0,0.5,2.0,2.0,0.0025,0.005,10.0,2000,two_speed,120,1.000103001438622,1.964377275715052,0.49683925543072377,0.0014143301253042072,0,0.0420058583568472,0.29732199414034505
1.0,0.5,2.0,2.0,0.0025,0.005,20.0,4000,two_speed,120,1.0003369328415577,1.9214621649299413,0.5114158347428287,0.001780773775647981,0,0.09169051168026214,0.29732199414034505
1.0,0.5,2.0,2.0,0.0025,0.005,0.5,100,two_speed,121,1.000292469526988,1.9881902175835422,0.5063788416605413,0.002010390242758321,0,0.018556511537962173,0.28473837500704186
1.0,0.5,2.0,2.0,0.0025,0.005,1.0,200,two_speed,121,1.0003025169842408,1.9899255610058995,0.5102099658786633,0.002036267227196871,0,0.019887101730867787,0.28473837500704186
1.0,0.5,2.0,2.0,0.0025,0.005,2.0,400,two_speed,121,1.0003306605933484,1.9957453847254671,0.5092775769115417,0.0029032496196436694,0,0.01896098905707374,0.28473837500704186
1.0,0.5,2.0,2.0,0.0025,0.005,3.5,700,two_speed,121,1.0000536095832955,1.9922839406184631,0.5061873563564048,0.0021100433542523356,0,0.015764325845892865,0.28473837500704186
1.0,0.5,2.0,2.0,0.0025,0.005,5.0,1000,two_speed,121,1.0000402996453728,2.0028652022815474,0.5002386383132477,0.0021429933505619113,0,0.011024424737886033,0.28473837500704186
1.0,0.5,2.0,2.0,0.0025,0.005,10.0,2000,two_speed,121,1.0002487196424297,1.9986825878156569,0.5058186285301227,0.001770120018089196,0,0.011361721997187822,0.28473837500704186
1.0,0.5,2.0,2.0,0.0025,0.005,20.0,4000,two_speed,121,1.0001538342127063,1.9884145844267964,0.5025757121480167,0.0013797326387571089,0,0.015298877950451173,0.28473837500704186
1.0,0.5,2.0,2.0,0.0025,0.005,0.5,100,two_speed,122,1.0000276973690525,1.9886403525852459,0.5012609265670384,0.0020592249863380686,0,0.01663092756649238,0.2751851964276284
1.0,0.5,2.0,2.0,0.0025,0.005,1.0,200,two_speed,122,1.0001179213572362,1.9842589301658309,0.506424002522982,0.002716491054347522,0,0.023992124113241912,0.2751851964276284
1.0,0.5,2.0,2.0,0.0025,0.005,2.0,400,two_speed,122,0.9998752072541216,1.9762997622323804,0.5011277089748781,0.0024745183701749963,0,0.029988292762918072,0.2751851964276284
1.0,0.5,2.0,2.0,0.0025,0.005,3.5,700,two_speed,122,0.9999442220318447,1.9774121413832655,0.4946942568229042,0.0014847636328806809,0,0.028000076003203544,0.2751851964276284
1.0,0.5,2.0,2.0,0.0025,0.005,5.0,1000,two_speed,122,0.999893880462018,1.988399400798457,0.5002996076970092,0.002057862116258772,0,0.016786508929155557,0.2751851964276284
1.0,0.5,2.0,2.0,0.0025,0.005,10.0,2000,two_speed,122,0.9995930646730558,2.0154519033704754,0.5081212003109528,0.0023242253201911306,0,0.02408329554185256,0.2751851964276284
1.0,0.5,2.0,2.0,0.0025,0.005,20.0,4000,two_speed,122,0.9997343582894118,2.014169329588947,0.511111835046473,0.002453488796175057,0,0.025201730682760045,0.2751851964276284
1.0,0.5,2.0,2.0,0.0025,0.005,0.5,100,two_speed,123,0.9997699300195182,1.9957501899803118,0.4985013628655224,0.0023786508891316762,0,0.012779386996494481,0.27536913686032805
1.0,0.5,2.0,2.0,0.0025,0.005,1.0,200,two_speed,123,0.999730482277863,2.0015446297313977,0.5024045520105603,0.002170225931235056,0,0.011479679836954453,0.27536913686032805
1.0,0.5,2.0,2.0,0.0025,0.005,2.0,400,two_speed,123,1.0001471902061216,1.995381631039583,0.5010579367768984,0.0016763268350913551,0,0.009881938202050756,0.27536913686032805
1.0,0.5,2.0,2.0,0.0025,0.005,3.5,700,two_speed,123,1.0001206668023992,2.0041991112337834,0.5001364751257275,0.0019280152012501272,0,0.010641119406871985,0.27536913686032805
1.0,0.5,2.0,2.0,0.0025,0.005,5.0,1000,two_speed,123,1.0001183356217334,2.0031104286538333,0.5019688775891871,0.0017841014294194108,0,0.009758584014394644,0.27536913686032805
1.0,0.5,2.0,2.0,0.0025,0.005,10.0,2000,two_speed,123,0.9994143599601604,1.9712073841055047,0.48883738320306963,0.002798174901842037,0,0.03858017695353846,0.27536913686032805
1.0,0.5,2.0,2.0,0.0025,0.005,20.0,4000,two_speed,123,1.0002420048415472,1.9591929311158716,0.500058501321889,0.0018212952464490414,0,0.04796271601971377,0.27536913686032805
1.0,0.5,2.0,2.0,0.0025,0.005,0.5,100,two_speed,124,1.0001235863057902,2.014625829528595,0.5003273418165601,0.002317840918306357,0,0.020364945166578215,0.27124216670303475
1.0,0.5,2.0,2.0,0.0025,0.005,1.0,200,two_speed,124,1.0000264009386781,2.0152566437791983,0.5000890632453692,0.0011273558492860514,0,0.018464795992817164,0.27124216670303475
1.0,0.5,2.0,2.0,0.0025,0.005,2.0,400,two_speed,124,1.0003515636336184,2.0148417056442125,0.5146638037272961,0.0016299565699910057,0,0.026290571060724476,0.27124216670303475
1.0,0.5,2.0,2.0,0.0025,0.005,3.5,700,two_speed,124,1.000396542843285,2.0266136424925048,0.5100477045664633,0.001679514894556172,0,0.034009896432435856,0.27124216670303475
1.0,0.5,2.0,2.0,0.0025,0.005,5.0,1000,two_speed,124,1.000036288261994,2.02603702894506,0.505744280841705,0.0016250740939064054,0,0.03189955447766691,0.27124216670303475
1.0,0.5,2.0,2.0,0.0025,0.005,10.0,2000,two_speed,124,1.000261317831769,2.0157813435130962,0.5027258970914624,0.0024484439481158413,0,0.022025419251177916,0.27124216670303475
1.0,0.5,2.0,2.0,0.0025,0.005,20.0,4000,two_speed,124,1.0001141394203656,1.9959414830244036,0.5149393707786127,0.002372157755166977,0,0.022897556548722723,0.27124216670303475
1.0,0.5,2.0,2.0,0.0025,0.005,0.5,100,two_speed,125,0.9997772633360406,1.9895323395051818,0.4929392575735474,0.0017486007294099009,0,0.0172812669815962,0.2715197441367699
1.0,0.5,2.0,2.0,0.0025,0.005,1.0,200,two_speed,125,0.9995921660046948,1.9944459920757118,0.48918857552161404,0.0023617760797234617,0,0.018851945121549706,0.2715197441367699
1.0,0.5,2.0,2.0,0.0025,0.005,2.0,400,two_speed,125,0.9997566861909216,1.9999956176110925,0.4994035187163261,0.0017153847526577997,0,0.0084870421124097,0.2715197441367699
1.0,0.5,2.0,2.0,0.0025,0.005,3.5,700,two_speed,125,0.9998355355999395,2.0238722301237306,0.5058619219910011,0.0021580954774903863,0,0.030488782058471206,0.2715197441367699
1.0,0.5,2.0,2.0,0.0025,0.005,5.0,1000,two_speed,125,0.9997096094366639,2.029621655689379,0.5103040876879683,0.002667205236754273,0,0.039010754569213595,0.2715197441367699
1.0,0.5,2.0,2.0,0.0025,0.005,10.0,2000,two_speed,125,0.999928663079304,2.0426473953406115,0.5031830994115674,0.0022553719319899274,0,0.05055795631450122,0.2715197441367699
1.0,0.5,2.0,2.0,0.0025,0.005,20.0,4000,two_speed,125,0.9998860908338418,2.077431243502964,0.5010224841063636,0.0019583313420161058,0,0.0898944758350724,0.2715197441367699
1.0,0.5,2.0,2.0,0.0025,0.005,0.5,100,two_speed,126,1.000168481976618,1.99693236879052,0.5008640266049428,0.002158726293363847,0,0.011215701923721904,0.2753156309980633
1.0,0.5,2.0,2.0,0.0025,0.005,1.0,200,two_speed,126,1.0004687566868793,1.9999178371759778,0.5074675080347691,0.002704583893275283,0,0.01605788910970675,0.2753156309980633
1.0,0.5,2.0,2.0,0.0025,0.005,2.0,400,two_speed,126,1.0001147847407525,1.9995252075372765,0.5016524444446145,0.0016232742605620815,0,0.008225049166194915,0.2753156309980633
1.0,0.5,2.0,2.0,0.0025,0.005,3.5,700,two_speed,126,0.9997690754419369,1.987663530957865,0.4998375821358127,0.00305818559375355,0,0.02071775037818978,0.2753156309980633
1.0,0.5,2.0,2.0,0.0025,0.005,5.0,1000,two_speed,126,1.000096459207797,1.9759398860935664,0.511381399309517,0.001471548720589637,0,0.03212530436136439,0.2753156309980633
1.0,0.5,2.0,2.0,0.0025,0.005,10.0,2000,two_speed,126,0.999985803839425,1.9751325698293056,0.5052567346096275,0.0017152491565525809,0,0.030664475490683747,0.2753156309980633
1.0,0.5,2.0,2.0,0.0025,0.005,20.0,4000,two_speed,126,1.0000171791695112,2.0104225202006343,0.506371215072057,0.0019781711539093097,0,0.01747923046566641,0.2753156309980633
1.0,0.5,2.0,2.0,0.0025,0.005,0.5,100,two_speed,127,1.0001495396458393,1.9991217420813732,0.5000207649971031,0.001879233567797543,0,0.009302024185162933,0.2854078928607383
1.0,0.5,2.0,2.0,0.0025,0.005,1.0,200,two_speed,127,1.0000089779288537,1.9829963853927717,0.4995122835870111,0.0024655789404678884,0,0.02306903695683825,0.2854078928607383
1.0,0.5,2.0,2.0,0.0025,0.005,2.0,400,two_speed,127,1.0001335237484823,1.9873498037143005,0.5011831079700201,0.0022204734854748514,0,0.01827520196014068,0.2854078928607383
1.0,0.5,2.0,2.0,0.0025,0.005,3.5,700,two_speed,127,1.0000132245771178,1.9970405791422114,0.5095667550706406,0.001521164475386932,0,0.014910913432229247,0.2854078928607383
1.0,0.5,2.0,2.0,0.0025,0.005,5.0,1000,two_speed,127,1.0001247999290708,1.9885251574394214,0.5128717910177966,0.0018414120260954808,0,0.023023598580145258,0.2854078928607383
1.0,0.5,2.0,2.0,0.0025,0.005,10.0,2000,two_speed,127,0.9997581492286584,1.9987582729045281,0.5061359169427754,0.0022532553994143,0,0.014066493999428716,0.2854078928607383
1.0,0.5,2.0,2.0,0.0025,0.005,20.0,4000,two_speed,127,1.0004683042850995,2.017537034719124,0.5212159860275238,0.0026541218189915982,0,0.035701087474907786,0.2854078928607383
1.0,0.5,2.0,2.0,0.0025,0.005,0.5,100,two_speed,128,0.9999206941812475,2.009096197365844,0.4987213470828363,0.0014928219968004229,0,0.012899245857131142,0.2773329464253038
1.0,0.5,2.0,2.0,0.0025,0.005,1.0,200,two_speed,128,1.0000171420724275,2.0046804551633244,0.5024932203483866,0.0019558642598698777,0,0.011463984264830496,0.2773329464253038
1.0,0.5,2.0,2.0,0.0025,0.005,2.0,400,two_speed,128,0.9996648231065884,2.0104258738778635,0.49732466698856176,0.0017588903514705895,0,0.015162676922028273,0.2773329464253038
1.0,0.5,2.0,2.0,0.0025,0.005,3.5,700,two_speed,128,1.0003569963100385,2.015511198323356,0.5043787070235942,0.0018637719968790344,0,0.020760979708909135,0.2773329464253038
1.0,0.5,2.0,2.0,0.0025,0.005,5.0,1000,two_speed,128,1.000505515288886,2.022101747763281,0.500131585386893,0.002815297406781122,0,0.029109249739825448,0.2773329464253038
1.0,0.5,2.0,2.0,0.0025,0.005,10.0,2000,two_speed,128,0.9999878127077195,2.0314058787525044,0.5079393717004972,0.0020898268491243484,0,0.03889901842464777,0.2773329464253038
1.0,0.5,2.0,2.0,0.0025,0.005,20.0,4000,two_speed,128,0.9998101437009697,2.0460969272358698,0.5085643893617166,0.0012758271027575355,0,0.05459690953474689,0.2773329464253038
1.0,0.5,2.0,2.0,0.0025,0.005,0.5,100,two_speed,129,1.0000716343625708,2.0118264009706635,0.5000752986025918,0.002311091709674618,0,0.017749403601626364,0.27304557142114
1.0,0.5,2.0,2.0,0.0025,0.005,1.0,200,two_speed,129,0.9998374233576707,2.00833744137447,0.49643810065738464,0.0015750161085969347,0,0.013098959590966385,0.27304557142114
1.0,0.5,2.0,2.0,0.0025,0.005,2.0,400,two_speed,129,0.9999935206276276,2.0170615836882315,0.49676149274144965,0.0017047099208699736,0,0.021837449451498757,0.27304557142114
1.0,0.5,2.0,2.0,0.0025,0.005,3.5,700,two_speed,129,0.9998622985072064,2.00296777119498,0.4931166112198915,0.0021475921671155027,0,0.014146208246408906,0.27304557142114
1.0,0.5,2.0,2.0,0.0025,0.005,5.0,1000,two_speed,129,0.9998002545763898,1.9944710739016995,0.4885799991591815,0.0016951008060865208,0,0.018011316342511997,0.27304557142114
1.0,0.5,2.0,2.0,0.0025,0.005,10.0,2000,two_speed,129,1.0000441364281056,1.992092234411419,0.5053007122040885,0.002124093469303672,0,0.015458593098749886,0.27304557142114
1.0,0.5,2.0,2.0,0.0025,0.005,20.0,4000,two_speed,129,0.9998774105229802,1.9664070609186506,0.5136068959866421,0.001724998964460959,0,0.043281408797122015,0.27304557142114
1.0,0.5,2.0,2.0,0.0025,0.005,0.5,100,two_speed,130,0.9998563550311719,1.9946647945680116,0.5036087397790874,0.002524502083783185,0,0.014740796398580329,0.2712368154233055
1.0,0.5,2.0,2.0,0.0025,0.005,1.0,200,two_speed,130,0.9996721148028468,2.009384004477875,0.5003272777171365,0.0024965685499586873,0,0.01645163688866223,0.2712368154233055
1.0,0.5,2.0,2.0,0.0025,0.005,2.0,400,two_speed,130,1.0001332906299958,2.0119397304918105,0.5080967636992197,0.0016673598870986237,0,0.019019272629953794,0.2712368154233055
1.0,0.5,2.0,2.0,0.0025,0.005,3.5,700,two_speed,130,1.0000072528256387,2.0215040161145588,0.5033256442878027,0.002203967583349737,0,0.027383341404927014,0.2712368154233055
1.0,0.5,2.0,2.0,0.0025,0.005,5.0,1000,two_speed,130,1.0000022150498071,2.035736320143718,0.5057068799820279,0.002103118428719799,0,0.04307861652069782,0.2712368154233055
1.0,0.5,2.0,2.0,0.0025,0.005,10.0,2000,two_speed,130,1.000101996450142,2.076482011659619,0.5010537132667191,0.0021028219602851872,0,0.08883989757106882,0.2712368154233055
1.0,0.5,2.0,2.0,0.0025,0.005,20.0,4000,two_speed,130,0.9998295382803982,2.0901749160483893,0.5009791916568518,0.0021048706716182792,0,0.10456158471306311,0.2712368154233055
1.0,0.5,2.0,2.0,0.0025,0.005,0.5,100,two_speed,131,0.999852350331663,2.0109599443609336,0.4980622014781297,0.002507682533843456,0,0.017793322779638895,0.2758399107094322
1.0,0.5,2.0,2.0,0.0025,0.005,1.0,200,two_speed,131,0.9998335381518282,1.9976688949805774,0.5008943888682217,0.002418883898954851,0,0.012285573566055717,0.2758399107094322
1.0,0.5,2.0,2.0,0.0025,0.005,2.0,400,two_speed,131,0.999975420262056,1.98697405772501,0.5070521863648156,0.0017081049806231036,0,0.01952699326255037,0.2758399107094322
1.0,0.5,2.0,2.0,0.0025,0.005,3.5,700,two_speed,131,1.0005681155724806,1.987874793835414,0.5161797618967358,0.0025537744852241486,0,0.027461000516477683,0.2758399107094322
1.0,0.5,2.0,2.0,0.0025,0.005,5.0,1000,two_speed,131,1.0001318659587237,2.0033010024065576,0.5061254117566044,0.002393887979980433,0,0.014591319556712126,0.2758399107094322
1.0,0.5,2.0,2.0,0.0025,0.005,10.0,2000,two_speed,131,0.9999253115813834,1.9979818290512041,0.508325578050923,0.0019181832423833885,0,0.014688010646612059,0.2758399107094322
1.0,0.5,2.0,2.0,0.0025,0.005,20.0,4000,two_speed,131,0.9999741661465464,2.0143785689250433,0.5073755750992116,0.0015036680647963453,0,0.020522927934826293,0.2758399107094322
1.0,0.5,2.0,2.0,0.0025,0.005,0.5,100,two_speed,132,0.9999979453356962,2.0073725260781385,0.5004436675202016,0.0020318157821964133,0,0.013118750220312699,0.27595095842012335
1.0,0.5,2.0,2.0,0.0025,0.005,1.0,200,two_speed,132,1.000149097962646,2.0049018493506336,0.5054543831436129,0.0020833342779533748,0,0.013550123104277693,0.27595095842012335
1.0,0.5,2.0,2.0,0.0025,0.005,2.0,400,two_speed,132,1.000409149438402,2.01545994587269,0.5016715394934943,0.002761760061732564,0,0.022517339455413767,0.27595095842012335
1.0,0.5,2.0,2.0,0.0025,0.005,3.5,700,two_speed,132,0.9998735570109619,1.9948358831308628,0.49216238184992644,0.0018600675863418344,0,0.014840431035492919,0.27595095842012335
1.0,0.5,2.0,2.0,0.0025,0.005,5.0,1000,two_speed,132,0.9998823245388442,1.992332624727902,0.49458391492941645,0.0019182660881443534,0,0.014653112437505424,0.27595095842012335
1.0,0.5,2.0,2.0,0.0025,0.005,10.0,2000,two_speed,132,1.000554711800848,1.9544312903036598,0.5170072875290246,0.00303034522624053,0,0.05803773145988649,0.27595095842012335
1.0,0.5,2.0,2.0,0.0025,0.005,20.0,4000,two_speed,132,1.0002712140356456,1.9514906773232252,0.513292558673877,0.002265081564866114,0,0.0591060470806773,0.27595095842012335
1.0,0.5,2.0,2.0,0.0025,0.005,0.5,100,two_speed,133,0.9995969132361449,1.998722236061319,0.4939296537782144,0.0026031243846365315,0,0.014784658068429815,0.27044289286381434
1.0,0.5,2.0,2.0,0.0025,0.005,1.0,200,two_speed,133,0.9997527215629086,1.9997638274177927,0.503585863740834,0.0029804904826963817,0,0.015564753242453835,0.27044289286381434
1.0,0.5,2.0,2.0,0.0025,0.005,2.0,400,two_speed,133,0.9999293679743239,1.996035206348416,0.508281045548954,0.002018093302423365,0,0.015433115243804694,0.27044289286381434
1.0,0.5,2.0,2.0,0.0025,0.005,3.5,700,two_speed,133,1.000117397596287,1.9812465118658737,0.5145552901949653,0.0017148334252377214,0,0.029728977339039488,0.27044289286381434
1.0,0.5,2.0,2.0,0.0025,0.005,5.0,1000,two_speed,133,1.0002052355374609,1.9612323733322936,0.5121476381653451,0.002312018385172961,0,0.04841052532423155,0.27044289286381434
1.0,0.5,2.0,2.0,0.0025,0.005,10.0,2000,two_speed,133,1.000127670571708,1.9439431664517595,0.5059633339224175,0.002594853906382942,0,0.06622750519788428,0.27044289286381434
1.0,0.5,2.0,2.0,0.0025,0.005,20.0,4000,two_speed,133,0.9999440735206241,1.9394695596702987,0.5102608861267597,0.002513986315098946,0,0.07177648494321427,0.27044289286381434
1.0,0.5,2.0,2.0,0.0025,0.005,0.5,100,two_speed,134,0.9996299411476581,2.0062535921951774,0.4948435294736225,0.0028812276152499,0,0.017036286615707278,0.27794765471480787
1.0,0.5,2.0,2.0,0.0025,0.005,1.0,200,two_speed,134,0.9998104644148375,2.015293654175304,0.4999511217361795,0.0017602554035973566,0,0.019679938802803276,0.27794765471480787
1.0,0.5,2.0,2.0,0.0025,0.005,2.0,400,two_speed,134,0.9998157322066447,2.014193180362091,0.5011806480532106,0.00207130729667953,0,0.019397394219707802,0.27794765471480787
1.0,0.5,2.0,2.0,0.0025,0.005,3.5,700,two_speed,134,1.0000662664112652,2.014786950768773,0.501041813356657,0.0020375600517470115,0,0.01982130260660907,0.27794765471480787
1.0,0.5,2.0,2.0,0.0025,0.005,5.0,1000,two_speed,134,1.000160543059462,2.03070173412195,0.49780411571592814,0.0016303200164045786,0,0.036534857002360414,0.27794765471480787
1.0,0.5,2.0,2.0,0.0025,0.005,10.0,2000,two_speed,134,1.000234920442919,2.0339680412271486,0.5059498143267454,0.0014293853737701178,0,0.04043333248589576,0.27794765471480787
1.0,0.5,2.0,2.0,0.0025,0.005,20.0,4000,two_speed,134,1.0002328072093223,2.0488114414735543,0.5069683212163688,0.0018701258177481303,0,0.057609728429433,0.27794765471480787
1.0,0.5,2.0,2.0,0.0025,0.005,0.5,100,two_speed,135,1.0000986044804063,1.9948987782677752,0.5019834155407047,0.0016142914321092207,0,0.010164332950975121,0.2624486071456756
1.0,0.5,2.0,2.0,0.0025,0.005,1.0,200,two_speed,135,1.000097109701523,1.990293465325752,0.5039342645491054,0.001415638546978109,0,0.014072457018770277,0.2624486071456756
1.0,0.5,2.0,2.0,0.0025,0.005,2.0,400,two_speed,135,1.0000154453155872,1.995028119440204,0.5035893659174612,0.002508342960993463,0,0.01433477611374808,0.2624486071456756
1.0,0.5,2.0,2.0,0.0025,0.005,3.5,700,two_speed,135,1.0000549681824626,1.9807825307371265,0.5076642270562709,0.0017428517767256672,0,0.025657995377217576,0.2624486071456756
1.0,0.5,2.0,2.0,0.0025,0.005,5.0,1000,two_speed,135,1.000003685611061,1.9829152419640843,0.5076337184887468,0.001705300211378625,0,0.023555515771796164,0.2624486071456756
1.0,0.5,2.0,2.0,0.0025,0.005,10.0,2000,two_speed,135,0.9996938141416272,1.986375374120865,0.5049696925284567,0.002865475340610132,0,0.02232750679331471,0.2624486071456756
1.0,0.5,2.0,2.0,0.0025,0.005,20.0,4000,two_speed,135,0.9999115656730408,2.001778759285752,0.5000069178580588,0.002949990212529197,0,0.01462188694935505,0.2624486071456756
1.0,0.5,2.0,2.0,0.0025,0.005,0.5,100,two_speed,136,1.0001630778904889,1.995370739534195,0.502622238496429,0.00255110912992153,0,0.013976672044848476,0.26233904156833887
1.0,0.5,2.0,2.0,0.0025,0.005,1.0,200,two_speed,136,0.9997729343267175,1.9972947677711639,0.49642640150183137,0.0026347205564652408,0,0.013972290798754693,0.26233904156833887
1.0,0.5,2.0,2.0,0.0025,0.005,2.0,400,two_speed,136,1.0003198909413442,1.9922325641754508,0.5089101775054174,0.0019663960141505874,0,0.017183904954173802,0.26233904156833887
1.0,0.5,2.0,2.0,0.0025,0.005,3.5,700,two_speed,136,1.0003061840066332,1.9818188195627762,0.5130129108510043,0.002548218859099921,0,0.029428914848329768,0.26233904156833887
1.0,0.5,2.0,2.0,0.0025,0.005,5.0,1000,two_speed,136,0.9998580206065836,1.9848142305677523,0.5028154946893205,0.0019712608416674418,0,0.020421800115692085,0.26233904156833887
1.0,0.5,2.0,2.0,0.0025,0.005,10.0,2000,two_speed,136,0.9996068958117188,2.0015809447610566,0.5026301585765096,0.0022686492214802644,0,0.012191069698869357,0.26233904156833887
1.0,0.5,2.0,2.0,0.0025,0.005,20.0,4000,two_speed,136,1.0001297044108086,1.98705417098599,0.50497577857854,0.0018970021185178271,0,0.01868317458167653,0.26233904156833887
1.0,0.5,2.0,2.0,0.0025,0.005,0.5,100,two_speed,137,1.0002159805085133,1.9983690950468571,0.5037738706403779,0.0018532988202635604,0,0.01034862057162386,0.2761873868460368
1.0,0.5,2.0,2.0,0.0025,0.005,1.0,200,two_speed,137,1.0002638123223726,2.002614604575434,0.5058824288823015,0.0019062285627138244,0,0.012209301716921847,0.2761873868460368
1.0,0.5,2.0,2.0,0.0025,0.005,2.0,400,two_speed,137,1.0001921371563915,1.9990886903241947,0.5131696435382673,0.0014049098827050059,0,0.01815106257050854,0.2761873868460368
1.0,0.5,2.0,2.0,0.0025,0.005,3.5,700,two_speed,137,1.000044919842986,1.9997161438238642,0.5152450896150557,0.0018000788490494433,0,0.0216022398107402,0.2761873868460368
1.0,0.5,2.0,2.0,0.0025,0.005,5.0,1000,two_speed,137,1.000194384960753,2.0099471480528557,0.5071709721844745,0.001345584008607049,0,0.015999015197943514,0.2761873868460368
1.0,0.5,2.0,2.0,0.0025,0.005,10.0,2000,two_speed,137,1.000048605026178,2.0226530829356597,0.5070814727862584,0.0019469929234755645,0,0.029220705374330545,0.2761873868460368
1.0,0.5,2.0,2.0,0.0025,0.005,20.0,4000,two_speed,137,0.9997287390785032,2.0278437582189466,0.5003717790274358,0.003415452929014677,0,0.03630084683158758,0.2761873868460368
1.0,0.5,2.0,2.0,0.0025,0.005,0.5,100,two_speed,138,1.000028823915379,1.9916718098262614,0.5003728376507037,0.0014869115099273688,0,0.012077004854894567,0.2594285892888105
1.0,0.5,2.0,2.0,0.0025,0.005,1.0,200,two_speed,138,0.9999802305644155,1.9855129514474148,0.5023032131273721,0.0015105828006790575,0,0.018540973824985412,0.2594285892888105
1.0,0.5,2.0,2.0,0.0025,0.005,2.0,400,two_speed,138,0.9996937494568227,1.9882160053401652,0.49284485549297163,0.0017600214178614363,0,0.018386788572639572,0.2594285892888105
1.0,0.5,2.0,2.0,0.0025,0.005,3.5,700,two_speed,138,0.9997471277985596,1.9854881805770799,0.49910734198573053,0.0021178962591040635,0,0.019768653807440827,0.2594285892888105
1.0,0.5,2.0,2.0,0.0025,0.005,5.0,1000,two_speed,138,1.0001157201695956,1.981300249764755,0.4968604388941057,0.0017922465059258144,0,0.023759326664099262,0.2594285892888105
1.0,0.5,2.0,2.0,0.0025,0.005,10.0,2000,two_speed,138,0.9999690969854805,1.9881816099798237,0.5128673628466023,0.0030363722940173633,0,0.026357205977316202,0.2594285892888105
1.0,0.5,2.0,2.0,0.0025,0.005,20.0,4000,two_speed,138,0.999938227343333,2.0147385436233094,0.5001762825748451,0.0019476532272820176,0,0.019525185847512526,0.2594285892888105
1.0,0.5,2.0,2.0,0.0025,0.005,0.5,100,two_speed,139,0.9998824753637029,2.004136668922282,0.49928062920784777,0.0016381883691940129,0,0.009388981965036892,0.3006857201523547
1.0,0.5,2.0,2.0,0.0025,0.005,1.0,200,two_speed,139,0.9999600121983866,2.0061524217754694,0.5052303378691537,0.001906819797381905,0,0.013615222551484183,0.3006857201523547
1.0,0.5,2.0,2.0,0.0025,0.005,2.0,400,two_speed,139,1.000402772533379,2.0074626928293706,0.511027455992318,0.002055552101703708,0,0.019024251304616154,0.3006857201523547
1.0,0.5,2.0,2.0,0.0025,0.005,3.5,700,two_speed,139,1.0002635864986678,2.005701783305747,0.5095429881568909,0.0018073604699934097,0,0.016300859406936753,0.3006857201523547
1.0,0.5,2.0,2.0,0.0025,0.005,5.0,1000,two_speed,139,1.0001105922445093,2.012941705904957,0.5119790303800509,0.0015851709058212961,0,0.022787787691856035,0.3006857201523547
1.0,0.5,2.0,2.0,0.0025,0.005,10.0,2000,two_speed,139,1.0001631481458824,1.9997190511854037,0.509960065376287,0.0016728711173686491,0,0.015116412072113354,0.3006857201523547
1.0,0.5,2.0,2.0,0.0025,0.005,20.0,4000,two_speed,139,1.0001675933299554,1.9781984146911185,0.5059582679897862,0.0016763728182455954,0,0.027463593975905698,0.3006857201523547
1.0,0.5,2.0,2.0,0.0025,0.005,0.5,100,two_speed,140,0.9999756368144408,2.0009235117876027,0.4987971315671717,0.0019677111856478287,0,0.009829723517673044,0.262753940436856
1.0,0.5,2.0,2.0,0.0025,0.005,1.0,200,two_speed,140,1.0000963998947494,2.0040305478370786,0.5025333574512797,0.0023916764166892796,0,0.013011597130664413,0.262753940436856
1.0,0.5,2.0,2.0,0.0025,0.005,2.0,400,two_speed,140,1.0000319933221593,1.9922117630364085,0.5089916272917647,0.0011185763378548535,0,0.0156980054649444,0.262753940436856
1.0,0.5,2.0,2.0,0.0025,0.005,3.5,700,two_speed,140,1.0001233884245697,2.0248765069300223,0.501417709414834,0.002476176568763578,0,0.031202209118043535,0.262753940436856
1.0,0.5,2.0,2.0,0.0025,0.005,5.0,1000,two_speed,140,0.9998410697587566,2.034118825654756,0.4978384178632535,0.002299288668659575,0,0.04108526430726654,0.262753940436856
1.0,0.5,2.0,2.0,0.0025,0.005,10.0,2000,two_speed,140,1.0001516774463686,2.022670292155177,0.508912083585543,0.0020152700787847253,0,0.03004253674463334,0.262753940436856
1.0,0.5,2.0,2.0,0.0025,0.005,20.0,4000,two_speed,140,1.0002163209887376,2.0165304752072704,0.5144654155859428,0.002386277396447331,0,0.028875954156579144,0.262753940436856
1.0,0.5,2.0,2.0,0.0025,0.005,0.5,100,two_speed,141,1.0001460605424828,2.004093081988415,0.5068315667508901,0.0018756163027565042,0,0.01347254915551713,0.25736011913977563
1.0,0.5,2.0,2.0,0.0025,0.005,1.0,200,two_speed,141,1.0000464937516145,1.9982433803467607,0.5054955288665635,0.0017222130884137657,0,0.011222849267209423,0.25736011913977563
1.0,0.5,2.0,2.0,0.0025,0.005,2.0,400,two_speed,141,1.00045761630833,1.988052260598259,0.5128778576715946,0.003321865175141849,0,0.026721280688716667,0.25736011913977563
1.0,0.5,2.0,2.0,0.0025,0.005,3.5,700,two_speed,141,1.0003541559996216,1.9969784100746346,0.5107663260726636,0.0018537975274331316,0,0.016545450515150748,0.25736011913977563
1.0,0.5,2.0,2.0,0.0025,0.005,5.0,1000,two_speed,141,1.000365535101226,1.9906122175226466,0.5220805514527085,0.0018129683445980544,0,0.031219596840055555,0.25736011913977563
1.0,0.5,2.0,2.0,0.0025,0.005,10.0,2000,two_speed,141,0.9994062073448101,2.00734961173872,0.5008640753677142,0.00225683010539976,0,0.014400874038015831,0.25736011913977563
1.0,0.5,2.0,2.0,0.0025,0.005,20.0,4000,two_speed,141,1.000420192690005,2.082395252431693,0.5140464745914674,0.0021874955188970827,0,0.09660174069201165,0.25736011913977563
1.0,0.5,2.0,2.0,0.0025,0.005,0.5,100,two_speed,142,0.9998135959509955,1.9950284727742504,0.5001111385578674,0.0018611852514288654,0,0.010829931670527248,0.26347804771337124
1.0,0.5,2.0,2.0,0.0025,0.005,1.0,200,two_speed,142,1.0001737862595987,2.0002762744638773,0.5058254172877416,0.0018325588442226336,0,0.011590741856005012,0.26347804771337124
1.0,0.5,2.0,2.0,0.0025,0.005,2.0,400,two_speed,142,1.000250970299737,2.0247739788112686,0.5074406299803967,0.0034323333793573373,0,0.034462371603251545,0.26347804771337124
1.0,0.5,2.0,2.0,0.0025,0.005,3.5,700,two_speed,142,1.0000629206220435,2.0237113068476256,0.4965486654969132,0.002352877288048304,0,0.030117531214349156,0.26347804771337124
1.0,0.5,2.0,2.0,0.0025,0.005,5.0,1000,two_speed,142,1.0003761544030187,2.026812625945294,0.5076549863299022,0.0026755206690600515,0,0.03483787129655505,0.26347804771337124
1.0,0.5,2.0,2.0,0.0025,0.005,10.0,2000,two_speed,142,1.0001216131481845,2.046888833612129,0.5097439698997182,0.0021179789525037226,0,0.05619769421256429,0.26347804771337124
1.0,0.5,2.0,2.0,0.0025,0.005,20.0,4000,two_speed,142,1.0005644589158356,1.9911881581724036,0.5058876074511359,0.0023640591844326583,0,0.016903729050810837,0.26347804771337124
1.0,0.5,2.0,2.0,0.0025,0.005,0.5,100,two_speed,143,0.9999676263227506,1.9911006285758297,0.49700075045079917,0.0019424970332275933,0,0.014534469010365375,0.25998899999207686
1.0,0.5,2.0,2.0,0.0025,0.005,1.0,200,two_speed,143,1.000093820048688,1.9917741567181595,0.5026801727156044,0.0017725646164229627,0,0.01329378778485338,0.25998899999207686
1.0,0.5,2.0,2.0,0.0025,0.005,2.0,400,two_speed,143,1.0002656810844113,2.00037945408968,0.5126923278833633,0.0014125153317318215,0,0.017469852145224604,0.25998899999207686
1.0,0.5,2.0,2.0,0.0025,0.005,3.5,700,two_speed,143,0.9996845032051179,2.022276343916896,0.5018868455710992,0.0019938055726704445,0,0.027721239432684234,0.25998899999207686
1.0,0.5,2.0,2.0,0.0025,0.005,5.0,1000,two_speed,143,0.9996837375650253,2.015394270231457,0.5059774001167473,0.002644054067993596,0,0.023581341432256455,0.25998899999207686
1.0,0.5,2.0,2.0,0.0025,0.005,10.0,2000,two_speed,143,0.999967162502722,2.015578178283382,0.5034006642459045,0.0017633481081719396,0,0.020426611361180253,0.25998899999207686
1.0,0.5,2.0,2.0,0.0025,0.005,20.0,4000,two_speed,143,0.9995991092917672,2.0180181972758393,0.5012796672310744,0.0022967683115090133,0,0.023860143291296106,0.25998899999207686
1.0,0.5,2.0,2.0,0.0025,0.005,0.5,100,two_speed,144,0.9999054374878797,1.9972259936302683,0.495944474250732,0.001491770685683465,0,0.009494851610001876,0.2582355477082144
1.0,0.5,2.0,2.0,0.0025,0.005,1.0,200,two_speed,144,0.999785884074425,1.9985598097797284,0.49144082851798065,0.0023026745124447474,0,0.015720516498699003,0.2582355477082144
1.0,0.5,2.0,2.0,0.0025,0.005,2.0,400,two_speed,144,0.9999792030687176,2.0115693166748785,0.49608604703391657,0.002099382594189533,0,0.0176149650182911,0.2582355477082144
1.0,0.5,2.0,2.0,0.0025,0.005,3.5,700,two_speed,144,1.000156973522849,2.0075869733668155,0.502959580297198,0.002589247976737073,0,0.01585352315537854,0.2582355477082144
1.0,0.5,2.0,2.0,0.0025,0.005,5.0,1000,two_speed,144,1.0002596338474885,2.0323380966491102,0.4998409737362499,0.001745870071941163,0,0.0383371118871622,0.2582355477082144
1.0,0.5,2.0,2.0,0.0025,0.005,10.0,2000,two_speed,144,1.0002101871792644,1.996773507357207,0.5142773383474243,0.0028270440280419775,0,0.023237237313734956,0.2582355477082144
1.0,0.5,2.0,2.0,0.0025,0.005,20.0,4000,two_speed,144,1.0001567347861515,1.9859528825704427,0.514083720960722,0.0020727605371729913,0,0.02627644322362546,0.2582355477082144
1.0,0.5,2.0,2.0,0.0025,0.005,0.5,100,two_speed,145,1.0000584939023769,2.000172411233108,0.505784705045746,0.0013290496045219012,0,0.009902384269195829,0.2574206131310867
1.0,0.5,2.0,2.0,0.0025,0.005,1.0,200,two_speed,145,1.000246552250858,2.008446127625261,0.5045643885523148,0.002561231446626008,0,0.016835688809368553,0.2574206131310867
1.0,0.5,2.0,2.0,0.0025,0.005,2.0,400,two_speed,145,1.0000707346174404,2.007393960482256,0.5076289537530545,0.0022264402843746854,0,0.01697053986106761,0.2574206131310867
1.0,0.5,2.0,2.0,0.0025,0.005,3.5,700,two_speed,145,1.0003011839907472,2.0038029230925174,0.5149398604842671,0.0029988898274641036,0,0.024363663098063204,0.2574206131310867
1.0,0.5,2.0,2.0,0.0025,0.005,5.0,1000,two_speed,145,1.0001673725328932,1.9842971131842029,0.5142882601983105,0.0017895623135080363,0,0.027039569167141102,0.2574206131310867
1.0,0.5,2.0,2.0,0.0025,0.005,10.0,2000,two_speed,145,1.0001152123041865,2.0123255809504776,0.5103981379110156,0.0019428257909570932,0,0.02170953277830843,0.2574206131310867
1.0,0.5,2.0,2.0,0.0025,0.005,20.0,4000,two_speed,145,0.9998599857632181,2.0530853997590395,0.5126768637391375,0.002695785905365114,0,0.06470707246288009,0.2574206131310867
1.0,0.5,2.0,2.0,0.0025,0.005,0.5,100,two_speed,146,1.00004282586584,1.9976269346415851,0.5014186314875172,0.0016660224088342849,0,0.008799993648649853,0.25793054771410034
1.0,0.5,2.0,2.0,0.0025,0.005,1.0,200,two_speed,146,1.0000250577683458,2.0037819851804466,0.5037782186989775,0.002882721531007265,0,0.01560043087441265,0.25793054771410034
1.0,0.5,2.0,2.0,0.0025,0.005,2.0,400,two_speed,146,1.0001582524173567,2.013686426364321,0.5088864841377787,0.0019347411563916004,0,0.021623122567361746,0.25793054771410034
1.0,0.5,2.0,2.0,0.0025,0.005,3.5,700,two_speed,146,0.9999714655035044,2.010424958798053,0.5096399596655324,0.0018017891375111093,0,0.01953843600328155,0.25793054771410034
1.0,0.5,2.0,2.0,0.0025,0.005,5.0,1000,two_speed,146,0.9997275428663939,1.998783076991545,0.49701018466767605,0.0020156031136664915,0,0.010589331196608386,0.25793054771410034
1.0,0.5,2.0,2.0,0.0025,0.005,10.0,2000,two_speed,146,1.0001952612675862,1.9836673562543832,0.5099968932983852,0.0031993780246423803,0,0.027636749152800184,0.25793054771410034
1.0,0.5,2.0,2.0,0.0025,0.005,20.0,4000,two_speed,146,0.9998397727993114,1.952646634450956,0.509010542412084,0.002274268347158792,0,0.056898792798355344,0.25793054771410034
1.0,0.5,2.0,2.0,0.0025,0.005,0.5,100,two_speed,147,1.0001901151293944,2.0075393714484595,0.4999227627265651,0.0012790271883182088,0,0.010776710176798671,0.2585510000021064
1.0,0.5,2.0,2.0,0.0025,0.005,1.0,200,two_speed,147,1.0000189249827334,2.009930740503204,0.4967828801641111,0.002125301901326312,0,0.016062966427263358,0.2585510000021064
1.0,0.5,2.0,2.0,0.0025,0.005,2.0,400,two_speed,147,1.0003149025070903,2.0006071120533906,0.5037312187478595,0.0014685235951396342,0,0.008487079341911482,0.2585510000021064
1.0,0.5,2.0,2.0,0.0025,0.005,3.5,700,two_speed,147,1.000072052662688,1.9901977805611104,0.5041573980188968,0.0017175086214239663,0,0.015057095471497904,0.2585510000021064
1.0,0.5,2.0,2.0,0.0025,0.005,5.0,1000,two_speed,147,0.9997947566141565,2.002917819250713,0.5059650718742706,0.0022409574106237915,0,0.01415657578466222,0.2585510000021064
1.0,0.5,2.0,2.0,0.0025,0.005,10.0,2000,two_speed,147,1.0000457032986292,2.0057200427029334,0.5019929051593478,0.0025387502118894923,0,0.014317569316996607,0.2585510000021064
1.0,0.5,2.0,2.0,0.0025,0.005,20.0,4000,two_speed,147,0.9996370705066261,1.9961620385844445,0.510361339471137,0.0026844841014094837,0,0.02004334801002575,0.2585510000021064
1.0,0.5,2.0,2.0,0.0025,0.005,0.5,100,two_speed,148,1.0003234072060896,2.012513748762228,0.5064138250905375,0.0022010307994064604,0,0.019661956671622714,0.2565773155739797
1.0,0.5,2.0,2.0,0.0025,0.005,1.0,200,two_speed,148,1.0002270093845527,2.007514606163688,0.5116161391892514,0.002019977717593145,0,0.01972475869285878,0.2565773155739797
1.0,0.5,2.0,2.0,0.0025,0.005,2.0,400,two_speed,148,1.0000512196430662,1.9895068273522178,0.5064479181154766,0.00122238777365158,0,0.015852856776924825,0.2565773155739797
1.0,0.5,2.0,2.0,0.0025,0.005,3.5,700,two_speed,148,1.0002259476355115,1.963582082043835,0.5087151272645141,0.001823540846918679,0,0.04423891984148416,0.2565773155739797
1.0,0.5,2.0,2.0,0.0025,0.005,5.0,1000,two_speed,148,0.9999095304486142,1.9469283170205949,0.5093448497728371,0.0011974436362464668,0,0.0625482017402597,0.2565773155739797
1.0,0.5,2.0,2.0,0.0025,0.005,10.0,2000,two_speed,148,1.000161486189987,1.9024683909788251,0.5087476591068167,0.0027910622637566736,0,0.1134582312841761,0.2565773155739797
1.0,0.5,2.0,2.0,0.0025,0.005,20.0,4000,two_speed,148,0.9997222056972379,1.9102434384409979,0.4963931475399876,0.0021709468551962445,0,0.1044138628181808,0.2565773155739797
1.0,0.5,2.0,2.0,0.0025,0.005,0.5,100,two_speed,149,0.999988451368176,2.0010752525850153,0.49974913383540576,0.0019206612390355617,0,0.009507329179572685,0.2629528332701219
1.0,0.5,2.0,2.0,0.0025,0.005,1.0,200,two_speed,149,1.000075940090931,2.0013279929121337,0.5040406834470474,0.0019857860883563693,0,0.011125810478864266,0.2629528332701219
1.0,0.5,2.0,2.0,0.0025,0.005,2.0,400,two_speed,149,1.0001845978727522,1.9972153191200093,0.5031976630236124,0.001883643403068876,0,0.010519293543890217,0.2629528332701219
1.0,0.5,2.0,2.0,0.0025,0.005,3.5,700,two_speed,149,1.0003448553779475,1.9937222108746828,0.5008356587690406,0.002684427254626108,0,0.015116085455485992,0.2629528332701219
1.0,0.5,2.0,2.0,0.0025,0.005,5.0,1000,two_speed,149,1.0000245383501534,2.0133596396837263,0.5041975641114627,0.002329046039442535,0,0.01992436152106712,0.2629528332701219
1.0,0.5,2.0,2.0,0.0025,0.005,10.0,2000,two_speed,149,0.9998982777101939,1.999189007171466,0.49910923922565126,0.0021213452116006916,0,0.010500386855896672,0.2629528332701219
1.0,0.5,2.0,2.0,0.0025,0.005,20.0,4000,two_speed,149,1.0003079196911029,2.032924731021908,0.5101579494868683,0.0016627364522451774,0,0.040694724303362635,0.2629528332701219
1.0,0.5,2.0,2.0,0.0025,0.005,0.5,100,two_speed,150,0.999944786831829,2.001958197529485,0.4969496390356525,0.0019754770873605435,0,0.010679702107675904,0.2585128274347101
1.0,0.5,2.0,2.0,0.0025,0.005,1.0,200,two_speed,150,0.9998132204480122,1.9991389114373856,0.4934895536630183,0.002239941965277537,0,0.013728917150295483,0.2585128274347101
1.0,0.5,2.0,2.0,0.0025,0.005,2.0,400,two_speed,150,1.0002792731851013,1.997403215069198,0.5077192894896948,0.0016393491250688752,0,0.01286250230207202,0.2585128274347101
1.0,0.5,2.0,2.0,0.0025,0.005,3.5,700,two_speed,150,0.9999850281560474,1.9957661010145695,0.5033201878543785,0.002269126705980613,0,0.01292590459610402,0.2585128274347101
1.0,0.5,2.0,2.0,0.0025,0.005,5.0,1000,two_speed,150,0.999366698956882,2.0004056355628763,0.5014641448412035,0.0020311703390663892,0,0.010874285718181666,0.2585128274347101
1.0,0.5,2.0,2.0,0.0025,0.005,10.0,2000,two_speed,150,0.9996813275387354,2.028650143615662,0.4990193121751753,0.0018269808181684132,0,0.034316951490853155,0.2585128274347101
1.0,0.5,2.0,2.0,0.0025,0.005,20.0,4000,two_speed,150,0.9999139833396344,2.0640135240975233,0.5068425627278252,0.001625669918740738,0,0.07468530792683407,0.2585128274347101
1.0,0.5,2.0,2.0,0.0025,0.005,0.5,100,two_speed,151,1.0002232388458117,1.999330030977654,0.506591112158207,0.001930193407532267,0,0.012563154713800883,0.24660037499519863
1.0,0.5,2.0,2.0,0.0025,0.005,1.0,200,two_speed,151,1.0000244251710628,2.0063724680925596,0.5015470490490155,0.0021098996392794746,0,0.01285749523518021,0.24660037499519863
1.0,0.5,2.0,2.0,0.0025,0.005,2.0,400,two_speed,151,0.9999752079649636,1.9982039734161758,0.5030339225482777,0.0027588320030462994,0,0.014263003182501692,0.24660037499519863
1.0,0.5,2.0,2.0,0.0025,0.005,3.5,700,two_speed,151,0.999872635636483,2.0001295019458203,0.5121859350549035,0.002071937574525607,0,0.019083374937043564,0.24660037499519863
1.0,0.5,2.0,2.0,0.0025,0.005,5.0,1000,two_speed,151,0.999802142016055,2.023357423327869,0.5064732317002757,0.003084235943373808,0,0.03217614357479348,0.24660037499519863
1.0,0.5,2.0,2.0,0.0025,0.005,10.0,2000,two_speed,151,1.000017294315032,2.0234076676239092,0.4988342405627357,0.0018889972655261318,0,0.028617508082832015,0.24660037499519863
1.0,0.5,2.0,2.0,0.0025,0.005,20.0,4000,two_speed,151,0.9999425191605515,1.9964218436007852,0.5079674581455303,0.0026009339682991615,0,0.0170577210380238,0.24660037499519863
1.0,0.5,2.0,2.0,0.0025,0.005,0.5,100,two_speed,152,1.0000104393846112,2.0046195742854382,0.5017418311666569,0.0024226915675501512,0,0.013222004876239809,0.24882384527674212
1.0,0.5,2.0,2.0,0.0025,0.005,1.0,200,two_speed,152,0.9996115687837978,2.014622768608869,0.493897867589852,0.0027569348087201004,0,0.022827502829350255,0.24882384527674212
1.0,0.5,2.0,2.0,0.0025,0.005,2.0,400,two_speed,152,0.9994682991556174,1.9997346314127762,0.4969623774938731,0.0023388097937060417,0,0.012051282592744583,0.24882384527674212
1.0,0.5,2.0,2.0,0.0025,0.005,3.5,700,two_speed,152,0.9998174152392967,2.012577581706211,0.5067449408539659,0.004540685900733408,0,0.028219044491782835,0.24882384527674212
1.0,0.5,2.0,2.0,0.0025,0.005,5.0,1000,two_speed,152,0.9994804625255778,2.0063001152263498,0.5181043262307993,0.002303679368713322,0,0.02809918244472514,0.24882384527674212
1.0,0.5,2.0,2.0,0.0025,0.005,10.0,2000,two_speed,152,0.9998645405481869,1.99506109501924,0.5052639885948748,0.0022074705854876345,0,0.014215747424359545,0.24882384527674212
1.0,0.5,2.0,2.0,0.0025,0.005,20.0,4000,two_speed,152,0.9998905936403801,2.012032149472668,0.5049845652499998,0.002371006073896728,0,0.019280028291541684,0.24882384527674212
1.0,0.5,2.0,2.0,0.0025,0.005,0.5,100,two_speed,153,0.9999862417826861,2.0057677697325444,0.5011766091979676,0.0014269221861590755,0,0.009784833633234303,0.2502504167246765
1.0,0.5,2.0,2.0,0.0025,0.005,1.0,200,two_speed,153,0.9999289265542647,2.0079331222550945,0.501367860857361,0.002182258528498824,0,0.014215373029560779,0.2502504167246765
1.0,0.5,2.0,2.0,0.0025,0.005,2.0,400,two_speed,153,1.0000976394684242,2.0279342277271883,0.5046710922419315,0.0018198406839763923,0,0.03393751976482765,0.2502504167246765
1.0,0.5,2.0,2.0,0.0025,0.005,3.5,700,two_speed,153,1.0000942137711313,2.0214358613327654,0.4943813215029738,0.002150838200290768,0,0.02804032891837592,0.2502504167246765
1.0,0.5,2.0,2.0,0.0025,0.005,5.0,1000,two_speed,153,0.9994398294081683,2.011924835224768,0.48968657677502964,0.00302846058714653,0,0.02385176850602305,0.2502504167246765
1.0,0.5,2.0,2.0,0.0025,0.005,10.0,2000,two_speed,153,0.9995623966956123,1.9964808159140341,0.5029995333750223,0.002555733517271719,0,0.014181056697487909,0.2502504167246765
1.0,0.5,2.0,2.0,0.0025,0.005,20.0,4000,two_speed,153,0.9998388939399033,1.9520555896745622,0.5081991227829973,0.001914892835880453,0,0.05702731733241625,0.2502504167246765
1.0,0.5,2.0,2.0,0.0025,0.005,0.5,100,two_speed,154,0.999867751927738,2.0068577980460396,0.49767166242518995,0.0016578457507772774,0,0.011711226637043305,0.24913275000705784
1.0,0.5,2.0,2.0,0.0025,0.005,1.0,200,two_speed,154,1.0002376137402345,2.022639357945868,0.5030168379771174,0.001914415320617934,0,0.027970884091582892,0.24913275000705784
1.0,0.5,2.0,2.0,0.0025,0.005,2.0,400,two_speed,154,1.0001013867713282,2.0266300066609104,0.5045258242209087,0.0022963604621101972,0,0.03321469881177408,0.24913275000705784
1.0,0.5,2.0,2.0,0.0025,0.005,3.5,700,two_speed,154,0.9998840968449557,2.032009910486733,0.5088423070276994,0.0017777100967370494,0,0.03958873693278493,0.24913275000705784
1.0,0.5,2.0,2.0,0.0025,0.005,5.0,1000,two_speed,154,0.9998832405476848,2.0516967792526613,0.5064914434830933,0.0017937160538291422,0,0.06075509708685111,0.24913275000705784
1.0,0.5,2.0,2.0,0.0025,0.005,10.0,2000,two_speed,154,0.999853978225753,2.0681935865602004,0.4996619860519328,0.0018648927355152175,0,0.07928586639095982,0.24913275000705784
1.0,0.5,2.0,2.0,0.0025,0.005,20.0,4000,two_speed,154,1.0000357483667375,2.062304643886602,0.5025535609240182,0.0018132226161002764,0,0.07246020033800078,0.24913275000705784
1.0,0.5,2.0,2.0,0.0025,0.005,0.5,100,two_speed,155,0.9997250510478619,2.0030006557373166,0.49666376964733516,0.0019831924424316572,0,0.011056325951093928,0.25195573814146754
1.0,0.5,2.0,2.0,0.0025,0.005,1.0,200,two_speed,155,1.0001516895214408,2.0000501243603197,0.5070451574510877,0.002164247534306749,0,0.01387239988953814,0.25195573814146754
1.0,0.5,2.0,2.0,0.0025,0.005,2.0,400,two_speed,155,1.0003792049101408,1.9958779060440461,0.5005619036533399,0.0015640647025845593,0,0.009185003251769368,0.25195573814146754
1.0,0.5,2.0,2.0,0.0025,0.005,3.5,700,two_speed,155,1.000155335777272,2.0009176561737485,0.5036998562693478,0.0016962776205672746,0,0.009545128528995365,0.25195573814146754
1.0,0.5,2.0,2.0,0.0025,0.005,5.0,1000,two_speed,155,0.9998194833780298,1.9788932044008452,0.4988227842235365,0.0014372642603608578,0,0.025416809603806937,0.25195573814146754
1.0,0.5,2.0,2.0,0.0025,0.005,10.0,2000,two_speed,155,0.9997545544808728,2.0083464206463177,0.501698470498551,0.0015423092101508505,0,0.012603223894191395,0.25195573814146754
1.0,0.5,2.0,2.0,0.0025,0.005,20.0,4000,two_speed,155,1.0002500552910856,2.0050347819710312,0.5046564570386411,0.0023684430779911474,0,0.01414616965879191,0.25195573814146754
1.0,0.5,2.0,2.0,0.0025,0.005,0.5,100,two_speed,156,1.0000827799125511,2.005865729501653,0.5020286452229363,0.0019567698104742976,0,0.012003253276871809,0.24851327384489455
1.0,0.5,2.0,2.0,0.0025,0.005,1.0,200,two_speed,156,1.0002208199170577,2.018578482590458,0.5032182542984721,0.0017257388750327109,0,0.02335326015665413,0.24851327384489455
1.0,0.5,2.0,2.0,0.0025,0.005,2.0,400,two_speed,156,1.0001823204849059,2.0184400444589006,0.502346863173213,0.0016639850819860523,0,0.02294867120644944,0.24851327384489455
1.0,0.5,2.0,2.0,0.0025,0.005,3.5,700,two_speed,156,0.9998371574001542,2.013387533987292,0.4918859567551607,0.0014747362630070427,0,0.020019146800217387,0.24851327384489455
1.0,0.5,2.0,2.0,0.0025,0.005,5.0,1000,two_speed,156,1.0000924188862588,2.0286708200866053,0.4964745860821231,0.0017981333180245671,0,0.034687640497452606,0.24851327384489455
1.0,0.5,2.0,2.0,0.0025,0.005,10.0,2000,two_speed,156,1.0001725259768959,2.016597570559437,0.4984971153596657,0.002589887118585947,0,0.02314860561419015,0.24851327384489455
1.0,0.5,2.0,2.0,0.0025,0.005,20.0,4000,two_speed,156,1.0002382341236649,2.0086468081846998,0.5061769941740253,0.0024601069745349207,0,0.017415143920160296,0.24851327384489455
1.0,0.5,2.0,2.0,0.0025,0.005,0.5,100,two_speed,157,1.0001659934973472,1.9986350563517004,0.5051496685266649,0.0023408420236826024,0,0.013253204714036092,0.24415081543182687
1.0,0.5,2.0,2.0,0.0025,0.005,1.0,200,two_speed,157,0.9999037802124933,2.0065536585489565,0.5092380075287994,0.0020422732874922894,0,0.017522622049678256,0.24415081543182687
1.0,0.5,2.0,2.0,0.0025,0.005,2.0,400,two_speed,157,1.0001706483784056,2.0095437948182138,0.5183851493527235,0.0022459396668716596,0,0.028216622983907678,0.24415081543182687
1.0,0.5,2.0,2.0,0.0025,0.005,3.5,700,two_speed,157,1.0000079454955468,2.0055110169435966,0.512084913783667,0.0020610652206212265,0,0.01969607761551364,0.24415081543182687
1.0,0.5,2.0,2.0,0.0025,0.005,5.0,1000,two_speed,157,1.0001742279398111,1.991846387995674,0.5214255007662367,0.001838539348537426,0,0.03041336032088243,0.24415081543182687
1.0,0.5,2.0,2.0,0.0025,0.005,10.0,2000,two_speed,157,0.999786381399607,2.0010319892042627,0.4998388561705484,0.0019996777712566853,0,0.009929544776599854,0.24415081543182687
1.0,0.5,2.0,2.0,0.0025,0.005,20.0,4000,two_speed,157,1.0000224743143287,1.9835459115816996,0.5028235056532646,0.0017164036829474757,0,0.021088217064310872,0.24415081543182687
1.0,0.5,2.0,2.0,0.0025,0.005,0.5,100,two_speed,158,0.9999730456650125,1.9942737741086822,0.5062323267008676,0.0021321277936793984,0,0.014830143994523775,0.25019633929644314
1.0,0.5,2.0,2.0,0.0025,0.005,1.0,200,two_speed,158,1.000074338558703,1.9925207931951234,0.5084217216816868,0.001754844737548885,0,0.01633198287000745,0.25019633929644314
1.0,0.5,2.0,2.0,0.0025,0.005,2.0,400,two_speed,158,1.000076867840392,1.9992098261656541,0.5105614220953191,0.0022967257698019634,0,0.0176790712469428,0.25019633929644314
1.0,0.5,2.0,2.0,0.0025,0.005,3.5,700,two_speed,158,0.9998966599524103,1.985719429181137,0.5031611668550433,0.0015955429255093518,0,0.01873416438044587,0.25019633929644314
1.0,0.5,2.0,2.0,0.0025,0.005,5.0,1000,two_speed,158,0.9999740768873536,1.9883860120581218,0.500478759659379,0.001853772584504998,0,0.01621679250278536,0.25019633929644314
1.0,0.5,2.0,2.0,0.0025,0.005,10.0,2000,two_speed,158,1.0003037210213115,1.9960671092876359,0.5132909223040857,0.0020520994927369827,0,0.020054860048271016,0.25019633929644314
1.0,0.5,2.0,2.0,0.0025,0.005,20.0,4000,two_speed,158,0.999578881131539,2.014767029068933,0.5042808493652531,0.0024791323717821396,0,0.02198812670948433,0.25019633929644314
1.0,0.5,2.0,2.0,0.0025,0.005,0.5,100,two_speed,159,1.000133947378516,1.997307396173918,0.4978737889175244,0.0012861307539999503,0,0.007706177192415359,0.25070102371474995
1.0,0.5,2.0,2.0,0.0025,0.005,1.0,200,two_speed,159,0.999880728345999,2.0012228675655694,0.4877935520253524,0.002117755783056711,0,0.01894714467199614,0.25070102371474995
1.0,0.5,2.0,2.0,0.0025,0.005,2.0,400,two_speed,159,1.0007940488721938,2.0054721995870755,0.500661504243426,0.003327073524018685,0,0.017872473630029872,0.25070102371474995
1.0,0.5,2.0,2.0,0.0025,0.005,3.5,700,two_speed,159,1.0002705557372433,2.0093665898752975,0.49394192291344274,0.0016442709183650606,0,0.016042152770226317,0.25070102371474995
1.0,0.5,2.0,2.0,0.0025,0.005,5.0,1000,two_speed,159,0.9999389533505699,2.016125637041803,0.4944939355551608,0.0024523263037497687,0,0.023286333099663773,0.25070102371474995
1.0,0.5,2.0,2.0,0.0025,0.005,10.0,2000,two_speed,159,1.0003166186631296,2.0059285113079,0.5080664461785763,0.001986030128861162,0,0.015491612185608893,0.25070102371474995
1.0,0.5,2.0,2.0,0.0025,0.005,20.0,4000,two_speed,159,0.9999380496002005,1.9684168894247382,0.5050913652753798,0.0013647845567197128,0,0.03759455932993886,0.25070102371474995
1.0,0.5,2.0,2.0,0.0025,0.005,0.5,100,two_speed,160,0.9998201284515679,1.999812017114953,0.5002221143353873,0.0013201315577426227,0,0.006563777212528516,0.24348942256931747
1.0,0.5,2.0,2.0,0.0025,0.005,1.0,200,two_speed,160,0.9998852418114053,1.9960484791829292,0.5019160609410676,0.0018270135344860298,0,0.010444982390447286,0.24348942256931747
1.0,0.5,2.0,2.0,0.0025,0.005,2.0,400,two_speed,160,0.9998511392427551,1.9853463998422645,0.5066564315111441,0.0021125135424539133,0,0.021796256260712542,0.24348942256931747
1.0,0.5,2.0,2.0,0.0025,0.005,3.5,700,two_speed,160,1.0001325935034608,1.9845875177480403,0.511325615737329,0.0017668885468528526,0,0.024437076938876204,0.24348942256931747
1.0,0.5,2.0,2.0,0.0025,0.005,5.0,1000,two_speed,160,1.0001740038692943,1.9742085846453992,0.5133557838404416,0.002183655747405377,0,0.03570891612499266,0.24348942256931747
1.0,0.5,2.0,2.0,0.0025,0.005,10.0,2000,two_speed,160,0.9999145409836945,1.9570614080969393,0.5075751388589683,0.003297798104303044,0,0.05283629607714251,0.24348942256931747
1.0,0.5,2.0,2.0,0.0025,0.005,20.0,4000,two_speed,160,0.9996291179311128,1.9700007515829123,0.49609486485653315,0.0024815240997274387,0,0.03710454588478436,0.24348942256931747
1.0,0.5,2.0,2.0,0.0025,0.005,0.5,100,two_speed,161,1.000014384376367,2.0070417493067145,0.49482152673840946,0.002010776768211502,0,0.014495373817196705,0.24785477972389863
1.0,0.5,2.0,2.0,0.0025,0.005,1.0,200,two_speed,161,0.9999527904510936,1.9960582544993675,0.49289503604585416,0.0011204043195816025,0,0.01168062095126474,0.24785477972389863
1.0,0.5,2.0,2.0,0.0025,0.005,2.0,400,two_speed,161,0.9998513755285033,1.99730572284911,0.5007758804687792,0.0019021189735151617,0,0.009949285604269073,0.24785477972389863
1.0,0.5,2.0,2.0,0.0025,0.005,3.5,700,two_speed,161,1.000029805508089,2.0094476970184028,0.5053139798010483,0.002177956050806851,0,0.01670091042806382,0.24785477972389863
1.0,0.5,2.0,2.0,0.0025,0.005,5.0,1000,two_speed,161,0.999791129800386,2.017789214474933,0.495666105719311,0.0018393496952337485,0,0.02310366860949213,0.24785477972389863
1.0,0.5,2.0,2.0,0.0025,0.005,10.0,2000,two_speed,161,0.9996700956633069,2.002694954543138,0.489715421681952,0.002412365180675086,0,0.017800202827000632,0.24785477972389863
1.0,0.5,2.0,2.0,0.0025,0.005,20.0,4000,two_speed,161,1.0002282438547516,1.9757330444406016,0.5033131279645638,0.0024128343483741425,0,0.03065227334617134,0.24785477972389863
1.0,0.5,2.0,2.0,0.0025,0.005,0.5,100,two_speed,162,0.9999845016634129,1.9966542532885636,0.49910768427314073,0.0016579877374324824,0,0.009074070054504793,0.24791545227968267
1.0,0.5,2.0,2.0,0.0025,0.005,1.0,200,two_speed,162,0.9999992396669827,2.0038643764584556,0.5005836836521981,0.00248941375560379,0,0.013024747503429789,0.24791545227968267
1.0,0.5,2.0,2.0,0.0025,0.005,2.0,400,two_speed,162,0.9996818392897796,2.001344835637885,0.4909140307162383,0.002087703919500243,0,0.01533981338421368,0.24791545227968267
1.0,0.5,2.0,2.0,0.0025,0.005,3.5,700,two_speed,162,1.000245587966642,1.9866526067047445,0.5105969172995195,0.0024466496294766973,0,0.02366169701020189,0.24791545227968267
1.0,0.5,2.0,2.0,0.0025,0.005,5.0,1000,two_speed,162,1.0002141483281812,1.9995065117890558,0.5085697860405681,0.002933941324829043,0,0.018017227032361756,0.24791545227968267
1.0,0.5,2.0,2.0,0.0025,0.005,10.0,2000,two_speed,162,1.000228916639484,2.0276972002691234,0.5030095063045769,0.002302993758578353,0,0.03405839955666067,0.24791545227968267
1.0,0.5,2.0,2.0,0.0025,0.005,20.0,4000,two_speed,162,1.0001079484906918,2.035968702290152,0.5056745677730791,0.0026175631633929136,0,0.044031296529679305,0.24791545227968267
1.0,0.5,2.0,2.0,0.0025,0.005,0.5,100,two_speed,163,0.999980937069631,2.004205419536845,0.5007725588998793,0.0021541623172184428,0,0.01167494982763023,0.25472279771098066
1.0,0.5,2.0,2.0,0.0025,0.005,1.0,200,two_speed,163,1.0001967806755736,1.999778304812136,0.500485670732072,0.0021716139270673744,0,0.010693048863862863,0.25472279771098066
1.0,0.5,2.0,2.0,0.0025,0.005,2.0,400,two_speed,163,1.0002262408597615,2.0042201679494385,0.5014312210562619,0.0017851831107053397,0,0.010162408475813749,0.25472279771098066
1.0,0.5,2.0,2.0,0.0025,0.005,3.5,700,two_speed,163,1.0003601567740787,2.00125243091408,0.5057344865682627,0.0020295002272754433,0,0.01221156654694161,0.25472279771098066
1.0,0.5,2.0,2.0,0.0025,0.005,5.0,1000,two_speed,163,1.0001505124189065,2.004908254106958,0.5109402396838723,0.0026269433456289526,0,0.0198577780394877,0.25472279771098066
1.0,0.5,2.0,2.0,0.0025,0.005,10.0,2000,two_speed,163,1.0001655035568795,1.9701974753789122,0.5117281068801608,0.0015701139754398816,0,0.03816261541409604,0.25472279771098066
1.0,0.5,2.0,2.0,0.0025,0.005,20.0,4000,two_speed,163,1.0003488853502576,1.9130662402965204,0.5044018543649142,0.0025691891414220164,0,0.10110035248356194,0.25472279771098066
1.0,0.5,2.0,2.0,0.0025,0.005,0.5,100,two_speed,164,0.9999966352129158,2.0002071240405193,0.5040622680125517,0.0017247995185018493,0,0.01000215660197997,0.24863907142675348
1.0,0.5,2.0,2.0,0.0025,0.005,1.0,200,two_speed,164,1.0001055265546461,2.0094721169194334,0.5060736157052111,0.0013844045404039365,0,0.014981145699470864,0.24863907142675348
1.0,0.5,2.0,2.0,0.0025,0.005,2.0,400,two_speed,164,0.9999135885037769,2.0096957561517614,0.5106684316417407,0.0018112480707759323,0,0.02000810471012145,0.24863907142675348
1.0,0.5,2.0,2.0,0.0025,0.005,3.5,700,two_speed,164,0.9994543796617389,2.010109987869023,0.5006398959937326,0.0021652006477447206,0,0.016086470894079163,0.24863907142675348
1.0,0.5,2.0,2.0,0.0025,0.005,5.0,1000,two_speed,164,1.0000115527548588,2.009697445259488,0.5106889478926268,0.0013023941093178635,0,0.01893778617378138,0.24863907142675348
1.0,0.5,2.0,2.0,0.0025,0.005,10.0,2000,two_speed,164,0.9998205527517641,2.0154653273450043,0.5025086233781607,0.0015628420506339621,0,0.019774246356914136,0.24863907142675348
1.0,0.5,2.0,2.0,0.0025,0.005,20.0,4000,two_speed,164,0.9995518021513041,1.9567367984088424,0.5087053528123754,0.0023078344857797545,0,0.052530621392367804,0.24863907142675348
1.0,0.5,2.0,2.0,0.0025,0.005,0.5,100,two_speed,165,1.0002319517988343,2.014069059518252,0.505747515860317,0.0014922986812850071,0,0.019147949255533515,0.2533773928714384
1.0,0.5,2.0,2.0,0.0025,0.005,1.0,200,two_speed,165,1.000428557805566,2.0093379222497316,0.5095561299919554,0.0021753863708230867,0,0.019150429537702688,0.2533773928714384
1.0,0.5,2.0,2.0,0.0025,0.005,2.0,400,two_speed,165,0.9998341536145583,2.007383291530365,0.49868324942182374,0.0019966267978704833,0,0.01308306298223059,0.2533773928714384
1.0,0.5,2.0,2.0,0.0025,0.005,3.5,700,two_speed,165,1.00005884994776,2.025006874215121,0.5014803501452045,0.002098572929761782,0,0.030684579084215728,0.2533773928714384
1.0,0.5,2.0,2.0,0.0025,0.005,5.0,1000,two_speed,165,1.0001588172822073,2.025405390845531,0.49791378816405346,0.0017507780382737263,0,0.030771615052559008,0.2533773928714384
1.0,0.5,2.0,2.0,0.0025,0.005,10.0,2000,two_speed,165,1.0005007312087313,2.0412954412486224,0.5024079684923872,0.0022911878357192326,0,0.04901402062328955,0.2533773928714384
1.0,0.5,2.0,2.0,0.0025,0.005,20.0,4000,two_speed,165,1.000364799735637,2.0613789078882827,0.5077094465292323,0.0018269404206751757,0,0.07181868990676606,0.2533773928714384
1.0,0.5,2.0,2.0,0.0025,0.005,0.5,100,two_speed,166,1.0001656259334846,2.0059008993659555,0.5026546698726875,0.0019066126806736182,0,0.01199232228706388,0.2524620772871588
1.0,0.5,2.0,2.0,0.0025,0.005,1.0,200,two_speed,166,1.0000839196259235,2.011342154524895,0.5004933232265588,0.0017692224528958744,0,0.01572070305426577,0.2524620772871588
1.0,0.5,2.0,2.0,0.0025,0.005,2.0,400,two_speed,166,1.0001444556810946,2.0173190584869105,0.501526646146882,0.0021342842133360855,0,0.022637062245484688,0.2524620772871588
1.0,0.5,2.0,2.0,0.0025,0.005,3.5,700,two_speed,166,1.0000909017366764,2.0078418732153005,0.50218369244461,0.002199892376807196,0,0.014326052201198567,0.2524620772871588
1.0,0.5,2.0,2.0,0.0025,0.005,5.0,1000,two_speed,166,1.0001765363959383,2.020496363568098,0.5056268972734766,0.0020033933624553513,0,0.026543551058244068,0.2524620772871588
1.0,0.5,2.0,2.0,0.0025,0.005,10.0,2000,two_speed,166,1.0001856403075806,2.0151465373431843,0.4986524479249738,0.0025460979664632755,0,0.02162981641629983,0.2524620772871588
1.0,0.5,2.0,2.0,0.0025,0.005,20.0,4000,two_speed,166,1.000276559153326,1.9873840804888698,0.5210673409030957,0.001586833785463076,0,0.03137800159468871,0.2524620772871588
1.0,0.5,2.0,2.0,0.0025,0.005,0.5,100,two_speed,167,1.0002889007279394,1.9965501797870733,0.5082572945854109,0.00265082226990928,0,0.0170036604408671,0.24380495828310295
1.0,0.5,2.0,2.0,0.0025,0.005,1.0,200,two_speed,167,1.000274611419553,1.990661102486588,0.5110754955145923,0.002929741159387603,0,0.0226382496612544,0.24380495828310295
1.0,0.5,2.0,2.0,0.0025,0.005,2.0,400,two_speed,167,1.000014736025196,1.989896627552711,0.498289818686114,0.0028295770349292537,0,0.018296204098683252,0.24380495828310295
1.0,0.5,2.0,2.0,0.0025,0.005,3.5,700,two_speed,167,0.9999700336216836,1.9861520160864221,0.4982566440142318,0.0016496621179222007,0,0.018076292757211846,0.24380495828310295
1.0,0.5,2.0,2.0,0.0025,0.005,5.0,1000,two_speed,167,1.0001730960633373,1.9917863723390554,0.5089811957853287,0.001978997611116162,0,0.017715947527666847,0.24380495828310295
1.0,0.5,2.0,2.0,0.0025,0.005,10.0,2000,two_speed,167,1.000366981117702,1.9900440050027761,0.5077788708442408,0.0027859228277615543,0,0.02019054556776901,0.24380495828310295
1.0,0.5,2.0,2.0,0.0025,0.005,20.0,4000,two_speed,167,1.0002412650613397,1.972461547781069,0.4962775269490176,0.0015986651564320212,0,0.03325061493985465,0.24380495828310295
1.0,0.5,2.0,2.0,0.0025,0.005,0.5,100,two_speed,168,1.0000100158887224,1.9910474692312292,0.5065998407218685,0.0016448726091649432,0,0.01567477650217633,0.24924670242970542
1.0,0.5,2.0,2.0,0.0025,0.005,1.0,200,two_speed,168,0.9997926115422995,1.9921347198242345,0.5060895738825136,0.0024610084591605327,0,0.01726395089778504,0.24924670242970542
1.0,0.5,2.0,2.0,0.0025,0.005,2.0,400,two_speed,168,0.999996481768854,1.9866097686682065,0.5103353816059638,0.0016763999539572741,0,0.02205914364008586,0.24924670242970542
1.0,0.5,2.0,2.0,0.0025,0.005,3.5,700,two_speed,168,1.0000699740686254,1.9724616283469236,0.5148216538031067,0.0019506676956414387,0,0.03803985832360589,0.24924670242970542
1.0,0.5,2.0,2.0,0.0025,0.005,5.0,1000,two_speed,168,0.9998167287252094,1.9530881274117866,0.5098576786390018,0.0015897671426544186,0,0.056033403390013906,0.24924670242970542
1.0,0.5,2.0,2.0,0.0025,0.005,10.0,2000,two_speed,168,0.9999644763026547,1.9705453369011139,0.503446704911541,0.002459269929504138,0,0.03631581095493323,0.24924670242970542
1.0,0.5,2.0,2.0,0.0025,0.005,20.0,4000,two_speed,168,1.0001052830836512,1.9883087596448292,0.49341697095502085,0.001984000138103723,0,0.018886897839972494,0.24924670242970542
1.0,0.5,2.0,2.0,0.0025,0.005,0.5,100,two_speed,169,0.9998014788768352,1.997260522419233,0.49298892928222277,0.0018781367835394678,0,0.013128197816499142,0.2527331250021234
1.0,0.5,2.0,2.0,0.0025,0.005,1.0,200,two_speed,169,0.9997190277469443,2.002585317512858,0.49523063063616024,0.0021008319675703126,0,0.012180632296823955,0.2527331250021234
1.0,0.5,2.0,2.0,0.0025,0.005,2.0,400,two_speed,169,0.9998792818620122,1.9997906521378812,0.5050923154092087,0.001816445846718068,0,0.011298839521734763,0.2527331250021234
1.0,0.5,2.0,2.0,0.0025,0.005,3.5,700,two_speed,169,0.9999116052896819,1.999123159634847,0.5117555896043016,0.0016886930086172927,0,0.01758522660060639,0.2527331250021234
1.0,0.5,2.0,2.0,0.0025,0.005,5.0,1000,two_speed,169,1.0002555622275684,2.0030676302696757,0.5100799932018583,0.0025152288335349754,0,0.01807175315171655,0.2527331250021234
1.0,0.5,2.0,2.0,0.0025,0.005,10.0,2000,two_speed,169,0.9998405824053125,1.961545039206007,0.5052380265484615,0.0020882179484296086,0,0.04603620395352909,0.2527331250021234
1.0,0.5,2.0,2.0,0.0025,0.005,20.0,4000,two_speed,169,0.9999284966799483,1.9558182930226635,0.5208670386059508,0.0016833946957687074,0,0.057949654139184535,0.2527331250021234
1.0,0.5,2.0,2.0,0.0025,0.005,0.5,100,two_speed,170,0.999809144805735,1.9917529697064207,0.5008013459035667,0.0017457760837655792,0,0.01291836200659575,0.24336764884979598
1.0,0.5,2.0,2.0,0.0025,0.005,1.0,200,two_speed,170,1.00005457759161,1.9942901289131167,0.5019769254972506,0.002621060976871548,0,0.014664757263267577,0.24336764884979598
1.0,0.5,2.0,2.0,0.0025,0.005,2.0,400,two_speed,170,0.9999095617374604,2.005174855434334,0.5106074206491872,0.002107997706155744,0,0.018384140546116406,0.24336764884979598
1.0,0.5,2.0,2.0,0.0025,0.005,3.5,700,two_speed,170,1.0002266681510679,2.0125859667076695,0.510064198602004,0.0017886414278767357,0,0.021201342983713664,0.24336764884979598
1.0,0.5,2.0,2.0,0.0025,0.005,5.0,1000,two_speed,170,0.9999001545865054,2.0228192451845413,0.5121669141176655,0.0017366957705784213,0,0.03184788165656605,0.24336764884979598
1.0,0.5,2.0,2.0,0.0025,0.005,10.0,2000,two_speed,170,1.0000254882818502,2.059999178662832,0.5116744869763127,0.00218453039568707,0,0.07124581353497186,0.24336764884979598
1.0,0.5,2.0,2.0,0.0025,0.005,20.0,4000,two_speed,170,1.000163570455895,2.0476974322171784,0.5070069154215796,0.002323257539025561,0,0.05681719354139499,0.24336764884979598
1.0,0.5,2.0,2.0,0.0025,0.005,0.5,100,two_speed,171,1.0001474934278056,1.99521632128086,0.49717635183025793,0.0017497359109130632,0,0.010992758115069189,0.25085157142685993
1.0,0.5,2.0,2.0,0.0025,0.005,1.0,200,two_speed,171,1.0000092805808356,2.004016626672092,0.4965191742345755,0.0021728769488065336,0,0.012495206328798482,0.25085157142685993
1.0,0.5,2.0,2.0,0.0025,0.005,2.0,400,two_speed,171,1.000141819060381,2.002414091969713,0.5072709009580426,0.0015703921830744739,0,0.012338951466358897,0.25085157142685993
1.0,0.5,2.0,2.0,0.0025,0.005,3.5,700,two_speed,171,0.9999864903637441,2.022740385476221,0.5034918725750924,0.0016774019541789585,0,0.027850499473713573,0.25085157142685993
1.0,0.5,2.0,2.0,0.0025,0.005,5.0,1000,two_speed,171,0.9999736328733866,2.034524571655058,0.5008739960788173,0.0015136766299742813,0,0.04055321754140976,0.25085157142685993
1.0,0.5,2.0,2.0,0.0025,0.005,10.0,2000,two_speed,171,1.0003285766348518,2.066997375236752,0.5005865914236068,0.0022635367146283266,0,0.07811511939672944,0.25085157142685993
1.0,0.5,2.0,2.0,0.0025,0.005,20.0,4000,two_speed,171,1.0005708857213789,2.0352762122389803,0.5215570722590099,0.0027027887875914407,0,0.05016594062309255,0.25085157142685993
1.0,0.5,2.0,2.0,0.0025,0.005,0.5,100,two_speed,172,0.9999365822483132,1.998222607703985,0.5030108118563491,0.001889247886298731,0,0.010329199293609917,0.255099243999991
1.0,0.5,2.0,2.0,0.0025,0.005,1.0,200,two_speed,172,0.999840159748191,1.9805873985850169,0.5008990244198949,0.0014100715435902747,0,0.02350752057908693,0.255099243999991
1.0,0.5,2.0,2.0,0.0025,0.005,2.0,400,two_speed,172,0.9998447625632088,1.9770484618741357,0.5029482094545689,0.0013296093854239268,0,0.027580690141164346,0.255099243999991
1.0,0.5,2.0,2.0,0.0025,0.005,3.5,700,two_speed,172,0.9999215503554242,1.9783974215664943,0.5039634069812274,0.0017914740231915597,0,0.026945016252422536,0.255099243999991
1.0,0.5,2.0,2.0,0.0025,0.005,5.0,1000,two_speed,172,1.000169496235733,1.979163190101473,0.5039558899308293,0.002581276270383329,0,0.027548249143033367,0.255099243999991
1.0,0.5,2.0,2.0,0.0025,0.005,10.0,2000,two_speed,172,0.9998749366638136,1.9969972839276384,0.503945146453144,0.0025109205154915585,0,0.013902492158920587,0.255099243999991
1.0,0.5,2.0,2.0,0.0025,0.005,20.0,4000,two_speed,172,1.0000158184356223,2.006272448005856,0.49621620138894246,0.001917673702384694,0,0.012899183040042964,0.255099243999991
1.0,0.5,2.0,2.0,0.0025,0.005,0.5,100,two_speed,173,0.9998618491553245,2.0018996207887616,0.5000553047294172,0.001596430618938753,0,0.00816374886212355,0.25302376786047326
1.0,0.5,2.0,2.0,0.0025,0.005,1.0,200,two_speed,173,0.9999997909574903,1.9980229978252613,0.49398998432254426,0.001309879910582248,0,0.010446902497439715,0.25302376786047326
1.0,0.5,2.0,2.0,0.0025,0.005,2.0,400,two_speed,173,0.9998646310337538,1.9961312611561672,0.49645049398803814,0.001590043290283883,0,0.01001082941582237,0.25302376786047326
1.0,0.5,2.0,2.0,0.0025,0.005,3.5,700,two_speed,173,0.9998591843378934,1.993045777421798,0.49793487639298506,0.001985801984498121,0,0.0128798476564332,0.25302376786047326
1.0,0.5,2.0,2.0,0.0025,0.005,5.0,1000,two_speed,173,0.9998718817790713,1.9869490647540002,0.5070109494117897,0.0021161902901599776,0,0.020590883479660812,0.25302376786047326
1.0,0.5,2.0,2.0,0.0025,0.005,10.0,2000,two_speed,173,1.0000551023333455,1.9900327538106364,0.5120010700926323,0.0014394899901468312,0,0.020556683198330525,0.25302376786047326
1.0,0.5,2.0,2.0,0.0025,0.005,20.0,4000,two_speed,173,1.0000591129496281,1.9330932063749633,0.511652108077745,0.002572374747266088,0,0.07915177810897298,0.25302376786047326
1.0,0.5,2.0,2.0,0.0025,0.005,0.5,100,two_speed,174,0.9999315880654038,2.002183317020517,0.4995873877841209,0.0019586977214137934,0,0.009944748431931005,0.2502058154371168
1.0,0.5,2.0,2.0,0.0025,0.005,1.0,200,two_speed,174,1.0000938943681177,2.00437621460064,0.5045795538507967,0.0016613382879223306,0,0.011213061969713297,0.2502058154371168
1.0,0.5,2.0,2.0,0.0025,0.005,2.0,400,two_speed,174,1.0001263797609072,2.018268352885628,0.5121594399243002,0.0015837576098066287,0,0.0272894818711361,0.2502058154371168
1.0,0.5,2.0,2.0,0.0025,0.005,3.5,700,two_speed,174,1.000216871122805,2.0335435915724953,0.5032898720653252,0.0020705618351769873,0,0.040186272049874336,0.2502058154371168
1.0,0.5,2.0,2.0,0.0025,0.005,5.0,1000,two_speed,174,1.000313829665573,2.0324832917070683,0.5136258303622541,0.002301014723656216,0,0.042616481536644935,0.2502058154371168
1.0,0.5,2.0,2.0,0.0025,0.005,10.0,2000,two_speed,174,1.0003481072205294,1.9979362924692061,0.5176549717947024,0.002155027136070081,0,0.024840483380382243,0.2502058154371168
1.0,0.5,2.0,2.0,0.0025,0.005,20.0,4000,two_speed,174,1.0001742297849112,1.978641191397574,0.5152551960144428,0.0021050390148260995,0,0.032998921873036435,0.2502058154371168
1.0,0.5,2.0,2.0,0.0025,0.005,0.5,100,two_speed,175,1.0003069254453567,2.000947852878214,0.5067513913597774,0.0019225955527500315,0,0.012605547593110989,0.2486105772799679
1.0,0.5,2.0,2.0,0.0025,0.005,1.0,200,two_speed,175,1.0000551371671302,2.0045905735189553,0.4990433369350541,0.0019834983487034747,0,0.011168775032848802,0.2486105772799679
1.0,0.5,2.0,2.0,0.0025,0.005,2.0,400,two_speed,175,1.0003176007392611,1.9984544121025103,0.5112466589191363,0.0023413236199702958,0,0.018240211679448236,0.2486105772799679
1.0,0.5,2.0,2.0,0.0025,0.005,3.5,700,two_speed,175,1.0001203846068851,2.021953028185077,0.5045214525048836,0.00246233380852599,0,0.028617090333658387,0.2486105772799679
1.0,0.5,2.0,2.0,0.0025,0.005,5.0,1000,two_speed,175,1.0002956375041117,2.0156326047157354,0.5027497830479865,0.0017812516990096678,0,0.020304252110664014,0.2486105772799679
1.0,0.5,2.0,2.0,0.0025,0.005,10.0,2000,two_speed,175,1.0000910293775374,2.010758612810942,0.49958187770036117,0.0015616853244005526,0,0.014620819299237408,0.2486105772799679
1.0,0.5,2.0,2.0,0.0025,0.005,20.0,4000,two_speed,175,1.0001300072000838,1.9962508415466418,0.5114529822992305,0.0033437266066512405,0,0.022473627272068107,0.2486105772799679
1.0,0.5,2.0,2.0,0.0025,0.005,0.5,100,two_speed,176,1.000333953308754,1.995835177570013,0.5053971411872461,0.0020177237266162914,0,0.012787661531769454,0.2448935594210135
1.0,0.5,2.0,2.0,0.0025,0.005,1.0,200,two_speed,176,1.0004302787269053,2.006424189297389,0.5095996930784815,0.0017874962835657858,0,0.016459273948283185,0.2448935594210135
1.0,0.5,2.0,2.0,0.0025,0.005,2.0,400,two_speed,176,1.0005524475306478,1.996990193289417,0.5113021315695049,0.0023398568531536323,0,0.018301620927801264,0.2448935594210135
1.0,0.5,2.0,2.0,0.0025,0.005,3.5,700,two_speed,176,1.0003032953222655,1.9989865534967388,0.5045432910987337,0.003322534745153162,0,0.0172358325274869,0.2448935594210135
1.0,0.5,2.0,2.0,0.0025,0.005,5.0,1000,two_speed,176,1.000018982650759,2.001254778745898,0.5043206806488068,0.002184115581330643,0,0.012171080885574692,0.2448935594210135
1.0,0.5,2.0,2.0,0.0025,0.005,10.0,2000,two_speed,176,0.9996972526805636,2.0027390472805044,0.5056454943395805,0.002103299137939948,0,0.013501946495909816,0.2448935594210135
1.0,0.5,2.0,2.0,0.0025,0.005,20.0,4000,two_speed,176,1.0002974846478967,1.9666125735070747,0.5081773582863975,0.002515149752842365,0,0.04160438402014863,0.2448935594210135
1.0,0.5,2.0,2.0,0.0025,0.005,0.5,100,two_speed,177,1.0000601066926567,2.0063716752643463,0.5035957792502666,0.001772476846914881,0,0.012279768797535052,0.2526420774270913
1.0,0.5,2.0,2.0,0.0025,0.005,1.0,200,two_speed,177,1.0001912877061823,2.020052105388649,0.5127799808792117,0.0017441521453562272,0,0.02946878224250592,0.2526420774270913
1.0,0.5,2.0,2.0,0.0025,0.005,2.0,400,two_speed,177,1.0002392382690035,2.0229763243959966,0.5093878342276105,0.0021402505326772415,0,0.03072471717258079,0.2526420774270913
1.0,0.5,2.0,2.0,0.0025,0.005,3.5,700,two_speed,177,1.0001981581194415,2.0442947163118794,0.5055135732165811,0.0015824892663457272,0,0.05204318668952638,0.2526420774270913
1.0,0.5,2.0,2.0,0.0025,0.005,5.0,1000,two_speed,177,1.000104838611449,2.040556267400278,0.5042771040518904,0.001711890762229388,0,0.04777993181748397,0.2526420774270913
1.0,0.5,2.0,2.0,0.0025,0.005,10.0,2000,two_speed,177,0.9997724085377593,2.0378606028078035,0.49401623078088847,0.0027323489498774045,0,0.046415600670720376,0.2526420774270913
1.0,0.5,2.0,2.0,0.0025,0.005,20.0,4000,two_speed,177,1.0001710029700157,2.0629023680132605,0.4959451918833251,0.0017003747041061858,0,0.07350215156334497,0.2526420774270913
1.0,0.5,2.0,2.0,0.0025,0.005,0.5,100,two_speed,178,0.9999193854999034,1.9959237613402092,0.5038110451398303,0.0018622495218311406,0,0.01149275172664528,0.24346769057280784
1.0,0.5,2.0,2.0,0.0025,0.005,1.0,200,two_speed,178,1.0002755223058173,1.9790765147353266,0.5108789857683709,0.002141101521096666,0,0.029535564717854443,0.24346769057280784
1.0,0.5,2.0,2.0,0.0025,0.005,2.0,400,two_speed,178,0.9999487805026633,1.9609767039411472,0.5094068696566104,0.002338379144826227,0,0.048006789054475134,0.24346769057280784
1.0,0.5,2.0,2.0,0.0025,0.005,3.5,700,two_speed,178,0.9997303973720867,1.969202283828393,0.4972620464445736,0.0024979243314522705,0,0.037806684050374385,0.24346769057280784
1.0,0.5,2.0,2.0,0.0025,0.005,5.0,1000,two_speed,178,1.0003109133300954,1.9733277158934703,0.5082643003593225,0.001783472185657881,0,0.03353668890631732,0.24346769057280784
1.0,0.5,2.0,2.0,0.0025,0.005,10.0,2000,two_speed,178,0.9998207303386903,1.9700122449686384,0.5039512484024253,0.0014386402872639393,0,0.03570012758071998,0.24346769057280784
1.0,0.5,2.0,2.0,0.0025,0.005,20.0,4000,two_speed,178,1.000637632343445,1.9480193090383,0.5229349028161345,0.002745568752284482,0,0.06735588617316465,0.24346769057280784
1.0,0.5,2.0,2.0,0.0025,0.005,0.5,100,two_speed,179,1.000004408195518,1.9892676622057515,0.5050124838320776,0.0013640271907236876,0,0.015506718185674262,0.24937220242074026
1.0,0.5,2.0,2.0,0.0025,0.005,1.0,200,two_speed,179,1.0002057206238542,1.9861304774599509,0.5041583148711116,0.0017433359423091482,0,0.01882567378631343,0.24937220242074026
1.0,0.5,2.0,2.0,0.0025,0.005,2.0,400,two_speed,179,1.0000820072300909,1.9929492547886638,0.5061345165009645,0.002177989870228752,0,0.015514965841618352,0.24937220242074026
1.0,0.5,2.0,2.0,0.0025,0.005,3.5,700,two_speed,179,1.000200854630694,2.019995022828951,0.5083885804361002,0.0016429765718315686,0,0.026545901388636516,0.24937220242074026
1.0,0.5,2.0,2.0,0.0025,0.005,5.0,1000,two_speed,179,1.000049045814317,2.034979490299067,0.5093323669730466,0.0009931660695867935,0,0.04225006861029138,0.24937220242074026
1.0,0.5,2.0,2.0,0.0025,0.005,10.0,2000,two_speed,179,1.0000178358959366,1.999747857025601,0.5135893674030546,0.0016895562895663633,0,0.019490920276115663,0.24937220242074026
1.0,0.5,2.0,2.0,0.0025,0.005,20.0,4000,two_speed,179,0.9997644728305475,2.006690287040859,0.49696316697615794,0.0020303065525341026,0,0.013133639209328253,0.24937220242074026
1.0,0.5,2.0,2.0,0.0025,0.005,0.5,100,two_speed,180,0.9999561034067256,1.9959875886573366,0.504187748133994,0.0015767217987498498,0,0.010585134719380366,0.24655634529023832
1.0,0.5,2.0,2.0,0.0025,0.005,1.0,200,two_speed,180,1.0000326400877722,1.990360847868291,0.5092756793421546,0.001261670098009131,0,0.017488759800675713,0.24655634529023832
1.0,0.5,2.0,2.0,0.0025,0.005,2.0,400,two_speed,180,1.0001923580080478,1.994310420554616,0.5109251871475612,0.0021384090821825277,0,0.018601082751321524,0.24655634529023832
1.0,0.5,2.0,2.0,0.0025,0.005,3.5,700,two_speed,180,1.0004455209444503,1.9929058747726145,0.5072972816311254,0.0034188792946962224,0,0.02059668527377894,0.24655634529023832
1.0,0.5,2.0,2.0,0.0025,0.005,5.0,1000,two_speed,180,1.0001165926251927,1.9843371271006578,0.4945340628422551,0.001831888439450506,0,0.021583917798523925,0.24655634529023832
1.0,0.5,2.0,2.0,0.0025,0.005,10.0,2000,two_speed,180,1.000108208500064,1.9700716632496786,0.5067509886483008,0.002783157461041764,0,0.037943661888299125,0.24655634529023832
1.0,0.5,2.0,2.0,0.0025,0.005,20.0,4000,two_speed,180,0.9997456875525322,1.9630015432495203,0.5094554390713112,0.0014952446937359348,0,0.04499949226248239,0.24655634529023832
1.0,0.5,2.0,2.0,0.0025,0.005,0.5,100,two_speed,181,0.9999746867670294,1.999932392944986,0.5006257331101546,0.001295664070417847,0,0.006416781867624957,0.24711858328165753
1.0,0.5,2.0,2.0,0.0025,0.005,1.0,200,two_speed,181,0.9999710352755653,1.9984969657498486,0.5033483088790404,0.0015708395639180736,0,0.009065250136411887,0.24711858328165753
1.0,0.5,2.0,2.0,0.0025,0.005,2.0,400,two_speed,181,1.000163062705028,1.992761198522772,0.5059672003620771,0.003038823661567036,0,0.018658548137439616,0.24711858328165753
1.0,0.5,2.0,2.0,0.0025,0.005,3.5,700,two_speed,181,1.0001178291474064,1.9921465707570842,0.5038747484192329,0.0014436663806267948,0,0.012457614824342557,0.24711858328165753
1.0,0.5,2.0,2.0,0.0025,0.005,5.0,1000,two_speed,181,1.0002040124793825,1.9984703254312817,0.5117043530784087,0.002425234740858054,0,0.019099420851096897,0.24711858328165753
1.0,0.5,2.0,2.0,0.0025,0.005,10.0,2000,two_speed,181,1.0000829047919855,2.040694887140111,0.5046605187949689,0.0028613444537867803,0,0.04925161691019374,0.24711858328165753
1.0,0.5,2.0,2.0,0.0025,0.005,20.0,4000,two_speed,181,0.999989342871183,2.0371345034660675,0.5043884549457962,0.0012001376082666781,0,0.043556619115519224,0.24711858328165753
1.0,0.5,2.0,2.0,0.0025,0.005,0.5,100,two_speed,182,0.999985326455247,2.003678861727284,0.5042070019320875,0.0011482753008060843,0,0.008962844474293234,0.2520441250110577
1.0,0.5,2.0,2.0,0.0025,0.005,1.0,200,two_speed,182,1.000226568877685,1.9993143690132504,0.5092003877479463,0.0018957907532688623,0,0.014892508493748367,0.2520441250110577
1.0,0.5,2.0,2.0,0.0025,0.005,2.0,400,two_speed,182,1.0001476394350495,2.0050943378188704,0.519133376206924,0.0013340983958490724,0,0.02610311709282771,0.2520441250110577
1.0,0.5,2.0,2.0,0.0025,0.005,3.5,700,two_speed,182,0.9998793061059068,2.006456834686138,0.5102304607416931,0.0014953989808981865,0,0.017151648537567524,0.2520441250110577
1.0,0.5,2.0,2.0,0.0025,0.005,5.0,1000,two_speed,182,0.999987213866659,2.0085343363810595,0.5196216201677694,0.0020237535144475814,0,0.029068728952961403,0.2520441250110577
1.0,0.5,2.0,2.0,0.0025,0.005,10.0,2000,two_speed,182,0.9995381459296984,1.9868430941090893,0.5083012118085187,0.0022464261066982303,0,0.022199336441928178,0.2520441250110577
1.0,0.5,2.0,2.0,0.0025,0.005,20.0,4000,two_speed,182,1.0001067231289387,2.029741444230505,0.502690421405332,0.0025190401369355243,0,0.03663884119888593,0.2520441250110577
1.0,0.5,2.0,2.0,0.0025,0.005,0.5,100,two_speed,183,0.9997715246756782,1.9946925843938574,0.4950465890551248,0.0020127586619727036,0,0.013142763075275989,0.24793404756513024
1.0,0.5,2.0,2.0,0.0025,0.005,1.0,200,two_speed,183,1.0000884666629217,1.9896400420803155,0.5019261935204093,0.001829053432751075,0,0.015133235123936245,0.24793404756513024
1.0,0.5,2.0,2.0,0.0025,0.005,2.0,400,two_speed,183,1.0001074044201097,1.9954448758175334,0.49957275396572587,0.002135203992101984,0,0.011756038443797428,0.24793404756513024
1.0,0.5,2.0,2.0,0.0025,0.005,3.5,700,two_speed,183,0.9998793343806126,1.9914285524218398,0.49560647988948064,0.0018981925126347358,0,0.014674611666658902,0.24793404756513024
1.0,0.5,2.0,2.0,0.0025,0.005,5.0,1000,two_speed,183,1.0003915539853279,1.9846302347250266,0.5012434521161054,0.002572471430416685,0,0.021859935179166998,0.24793404756513024
1.0,0.5,2.0,2.0,0.0025,0.005,10.0,2000,two_speed,183,1.0001364980035636,1.982847383823689,0.49867432803656747,0.0014401342995517062,0,0.021154590515804466,0.24793404756513024
1.0,0.5,2.0,2.0,0.0025,0.005,20.0,4000,two_speed,183,1.000381215786469,1.9845982448283723,0.4922304595336024,0.0018403806210280556,0,0.022941983472396395,0.24793404756513024
1.0,0.5,2.0,2.0,0.0025,0.005,0.5,100,two_speed,184,1.0001622247991653,1.9937455285349281,0.5057919858475897,0.0018672636669112678,0,0.013754149011048508,0.24584234529174864
1.0,0.5,2.0,2.0,0.0025,0.005,1.0,200,two_speed,184,1.0001498327002747,1.9849367574308137,0.5114383827248141,0.002672409465869755,0,0.02626464887725877,0.24584234529174864
1.0,0.5,2.0,2.0,0.0025,0.005,2.0,400,two_speed,184,1.000072888403061,1.984084329371671,0.5083835142873789,0.0017849772780107913,0,0.02299166769485322,0.24584234529174864
1.0,0.5,2.0,2.0,0.0025,0.005,3.5,700,two_speed,184,0.9997100045307562,1.9871186040512767,0.5051039016796727,0.002481806436601117,0,0.020553344572373535,0.24584234529174864
1.0,0.5,2.0,2.0,0.0025,0.005,5.0,1000,two_speed,184,0.9999521792112622,1.9843066985360462,0.5095581285129769,0.002038055005019781,0,0.024197232011956515,0.24584234529174864
1.0,0.5,2.0,2.0,0.0025,0.005,10.0,2000,two_speed,184,1.0002679946461916,1.9780918019558933,0.5063936522846758,0.0027144226515569965,0,0.029539846790933133,0.24584234529174864
1.0,0.5,2.0,2.0,0.0025,0.005,20.0,4000,two_speed,184,1.0001655890902126,2.0030008883395722,0.49857353031182605,0.00185378248452069,0,0.010011702662406342,0.24584234529174864
1.0,0.5,2.0,2.0,0.0025,0.005,0.5,100,two_speed,185,1.0000498946157044,2.0080211648501143,0.5061778090210457,0.0023442663400375322,0,0.0167994422531756,0.24872904756505573
1.0,0.5,2.0,2.0,0.0025,0.005,1.0,200,two_speed,185,1.0002068389144227,2.0017159340840074,0.5099371416777257,0.001657389810767117,0,0.015116333231373982,0.24872904756505573
1.0,0.5,2.0,2.0,0.0025,0.005,2.0,400,two_speed,185,1.0001868653150554,2.005004707998079,0.5089222805675425,0.0019839241765684866,0,0.01600115331703477,0.24872904756505573
1.0,0.5,2.0,2.0,0.0025,0.005,3.5,700,two_speed,185,0.9999090206834004,2.0027581021742566,0.5032053564732331,0.0017968714678888403,0,0.01035281880775457,0.24872904756505573
1.0,0.5,2.0,2.0,0.0025,0.005,5.0,1000,two_speed,185,1.0001840926083556,2.0253629225120453,0.5102321234019362,0.002829063771926151,0,0.03480429122325176,0.24872904756505573
1.0,0.5,2.0,2.0,0.0025,0.005,10.0,2000,two_speed,185,0.9998181774920962,2.0381944135978283,0.5062240107319791,0.0015509207935744504,0,0.045414399028916086,0.24872904756505573
1.0,0.5,2.0,2.0,0.0025,0.005,20.0,4000,two_speed,185,0.9999457115489452,2.034975140522187,0.5032943499492099,0.002142648786706929,0,0.04187523157632008,0.24872904756505573
1.0,0.5,2.0,2.0,0.0025,0.005,0.5,100,two_speed,186,0.999989876037947,2.0045345305720605,0.49945352580003954,0.0015811189133628264,0,0.009383612936385802,0.2539196785738958
1.0,0.5,2.0,2.0,0.0025,0.005,1.0,200,two_speed,186,1.0003050113160656,2.0192240351620168,0.5019404714398067,0.0031408940482736823,0,0.027124832721919154,0.2539196785738958
1.0,0.5,2.0,2.0,0.0025,0.005,2.0,400,two_speed,186,1.0005388824927834,2.033081433356306,0.5075811282628668,0.0029459184428421797,0,0.04178946065698761,0.2539196785738958
1.0,0.5,2.0,2.0,0.0025,0.005,3.5,700,two_speed,186,1.0005041546808802,2.037015618031628,0.5068639775067957,0.0019153782494172628,0,0.044420989705830305,0.2539196785738958
1.0,0.5,2.0,2.0,0.0025,0.005,5.0,1000,two_speed,186,1.0002046284649782,2.0361239873249626,0.494456769575485,0.002105109568692472,0,0.043846460866110284,0.2539196785738958
1.0,0.5,2.0,2.0,0.0025,0.005,10.0,2000,two_speed,186,0.9999119053397286,2.0525886095787778,0.49637130317895395,0.0013174645151698603,0,0.061357969397763217,0.2539196785738958
1.0,0.5,2.0,2.0,0.0025,0.005,20.0,4000,two_speed,186,0.9997019073101621,2.058506311783847,0.5084225880424048,0.0019907377469824228,0,0.06897731243683708,0.2539196785738958
1.0,0.5,2.0,2.0,0.0025,0.005,0.5,100,two_speed,187,1.000042015095221,1.9833899171418004,0.502156821910836,0.002626511472467603,0,0.023251992342692523,0.2512040892782222
1.0,0.5,2.0,2.0,0.0025,0.005,1.0,200,two_speed,187,0.9997802088892708,1.9854627871231754,0.5023872843800282,0.002107133373910049,0,0.020055004083892193,0.2512040892782222
1.0,0.5,2.0,2.0,0.0025,0.005,2.0,400,two_speed,187,1.000058574899355,1.9742980342541918,0.5006740058005277,0.001835375511739526,0,0.03101307842724269,0.2512040892782222
1.0,0.5,2.0,2.0,0.0025,0.005,3.5,700,two_speed,187,1.0004860646407594,1.9623011011038107,0.5162079140004188,0.0026373742587227325,0,0.04946989925276845,0.2512040892782222
1.0,0.5,2.0,2.0,0.0025,0.005,5.0,1000,two_speed,187,1.000258352742499,1.9646617904863108,0.5086117478020415,0.0018278356191092002,0,0.042977773588383845,0.2512040892782222
1.0,0.5,2.0,2.0,0.0025,0.005,10.0,2000,two_speed,187,0.999878046019555,1.988580014644839,0.5045350151024861,0.0017320107310828635,0,0.01684471117821884,0.2512040892782222
1.0,0.5,2.0,2.0,0.0025,0.005,20.0,4000,two_speed,187,0.9996182714093097,1.912707014219193,0.5074709433563799,0.0021972652209108455,0,0.10159925930430308,0.2512040892782222
1.0,0.5,2.0,2.0,0.0025,0.005,0.5,100,two_speed,188,0.9998704557548506,2.0031884105783977,0.49761030737673523,0.0020370825981746864,0,0.011035025347913304,0.24996299399728222
1.0,0.5,2.0,2.0,0.0025,0.005,1.0,200,two_speed,188,0.9999264791812786,1.9984122928104815,0.5047344711255979,0.0016224014263287786,0,0.01035129550233044,0.24996299399728222
1.0,0.5,2.0,2.0,0.0025,0.005,2.0,400,two_speed,188,1.0000409421499175,1.9928307359544548,0.5106325408783083,0.002429346765287417,0,0.019971492801721207,0.24996299399728222
1.0,0.5,2.0,2.0,0.0025,0.005,3.5,700,two_speed,188,0.999884000427176,1.9924446116920982,0.5081264353737779,0.001866146757869083,0,0.01668752477256815,0.24996299399728222
1.0,0.5,2.0,2.0,0.0025,0.005,5.0,1000,two_speed,188,0.9997220330451382,1.988490957572362,0.5076758625569086,0.0014678390207412111,0,0.018468829012830774,0.24996299399728222
1.0,0.5,2.0,2.0,0.0025,0.005,10.0,2000,two_speed,188,1.000191182601416,1.965067912587712,0.5078562741337327,0.0019017268497999503,0,0.042428626863342284,0.24996299399728222
1.0,0.5,2.0,2.0,0.0025,0.005,20.0,4000,two_speed,188,0.999855920940839,1.9335781259590399,0.49820948855213143,0.002175557459521152,0,0.07749869341728068,0.24996299399728222
1.0,0.5,2.0,2.0,0.0025,0.005,0.5,100,two_speed,189,1.000047346234844,1.9960331834616447,0.5009672907979187,0.0023658547853396238,0,0.012529022361117519,0.2470605298544147
1.0,0.5,2.0,2.0,0.0025,0.005,1.0,200,two_speed,189,0.99999136408962,1.9878745893033904,0.4952170185912512,0.0016721535038217482,0,0.01740119504173144,0.2470605298544147
1.0,0.5,2.0,2.0,0.0025,0.005,2.0,400,two_speed,189,1.0000943361489967,1.9913277309238742,0.5023077079616957,0.00228287772511968,0,0.015266854368364323,0.2470605298544147
1.0,0.5,2.0,2.0,0.0025,0.005,3.5,700,two_speed,189,1.0000059747078827,1.992838013731034,0.4900606603379734,0.002211647910253528,0,0.018918013142915628,0.2470605298544147
1.0,0.5,2.0,2.0,0.0025,0.005,5.0,1000,two_speed,189,0.9999425859066179,1.9987383222823656,0.49217434439541197,0.001963653324394378,0,0.014071763618030145,0.2470605298544147
1.0,0.5,2.0,2.0,0.0025,0.005,10.0,2000,two_speed,189,1.0000403574339416,1.9847188627531285,0.4944376909608256,0.0014692715298564186,0,0.020492192045312215,0.2470605298544147
1.0,0.5,2.0,2.0,0.0025,0.005,20.0,4000,two_speed,189,0.9999084946811753,1.993210785903413,0.5031243340710347,0.0023235789496242787,0,0.014461439363532108,0.2470605298544147
1.0,0.5,2.0,2.0,0.0025,0.005,0.5,100,two_speed,190,0.9999246400532773,2.007128669848922,0.48998992860204527,0.002342464071559689,0,0.019213851364309135,0.28438341670802664
1.0,0.5,2.0,2.0,0.0025,0.005,1.0,200,two_speed,190,1.000082265973631,1.9980426390955242,0.49210153660226186,0.0017389584206806033,0,0.013801643883302515,0.28438341670802664
1.0,0.5,2.0,2.0,0.0025,0.005,2.0,400,two_speed,190,1.0001406787665463,1.9960905567394476,0.4976791003333766,0.0017959633069416405,0,0.010470999282979482,0.28438341670802664
1.0,0.5,2.0,2.0,0.0025,0.005,3.5,700,two_speed,190,1.000027804046403,1.998766624083433,0.4995381078595648,0.001632193367953019,0,0.008160496582473472,0.28438341670802664
1.0,0.5,2.0,2.0,0.0025,0.005,5.0,1000,two_speed,190,1.0000435192791046,2.019336872436988,0.49999722002439906,0.0023652449398309425,0,0.025162628395284888,0.28438341670802664
1.0,0.5,2.0,2.0,0.0025,0.005,10.0,2000,two_speed,190,0.9997756160862117,2.0254878341925497,0.49523554448993623,0.002308745305748199,0,0.03216207497194851,0.28438341670802664
1.0,0.5,2.0,2.0,0.0025,0.005,20.0,4000,two_speed,190,0.9997343203129506,2.0283157753844763,0.4974813446522799,0.001835347233627581,0,0.03408267160183377,0.28438341670802664
1.0,0.5,2.0,2.0,0.0025,0.005,0.5,100,two_speed,191,0.9999840999989282,1.9950709792053412,0.5055440843328542,0.0018611309836755621,0,0.012973962851370644,0.2501799524262814
1.0,0.5,2.0,2.0,0.0025,0.005,1.0,200,two_speed,191,1.0002536377560598,1.9943361368095291,0.513186728084458,0.00190935032570715,0,0.02022715881122865,0.2501799524262814
1.0,0.5,2.0,2.0,0.0025,0.005,2.0,400,two_speed,191,0.9998207049902376,2.001141179262089,0.5069573899805325,0.002537102583896459,0,0.015709836200202564,0.2501799524262814
1.0,0.5,2.0,2.0,0.0025,0.005,3.5,700,two_speed,191,1.0001142465901338,2.013766280918678,0.5113800619290623,0.001832087994863286,0,0.023339035254557553,0.2501799524262814
1.0,0.5,2.0,2.0,0.0025,0.005,5.0,1000,two_speed,191,1.0002076149038648,2.0127714198697704,0.5072183545449578,0.0025146566760525704,0,0.021258358611252123,0.2501799524262814
1.0,0.5,2.0,2.0,0.0025,0.005,10.0,2000,two_speed,191,0.9999755741495772,1.9978146082983206,0.5035381875800145,0.00190272122516697,0,0.010737567709291237,0.2501799524262814
1.0,0.5,2.0,2.0,0.0025,0.005,20.0,4000,two_speed,191,1.0003169683963795,1.965145744691025,0.5100131864959534,0.0016897741606848194,0,0.04278992553255994,0.2501799524262814
1.0,0.5,2.0,2.0,0.0025,0.005,0.5,100,two_speed,192,1.0001312766822823,2.0069452866512023,0.5021626609038973,0.0014288792690990435,0,0.01096362432991749,0.24571201785667135
1.0,0.5,2.0,2.0,0.0025,0.005,1.0,200,two_speed,192,1.0000027448145516,2.0077260472441543,0.49752978647271995,0.0018337765169932046,0,0.013086119131111528,0.24571201785667135
1.0,0.5,2.0,2.0,0.0025,0.005,2.0,400,two_speed,192,1.0003332701750343,2.0224059796295997,0.504985896185079,0.002451180723505875,0,0.02911031061516487,0.24571201785667135
1.0,0.5,2.0,2.0,0.0025,0.005,3.5,700,two_speed,192,1.0001217040553614,2.0139886467534405,0.5040127027044914,0.001136127569973185,0,0.017781075733047106,0.24571201785667135
1.0,0.5,2.0,2.0,0.0025,0.005,5.0,1000,two_speed,192,1.0003757174492334,2.008594855682858,0.5118403793106441,0.002009419791483001,0,0.020354192857581586,0.24571201785667135
1.0,0.5,2.0,2.0,0.0025,0.005,10.0,2000,two_speed,192,1.0000908975601417,1.988785306306265,0.5042632238146059,0.0017603551815305132,0,0.016476100352921377,0.24571201785667135
1.0,0.5,2.0,2.0,0.0025,0.005,20.0,4000,two_speed,192,1.0003444536989867,1.9916290109364652,0.5068726648567664,0.002222145453304538,0,0.01681819740456188,0.24571201785667135
1.0,0.5,2.0,2.0,0.0025,0.005,0.5,100,two_speed,193,1.0002365747126025,1.999635499967416,0.5016246610743618,0.002018745628566313,0,0.010096992261821277,0.24420670842352724
1.0,0.5,2.0,2.0,0.0025,0.005,1.0,200,two_speed,193,1.0001922151800342,1.9998265578849412,0.49779152470307136,0.0018376418356967257,0,0.009646857856634074,0.24420670842352724
1.0,0.5,2.0,2.0,0.0025,0.005,2.0,400,two_speed,193,1.00001390512619,2.002464398938363,0.5015918391156001,0.0019588449733723783,0,0.010226487583457091,0.24420670842352724
1.0,0.5,2.0,2.0,0.0025,0.005,3.5,700,two_speed,193,0.9998288167870588,1.991206412979502,0.4979884175638473,0.0018728306222247965,0,0.013914521458216754,0.24420670842352724
1.0,0.5,2.0,2.0,0.0025,0.005,5.0,1000,two_speed,193,0.9997880089361801,2.005498908810576,0.4984585931378095,0.0027364771874354684,0,0.014955733821149213,0.24420670842352724
1.0,0.5,2.0,2.0,0.0025,0.005,10.0,2000,two_speed,193,1.0001388871116137,1.9810995744458688,0.5142325151778836,0.0015105096648608761,0,0.029328467973206835,0.24420670842352724
1.0,0.5,2.0,2.0,0.0025,0.005,20.0,4000,two_speed,193,0.9999121027998736,2.0010256404860733,0.5081413959685225,0.002229160559905941,0,0.015423627060199672,0.24420670842352724
1.0,0.5,2.0,2.0,0.0025,0.005,0.5,100,two_speed,194,1.000011794945818,1.9957542052303556,0.5007423243133781,0.002245834534263874,0,0.012092456531405157,0.25353588098992724
1.0,0.5,2.0,2.0,0.0025,0.005,1.0,200,two_speed,194,1.0001461418488666,2.009876987695795,0.5069592981772053,0.0025673111403479152,0,0.019156667024694554,0.25353588098992724
1.0,0.5,2.0,2.0,0.0025,0.005,2.0,400,two_speed,194,1.0002643277621328,2.020408077863764,0.5053009869773029,0.002368428427641035,0,0.027041771336327732,0.25353588098992724
1.0,0.5,2.0,2.0,0.0025,0.005,3.5,700,two_speed,194,1.0004269702624784,2.0192964719411877,0.5023869417339615,0.0027071191615129645,0,0.026065698962842877,0.25353588098992724
1.0,0.5,2.0,2.0,0.0025,0.005,5.0,1000,two_speed,194,1.0000661091680276,2.01438779586017,0.5007752181834038,0.0016232785381056869,0,0.01844144391668481,0.25353588098992724
1.0,0.5,2.0,2.0,0.0025,0.005,10.0,2000,two_speed,194,0.9999619245946996,2.0352781916532403,0.507027727821471,0.0017289581957112385,0,0.042523489124468586,0.25353588098992724
1.0,0.5,2.0,2.0,0.0025,0.005,20.0,4000,two_speed,194,1.0000529006813184,2.049283769527802,0.5071647198507555,0.002070147429526007,0,0.058346660952725844,0.25353588098992724
1.0,0.5,2.0,2.0,0.0025,0.005,0.5,100,two_speed,195,0.9996948856051602,1.9999430584639206,0.50169119696157,0.0017053852308473842,0,0.008948424715484684,0.24916188099554606
1.0,0.5,2.0,2.0,0.0025,0.005,1.0,200,two_speed,195,0.9999108337038574,2.0014947091074706,0.5074975653476677,0.0017034986434282546,0,0.01314148587152998,0.24916188099554606
1.0,0.5,2.0,2.0,0.0025,0.005,2.0,400,two_speed,195,1.0000880986709257,2.009752252300251,0.5066798251085675,0.002233563149356483,0,0.017898242707077076,0.24916188099554606
1.0,0.5,2.0,2.0,0.0025,0.005,3.5,700,two_speed,195,1.0002235135868636,1.9982884918541244,0.510587557302266,0.002281433271691534,0,0.017548747537965235,0.24916188099554606
1.0,0.5,2.0,2.0,0.0025,0.005,5.0,1000,two_speed,195,0.9999358707253657,1.9859459995364988,0.5036611509775496,0.0021272344771909707,0,0.019894483800944794,0.24916188099554606
1.0,0.5,2.0,2.0,0.0025,0.005,10.0,2000,two_speed,195,0.9997689498222387,1.9552754379827941,0.5021472010732723,0.0025237955133555756,0,0.05316893435766311,0.24916188099554606
1.0,0.5,2.0,2.0,0.0025,0.005,20.0,4000,two_speed,195,1.000423219807245,1.9990860924126028,0.5158743933212561,0.0025218909599080287,0,0.023474377494295175,0.24916188099554606
1.0,0.5,2.0,2.0,0.0025,0.005,0.5,100,two_speed,196,0.9999784755097141,2.0055641033885627,0.5052325591715476,0.001485183053297411,0,0.011916587668954828,0.2501074165837573
1.0,0.5,2.0,2.0,0.0025,0.005,1.0,200,two_speed,196,0.9999957574422302,1.9965362437960856,0.5080603656740575,0.0022645863992684354,0,0.01580239028762397,0.2501074165837573
1.0,0.5,2.0,2.0,0.0025,0.005,2.0,400,two_speed,196,0.9996829884994496,2.003349151148192,0.49537282634634494,0.0018939931395034555,0,0.011499185564330347,0.2501074165837573
1.0,0.5,2.0,2.0,0.0025,0.005,3.5,700,two_speed,196,0.9995543592907796,2.0024609955273247,0.49701197159147437,0.002379233197121531,0,0.012526959508833277,0.2501074165837573
1.0,0.5,2.0,2.0,0.0025,0.005,5.0,1000,two_speed,196,0.9995072613417185,1.9817639487140981,0.49083296656538133,0.002625267170806591,0,0.02713286783002684,0.2501074165837573
1.0,0.5,2.0,2.0,0.0025,0.005,10.0,2000,two_speed,196,1.0000501227793268,2.0175942878642443,0.49798843870198256,0.0027232025681910976,0,0.024463049288862566,0.2501074165837573
1.0,0.5,2.0,2.0,0.0025,0.005,20.0,4000,two_speed,196,1.0002300175369334,2.0487791539539564,0.4980846640248746,0.0019651363067927845,0,0.05726003536539299,0.2501074165837573
1.0,0.5,2.0,2.0,0.0025,0.005,0.5,100,two_speed,197,1.0001840259048034,1.9947599935501255,0.505217978870877,0.0018087214553328247,0,0.012558740638886299,0.24977526785473206
1.0,0.5,2.0,2.0,0.0025,0.005,1.0,200,two_speed,197,1.000022765232646,1.9971061341707743,0.508247596433831,0.0018022545076950799,0,0.014277054802190462,0.24977526785473206
1.0,0.5,2.0,2.0,0.0025,0.005,2.0,400,two_speed,197,1.00023048157847,2.000066330220503,0.5094552999490847,0.0017490708994874437,0,0.014673873615398604,0.24977526785473206
1.0,0.5,2.0,2.0,0.0025,0.005,3.5,700,two_speed,197,1.0001600058630176,2.010436373597381,0.5080034565309387,0.001636651715590393,0,0.01766317757495868,0.24977526785473206
1.0,0.5,2.0,2.0,0.0025,0.005,5.0,1000,two_speed,197,1.0001693314530298,2.02725572785988,0.5210239269181083,0.00212199242370247,0,0.042602088541231584,0.24977526785473206
1.0,0.5,2.0,2.0,0.0025,0.005,10.0,2000,two_speed,197,1.0002747288757166,2.072586507703376,0.5058727941960653,0.002237930726162458,0,0.08457120277206068,0.24977526785473206
1.0,0.5,2.0,2.0,0.0025,0.005,20.0,4000,two_speed,197,1.0000071620949815,2.0730644371856326,0.5024078102570497,0.0024044553409957848,0,0.08510037014105178,0.24977526785473206
1.0,0.5,2.0,2.0,0.0025,0.005,0.5,100,two_speed,198,1.0000263436805439,1.9967977945934792,0.5055504352681417,0.0023992984142699285,0,0.014281125813362444,0.25118246430065483
1.0,0.5,2.0,2.0,0.0025,0.005,1.0,200,two_speed,198,1.0001687981232008,1.9983227335772653,0.5076173385708692,0.0019431534142733242,0,0.013671247270613503,0.25118246430065483
1.0,0.5,2.0,2.0,0.0025,0.005,2.0,400,two_speed,198,1.000442266588288,1.9861861018548792,0.5107545886213258,0.0026685547133786167,0,0.02453791687847896,0.25118246430065483
1.0,0.5,2.0,2.0,0.0025,0.005,3.5,700,two_speed,198,0.9999365434582149,1.9847856103712214,0.49639415524614705,0.002050840501984836,0,0.020791515430687565,0.25118246430065483
1.0,0.5,2.0,2.0,0.0025,0.005,5.0,1000,two_speed,198,0.9999345127911171,2.003541501593842,0.48785880816874655,0.0022027372717150127,0,0.01959202245174601,0.25118246430065483
1.0,0.5,2.0,2.0,0.0025,0.005,10.0,2000,two_speed,198,1.000247318760833,2.0296818015972535,0.5197503190324567,0.0021966701939504524,0,0.0437544699311621,0.25118246430065483
1.0,0.5,2.0,2.0,0.0025,0.005,20.0,4000,two_speed,198,1.0002334808044313,2.0209662875963277,0.5052706794882041,0.0015774558987693898,0,0.02617998734188446,0.25118246430065483
1.0,0.5,2.0,2.0,0.0025,0.005,0.5,100,two_speed,199,0.9999648565010023,2.0077551024995928,0.49669419142772053,0.0017137369751133579,0,0.012993933144028483,0.24424486913319146
1.0,0.5,2.0,2.0,0.0025,0.005,1.0,200,two_speed,199,1.000061181792353,2.00930651661306,0.5027017753812371,0.001785159130203425,0,0.014265862930001582,0.24424486913319146
1.0,0.5,2.0,2.0,0.0025,0.005,2.0,400,two_speed,199,1.0003214300747372,2.0150503204587773,0.5133099501949219,0.00204311731900214,0,0.026138666969368642,0.24424486913319146
1.0,0.5,2.0,2.0,0.0025,0.005,3.5,700,two_speed,199,0.9998022378004106,2.0176751975540466,0.4987354933972204,0.0012014520901559504,0,0.021310641570811986,0.24424486913319146
1.0,0.5,2.0,2.0,0.0025,0.005,5.0,1000,two_speed,199,0.9999773409174609,2.0067690227276977,0.4983482737619232,0.0019463070619586682,0,0.012519695065221801,0.24424486913319146
1.0,0.5,2.0,2.0,0.0025,0.005,10.0,2000,two_speed,199,0.9998151281459432,1.9967586607487777,0.4987629255199578,0.0021771277072715135,0,0.011409127760324326,0.24424486913319146
1.0,0.5,2.0,2.0,0.0025,0.005,20.0,4000,two_speed,199,1.000144050741099,1.9986280138607284,0.5082522415485047,0.0018715178705824278,0,0.01404759095662234,0.24424486913319146
1.0,0.5,2.0,2.0,0.0025,0.005,0.5,100,two_speed,200,0.9998875280605335,1.9963329533829892,0.5020409037665948,0.001294460050755196,0,0.008181528253836348,0.2547978274191597
1.0,0.5,2.0,2.0,0.0025,0.005,1.0,200,two_speed,200,0.9998424447832741,1.9892855969453316,0.5004933921840033,0.0020209260636843444,0,0.015899795137946576,0.2547978274191597
1.0,0.5,2.0,2.0,0.0025,0.005,2.0,400,two_speed,200,0.9999148811647534,2.00153756596136,0.5024070872535205,0.002132349627428397,0,0.011124953674904558,0.2547978274191597
1.0,0.5,2.0,2.0,0.0025,0.005,3.5,700,two_speed,200,0.999897190017653,2.012980375520991,0.5062968899136789,0.0013972479859066433,0,0.018487081470127495,0.2547978274191597
1.0,0.5,2.0,2.0,0.0025,0.005,5.0,1000,two_speed,200,0.9998487047243934,2.0019570876841883,0.5135986999695947,0.0019288996360895601,0,0.020480910693660963,0.2547978274191597
1.0,0.5,2.0,2.0,0.0025,0.005,10.0,2000,two_speed,200,0.9999956148882025,1.9916269312055264,0.499880429868522,0.001773045566432001,0,0.013005116053896947,0.2547978274191597
1.0,0.5,2.0,2.0,0.0025,0.005,20.0,4000,two_speed,200,0.9999630417784514,2.0148018152972487,0.5073414934404424,0.0024519405785284267,0,0.02297186764006124,0.2547978274191597
1.0,0.5,2.0,2.0,0.0025,0.005,0.5,100,two_speed,201,1.0000728572732824,1.994325640118234,0.5047090761330815,0.002306420492687916,0,0.014378117796125155,0.24788382729249342
1.0,0.5,2.0,2.0,0.0025,0.005,1.0,200,two_speed,201,0.9998840592764152,2.0010624989451595,0.5011123291032167,0.002185414601071266,0,0.010937202804338457,0.24788382729249342
1.0,0.5,2.0,2.0,0.0025,0.005,2.0,400,two_speed,201,0.9997508703886241,2.0038523500792613,0.48721084715439067,0.002177490816383893,0,0.019986724665753176,0.24788382729249342
1.0,0.5,2.0,2.0,0.0025,0.005,3.5,700,two_speed,201,1.0001385874079607,2.0114166425168625,0.49657413129469147,0.0020642532199549968,0,0.017306047258576644,0.24788382729249342
1.0,0.5,2.0,2.0,0.0025,0.005,5.0,1000,two_speed,201,0.9998423527639246,2.0087701201603263,0.4952374995560501,0.0022759238948102047,0,0.01620160449029417,0.24788382729249342
1.0,0.5,2.0,2.0,0.0025,0.005,10.0,2000,two_speed,201,0.9999845096596379,1.9885758908370865,0.5020631464571241,0.001961741721122037,0,0.016555222643191925,0.24788382729249342
1.0,0.5,2.0,2.0,0.0025,0.005,20.0,4000,two_speed,201,0.9998909076613651,2.002416912542921,0.5088864589737432,0.0022888277441980884,0,0.016549719058462035,0.24788382729249342
1.0,0.5,2.0,2.0,0.0025,0.005,0.5,100,two_speed,202,0.9998855675170075,1.9960465677685684,0.497579753607622,0.0023532052241339706,0,0.01276473643145817,0.2502172560031925
1.0,0.5,2.0,2.0,0.0025,0.005,1.0,200,two_speed,202,0.9999957438735741,1.9803519896163306,0.5034919745842639,0.002043225574859305,0,0.025210535594702405,0.2502172560031925
1.0,0.5,2.0,2.0,0.0025,0.005,2.0,400,two_speed,202,0.9999296779122788,1.9776865185197263,0.5063524340544763,0.001657009169794624,0,0.02825232910692928,0.2502172560031925
1.0,0.5,2.0,2.0,0.0025,0.005,3.5,700,two_speed,202,1.0002914877752749,1.984025528764266,0.5143372075373708,0.0018042293553203008,0,0.027298886991180334,0.2502172560031925
1.0,0.5,2.0,2.0,0.0025,0.005,5.0,1000,two_speed,202,1.0001839535567885,2.010604921340455,0.5136234768373398,0.0012812160354543178,0,0.02212861268222654,0.2502172560031925
1.0,0.5,2.0,2.0,0.0025,0.005,10.0,2000,two_speed,202,0.9994546047278585,2.0009494115349638,0.502427262011912,0.0025923560060703197,0,0.013703144572244082,0.2502172560031925
1.0,0.5,2.0,2.0,0.0025,0.005,20.0,4000,two_speed,202,0.999685331433058,2.05637044570653,0.5070882164530385,0.0026059109957147567,0,0.06691170068223888,0.2502172560031925
1.0,0.5,2.0,2.0,0.0025,0.005,0.5,100,two_speed,203,1.0001192562241048,2.0079428037169844,0.49957560904668485,0.0022290883163888927,0,0.014307637830443509,0.24578528570210828
1.0,0.5,2.0,2.0,0.0025,0.005,1.0,200,two_speed,203,1.0000229322916792,2.0159895553517426,0.5010520576019492,0.0023200906501872672,0,0.02171330652909977,0.24578528570210828
1.0,0.5,2.0,2.0,0.0025,0.005,2.0,400,two_speed,203,1.0003751650182842,2.022750316286395,0.5061799418387904,0.002221543013294969,0,0.02929939620366328,0.24578528570210828
1.0,0.5,2.0,2.0,0.0025,0.005,3.5,700,two_speed,203,1.0002841822626325,2.0412668617948024,0.5092058827192569,0.00215765389858297,0,0.04991222425994982,0.24578528570210828
1.0,0.5,2.0,2.0,0.0025,0.005,5.0,1000,two_speed,203,1.0002685632219308,2.0256864180710803,0.5077462399354657,0.0019169264166290425,0,0.0324273280659088,0.24578528570210828
1.0,0.5,2.0,2.0,0.0025,0.005,10.0,2000,two_speed,203,1.0000126220515713,2.0034757155391216,0.5156078611896988,0.002378764756691618,0,0.023694321407336703,0.24578528570210828
1.0,0.5,2.0,2.0,0.0025,0.005,20.0,4000,two_speed,203,1.0000904977740572,2.0284234820009255,0.49960684859807936,0.0016645376429498028,0,0.03383369589529508,0.24578528570210828
1.0,0.5,2.0,2.0,0.0025,0.005,0.5,100,two_speed,204,1.0000617594248649,2.0084548131166344,0.503897242922458,0.0010944661223629864,0,0.012187095303717222,0.250864630864401
1.0,0.5,2.0,2.0,0.0025,0.005,1.0,200,two_speed,204,1.0000395868654435,2.002437598973267,0.5065668937317988,0.0016299847786536358,0,0.011994118440780731,0.250864630864401
1.0,0.5,2.0,2.0,0.0025,0.005,2.0,400,two_speed,204,1.0002948862066252,2.001124622438447,0.5138344086543369,0.002241397832486206,0,0.020679769978409805,0.250864630864401
1.0,0.5,2.0,2.0,0.0025,0.005,3.5,700,two_speed,204,1.0000240840577277,2.00787817509975,0.5053483446466761,0.0025108468226604074,0,0.016828158289559463,0.250864630864401
1.0,0.5,2.0,2.0,0.0025,0.005,5.0,1000,two_speed,204,1.000138131286021,2.02755222155946,0.5060018532889808,0.00169887724389467,0,0.03368714504418928,0.250864630864401
1.0,0.5,2.0,2.0,0.0025,0.005,10.0,2000,two_speed,204,1.000079169300408,2.0104687802256214,0.5150614954944385,0.0013536050482851533,0,0.023773619259789828,0.250864630864401
1.0,0.5,2.0,2.0,0.0025,0.005,20.0,4000,two_speed,204,0.9998489074349077,2.038015230373694,0.49891185327213855,0.0016659758763571412,0,0.0446898832370095,0.250864630864401
1.0,0.5,2.0,2.0,0.0025,0.005,0.5,100,two_speed,205,0.9997869066885372,1.9968813279099322,0.49743358617796046,0.0019212808856902935,0,0.010534903860138988,0.25132534528217676
1.0,0.5,2.0,2.0,0.0025,0.005,1.0,200,two_speed,205,0.9997032259561638,1.9844625132571179,0.4957082768932609,0.0021538786024140233,0,0.021465715046770455,0.25132534528217676
1.0,0.5,2.0,2.0,0.0025,0.005,2.0,400,two_speed,205,1.0001020161307939,1.9876460602891168,0.5004189868408264,0.0013530779164054466,0,0.015741293213083037,0.25132534528217676
1.0,0.5,2.0,2.0,0.0025,0.005,3.5,700,two_speed,205,1.0001819759178217,1.9890758631310812,0.5084491000210767,0.002985597965552553,0,0.022107905467288906,0.25132534528217676
1.0,0.5,2.0,2.0,0.0025,0.005,5.0,1000,two_speed,205,1.0000453231633986,2.0066443162055956,0.5016151350853087,0.0018553724602865952,0,0.012071477308016484,0.25132534528217676
1.0,0.5,2.0,2.0,0.0025,0.005,10.0,2000,two_speed,205,0.9999362014586337,1.9969625350443319,0.49729822476614144,0.00196722010541041,0,0.01082697809856816,0.25132534528217676
1.0,0.5,2.0,2.0,0.0025,0.005,20.0,4000,two_speed,205,1.0005403634232533,2.0000709697120107,0.51450290537573,0.0035574486768675854,0,0.025077679886810936,0.25132534528217676
1.0,0.5,2.0,2.0,0.0025,0.005,0.5,100,two_speed,206,1.0000649695401203,2.005408644428599,0.5077085991407968,0.0011261649836586567,0,0.0129617331010143,0.25514236313756555
1.0,0.5,2.0,2.0,0.0025,0.005,1.0,200,two_speed,206,0.9998605576802387,1.993171646493259,0.5085094435988051,0.0022626159710653904,0,0.017780143958058613,0.25514236313756555
1.0,0.5,2.0,2.0,0.0025,0.005,2.0,400,two_speed,206,0.9998257117714585,1.9890839087927048,0.5055830267475394,0.0019074254398758958,0,0.01747387415886248,0.25514236313756555
1.0,0.5,2.0,2.0,0.0025,0.005,3.5,700,two_speed,206,1.0000747059525212,1.9753183683494342,0.5062749442697172,0.001826460506257488,0,0.03082374501965176,0.25514236313756555
1.0,0.5,2.0,2.0,0.0025,0.005,5.0,1000,two_speed,206,1.0003192826830867,1.986811657841434,0.5035295439671349,0.0020122107293267235,0,0.018616759611915605,0.25514236313756555
1.0,0.5,2.0,2.0,0.0025,0.005,10.0,2000,two_speed,206,1.000107772644868,1.9999866312656362,0.49989587528915497,0.0015482879290591627,0,0.0076186939950890105,0.25514236313756555
1.0,0.5,2.0,2.0,0.0025,0.005,20.0,4000,two_speed,206,1.0000844132497688,1.9689717294162516,0.5046360501953709,0.00234810508767419,0,0.037965081333298525,0.25514236313756555
1.0,0.5,2.0,2.0,0.0025,0.005,0.5,100,two_speed,207,1.00019101497051,2.0078525708589816,0.5046003795741278,0.002372762729903021,0,0.01581267904012781,0.25033520828999045
1.0,0.5,2.0,2.0,0.0025,0.005,1.0,200,two_speed,207,1.000348741514385,2.0126259917007943,0.5086836119716351,0.003460165680505916,0,0.024860889209263357,0.25033520828999045
1.0,0.5,2.0,2.0,0.0025,0.005,2.0,400,two_speed,207,0.9998743504731786,1.9949776976350024,0.5033142117048309,0.0017070695731091928,0,0.011186269878798361,0.25033520828999045
1.0,0.5,2.0,2.0,0.0025,0.005,3.5,700,two_speed,207,1.000046325947238,1.9856133225328148,0.510374303687659,0.0022540203911063724,0,0.024086099279913075,0.25033520828999045
1.0,0.5,2.0,2.0,0.0025,0.005,5.0,1000,two_speed,207,0.99993707170986,1.9745396232190346,0.5014338687464414,0.0017230988595807247,0,0.03064213595177621,0.25033520828999045
1.0,0.5,2.0,2.0,0.0025,0.005,10.0,2000,two_speed,207,1.000437596460105,2.0095619212268088,0.5122380130278618,0.0026902842985643207,0,0.022952268248157187,0.25033520828999045
1.0,0.5,2.0,2.0,0.0025,0.005,20.0,4000,two_speed,207,0.999912576889744,2.0073438982736946,0.501302804619481,0.0022541877156379768,0,0.01405946065731837,0.25033520828999045
1.0,0.5,2.0,2.0,0.0025,0.005,0.5,100,two_speed,208,0.9999490897042467,1.99829679381843,0.49822998491411785,0.0016576092261413415,0,0.008656369305514134,0.2528989047111411
1.0,0.5,2.0,2.0,0.0025,0.005,1.0,200,two_speed,208,0.9995940228299869,2.0160489163616027,0.4887177441155662,0.0031144296285582364,0,0.027788269242420276,0.2528989047111411
1.0,0.5,2.0,2.0,0.0025,0.005,2.0,400,two_speed,208,0.9996524062413605,2.022610827940191,0.4975447963547998,0.0019836455702221967,0,0.028041332531675123,0.2528989047111411
1.0,0.5,2.0,2.0,0.0025,0.005,3.5,700,two_speed,208,0.9996158403618877,2.0242748401915676,0.5022333235623863,0.0029507432473761717,0,0.03177260380422989,0.2528989047111411
1.0,0.5,2.0,2.0,0.0025,0.005,5.0,1000,two_speed,208,1.0003842945233479,2.0258303912259326,0.5083431482525613,0.003936582824954278,0,0.03674295663923426,0.2528989047111411
1.0,0.5,2.0,2.0,0.0025,0.005,10.0,2000,two_speed,208,1.0002030753179039,2.0523504954478207,0.5037121331652763,0.002554563740163027,0,0.06176809266951224,0.2528989047111411
1.0,0.5,2.0,2.0,0.0025,0.005,20.0,4000,two_speed,208,0.9998346783645163,2.0427278132044404,0.48966698372297685,0.0015938023167297887,0,0.05187331641223949,0.2528989047111411
1.0,0.5,2.0,2.0,0.0025,0.005,0.5,100,two_speed,209,0.9997844401114456,2.0108950594696853,0.4972675971594221,0.0017471730053630556,0,0.015579873850672898,0.24831795843783766
1.0,0.5,2.0,2.0,0.0025,0.005,1.0,200,two_speed,209,1.00018984077724,2.013264932771501,0.5105807572700606,0.001752924491992872,0,0.022059937609293884,0.24831795843783766
1.0,0.5,2.0,2.0,0.0025,0.005,2.0,400,two_speed,209,1.000193440040606,2.025243304016557,0.508177233964513,0.0016728043533137218,0,0.03191576075830735,0.24831795843783766
1.0,0.5,2.0,2.0,0.0025,0.005,3.5,700,two_speed,209,1.000098423595648,2.0138043971291095,0.5122443070959888,0.0015853371597418355,0,0.023612114308395875,0.24831795843783766
1.0,0.5,2.0,2.0,0.0025,0.005,5.0,1000,two_speed,209,0.9998785170881347,2.0187197369333116,0.500988862762371,0.0018550520807441451,0,0.023499364530359647,0.24831795843783766
1.0,0.5,2.0,2.0,0.0025,0.005,10.0,2000,two_speed,209,1.000027872649651,2.0220126439208497,0.49870825263491153,0.0016830322357584636,0,0.026800654900590307,0.24831795843783766
1.0,0.5,2.0,2.0,0.0025,0.005,20.0,4000,two_speed,209,1.0002563402471372,2.0397873648499076,0.5156660357471452,0.0015874217345149542,0,0.05030148037335665,0.24831795843783766
1.0,0.5,2.0,2.0,0.0025,0.005,0.5,100,two_speed,210,1.000074983323884,1.9963738573381993,0.5036252970310839,0.0013854577732706653,0,0.009200772279568633,0.2489781191439501
1.0,0.5,2.0,2.0,0.0025,0.005,1.0,200,two_speed,210,1.0000245638727947,1.9955101974176706,0.4985644470419292,0.002022372955409564,0,0.01135702928692931,0.2489781191439501
1.0,0.5,2.0,2.0,0.0025,0.005,2.0,400,two_speed,210,0.9998125460436593,1.993338088770917,0.5026740609502138,0.00132091255243409,0,0.010817511825517538,0.2489781191439501
1.0,0.5,2.0,2.0,0.0025,0.005,3.5,700,two_speed,210,0.9999915666977086,1.9674826117781383,0.5111592397001296,0.001174339467686022,0,0.04049156908186077,0.2489781191439501
1.0,0.5,2.0,2.0,0.0025,0.005,5.0,1000,two_speed,210,0.9999558459601429,1.979123032862621,0.5081520059932658,0.001941917748099303,0,0.027907878383570606,0.2489781191439501
1.0,0.5,2.0,2.0,0.0025,0.005,10.0,2000,two_speed,210,1.0002937511791816,1.9283852758649873,0.5123108513497512,0.002059013019180836,0,0.0843209681823984,0.2489781191439501
1.0,0.5,2.0,2.0,0.0025,0.005,20.0,4000,two_speed,210,1.000224616942397,1.9266122334767941,0.5180041331171894,0.0021766582558331187,0,0.08762563316360177,0.2489781191439501
1.0,0.5,2.0,2.0,0.0025,0.005,0.5,100,two_speed,211,1.000054769131547,2.0003676586048282,0.4993691146265242,0.0017892168584046385,0,0.008841100617722206,0.24466243457780884
1.0,0.5,2.0,2.0,0.0025,0.005,1.0,200,two_speed,211,0.9997601715097191,2.0069454022591366,0.4904419273944825,0.0020145615880889306,0,0.017575614813887936,0.24466243457780884
1.0,0.5,2.0,2.0,0.0025,0.005,2.0,400,two_speed,211,0.9999298081802105,1.9989205109896102,0.49690307771752235,0.0026044631646037586,0,0.013420392725011606,0.24466243457780884
1.0,0.5,2.0,2.0,0.0025,0.005,3.5,700,two_speed,211,0.9996896194203173,1.9873878036033228,0.48865731000230955,0.0019025907064575348,0,0.022454144017683007,0.24466243457780884
1.0,0.5,2.0,2.0,0.0025,0.005,5.0,1000,two_speed,211,0.9998253496796453,1.9760058562553584,0.5002643302541189,0.0018956812892208222,0,0.029240088256139263,0.24466243457780884
1.0,0.5,2.0,2.0,0.0025,0.005,10.0,2000,two_speed,211,0.9999243204408322,1.9513064101846134,0.5046770106058662,0.0022679519046943006,0,0.05756296872560219,0.24466243457780884
1.0,0.5,2.0,2.0,0.0025,0.005,20.0,4000,two_speed,211,1.0000821002530043,1.9735425695489988,0.5050276862326274,0.0022910158061377256,0,0.033067061725204586,0.24466243457780884
1.0,0.5,2.0,2.0,0.0025,0.005,0.5,100,two_speed,212,1.0002386460984638,2.007570254463426,0.5061282923726474,0.0026214136714299255,0,0.017253494590865913,0.2508056190064443
1.0,0.5,2.0,2.0,0.0025,0.005,1.0,200,two_speed,212,0.9996311490460772,2.015326465437,0.5005136494186434,0.001523663514522438,0,0.019331652800832846,0.2508056190064443
1.0,0.5,2.0,2.0,0.0025,0.005,2.0,400,two_speed,212,0.9998265763692415,2.017882011836826,0.5112953290266602,0.002302142308228653,0,0.02780217344298333,0.2508056190064443
1.0,0.5,2.0,2.0,0.0025,0.005,3.5,700,two_speed,212,0.9996564731066112,2.0193849670813053,0.5109193275672205,0.0017597279448354655,0,0.028193284711846664,0.2508056190064443
1.0,0.5,2.0,2.0,0.0025,0.005,5.0,1000,two_speed,212,0.9998300453347685,2.0256148171527273,0.4972879941115827,0.0024187212211808132,0,0.032073636806638904,0.2508056190064443
1.0,0.5,2.0,2.0,0.0025,0.005,10.0,2000,two_speed,212,0.9999905975992334,2.025970735424115,0.5167314740966097,0.0013085129486127066,0,0.03739243478525391,0.2508056190064443
1.0,0.5,2.0,2.0,0.0025,0.005,20.0,4000,two_speed,212,0.9998053082439592,1.9750824155432378,0.505519397554038,0.002246587952110725,0,0.031650906866847656,0.2508056190064443
1.0,0.5,2.0,2.0,0.0025,0.005,0.5,100,two_speed,213,0.9999830458006395,1.9877242830593111,0.503250585155972,0.0017224373831685829,0,0.017040725365661834,0.2506605714193678
1.0,0.5,2.0,2.0,0.0025,0.005,1.0,200,two_speed,213,1.0000073043220887,1.9927989193831488,0.5067745983081007,0.001649299088308016,0,0.014558112587001888,0.2506605714193678
1.0,0.5,2.0,2.0,0.0025,0.005,2.0,400,two_speed,213,1.0001631849976171,2.0077413694321846,0.5054374761347382,0.0020793341588639168,0,0.015177272627346486,0.2506605714193678
1.0,0.5,2.0,2.0,0.0025,0.005,3.5,700,two_speed,213,1.0005173139104857,2.007368082359827,0.5027870840197112,0.002134160764650241,0,0.013908202962202314,0.2506605714193678
1.0,0.5,2.0,2.0,0.0025,0.005,5.0,1000,two_speed,213,0.9997461429666142,2.026119276849081,0.49500615941221005,0.002121274022545531,0,0.032570538343837115,0.2506605714193678
1.0,0.5,2.0,2.0,0.0025,0.005,10.0,2000,two_speed,213,0.9999736555306097,2.0031862362007704,0.5027636756188009,0.0016128006940886524,0,0.009471291586010646,0.2506605714193678
1.0,0.5,2.0,2.0,0.0025,0.005,20.0,4000,two_speed,213,0.9997893038961368,1.9746482642441814,0.5063213037161772,0.001775609765546005,0,0.03167308030002163,0.2506605714193678
1.0,0.5,2.0,2.0,0.0025,0.005,0.5,100,two_speed,214,0.9998651149834635,2.003384930406525,0.49812479724112,0.002049797949970549,0,0.011017204110750951,0.2464115238648706
1.0,0.5,2.0,2.0,0.0025,0.005,1.0,200,two_speed,214,0.9998633702438077,1.9923950237982557,0.49925367739793125,0.0016165944905131313,0,0.011872594824960574,0.2464115238648706
1.0,0.5,2.0,2.0,0.0025,0.005,2.0,400,two_speed,214,0.9998179731412539,1.9965974884281876,0.49366884377465703,0.002855804368697211,0,0.016607935332429838,0.2464115238648706
1.0,0.5,2.0,2.0,0.0025,0.005,3.5,700,two_speed,214,1.000055420495482,1.9847344315983948,0.50537541367338,0.0020052299662931144,0,0.02127418888126054,0.2464115238648706
1.0,0.5,2.0,2.0,0.0025,0.005,5.0,1000,two_speed,214,0.9998778541484707,1.972700504552637,0.49923974058759873,0.00265406388081911,0,0.03413206425196513,0.2464115238648706
1.0,0.5,2.0,2.0,0.0025,0.005,10.0,2000,two_speed,214,1.0002366453173694,1.9585886929142626,0.5121903497431267,0.0021072384649161884,0,0.05109136605198873,0.2464115238648706
1.0,0.5,2.0,2.0,0.0025,0.005,20.0,4000,two_speed,214,1.0004878011750025,1.9754139949408143,0.5204419691817738,0.002475425109568466,0,0.03985065547613879,0.2464115238648706
1.0,0.5,2.0,2.0,0.0025,0.005,0.5,100,two_speed,215,1.0000427368528662,1.999112816173066,0.5044572598265356,0.0014205521566026443,0,0.009086974734948034,0.2470250535656565
1.0,0.5,2.0,2.0,0.0025,0.005,1.0,200,two_speed,215,1.0002880878592697,2.0013262879106968,0.5053855803111825,0.0022223058176332644,0,0.012823238168825565,0.2470250535656565
1.0,0.5,2.0,2.0,0.0025,0.005,2.0,400,two_speed,215,1.000257300092489,2.004170296137404,0.5054091241732968,0.0025596348896781787,0,0.015002251171278898,0.2470250535656565
1.0,0.5,2.0,2.0,0.0025,0.005,3.5,700,two_speed,215,1.0001566549084473,1.9888808006705412,0.5146499996682192,0.0020340034782890216,0,0.024734459266641334,0.2470250535656565
1.0,0.5,2.0,2.0,0.0025,0.005,5.0,1000,two_speed,215,0.9996919998858051,1.9823882106785078,0.5120447913509054,0.002355873331515419,0,0.02846991414075158,0.2470250535656565
1.0,0.5,2.0,2.0,0.0025,0.005,10.0,2000,two_speed,215,0.9999623944580365,1.9707764725927972,0.5045189624429942,0.0013570200657412165,0,0.03485102360506005,0.2470250535656565
1.0,0.5,2.0,2.0,0.0025,0.005,20.0,4000,two_speed,215,0.9998633754729687,1.9592129056792609,0.50697943921498,0.002344338773740063,0,0.049156801387289464,0.2470250535656565
1.0,0.5,2.0,2.0,0.0025,0.005,0.5,100,two_speed,216,1.000334841581443,1.9976477696616437,0.5034354088465062,0.0016528311949322158,0,0.009469809432643531,0.2600243511343641
1.0,0.5,2.0,2.0,0.0025,0.005,1.0,200,two_speed,216,0.9999908355844416,2.00375610476691,0.49872776730324503,0.0023842141649703667,0,0.012583090341204544,0.2600243511343641
1.0,0.5,2.0,2.0,0.0025,0.005,2.0,400,two_speed,216,0.9998845756744286,1.9885674518061534,0.5055106122426837,0.00230373203411629,0,0.01888688775444791,0.2600243511343641
1.0,0.5,2.0,2.0,0.0025,0.005,3.5,700,two_speed,216,0.9998874597511421,1.9888100830376072,0.5087953855870782,0.0018194129040942774,0,0.019549163718551497,0.2600243511343641
1.0,0.5,2.0,2.0,0.0025,0.005,5.0,1000,two_speed,216,1.0000163442398669,1.9963647619619027,0.5061260151678558,0.0020086010176171066,0,0.01333505480856721,0.2600243511343641
1.0,0.5,2.0,2.0,0.0025,0.005,10.0,2000,two_speed,216,1.0000706029427278,1.9815244958392635,0.5021161783683014,0.0021297447156187546,0,0.023891109010789432,0.2600243511343641
1.0,0.5,2.0,2.0,0.0025,0.005,20.0,4000,two_speed,216,0.9997658763254859,1.9452927227956356,0.49681880543592943,0.0021650133627256715,0,0.06423424249513954,0.2600243511343641
1.0,0.5,2.0,2.0,0.0025,0.005,0.5,100,two_speed,217,1.0000857600251183,1.9942276385781201,0.5085939354613614,0.0027749421168379164,0,0.01876585805643457,0.2657609107139121
1.0,0.5,2.0,2.0,0.0025,0.005,1.0,200,two_speed,217,1.0000242529976204,1.986756335823755,0.5097001047117774,0.002040732207626789,0,0.02219212490203803,0.2657609107139121
1.0,0.5,2.0,2.0,0.0025,0.005,2.0,400,two_speed,217,1.0001503822530209,1.9827275747491324,0.5011187190791881,0.0017034527748277075,0,0.021655702971628086,0.2657609107139121
1.0,0.5,2.0,2.0,0.0025,0.005,3.5,700,two_speed,217,0.9999466709222408,1.9696500832374733,0.5066363981773844,0.00190748888832781,0,0.03726506127513757,0.2657609107139121
1.0,0.5,2.0,2.0,0.0025,0.005,5.0,1000,two_speed,217,1.0000567889500178,1.9694928981600053,0.5054181926101088,0.001973713719537573,0,0.03706821077983608,0.2657609107139121
1.0,0.5,2.0,2.0,0.0025,0.005,10.0,2000,two_speed,217,1.0001576588424612,1.9321835087081594,0.5153228281272255,0.0016601276067804975,0,0.08063568452131736,0.2657609107139121
1.0,0.5,2.0,2.0,0.0025,0.005,20.0,4000,two_speed,217,1.0001303003552242,1.8549695204768333,0.5058763984691863,0.0032242917483677235,0,0.16777339068867653,0.2657609107139121
1.0,0.5,2.0,2.0,0.0025,0.005,0.5,100,two_speed,218,0.9999643247564174,1.9891027511043402,0.4999228710181514,0.002119522559735566,0,0.016321783750750895,0.24284148214584483
1.0,0.5,2.0,2.0,0.0025,0.005,1.0,200,two_speed,218,1.0000289996990457,1.9821570249679157,0.49933063030546926,0.0021075566124950846,0,0.023067571630592462,0.24284148214584483
1.0,0.5,2.0,2.0,0.0025,0.005,2.0,400,two_speed,218,0.9999656963800921,1.9977617492904929,0.505291517684107,0.0017694212498678954,0,0.011451675115997496,0.24284148214584483
1.0,0.5,2.0,2.0,0.0025,0.005,3.5,700,two_speed,218,0.9999510252149684,1.9866519990754734,0.5175883196498116,0.002333060349070404,0,0.029931180219573104,0.24284148214584483
1.0,0.5,2.0,2.0,0.0025,0.005,5.0,1000,two_speed,218,0.9996615666917307,1.9840400655244081,0.49467184652454915,0.002252509653805028,0,0.022435962474864107,0.24284148214584483
1.0,0.5,2.0,2.0,0.0025,0.005,10.0,2000,two_speed,218,1.0003396771892805,1.9919289499473243,0.5075970294661039,0.0022115592663443542,0,0.017047160712388522,0.24284148214584483
1.0,0.5,2.0,2.0,0.0025,0.005,20.0,4000,two_speed,218,1.0001443756292558,2.004234148477426,0.5103678583126735,0.001865898735729531,0,0.016778049418653143,0.24284148214584483
1.0,0.5,2.0,2.0,0.0025,0.005,0.5,100,two_speed,219,1.0000773866456796,1.9945743852995892,0.5024418106774652,0.0022116269285987348,0,0.01289507316625489,0.2466375357138791
1.0,0.5,2.0,2.0,0.0025,0.005,1.0,200,two_speed,219,0.9999987205766967,1.9982286679983023,0.5016937691919877,0.0017948338617811022,0,0.00930984255685643,0.2466375357138791
1.0,0.5,2.0,2.0,0.0025,0.005,2.0,400,two_speed,219,1.0002796304830002,2.0021675133852983,0.5118247939885351,0.0015485848505821303,0,0.016927327913286463,0.2466375357138791
1.0,0.5,2.0,2.0,0.0025,0.005,3.5,700,two_speed,219,1.000014257486039,1.9998400853988876,0.49213740258004307,0.002424471662047405,0,0.015788476573161753,0.2466375357138791
1.0,0.5,2.0,2.0,0.0025,0.005,5.0,1000,two_speed,219,1.0000482783761284,1.9941905789805496,0.49386138881790365,0.002239630845202768,0,0.015294244596807392,0.2466375357138791
1.0,0.5,2.0,2.0,0.0025,0.005,10.0,2000,two_speed,219,0.999482909619365,1.9725223266661742,0.4950136305564293,0.0024226779577459843,0,0.03448384875224789,0.2466375357138791
1.0,0.5,2.0,2.0,0.0025,0.005,20.0,4000,two_speed,219,0.9997566424432529,1.9544142534682736,0.5082600475640041,0.002290930514894072,0,0.05482533192177504,0.2466375357138791
1.0,0.5,2.0,2.0,0.0025,0.005,0.5,100,two_speed,220,1.0000779066780874,1.9999142642755794,0.5037397912129548,0.0017437029816210147,0,0.0097817269487536,0.2438918274295117
1.0,0.5,2.0,2.0,0.0025,0.005,1.0,200,two_speed,220,1.0000332413091348,1.9954424455498345,0.500072779842724,0.002172124593942626,0,0.011884186704992538,0.2438918274295117
1.0,0.5,2.0,2.0,0.0025,0.005,2.0,400,two_speed,220,1.0001119235006168,2.013422212912597,0.5026615235482061,0.0015276575308029246,0,0.017520572783473385,0.2438918274295117
1.0,0.5,2.0,2.0,0.0025,0.005,3.5,700,two_speed,220,0.9999332654155513,2.022684484116016,0.4903067151390911,0.001654695783939309,0,0.030334449870568166,0.2438918274295117
1.0,0.5,2.0,2.0,0.0025,0.005,5.0,1000,two_speed,220,0.9999579259590482,2.0291103685257665,0.4962722712865028,0.0021356337200559897,0,0.035615940827430345,0.2438918274295117
1.0,0.5,2.0,2.0,0.0025,0.005,10.0,2000,two_speed,220,1.000592320376615,2.0188920583398438,0.5011095637314428,0.002207368485641434,0,0.024486696474008886,0.2438918274295117
1.0,0.5,2.0,2.0,0.0025,0.005,20.0,4000,two_speed,220,1.0000674038373014,2.034024008146447,0.5035922714578301,0.0026722327464382724,0,0.04163949786240396,0.2438918274295117
1.0,0.5,2.0,2.0,0.0025,0.005,0.5,100,two_speed,221,1.0001041763029295,1.984308496665969,0.49803070347442396,0.0020021560847536613,0,0.020837141366106725,0.24216409529825406
1.0,0.5,2.0,2.0,0.0025,0.005,1.0,200,two_speed,221,1.0000391917608282,1.9777330782221443,0.4981597671009727,0.001443912674000536,0,0.02681494711444385,0.24216409529825406
1.0,0.5,2.0,2.0,0.0025,0.005,2.0,400,two_speed,221,1.0004347623374623,1.9677428428496533,0.504591752873646,0.0021593600959099023,0,0.03902300537270935,0.24216409529825406
1.0,0.5,2.0,2.0,0.0025,0.005,3.5,700,two_speed,221,1.0000959564180965,1.9790942920312575,0.5047783482392775,0.002154027961336927,0,0.02701160289029499,0.24216409529825406
1.0,0.5,2.0,2.0,0.0025,0.005,5.0,1000,two_speed,221,0.9999322702953964,1.9758383566736226,0.504908784760707,0.0022725640349563233,0,0.03065332462182141,0.24216409529825406
1.0,0.5,2.0,2.0,0.0025,0.005,10.0,2000,two_speed,221,0.999667082263327,1.9581816354593549,0.5078042885537501,0.003173542132792392,0,0.05182451147734054,0.24216409529825406
1.0,0.5,2.0,2.0,0.0025,0.005,20.0,4000,two_speed,221,0.9998086790315626,1.9906913942065194,0.4965058961935582,0.0016461765588727678,0,0.014117774487291877,0.24216409529825406
1.0,0.5,2.0,2.0,0.0025,0.005,0.5,100,two_speed,222,0.9997486004622312,2.0067422008674334,0.4943166942748027,0.0018697005372682865,0,0.013919390117642138,0.24313590471034072
1.0,0.5,2.0,2.0,0.0025,0.005,1.0,200,two_speed,222,0.9998923218978434,2.0127415616593964,0.4963590558434286,0.0013182458130972898,0,0.01673149948299001,0.24313590471034072
1.0,0.5,2.0,2.0,0.0025,0.005,2.0,400,two_speed,222,0.9997286853652025,2.027458721824177,0.49505561701678563,0.0021488340968816434,0,0.03400824034562571,0.24313590471034072
1.0,0.5,2.0,2.0,0.0025,0.005,3.5,700,two_speed,222,1.000073616352386,2.028257107699878,0.49394962030211953,0.002187425245395612,0,0.03534496246261851,0.24313590471034072
1.0,0.5,2.0,2.0,0.0025,0.005,5.0,1000,two_speed,222,1.0001095303700445,2.0229422472992065,0.49197183993430205,0.0015680583758220608,0,0.029744681897796735,0.24313590471034072
1.0,0.5,2.0,2.0,0.0025,0.005,10.0,2000,two_speed,222,1.0000671539147297,2.046463879548601,0.5071383393455822,0.002352543866765042,0,0.05550960554080845,0.24313590471034072
1.0,0.5,2.0,2.0,0.0025,0.005,20.0,4000,two_speed,222,0.9998756151611735,2.0900934567352647,0.5059095941820101,0.0026450767052924214,0,0.10484213073744415,0.24313590471034072
1.0,0.5,2.0,2.0,0.0025,0.005,0.5,100,two_speed,223,1.0000861936175378,2.0005956681772266,0.5058184403120068,0.001921954819070743,0,0.012018941954521628,0.2421816131432674
1.0,0.5,2.0,2.0,0.0025,0.005,1.0,200,two_speed,223,1.0001556511537577,2.0028524908086727,0.5117762849758829,0.0024963739068612632,0,0.019651046379273104,0.2421816131432674
1.0,0.5,2.0,2.0,0.0025,0.005,2.0,400,two_speed,223,1.0003450791525494,1.9931824333240369,0.5057951694867051,0.0018968587829016953,0,0.014055254395987864,0.2421816131432674
1.0,0.5,2.0,2.0,0.0025,0.005,3.5,700,two_speed,223,0.9999221093174601,2.000539964798504,0.5033521779755329,0.0027422072029348724,0,0.014220834961958384,0.2421816131432674
1.0,0.5,2.0,2.0,0.0025,0.005,5.0,1000,two_speed,223,0.9999358329133251,1.9733928274043429,0.4980901366540868,0.002054743508601145,0,0.03243851374934262,0.2421816131432674
1.0,0.5,2.0,2.0,0.0025,0.005,10.0,2000,two_speed,223,0.9999840245661985,1.9669581481200067,0.5084744814414762,0.002049440108735789,0,0.04090580730295726,0.2421816131432674
1.0,0.5,2.0,2.0,0.0025,0.005,20.0,4000,two_speed,223,1.0003807988653282,1.9846329209387867,0.5139922461778041,0.0025692710794083455,0,0.027820204783808863,0.2421816131432674
1.0,0.5,2.0,2.0,0.0025,0.005,0.5,100,two_speed,224,0.9997913775197125,2.000838877746763,0.4965376802811556,0.0023240281268360383,0,0.01218194030507456,0.2421322201345382
1.0,0.5,2.0,2.0,0.0025,0.005,1.0,200,two_speed,224,0.9994672329314008,2.0020094096826773,0.495047247023091,0.002891125735657052,0,0.015492584827052685,0.2421322201345382
1.0,0.5,2.0,2.0,0.0025,0.005,2.0,400,two_speed,224,0.9998796973756109,2.0156823295083584,0.49872304288300334,0.002053607657512226,0,0.020785050979610458,0.2421322201345382
1.0,0.5,2.0,2.0,0.0025,0.005,3.5,700,two_speed,224,1.0002243383329237,2.0274318474336663,0.5068410797342391,0.0024837673699749214,0,0.034951141794799905,0.2421322201345382
1.0,0.5,2.0,2.0,0.0025,0.005,5.0,1000,two_speed,224,1.0005455631733442,2.0003418984912487,0.5110828073553934,0.0024034300807142164,0,0.017996298430693575,0.2421322201345382
1.0,0.5,2.0,2.0,0.0025,0.005,10.0,2000,two_speed,224,0.9998836693211153,2.0049332736614884,0.5023730737201465,0.0018092296262846865,0,0.01106815294137907,0.2421322201345382
1.0,0.5,2.0,2.0,0.0025,0.005,20.0,4000,two_speed,224,0.999673040383004,2.009688990808913,0.5036823505003665,0.002749539357081905,0,0.0183896186585392,0.2421322201345382
1.0,0.5,2.0,2.0,0.0025,0.005,0.5,100,two_speed,225,0.9997143289036755,1.990190831832774,0.494805196406161,0.0026563949003645636,0,0.018371527314467898,0.24164695227851293
1.0,0.5,2.0,2.0,0.0025,0.005,1.0,200,two_speed,225,0.9997282027521818,1.9919515290050946,0.49864732322936994,0.0024012998496966446,0,0.015093931214111901,0.24164695227851293
1.0,0.5,2.0,2.0,0.0025,0.005,2.0,400,two_speed,225,0.9998731447512098,1.9994159455276734,0.5102131066736428,0.001659155677595886,0,0.015862369217460284,0.24164695227851293
1.0,0.5,2.0,2.0,0.0025,0.005,3.5,700,two_speed,225,1.0001681047204505,2.00706625197789,0.514196150862021,0.0025708968083643815,0,0.023577109440042522,0.24164695227851293
1.0,0.5,2.0,2.0,0.0025,0.005,5.0,1000,two_speed,225,1.0002981621014913,2.0115115340804075,0.5174142460507463,0.00235226468764377,0,0.028236366620883704,0.24164695227851293
1.0,0.5,2.0,2.0,0.0025,0.005,10.0,2000,two_speed,225,0.999478883321083,1.983913419845844,0.49438376156496594,0.002371141678052094,0,0.022940358926166277,0.24164695227851293
1.0,0.5,2.0,2.0,0.0025,0.005,20.0,4000,two_speed,225,0.9999687678548773,2.0343205993903695,0.49887399148763134,0.0011013111500297959,0,0.04004025732443871,0.24164695227851293
1.0,0.5,2.0,2.0,0.0025,0.005,0.5,100,two_speed,226,1.000130692619062,2.000778523183938,0.5017450436089298,0.0015584705101161695,0,0.007974387728325882,0.2405530951384987
1.0,0.5,2.0,2.0,0.0025,0.005,1.0,200,two_speed,226,1.000057327082825,2.0098031807934924,0.5024723327603734,0.0021262070598757855,0,0.015709660911140646,0.2405530951384987
1.0,0.5,2.0,2.0,0.0025,0.005,2.0,400,two_speed,226,1.000026760119373,2.026719607498525,0.49905652750651325,0.0012490431595923947,0,0.03149409932498412,0.2405530951384987
1.0,0.5,2.0,2.0,0.0025,0.005,3.5,700,two_speed,226,1.0000398465019942,2.0163830818613837,0.5004782910049204,0.0017545898841807293,0,0.02078752268110422,0.2405530951384987
1.0,0.5,2.0,2.0,0.0025,0.005,5.0,1000,two_speed,226,0.9999791829687811,2.0163301198055295,0.50703856157838,0.002075635529282014,0,0.023289189400791773,0.2405530951384987
1.0,0.5,2.0,2.0,0.0025,0.005,10.0,2000,two_speed,226,1.000498026763311,2.0581749532118785,0.512040170784205,0.002830060415301282,0,0.06992486960353136,0.2405530951384987
1.0,0.5,2.0,2.0,0.0025,0.005,20.0,4000,two_speed,226,0.9996260356547254,2.0431135292353013,0.4976542729470429,0.0020476358737265992,0,0.050906323969024767,0.2405530951384987
1.0,0.5,2.0,2.0,0.0025,0.005,0.5,100,two_speed,227,1.0003144501018861,2.000107341504633,0.5101957726615031,0.002573252698727264,0,0.017948404153517707,0.2430627142810928
1.0,0.5,2.0,2.0,0.0025,0.005,1.0,200,two_speed,227,0.9999599012674429,1.9939315393349923,0.5046842352939533,0.0012595676866281843,0,0.011197033413832876,0.2430627142810928
1.0,0.5,2.0,2.0,0.0025,0.005,2.0,400,two_speed,227,0.9999781225070384,2.003463204072294,0.49559858211126717,0.001975721529773615,0,0.011959384569606104,0.2430627142810928
1.0,0.5,2.0,2.0,0.0025,0.005,3.5,700,two_speed,227,1.000164224559711,1.9954795313984441,0.5019305525861094,0.0017574521248713995,0,0.010336490419513962,0.2430627142810928
1.0,0.5,2.0,2.0,0.0025,0.005,5.0,1000,two_speed,227,1.0004987785343276,1.9710788814599194,0.5078956933184002,0.0027836780699434216,0,0.037230111711572124,0.2430627142810928
1.0,0.5,2.0,2.0,0.0025,0.005,10.0,2000,two_speed,227,1.0002086831904768,1.955331702268798,0.509932074639909,0.0015746629227034734,0,0.05340212076312561,0.2430627142810928
1.0,0.5,2.0,2.0,0.0025,0.005,20.0,4000,two_speed,227,0.999986205951262,1.9611055217495175,0.4998224327452116,0.002104271623162489,0,0.04608278267006558,0.2430627142810928
1.0,0.5,2.0,2.0,0.0025,0.005,0.5,100,two_speed,228,0.9999695900469024,1.9922171138177123,0.49901911324389997,0.0021390966556078445,0,0.01387059592593183,0.24725751201289572
1.0,0.5,2.0,2.0,0.0025,0.005,1.0,200,two_speed,228,0.9999987306986133,1.9938477030751407,0.5025937524310974,0.001427215416414144,0,0.010532101967676481,0.24725751201289572
1.0,0.5,2.0,2.0,0.0025,0.005,2.0,400,two_speed,228,0.9997569999332206,1.9791333580394095,0.4934923472459033,0.0017738764463487698,0,0.026923001376724074,0.24725751201289572
1.0,0.5,2.0,2.0,0.0025,0.005,3.5,700,two_speed,228,1.0002887022183224,1.9769499076067831,0.5074543832571512,0.0020525091978692254,0,0.029839142081414964,0.24725751201289572
1.0,0.5,2.0,2.0,0.0025,0.005,5.0,1000,two_speed,228,0.9997070992482179,1.9839999436026303,0.49978766734514213,0.0021180960156192996,0,0.021240285947044545,0.24725751201289572
1.0,0.5,2.0,2.0,0.0025,0.005,10.0,2000,two_speed,228,1.0000208721329698,1.9933168065690692,0.5041160028987405,0.001674796420931208,0,0.012470702273998732,0.24725751201289572
1.0,0.5,2.0,2.0,0.0025,0.005,20.0,4000,two_speed,228,1.0004002012825035,2.0360223838501996,0.5106524438716297,0.0021627919612652404,0,0.04476873507808973,0.24725751201289572
1.0,0.5,2.0,2.0,0.0025,0.005,0.5,100,two_speed,229,0.9999885054530702,2.0072575300635935,0.5029197535351848,0.0014939349779833889,0,0.011769025034933421,0.24677745242869215
1.0,0.5,2.0,2.0,0.0025,0.005,1.0,200,two_speed,229,0.9999045476532077,2.0014611912577918,0.5033335275375648,0.0019211071816085542,0,0.010612079577358833,0.24677745242869215
1.0,0.5,2.0,2.0,0.0025,0.005,2.0,400,two_speed,229,0.9999316847686891,1.9972106454044487,0.4956494161080155,0.0015034184489869254,0,0.009797284450313555,0.24677745242869215
1.0,0.5,2.0,2.0,0.0025,0.005,3.5,700,two_speed,229,0.9998151631630895,2.0059813777188515,0.49687548837165474,0.0018706342380571557,0,0.012090652030777464,0.24677745242869215
1.0,0.5,2.0,2.0,0.0025,0.005,5.0,1000,two_speed,229,1.000341697132216,1.9838254946544887,0.5032627616534374,0.0024038752485155855,0,0.022412447970646978,0.24677745242869215
1.0,0.5,2.0,2.0,0.0025,0.005,10.0,2000,two_speed,229,1.0003097773917553,1.9908411522046001,0.504891463694279,0.002313790266593152,0,0.01656118068356705,0.24677745242869215
1.0,0.5,2.0,2.0,0.0025,0.005,20.0,4000,two_speed,229,1.000344630016307,1.9462473184026152,0.5104177320584794,0.003164771458387148,0,0.065078310761217,0.24677745242869215
1.0,0.5,2.0,2.0,0.0025,0.005,0.5,100,two_speed,230,1.0001995251526976,2.013534442833183,0.5073566739891544,0.002012862406425744,0,0.020594299761553275,0.24622774998923497
1.0,0.5,2.0,2.0,0.0025,0.005,1.0,200,two_speed,230,1.0000150813468782,2.0256967647917805,0.5071333435320529,0.001522247974551292,0,0.031838529187788595,0.24622774998923497
1.0,0.5,2.0,2.0,0.0025,0.005,2.0,400,two_speed,230,0.9997651189281747,2.0353622323164746,0.5002353951122365,0.0021801465694964387,0,0.042221638184814995,0.24622774998923497
1.0,0.5,2.0,2.0,0.0025,0.005,3.5,700,two_speed,230,1.0000938753274344,2.03615842239845,0.502224486124391,0.0014636822368119741,0,0.04240359582009929,0.24622774998923497
1.0,0.5,2.0,2.0,0.0025,0.005,5.0,1000,two_speed,230,0.9999559819464509,2.03615921294794,0.5071559774588567,0.0017214877601239571,0,0.04349153119430481,0.24622774998923497
1.0,0.5,2.0,2.0,0.0025,0.005,10.0,2000,two_speed,230,1.0004432080278287,2.0513380647839927,0.5116774170216961,0.003477391111941748,0,0.06312796767172454,0.24622774998923497
1.0,0.5,2.0,2.0,0.0025,0.005,20.0,4000,two_speed,230,1.0000572290984464,1.9855229353881219,0.4991399418871063,0.0016315570270569882,0,0.01858769637454767,0.24622774998923497
1.0,0.5,2.0,2.0,0.0025,0.005,0.5,100,two_speed,231,0.9998800380853561,2.0060542128224217,0.4979485098973813,0.0011505654299051394,0,0.009327312965369641,0.24749286314805172
1.0,0.5,2.0,2.0,0.0025,0.005,1.0,200,two_speed,231,0.9994429934185654,2.001064156507683,0.48855164893679687,0.002112135729627681,0,0.017472017437108273,0.24749286314805172
1.0,0.5,2.0,2.0,0.0025,0.005,2.0,400,two_speed,231,1.0001263187027305,1.9993821213900018,0.5027907676156517,0.0017436379374018618,0,0.009241809236881544,0.24749286314805172
1.0,0.5,2.0,2.0,0.0025,0.005,3.5,700,two_speed,231,1.0002272362335964,2.0086839489496584,0.5001926282541547,0.002046312276039112,0,0.0142251072401925,0.24749286314805172
1.0,0.5,2.0,2.0,0.0025,0.005,5.0,1000,two_speed,231,0.9998466017569154,2.0184834593481806,0.49205832566188934,0.0021919052484790993,0,0.026052016205683266,0.24749286314805172
1.0,0.5,2.0,2.0,0.0025,0.005,10.0,2000,two_speed,231,1.000379408288501,2.009758287107681,0.5004227310733131,0.002311746291042124,0,0.016073396829462426,0.24749286314805172
1.0,0.5,2.0,2.0,0.0025,0.005,20.0,4000,two_speed,231,1.000345026721101,1.9887893534932426,0.5121171698018199,0.002626905497674178,0,0.02376007530620884,0.24749286314805172
1.0,0.5,2.0,2.0,0.0025,0.005,0.5,100,two_speed,232,1.0002123211806049,2.001428272763225,0.5071942821006533,0.0017734075277921885,0,0.01262196595699539,0.2451923452982945
1.0,0.5,2.0,2.0,0.0025,0.005,1.0,200,two_speed,232,0.9999266566294861,2.000340835436198,0.5048144347767206,0.0016182959448456575,0,0.010240674122174732,0.2451923452982945
1.0,0.5,2.0,2.0,0.0025,0.005,2.0,400,two_speed,232,1.0000086612123091,1.993230485080613,0.5093059404438877,0.002208883416438632,0,0.0180481729904266,0.2451923452982945
1.0,0.5,2.0,2.0,0.0025,0.005,3.5,700,two_speed,232,0.9999710165059558,1.997848995266728,0.5073085752191293,0.0018946982711859908,0,0.01358141137423076,0.2451923452982945
1.0,0.5,2.0,2.0,0.0025,0.005,5.0,1000,two_speed,232,0.9999251315412294,1.981188945370514,0.5053451633679011,0.0017934861508762379,0,0.024449419158313758,0.2451923452982945
1.0,0.5,2.0,2.0,0.0025,0.005,10.0,2000,two_speed,232,1.0000991316345913,1.992339134084152,0.5042169844473874,0.0025003460299377347,0,0.0160441712636128,0.2451923452982945
1.0,0.5,2.0,2.0,0.0025,0.005,20.0,4000,two_speed,232,0.9999585673680706,1.983389040962173,0.4987681643875593,0.0020088338476471116,0,0.021620424674943704,0.2451923452982945
1.0,0.5,2.0,2.0,0.0025,0.005,0.5,100,two_speed,233,1.0000125958435337,1.9956624432139733,0.4990885200058195,0.002163120569530915,0,0.01179454854758616,0.24330008329291428
1.0,0.5,2.0,2.0,0.0025,0.005,1.0,200,two_speed,233,0.9999524363976132,1.9944519218880006,0.4977961655381263,0.0014060371339248295,0,0.009817343100898112,0.24330008329291428
1.0,0.5,2.0,2.0,0.0025,0.005,2.0,400,two_speed,233,0.9997940979817848,2.009491958774384,0.4931599766649799,0.002730574812794401,0,0.019288893329467392,0.24330008329291428
1.0,0.5,2.0,2.0,0.0025,0.005,3.5,700,two_speed,233,0.9995776052044838,1.9935086104037698,0.4942555798144872,0.002804734694344644,0,0.017124942361429477,0.24330008329291428
1.0,0.5,2.0,2.0,0.0025,0.005,5.0,1000,two_speed,233,0.9996631745323081,2.0063751333345885,0.4912460440478257,0.0018329405419869548,0,0.015921763352697755,0.24330008329291428
1.0,0.5,2.0,2.0,0.0025,0.005,10.0,2000,two_speed,233,1.0001833444560704,1.9956187542024983,0.4938692675953518,0.0013150698804789065,0,0.011826680482577845,0.24330008329291428
1.0,0.5,2.0,2.0,0.0025,0.005,20.0,4000,two_speed,233,1.0001538232156726,2.0382157061760755,0.5098258428312072,0.002223868485187894,0,0.04684296820906178,0.24330008329291428
1.0,0.5,2.0,2.0,0.0025,0.005,0.5,100,two_speed,234,1.0003339652020917,1.989993423887473,0.5064185959177536,0.0019972155094300937,0,0.017052925319972535,0.24501201786500001
1.0,0.5,2.0,2.0,0.0025,0.005,1.0,200,two_speed,234,1.0001684901245136,1.9922211734547794,0.5074585910949632,0.0018113566304847836,0,0.01574556741216158,0.24501201786500001
1.0,0.5,2.0,2.0,0.0025,0.005,2.0,400,two_speed,234,1.0000824745365173,1.9851319361742537,0.49893412898659345,0.0024396656144579365,0,0.02099510436084229,0.24501201786500001
1.0,0.5,2.0,2.0,0.0025,0.005,3.5,700,two_speed,234,0.9999940145180491,1.9871753665357708,0.49846141400883315,0.0015400512759630362,0,0.01675687937875635,0.24501201786500001
1.0,0.5,2.0,2.0,0.0025,0.005,5.0,1000,two_speed,234,0.9999406695514951,1.9803479050562027,0.4961127617922348,0.0015610996123798745,0,0.02449060624616245,0.24501201786500001
1.0,0.5,2.0,2.0,0.0025,0.005,10.0,2000,two_speed,234,1.0000216119864072,1.9812275587010877,0.5016739503610476,0.0017705252803248616,0,0.023433985545296257,0.24501201786500001
1.0,0.5,2.0,2.0,0.0025,0.005,20.0,4000,two_speed,234,1.0000555318291606,1.9827689814607696,0.5023793541034783,0.0016395838894836421,0,0.02165306301571908,0.24501201786500001
1.0,0.5,2.0,2.0,0.0025,0.005,0.5,100,two_speed,235,0.9999360471458393,1.9990482374719225,0.4978390682399442,0.001760803038005135,0,0.009118172577593803,0.24301223215713566
1.0,0.5,2.0,2.0,0.0025,0.005,1.0,200,two_speed,235,1.0001031959133486,1.994208192740144,0.49845718907122244,0.0022114545458723424,0,0.012943291828248035,0.24301223215713566
1.0,0.5,2.0,2.0,0.0025,0.005,2.0,400,two_speed,235,1.0000813206035604,2.0071847399329132,0.5054717631812707,0.0022311162757812507,0,0.015379457472301579,0.24301223215713566
1.0,0.5,2.0,2.0,0.0025,0.005,3.5,700,two_speed,235,1.000113945550999,1.9920471752174855,0.5062825632396607,0.0020888900896343784,0,0.015893325498288462,0.24301223215713566
1.0,0.5,2.0,2.0,0.0025,0.005,5.0,1000,two_speed,235,0.9999926197173431,1.9902182752755522,0.508558210434384,0.001382626652236378,0,0.017239294511812726,0.24301223215713566
1.0,0.5,2.0,2.0,0.0025,0.005,10.0,2000,two_speed,235,1.0001642904221102,2.000710916235547,0.5007577226863302,0.0051208410147905795,0,0.025151102834758448,0.24301223215713566
1.0,0.5,2.0,2.0,0.0025,0.005,20.0,4000,two_speed,235,1.0003401239760086,1.9999299045496692,0.5050683906635607,0.0026586887702105474,0,0.014404588885666895,0.24301223215713566
1.0,0.5,2.0,2.0,0.0025,0.005,0.5,100,two_speed,236,1.0001998302983488,1.985004428189535,0.5026443771389753,0.0023514305884281416,0,0.021017614975642147,0.24112851786360676
1.0,0.5,2.0,2.0,0.0025,0.005,1.0,200,two_speed,236,1.000108369283554,1.9741016680896095,0.5043110821595591,0.0021326787043784053,0,0.03207481226634778,0.24112851786360676
1.0,0.5,2.0,2.0,0.0025,0.005,2.0,400,two_speed,236,1.0001094710350655,1.9725199602664643,0.5061258226196964,0.0018239592028836673,0,0.03378863500370192,0.24112851786360676
1.0,0.5,2.0,2.0,0.0025,0.005,3.5,700,two_speed,236,1.000040914504629,1.9675326932179755,0.5028176138296354,0.002280869019321201,0,0.039226766900879124,0.24112851786360676
1.0,0.5,2.0,2.0,0.0025,0.005,5.0,1000,two_speed,236,1.000231202271443,1.9746433785619222,0.508795906138242,0.0019199564978126821,0,0.032609768352714355,0.24112851786360676
1.0,0.5,2.0,2.0,0.0025,0.005,10.0,2000,two_speed,236,1.0001823119489324,1.9863907241450518,0.511206474532867,0.002002137693008157,0,0.02327978452278868,0.24112851786360676
1.0,0.5,2.0,2.0,0.0025,0.005,20.0,4000,two_speed,236,0.999775626055422,1.9678545285951305,0.5090933092681235,0.0023763774757435993,0,0.04069300718944486,0.24112851786360676
1.0,0.5,2.0,2.0,0.0025,0.005,0.5,100,two_speed,237,0.9999653032518119,1.9909004585231773,0.5026366278963956,0.0022059540458666082,0,0.015495178304245603,0.24282975584667707
1.0,0.5,2.0,2.0,0.0025,0.005,1.0,200,two_speed,237,1.000036680658779,1.9901809154743808,0.502738843683264,0.0017538277129348118,0,0.01465063518478756,0.24282975584667707
1.0,0.5,2.0,2.0,0.0025,0.005,2.0,400,two_speed,237,0.9997375413439119,1.9917362561424459,0.502440594570678,0.002349280320223556,0,0.015450885300020005,0.24282975584667707
1.0,0.5,2.0,2.0,0.0025,0.005,3.5,700,two_speed,237,0.9999052015922957,1.9787078977796082,0.501851238667844,0.0022003375852014226,0,0.026959612060350878,0.24282975584667707
1.0,0.5,2.0,2.0,0.0025,0.005,5.0,1000,two_speed,237,1.0002042213712197,1.9923162623569017,0.5015606839522642,0.0030588030435428123,0,0.017515944291096083,0.24282975584667707
1.0,0.5,2.0,2.0,0.0025,0.005,10.0,2000,two_speed,237,0.9998011837885594,2.034005663239046,0.5027261674211044,0.002899875149428266,0,0.0419382892337896,0.24282975584667707
1.0,0.5,2.0,2.0,0.0025,0.005,20.0,4000,two_speed,237,0.999785728346335,1.9923244589893623,0.49889149143747485,0.0013751649687778155,0,0.011228588365225495,0.24282975584667707
1.0,0.5,2.0,2.0,0.0025,0.005,0.5,100,two_speed,238,1.0000459126926327,1.9917372234369612,0.5011039967513664,0.0017005471712611046,0,0.012741887676948114,0.24149576785774635
1.0,0.5,2.0,2.0,0.0025,0.005,1.0,200,two_speed,238,1.000024888990209,1.9983198560070228,0.497147219161583,0.0015486143852981415,0,0.008713328646106631,0.24149576785774635
1.0,0.5,2.0,2.0,0.0025,0.005,2.0,400,two_speed,238,1.0000863647760836,1.9886464838052509,0.5041050794745321,0.0013276649800464764,0,0.015512097687410275,0.24149576785774635
1.0,0.5,2.0,2.0,0.0025,0.005,3.5,700,two_speed,238,0.9995560821480717,1.9884196202366304,0.4978581043365931,0.0022486397500099792,0,0.017546710656932474,0.24149576785774635
1.0,0.5,2.0,2.0,0.0025,0.005,5.0,1000,two_speed,238,0.9995094168107083,2.0135248595835638,0.49907954083335426,0.0026716720473197995,0,0.020509973115533188,0.24149576785774635
1.0,0.5,2.0,2.0,0.0025,0.005,10.0,2000,two_speed,238,0.9998512452569501,2.000957616180623,0.511693413655233,0.0016266236832848645,0,0.017542191024522143,0.24149576785774635
1.0,0.5,2.0,2.0,0.0025,0.005,20.0,4000,two_speed,238,0.9998198249119129,1.982879988610221,0.5118895767295591,0.0015481146171511843,0,0.026408028745173263,0.24149576785774635
1.0,0.5,2.0,2.0,0.0025,0.005,0.5,100,two_speed,239,1.0000952641572678,1.9982334971865932,0.5051149647963441,0.0027518889032383865,0,0.015124855582339626,0.24115269057386154
1.0,0.5,2.0,2.0,0.0025,0.005,1.0,200,two_speed,239,0.9998492810913939,2.0000356972774918,0.4999499519124093,0.0018448659783364685,0,0.00907792016888758,0.24115269057386154
1.0,0.5,2.0,2.0,0.0025,0.005,2.0,400,two_speed,239,0.9996686369637612,1.9939648130954863,0.5001850410787277,0.0018709320808499817,0,0.011657658812954389,0.24115269057386154
1.0,0.5,2.0,2.0,0.0025,0.005,3.5,700,two_speed,239,1.0003343976563848,1.967167428406589,0.5047110455465225,0.002448859432260254,0,0.040058122305137854,0.24115269057386154
1.0,0.5,2.0,2.0,0.0025,0.005,5.0,1000,two_speed,239,0.9998215516219918,1.9618841136749108,0.49883229832926873,0.002170657023670763,0,0.04532295368297034,0.24115269057386154
1.0,0.5,2.0,2.0,0.0025,0.005,10.0,2000,two_speed,239,1.0000581183992094,1.9378903705724362,0.5018217776939319,0.00263225372589975,0,0.07283560419173182,0.24115269057386154
1.0,0.5,2.0,2.0,0.0025,0.005,20.0,4000,two_speed,239,0.9999267410483825,1.887285536829851,0.49877388144580226,0.002163913245092631,0,0.130635669511754,0.24115269057386154
1.0,0.5,2.0,2.0,0.0025,0.005,0.5,100,two_speed,240,0.99980993565579,2.0106364492241657,0.49731327422892296,0.001899063351533464,0,0.015755456248542,0.24199260114359536
1.0,0.5,2.0,2.0,0.0025,0.005,1.0,200,two_speed,240,0.999845171217578,2.007387978169948,0.5010989017379516,0.001390392105853389,0,0.011082148114513534,0.24199260114359536
1.0,0.5,2.0,2.0,0.0025,0.005,2.0,400,two_speed,240,1.0001650659941457,2.017076694875677,0.5081257456148104,0.0017608821078521448,0,0.023831346561852446,0.24199260114359536
1.0,0.5,2.0,2.0,0.0025,0.005,3.5,700,two_speed,240,1.0000224332932648,2.027332609458397,0.502647130622332,0.001967321163707366,0,0.033158505954400876,0.24199260114359536
1.0,0.5,2.0,2.0,0.0025,0.005,5.0,1000,two_speed,240,1.0000402540138429,2.029834716402159,0.4951733707671181,0.0017988045865413745,0,0.0362025601345311,0.24199260114359536
1.0,0.5,2.0,2.0,0.0025,0.005,10.0,2000,two_speed,240,0.9998934616612839,2.079037301873275,0.5009718259320936,0.0014747604821745172,0,0.09149719136873354,0.24199260114359536
1.0,0.5,2.0,2.0,0.0025,0.005,20.0,4000,two_speed,240,1.000265334657767,2.101844536497959,0.5079780627137505,0.0023153627924286956,0,0.11801847739168861,0.24199260114359536
1.0,0.5,2.0,2.0,0.0025,0.005,0.5,100,two_speed,241,1.000273197291648,2.0157028665796166,0.5055242677058883,0.0024720746260368694,0,0.022829953669224173,0.24123975599650294
1.0,0.5,2.0,2.0,0.0025,0.005,1.0,200,two_speed,241,1.0007800626656,2.0122844072673547,0.5191664399381084,0.0033747413152223024,0,0.03219734631559097,0.24123975599650294
1.0,0.5,2.0,2.0,0.0025,0.005,2.0,400,two_speed,241,1.0005059152304543,2.0119866548239185,0.5178900126027441,0.0024801073594057713,0,0.02891142808124446,0.24123975599650294
1.0,0.5,2.0,2.0,0.0025,0.005,3.5,700,two_speed,241,0.999881694030794,1.9918912929799828,0.5053479158885719,0.0028212228487288007,0,0.018177262726695367,0.24123975599650294
1.0,0.5,2.0,2.0,0.0025,0.005,5.0,1000,two_speed,241,0.9998285955555299,1.9895511411770053,0.5049358500257205,0.0014390611433037416,0,0.015538753291221997,0.24123975599650294
1.0,0.5,2.0,2.0,0.0025,0.005,10.0,2000,two_speed,241,0.9997825094468554,1.9796754135901156,0.5075191195529142,0.0035808092362323643,0,0.030923321844708262,0.24123975599650294
1.0,0.5,2.0,2.0,0.0025,0.005,20.0,4000,two_speed,241,1.0000686009296358,1.9338107743582273,0.5123502816218418,0.0019467913208936804,0,0.07820058646444998,0.24123975599650294
1.0,0.5,2.0,2.0,0.0025,0.005,0.5,100,two_speed,242,0.9997941474140359,1.997795210075898,0.4937490543037755,0.0029368502631328896,0,0.016573230930485724,0.2426035058618124
1.0,0.5,2.0,2.0,0.0025,0.005,1.0,200,two_speed,242,0.9998957549884298,1.9903116319023586,0.49645403041450736,0.0026191120593478568,0,0.017595393130707137,0.2426035058618124
1.0,0.5,2.0,2.0,0.0025,0.005,2.0,400,two_speed,242,0.9996843291595306,1.9938353668886244,0.5005333097104979,0.002550597350828673,0,0.0145309169047314,0.2426035058618124
1.0,0.5,2.0,2.0,0.0025,0.005,3.5,700,two_speed,242,0.9994844828011219,1.9975086119562806,0.500489381111834,0.0021805826750785186,0,0.011446269444793941,0.2426035058618124
1.0,0.5,2.0,2.0,0.0025,0.005,5.0,1000,two_speed,242,0.9999131961160495,1.9932567027960661,0.505199864037811,0.0018685175436981441,0,0.013879670191273077,0.2426035058618124
1.0,0.5,2.0,2.0,0.0025,0.005,10.0,2000,two_speed,242,0.9996144397789204,1.9562292382538262,0.5070611971236707,0.0028409487494688583,0,0.05319832438615321,0.2426035058618124
1.0,0.5,2.0,2.0,0.0025,0.005,20.0,4000,two_speed,242,0.9997847860922647,1.9285565126086903,0.4963431131344227,0.002563778654162154,0,0.08370763356589882,0.2426035058618124
1.0,0.5,2.0,2.0,0.0025,0.005,0.5,100,two_speed,243,0.9998496420549172,2.0130864158418476,0.4989304096635564,0.001463927708477508,0,0.016781340815844044,0.241566732143318
1.0,0.5,2.0,2.0,0.0025,0.005,1.0,200,two_speed,243,0.9999481289495142,1.999896570522556,0.5048070244358096,0.0019153916876186309,0,0.011375753945345221,0.241566732143318
1.0,0.5,2.0,2.0,0.0025,0.005,2.0,400,two_speed,243,0.9998014230371929,1.9934162479109716,0.5041941645227326,0.0020531627758138744,0,0.0139593853684265,0.241566732143318
1.0,0.5,2.0,2.0,0.0025,0.005,3.5,700,two_speed,243,1.000160793668916,2.0112517705257082,0.5043478163671163,0.0027094599859967122,0,0.01936427513540286,0.241566732143318
1.0,0.5,2.0,2.0,0.0025,0.005,5.0,1000,two_speed,243,0.9999786902679622,1.9993778490814063,0.5011539357681498,0.0022341700067536065,0,0.011092737639025834,0.241566732143318
1.0,0.5,2.0,2.0,0.0025,0.005,10.0,2000,two_speed,243,1.0002078659579694,2.0075129000200733,0.5072468608925433,0.0018886485009385699,0,0.015586209913964219,0.241566732143318
1.0,0.5,2.0,2.0,0.0025,0.005,20.0,4000,two_speed,243,0.999569385738434,2.0502589597151695,0.49732427106957033,0.0018548525642879414,0,0.05891243097741247,0.241566732143318
1.0,0.5,2.0,2.0,0.0025,0.005,0.5,100,two_speed,244,0.9999597855540452,2.004265526902349,0.49704973955587956,0.002144119062466065,0,0.012223737776133904,0.2410086428613535
1.0,0.5,2.0,2.0,0.0025,0.005,1.0,200,two_speed,244,1.000071474851713,2.0100238266497126,0.5027103371413528,0.0013139783424779197,0,0.013669148499341843,0.2410086428613535
1.0,0.5,2.0,2.0,0.0025,0.005,2.0,400,two_speed,244,1.0002835819020193,2.0114117374769833,0.5003655598859524,0.0015342636733136283,0,0.015225112017900045,0.2410086428613535
1.0,0.5,2.0,2.0,0.0025,0.005,3.5,700,two_speed,244,1.0006217678681266,2.020041004973597,0.5145479207870065,0.0031883141389074383,0,0.033036581646119605,0.2410086428613535
1.0,0.5,2.0,2.0,0.0025,0.005,5.0,1000,two_speed,244,1.0006249066198234,2.0074765291191157,0.5138003471498661,0.0024013499895886555,0,0.022384188562073436,0.2410086428613535
1.0,0.5,2.0,2.0,0.0025,0.005,10.0,2000,two_speed,244,0.9997578111084361,1.998105711044364,0.5029058804297573,0.0016412014175127333,0,0.0094577322363756,0.2410086428613535
1.0,0.5,2.0,2.0,0.0025,0.005,20.0,4000,two_speed,244,0.9998739378761619,1.9343568885045492,0.5022989657987589,0.00259631766559638,0,0.07685558157702573,0.2410086428613535
1.0,0.5,2.0,2.0,0.0025,0.005,0.5,100,two_speed,245,1.0002374869582336,2.0003280976329187,0.5012634957727994,0.0022830543016573905,0,0.01131303943866668,0.24118843458459846
1.0,0.5,2.0,2.0,0.0025,0.005,1.0,200,two_speed,245,1.0000346834735399,2.005693301762459,0.49795451672425267,0.002073742263500024,0,0.012419244478534432,0.24118843458459846
1.0,0.5,2.0,2.0,0.0025,0.005,2.0,400,two_speed,245,0.9998522928786879,1.998324507368758,0.4982706549262376,0.0021885692376131453,0,0.01109982339844014,0.24118843458459846
1.0,0.5,2.0,2.0,0.0025,0.005,3.5,700,two_speed,245,1.0001396463650398,2.004299911247915,0.5063355418929055,0.001751389282383716,0,0.012766220329367896,0.24118843458459846
1.0,0.5,2.0,2.0,0.0025,0.005,5.0,1000,two_speed,245,0.9999751857450536,2.01120953680732,0.5010052758199577,0.0025016445275424935,0,0.01788704518236135,0.24118843458459846
1.0,0.5,2.0,2.0,0.0025,0.005,10.0,2000,two_speed,245,0.9999177610937048,1.9991956835587834,0.5084094563055194,0.002050397298481618,0,0.015042812536968176,0.24118843458459846
1.0,0.5,2.0,2.0,0.0025,0.005,20.0,4000,two_speed,245,1.0002257251378919,2.0042204060093303,0.5149077269050707,0.0016925548962152895,0,0.0212779934246503,0.24118843458459846
1.0,0.5,2.0,2.0,0.0025,0.005,0.5,100,two_speed,246,1.0000389137386092,2.0061865190579358,0.5007572284883803,0.0017963403680831716,0,0.01137678313063148,0.2414503035834059
1.0,0.5,2.0,2.0,0.0025,0.005,1.0,200,two_speed,246,1.0001447118926616,2.0102169723950887,0.5051231872155743,0.0016332627922800154,0,0.015625478928863325,0.2414503035834059
1.0,0.5,2.0,2.0,0.0025,0.005,2.0,400,two_speed,246,1.000176200756023,2.0110471032265282,0.5061382948836616,0.0023943407530230363,0,0.018986029765074124,0.2414503035834059
1.0,0.5,2.0,2.0,0.0025,0.005,3.5,700,two_speed,246,1.0001676006065252,2.012094093612772,0.5111627657032548,0.0017145771857112518,0,0.0216267330191621,0.2414503035834059
1.0,0.5,2.0,2.0,0.0025,0.005,5.0,1000,two_speed,246,1.0004007969933684,2.003976163340116,0.5111287403669451,0.0022496052231821824,0,0.018274027213910683,0.2414503035834059
1.0,0.5,2.0,2.0,0.0025,0.005,10.0,2000,two_speed,246,1.0001405189209973,2.0053399179663174,0.5075162637516331,0.0024458568332897217,0,0.016473829163491244,0.2414503035834059
1.0,0.5,2.0,2.0,0.0025,0.005,20.0,4000,two_speed,246,0.9998668602920311,2.019140746284824,0.4944356919995846,0.0011317892513880259,0,0.023904466094045083,0.2414503035834059
1.0,0.5,2.0,2.0,0.0025,0.005,0.5,100,two_speed,247,0.9996705032790887,1.988772593781593,0.4980178587535203,0.002178343025107081,0,0.016969903634012493,0.2411851607196565
1.0,0.5,2.0,2.0,0.0025,0.005,1.0,200,two_speed,247,0.9999507228965305,2.001350044316578,0.5000911058737951,0.0013529477659500002,0,0.006824222945724266,0.2411851607196565
1.0,0.5,2.0,2.0,0.0025,0.005,2.0,400,two_speed,247,1.000109854495511,2.0032584172665144,0.5035317535210563,0.0014071044330780684,0,0.009005865896193805,0.2411851607196565
1.0,0.5,2.0,2.0,0.0025,0.005,3.5,700,two_speed,247,1.0002030694916293,1.9825499427656874,0.5013020387068666,0.0014926752483293846,0,0.021481936527821755,0.2411851607196565
1.0,0.5,2.0,2.0,0.0025,0.005,5.0,1000,two_speed,247,1.0002828330386666,1.9809426422884973,0.5116777816416799,0.0023268310005275018,0,0.028686132854597597,0.2411851607196565
1.0,0.5,2.0,2.0,0.0025,0.005,10.0,2000,two_speed,247,1.0002228930832886,1.9579449816486902,0.5127128304887171,0.0012782511966644857,0,0.05124194302335485,0.2411851607196565
1.0,0.5,2.0,2.0,0.0025,0.005,20.0,4000,two_speed,247,1.0001923922680676,1.9771746394067427,0.5028562374981713,0.0017553820345893381,0,0.027902038165599198,0.2411851607196565
1.0,0.5,2.0,2.0,0.0025,0.005,0.5,100,two_speed,248,1.000252681741693,2.002122373436128,0.5041732710210903,0.0019306455657782796,0,0.011001564692346921,0.2418779464205727
1.0,0.5,2.0,2.0,0.0025,0.005,1.0,200,two_speed,248,1.0004092824743291,2.0086746336381536,0.504868706822371,0.0014893686944417403,0,0.01366632697148134,0.2418779464205727
1.0,0.5,2.0,2.0,0.0025,0.005,2.0,400,two_speed,248,0.9999735601604622,2.0027893943282558,0.5016897475233193,0.0027605061255607448,0,0.014098658314781378,0.2418779464205727
1.0,0.5,2.0,2.0,0.0025,0.005,3.5,700,two_speed,248,1.0000236755721819,2.007963904321464,0.5057213407153069,0.0016502591724305668,0,0.014317622600665762,0.2418779464205727
1.0,0.5,2.0,2.0,0.0025,0.005,5.0,1000,two_speed,248,1.0000061780926028,1.9974439512337023,0.5119551859038787,0.002200078748772592,0,0.01917976339219366,0.2418779464205727
1.0,0.5,2.0,2.0,0.0025,0.005,10.0,2000,two_speed,248,1.000134653940085,2.0092755843400134,0.5136825280960094,0.0023231656400136908,0,0.023399178054406212,0.2418779464205727
1.0,0.5,2.0,2.0,0.0025,0.005,20.0,4000,two_speed,248,0.9998919350874261,2.0326461014487904,0.49205631734789956,0.001514933084299882,0,0.03990341019827566,0.2418779464205727
1.0,0.5,2.0,2.0,0.0025,0.005,0.5,100,two_speed,249,1.000158130011212,1.9913757004558374,0.5049948354348168,0.0019233716765308865,0,0.015081847753383823,0.24232376187241503
1.0,0.5,2.0,2.0,0.0025,0.005,1.0,200,two_speed,249,0.9999944843445979,1.993832672934375,0.501630137342346,0.0032664604139705034,0,0.01767353409165641,0.24232376187241503
1.0,0.5,2.0,2.0,0.0025,0.005,2.0,400,two_speed,249,0.999778424486438,1.9919043723363783,0.5042477636513527,0.0018391547384145742,0,0.014356356208338703,0.24232376187241503
1.0,0.5,2.0,2.0,0.0025,0.005,3.5,700,two_speed,249,1.000391232052188,1.9893014064387309,0.5176019389152573,0.0027263898125015978,0,0.028759241088298023,0.24232376187241503
1.0,0.5,2.0,2.0,0.0025,0.005,5.0,1000,two_speed,249,1.000106362414893,1.989471548318533,0.5131007455692114,0.0021068590000110957,0,0.023119803824609122,0.24232376187241503
1.0,0.5,2.0,2.0,0.0025,0.005,10.0,2000,two_speed,249,1.0000148558377102,1.961329235539756,0.5104200277760435,0.002166396894685931,0,0.04767805453785014,0.24232376187241503
1.0,0.5,2.0,2.0,0.0025,0.005,20.0,4000,two_speed,249,1.0001006942387198,1.9567790398226008,0.5125946923333035,0.0013245246062510586,0,0.05262755736650431,0.24232376187241503
1.0,0.5,2.0,2.0,0.0025,0.005,0.5,100,two_speed,250,1.0000184605372187,1.9978256701601167,0.5080559188235152,0.0014495115297170039,0,0.01291634926384528,0.241524440419328
1.0,0.5,2.0,2.0,0.0025,0.005,1.0,200,two_speed,250,1.0001629757851487,2.0035060944097225,0.5081043881902466,0.0016376557688989014,0,0.01364891331789805,0.241524440419328
1.0,0.5,2.0,2.0,0.0025,0.005,2.0,400,two_speed,250,0.9999039189950091,2.007927395278767,0.5062082913468858,0.0015314072470220756,0,0.014475821750979985,0.241524440419328
1.0,0.5,2.0,2.0,0.0025,0.005,3.5,700,two_speed,250,0.9997031440959223,2.0131570818953928,0.5029466481448467,0.0017600828623152212,0,0.018071865041762745,0.241524440419328
1.0,0.5,2.0,2.0,0.0025,0.005,5.0,1000,two_speed,250,0.99982879073519,1.999374095607256,0.499792293318557,0.0014726651398875234,0,0.007300105925378479,0.241524440419328
1.0,0.5,2.0,2.0,0.0025,0.005,10.0,2000,two_speed,250,0.9999326387851837,2.004182291565615,0.5082963204877038,0.0018966308051543586,0,0.015156570281509255,0.241524440419328
1.0,0.5,2.0,2.0,0.0025,0.005,20.0,4000,two_speed,250,0.9997819395020919,2.0342350003183234,0.5120851854081089,0.0015723810718339807,0,0.0432208802546089,0.241524440419328
1.0,0.5,2.0,2.0,0.0025,0.005,0.5,100,two_speed,251,1.0003902713218953,2.000859684700885,0.49987576403705775,0.0020348080412032907,0,0.010229602435127744,0.24239225585811905
1.0,0.5,2.0,2.0,0.0025,0.005,1.0,200,two_speed,251,1.0005313363461563,2.0066579880088082,0.5054858559603824,0.0018140465802156472,0,0.013420460632329049,0.24239225585811905
1.0,0.5,2.0,2.0,0.0025,0.005,2.0,400,two_speed,251,1.0002623091444736,1.9957536394948088,0.5018455978274154,0.0020768680525829358,0,0.011516281228536372,0.24239225585811905
1.0,0.5,2.0,2.0,0.0025,0.005,3.5,700,two_speed,251,1.0001070253818258,2.018276981614452,0.5105523792878993,0.0019251993495742678,0,0.026637185570494243,0.24239225585811905
1.0,0.5,2.0,2.0,0.0025,0.005,5.0,1000,two_speed,251,1.000073517174674,2.0315679640967876,0.5041347394425083,0.0017290480317020012,0,0.03772336514298107,0.24239225585811905
1.0,0.5,2.0,2.0,0.0025,0.005,10.0,2000,two_speed,251,1.0000673637324928,2.0253605647961366,0.49848502632119607,0.0019617134209066653,0,0.030917472263188663,0.24239225585811905
1.0,0.5,2.0,2.0,0.0025,0.005,20.0,4000,two_speed,251,1.000250286856664,2.021117836281786,0.5020776284098244,0.0017759691473923456,0,0.02597655094384894,0.24239225585811905
1.0,0.5,2.0,2.0,0.0025,0.005,0.5,100,two_speed,252,1.000296276268022,1.9978341583271573,0.5124144407132664,0.0023927952062750366,0,0.019738736617946038,0.24271976786466049
1.0,0.5,2.0,2.0,0.0025,0.005,1.0,200,two_speed,252,1.0002530610845364,1.9952240528789695,0.5111167778340434,0.0018566941678671703,0,0.017617225540880598,0.24271976786466049
1.0,0.5,2.0,2.0,0.0025,0.005,2.0,400,two_speed,252,0.9999675663079685,1.9927263623682157,0.5099412736527582,0.0019748537134473554,0,0.018261552978401728,0.24271976786466049
1.0,0.5,2.0,2.0,0.0025,0.005,3.5,700,two_speed,252,0.9999049790217782,1.986047435659347,0.5075994994935265,0.0016827580467290103,0,0.020704527737508773,0.24271976786466049
1.0,0.5,2.0,2.0,0.0025,0.005,5.0,1000,two_speed,252,0.9999937940635607,2.0060251956850275,0.5077658607682664,0.0026430542574879803,0,0.01789805951444981,0.24271976786466049
1.0,0.5,2.0,2.0,0.0025,0.005,10.0,2000,two_speed,252,0.9999658419721432,1.9934834725540767,0.5076824575650841,0.0013644162777865715,0,0.014248987462829918,0.24271976786466049
1.0,0.5,2.0,2.0,0.0025,0.005,20.0,4000,two_speed,252,1.0001157583842084,1.9803865556730287,0.5080349129090639,0.0026246489660748397,0,0.028013028222127662,0.24271976786466049
1.0,0.5,2.0,2.0,0.0025,0.005,0.5,100,two_speed,253,1.0001956415298563,1.9934279269037192,0.5066700957231567,0.0019367938852903799,0,0.01474748374217774,0.2415716249961406
1.0,0.5,2.0,2.0,0.0025,0.005,1.0,200,two_speed,253,1.0003855358626401,1.9943083922480493,0.5092336026779054,0.001968364821845799,0,0.016313108576858245,0.2415716249961406
1.0,0.5,2.0,2.0,0.0025,0.005,2.0,400,two_speed,253,1.0002707646347804,2.0098858285145,0.5076415560307337,0.0017766970574261424,0,0.01716915111294341,0.2415716249961406
1.0,0.5,2.0,2.0,0.0025,0.005,3.5,700,two_speed,253,0.999850788198941,1.9987802542269157,0.5066209737100268,0.0026118415088609934,0,0.01571987058343731,0.2415716249961406
1.0,0.5,2.0,2.0,0.0025,0.005,5.0,1000,two_speed,253,1.0002038297566875,2.007431230425836,0.5063817409406619,0.0021457773234671036,0,0.015724161872976032,0.2415716249961406
1.0,0.5,2.0,2.0,0.0025,0.005,10.0,2000,two_speed,253,1.0003045228331453,1.9995549459169943,0.5053063645184191,0.0016959674383926478,0,0.010527869390000767,0.2415716249961406
1.0,0.5,2.0,2.0,0.0025,0.005,20.0,4000,two_speed,253,1.0005688216578568,1.9985949869604667,0.5129096220212124,0.002424377994134594,0,0.019907476788908706,0.2415716249961406
1.0,0.5,2.0,2.0,0.0025,0.005,0.5,100,two_speed,254,1.0000927048447104,2.005845156658699,0.5001579029099873,0.0012952132357464646,0,0.009277951683892432,0.242345577438495
1.0,0.5,2.0,2.0,0.0025,0.005,1.0,200,two_speed,254,1.000145402315853,2.0055802733608354,0.49915659709524135,0.0018824737704368842,0,0.011366293275757349,0.242345577438495
1.0,0.5,2.0,2.0,0.0025,0.005,2.0,400,two_speed,254,1.0001759045948933,2.0058801248634577,0.5000451481739812,0.0018156154200524586,0,0.011231322115543826,0.242345577438495
1.0,0.5,2.0,2.0,0.0025,0.005,3.5,700,two_speed,254,0.9999763388961005,2.014725381959354,0.4969429243526799,0.0020859428803631135,0,0.020250055237052453,0.242345577438495
1.0,0.5,2.0,2.0,0.0025,0.005,5.0,1000,two_speed,254,1.0002611569649653,2.0019515133648436,0.5036979303738944,0.0020971725648877716,0,0.011432733739486613,0.242345577438495
1.0,0.5,2.0,2.0,0.0025,0.005,10.0,2000,two_speed,254,0.9999262620402005,1.9879400228007582,0.49971997277092933,0.0018667455805151704,0,0.016672615394351154,0.242345577438495
1.0,0.5,2.0,2.0,0.0025,0.005,20.0,4000,two_speed,254,1.0001043510588072,2.037468130200572,0.4988509759256412,0.0021675911985118367,0,0.04461031731847769,0.242345577438495
1.0,0.5,2.0,2.0,0.0025,0.005,0.5,100,two_speed,255,0.9999157737424326,2.0003453249424643,0.5006605247588812,0.0014259159218545044,0,0.007093422848771747,0.2413846071410392
1.0,0.5,2.0,2.0,0.0025,0.005,1.0,200,two_speed,255,1.0002358622244876,1.9939460218734493,0.5059647384258191,0.0016540677340955443,0,0.012982313010705675,0.2413846071410392
1.0,0.5,2.0,2.0,0.0025,0.005,2.0,400,two_speed,255,1.0002920641896917,1.9924794147707487,0.509886744414163,0.0021307085024989533,0,0.018343694781046055,0.2413846071410392
1.0,0.5,2.0,2.0,0.0025,0.005,3.5,700,two_speed,255,0.9999994207304176,1.9843214244909015,0.5076030673248237,0.003107444749804102,0,0.025543703809556773,0.2413846071410392
1.0,0.5,2.0,2.0,0.0025,0.005,5.0,1000,two_speed,255,1.000186347267313,1.9726159865722244,0.5037158344901376,0.002260317110133987,0,0.03378674473148909,0.2413846071410392
1.0,0.5,2.0,2.0,0.0025,0.005,10.0,2000,two_speed,255,1.0000309823007045,1.998774935507121,0.5105919093931018,0.0022552552749115595,0,0.017672945620471604,0.2413846071410392
1.0,0.5,2.0,2.0,0.0025,0.005,20.0,4000,two_speed,255,0.9998861053650216,1.948436716123201,0.5045200161731225,0.0019272976852233803,0,0.060430550652944566,0.2413846071410392
1.0,0.5,2.0,2.0,0.0025,0.005,0.5,100,two_speed,256,0.9998840881775871,1.9937731484954682,0.4963260360046251,0.0018094944009814718,0,0.01230897826368003,0.24270041072408535
1.0,0.5,2.0,2.0,0.0025,0.005,1.0,200,two_speed,256,0.9997765860436153,1.9941835940943362,0.49390559541966844,0.0016400392310213863,0,0.012931312847475484,0.24270041072408535
1.0,0.5,2.0,2.0,0.0025,0.005,2.0,400,two_speed,256,0.9998860825546179,1.997018917630309,0.49809950034052225,0.0027186647937764946,0,0.01395805334568319,0.24270041072408535
1.0,0.5,2.0,2.0,0.0025,0.005,3.5,700,two_speed,256,1.0002169096618465,1.9975986420795677,0.5018915781374906,0.0020710721254439254,0,0.01076323933845441,0.24270041072408535
1.0,0.5,2.0,2.0,0.0025,0.005,5.0,1000,two_speed,256,1.0002965612606511,1.9919559061554664,0.5034640895991043,0.0020733058420730126,0,0.01437930987917517,0.24270041072408535
1.0,0.5,2.0,2.0,0.0025,0.005,10.0,2000,two_speed,256,1.0002840650019222,1.9735196278589135,0.5041021882137804,0.0021977427114293685,0,0.03272446152129497,0.24270041072408535
1.0,0.5,2.0,2.0,0.0025,0.005,20.0,4000,two_speed,256,1.0000933990865017,1.9390039820926368,0.4957561389349813,0.0020963665481652004,0,0.0715938660041946,0.24270041072408535
1.0,0.5,2.0,2.0,0.0025,0.005,0.5,100,two_speed,257,0.9999756098538882,2.003369811236882,0.5040720939438132,0.0017574973503637432,0,0.010890975278993055,0.24312337501240627
1.0,0.5,2.0,2.0,0.0025,0.005,1.0,200,two_speed,257,1.0001566409311327,2.001063748773932,0.5038951928648596,0.002346303710076083,0,0.012541007754978236,0.24312337501240627
1.0,0.5,2.0,2.0,0.0025,0.005,2.0,400,two_speed,257,1.0001971977506217,2.0058870210977315,0.5058817801918568,0.003941263192432506,0,0.021795517397800137,0.24312337501240627
1.0,0.5,2.0,2.0,0.0025,0.005,3.5,700,two_speed,257,0.9997433285129154,2.000465244072182,0.5032569820265376,0.0028088819768950658,0,0.014645595075654314,0.24312337501240627
1.0,0.5,2.0,2.0,0.0025,0.005,5.0,1000,two_speed,257,1.0001108961874483,1.9959073115845192,0.5155340735888745,0.0015293958413601348,0,0.02187321536582816,0.24312337501240627
1.0,0.5,2.0,2.0,0.0025,0.005,10.0,2000,two_speed,257,1.0001700707555647,2.01456219402259,0.5081114592206099,0.003143700713799663,0,0.02499804336780976,0.24312337501240627
1.0,0.5,2.0,2.0,0.0025,0.005,20.0,4000,two_speed,257,0.9995848652899585,2.0438784429827233,0.5028808543956041,0.0022379676333788845,0,0.05201371246543627,0.24312337501240627
1.0,0.5,2.0,2.0,0.0025,0.005,0.5,100,two_speed,258,1.0002146379542878,1.992541819419281,0.5008216463929462,0.0013229214285245996,0,0.01083909781990076,0.24138410713723196
1.0,0.5,2.0,2.0,0.0025,0.005,1.0,200,two_speed,258,1.000321136872899,1.991062574930138,0.5025345257083439,0.0016560176662198398,0,0.013462358946450167,0.24138410713723196
1.0,0.5,2.0,2.0,0.0025,0.005,2.0,400,two_speed,258,1.000372079737081,2.0061834107183145,0.4997322941373878,0.00207357311855496,0,0.012592612177361953,0.24138410713723196
1.0,0.5,2.0,2.0,0.0025,0.005,3.5,700,two_speed,258,1.0006092883593185,1.9888825244063275,0.5137871954794302,0.002722454425213172,0,0.02503923872553457,0.24138410713723196
1.0,0.5,2.0,2.0,0.0025,0.005,5.0,1000,two_speed,258,1.0000029654831855,1.974839337880806,0.504409765276764,0.0018584587734879084,0,0.030903258781040655,0.24138410713723196
1.0,0.5,2.0,2.0,0.0025,0.005,10.0,2000,two_speed,258,0.9999951855285258,1.9598689277608186,0.4989201749622138,0.0016910178790273689,0,0.047117186454814525,0.24138410713723196
1.0,0.5,2.0,2.0,0.0025,0.005,20.0,4000,two_speed,258,1.0001463404922273,1.9266405997470606,0.5141634919059129,0.0017716157139917156,0,0.08642089789885311,0.24138410713723196
1.0,0.5,2.0,2.0,0.0025,0.005,0.5,100,two_speed,259,1.0002237933475278,1.9982211614723313,0.5044084777690727,0.0017290678562651319,0,0.010258624090578877,0.2418586785705494
1.0,0.5,2.0,2.0,0.0025,0.005,1.0,200,two_speed,259,1.0002157345878082,1.990673935871607,0.5031137863747153,0.0029534265039816753,0,0.018438128743633365,0.2418586785705494
1.0,0.5,2.0,2.0,0.0025,0.005,2.0,400,two_speed,259,1.0001070577394713,1.9948216545300417,0.49934924174228645,0.002961555410555079,0,0.015751655760490844,0.2418586785705494
1.0,0.5,2.0,2.0,0.0025,0.005,3.5,700,two_speed,259,1.0001204747552066,1.9948573294203125,0.5004641596632168,0.001967435403224604,0,0.011346920127301884,0.2418586785705494
1.0,0.5,2.0,2.0,0.0025,0.005,5.0,1000,two_speed,259,0.9999608618069221,1.9908387432556474,0.5010876116760682,0.00247003840197967,0,0.01614352475165666,0.2418586785705494
1.0,0.5,2.0,2.0,0.0025,0.005,10.0,2000,two_speed,259,0.9997995265437295,1.9702100136318137,0.5104316391976625,0.002119228469538266,0,0.03843151969565476,0.2418586785705494
1.0,0.5,2.0,2.0,0.0025,0.005,20.0,4000,two_speed,259,0.9999886890432994,1.9529703948837547,0.4973244004305109,0.0016080832956847293,0,0.05503788475942119,0.2418586785705494
1.0,0.5,2.0,2.0,0.0025,0.005,0.5,100,two_speed,260,1.0003897961139263,2.0036421201208685,0.5050558955267122,0.002167387577241049,0,0.01291356891595336,0.24172027972859464
1.0,0.5,2.0,2.0,0.0025,0.005,1.0,200,two_speed,260,1.0003272600273139,1.9884599774597875,0.5010736258911037,0.002859296598166301,0,0.01941223220699564,0.24172027972859464
1.0,0.5,2.0,2.0,0.0025,0.005,2.0,400,two_speed,260,1.0002863956637373,1.9860230744394352,0.4973619508568268,0.0025564560546495127,0,0.020879821222002146,0.24172027972859464
1.0,0.5,2.0,2.0,0.0025,0.005,3.5,700,two_speed,260,0.9998066872377225,1.966937588839563,0.4938841813864278,0.0015972061803996554,0,0.03981106427557413,0.24172027972859464
1.0,0.5,2.0,2.0,0.0025,0.005,5.0,1000,two_speed,260,0.9997841480377068,1.9553872910600374,0.5001525766492092,0.0020166746315454813,0,0.05247431339011769,0.24172027972859464
1.0,0.5,2.0,2.0,0.0025,0.005,10.0,2000,two_speed,260,1.0000647896375854,1.9879484122507534,0.5008194172528797,0.001388354780685143,0,0.015518007664795724,0.24172027972859464
1.0,0.5,2.0,2.0,0.0025,0.005,20.0,4000,two_speed,260,1.0000439237571932,1.9714777916776343,0.5030919692078907,0.0024240237230512204,0,0.035154090410540434,0.24172027972859464
1.0,0.5,2.0,2.0,0.0025,0.005,0.5,100,two_speed,261,0.9999882132016437,1.9978248656852873,0.49373012055625093,0.00126329952126537,0,0.010601843970194485,0.24098540484971767
1.0,0.5,2.0,2.0,0.0025,0.005,1.0,200,two_speed,261,1.0000983163620059,1.9940490480946658,0.49812857910697866,0.0019408641548457812,0,0.0120484304150959,0.24098540484971767
1.0,0.5,2.0,2.0,0.0025,0.005,2.0,400,two_speed,261,1.0002002805753067,2.0023758886081056,0.5058903984292696,0.0015175401810897163,0,0.010796718557815017,0.24098540484971767
1.0,0.5,2.0,2.0,0.0025,0.005,3.5,700,two_speed,261,1.0004132210531893,2.0063031597493732,0.5127889848838587,0.0018312589214406797,0,0.01968314183970712,0.24098540484971767
1.0,0.5,2.0,2.0,0.0025,0.005,5.0,1000,two_speed,261,1.0003911316592407,1.9896352081200963,0.5078672711446302,0.0021837371920536697,0,0.018718397933613844,0.24098540484971767
1.0,0.5,2.0,2.0,0.0025,0.005,10.0,2000,two_speed,261,0.9997378865430302,1.985708237210923,0.502128906651273,0.0018373767960837672,0,0.019113026667765348,0.24098540484971767
1.0,0.5,2.0,2.0,0.0025,0.005,20.0,4000,two_speed,261,1.0003550919571929,1.9809812961402808,0.518029058161198,0.0036689072717497858,0,0.03621609205088073,0.24098540484971767
1.0,0.5,2.0,2.0,0.0025,0.005,0.5,100,two_speed,262,0.9999414602754755,1.9998897129893998,0.4982628339628664,0.0014279941994523142,0,0.007332552780458702,0.24185208329332195
1.0,0.5,2.0,2.0,0.0025,0.005,1.0,200,two_speed,262,1.0002789801513605,2.0020040566282833,0.49621413186838187,0.0018439450493165004,0,0.010957641525286105,0.24185208329332195
1.0,0.5,2.0,2.0,0.0025,0.005,2.0,400,two_speed,262,1.000186461996421,2.0118595121798384,0.490531876343731,0.0033144815606562412,0,0.024808104421942527,0.24185208329332195
1.0,0.5,2.0,2.0,0.0025,0.005,3.5,700,two_speed,262,1.0005475724408497,1.993284496915839,0.5017247374403953,0.0023644996805971216,0,0.01419654392837992,0.24185208329332195
1.0,0.5,2.0,2.0,0.0025,0.005,5.0,1000,two_speed,262,1.0006591440237793,1.993207998988908,0.509720421686106,0.002913516364889517,0,0.020028576096958958,0.24185208329332195
1.0,0.5,2.0,2.0,0.0025,0.005,10.0,2000,two_speed,262,0.9999220696187429,2.0194376124139732,0.4963653765015064,0.0015610702431167192,0,0.02418294966300931,0.24185208329332195
1.0,0.5,2.0,2.0,0.0025,0.005,20.0,4000,two_speed,262,1.0000606582312825,1.9974627160712581,0.5023045587772238,0.0014199089782958253,0,0.008094932583136469,0.24185208329332195
1.0,0.5,2.0,2.0,0.0025,0.005,0.5,100,two_speed,263,1.000005334741756,1.9935914073301064,0.4968750488360644,0.0016343576831738401,0,0.011668170202973425,0.24146860714868776
1.0,0.5,2.0,2.0,0.0025,0.005,1.0,200,two_speed,263,0.9999753281666368,2.003800826873661,0.4967662000473833,0.0020112461413512458,0,0.011597696655958691,0.24146860714868776
1.0,0.5,2.0,2.0,0.0025,0.005,2.0,400,two_speed,263,1.000256581235718,1.9947350536740476,0.5031811075678997,0.002738987175946432,0,0.015212242084038041,0.24146860714868776
1.0,0.5,2.0,2.0,0.0025,0.005,3.5,700,two_speed,263,1.0002785599936779,1.9837081146442161,0.49766240044013216,0.0019916546729268634,0,0.02155829332491194,0.24146860714868776
1.0,0.5,2.0,2.0,0.0025,0.005,5.0,1000,two_speed,263,1.0002688987500599,1.97339846450583,0.503454389774982,0.001706253565436489,0,0.032073656205372086,0.24146860714868776
1.0,0.5,2.0,2.0,0.0025,0.005,10.0,2000,two_speed,263,0.9999958725388083,1.9471340647686735,0.514329829636928,0.002041634674990651,0,0.06430991846108645,0.24146860714868776
1.0,0.5,2.0,2.0,0.0025,0.005,20.0,4000,two_speed,263,0.9998083658435798,1.965909910155059,0.5045594742878415,0.0013790402316829098,0,0.040356432936094346,0.24146860714868776
1.0,0.5,2.0,2.0,0.0025,0.005,0.5,100,two_speed,264,1.0001679647439876,1.9919658810700092,0.5061766979613499,0.001432529498710905,0,0.013962610530065521,0.24323135113809258
1.0,0.5,2.0,2.0,0.0025,0.005,1.0,200,two_speed,264,1.0000058637810831,1.987215526028042,0.5071151840446434,0.0018555214815310433,0,0.019586623307285576,0.24323135113809258
1.0,0.5,2.0,2.0,0.0025,0.005,2.0,400,two_speed,264,0.9997846485745707,1.9830797526151764,0.4962871020441763,0.0030432092305110667,0,0.025069320177585935,0.24323135113809258
1.0,0.5,2.0,2.0,0.0025,0.005,3.5,700,two_speed,264,0.9998455676984737,1.9565008949733886,0.5029500691469637,0.001240830855876813,0,0.05070464159183491,0.24323135113809258
1.0,0.5,2.0,2.0,0.0025,0.005,5.0,1000,two_speed,264,1.000095538288311,1.9505162145850143,0.5032046524292894,0.001951774615503131,0,0.057978277534047024,0.24323135113809258
1.0,0.5,2.0,2.0,0.0025,0.005,10.0,2000,two_speed,264,1.0002129119974519,1.939139750892521,0.5160175368280644,0.001539805752209409,0,0.0730765673033695,0.24323135113809258
1.0,0.5,2.0,2.0,0.0025,0.005,20.0,4000,two_speed,264,1.000185119813334,1.9498599207787803,0.5243910975279065,0.0031649442936477405,0,0.06673074264297081,0.24323135113809258
1.0,0.5,2.0,2.0,0.0025,0.005,0.5,100,two_speed,265,1.000203252219699,2.0006010496816766,0.499963792005251,0.0028348362119582165,0,0.013960293306713676,0.24111151184687124
1.0,0.5,2.0,2.0,0.0025,0.005,1.0,200,two_speed,265,0.9999056201503572,1.998359821332256,0.49794630381865485,0.002690397018612123,0,0.013571527182033884,0.24111151184687124
1.0,0.5,2.0,2.0,0.0025,0.005,2.0,400,two_speed,265,0.9995106235185283,2.005591059158221,0.48796810961916076,0.0022873857526885403,0,0.019726565517414762,0.24111151184687124
1.0,0.5,2.0,2.0,0.0025,0.005,3.5,700,two_speed,265,1.0003653592488733,2.006667784131703,0.5060643141964986,0.0024830419293318715,0,0.016166574479403846,0.24111151184687124
1.0,0.5,2.0,2.0,0.0025,0.005,5.0,1000,two_speed,265,0.9999257301860087,2.0076569552216497,0.5041030859848409,0.0021837710960562226,0,0.014953518046582038,0.24111151184687124
1.0,0.5,2.0,2.0,0.0025,0.005,10.0,2000,two_speed,265,1.0000057660091117,1.997848023231959,0.5014304832311659,0.0018856073814065134,0,0.009757514651673838,0.24111151184687124
1.0,0.5,2.0,2.0,0.0025,0.005,20.0,4000,two_speed,265,0.9997813013573701,1.9933167950731687,0.5115017344524942,0.0024348455322961227,0,0.02106590695641215,0.24111151184687124
1.0,0.5,2.0,2.0,0.0025,0.005,0.5,100,two_speed,266,1.0002174066996634,2.003549981074587,0.5065063639303397,0.0015128133223443923,0,0.01173008115972721,0.24174074999921555
1.0,0.5,2.0,2.0,0.0025,0.005,1.0,200,two_speed,266,1.000174371978757,2.006798590119792,0.5031427570636631,0.0020810803692160687,0,0.013428799084330355,0.24174074999921555
1.0,0.5,2.0,2.0,0.0025,0.005,2.0,400,two_speed,266,1.000092242503988,2.0009995713940425,0.5018738239735215,0.0024510392452735774,0,0.012295811157764926,0.24174074999921555
1.0,0.5,2.0,2.0,0.0025,0.005,3.5,700,two_speed,266,0.9995095586073773,2.028173249038429,0.4912692272684767,0.002325502338146645,0,0.03616005651028147,0.24174074999921555
1.0,0.5,2.0,2.0,0.0025,0.005,5.0,1000,two_speed,266,0.9998169875523449,2.0076975664694565,0.5008279794917396,0.001627733247556996,0,0.012066143986084858,0.24174074999921555
1.0,0.5,2.0,2.0,0.0025,0.005,10.0,2000,two_speed,266,0.9999274439548389,2.0162094011784815,0.5071811966389341,0.0025272686835272206,0,0.02438048443977188,0.24174074999921555
1.0,0.5,2.0,2.0,0.0025,0.005,20.0,4000,two_speed,266,0.9998852130629473,2.040211166713011,0.5050958759422921,0.0017443621821015384,0,0.047596319757950575,0.24174074999921555
1.0,0.5,2.0,2.0,0.0025,0.005,0.5,100,two_speed,267,1.0002379794394693,1.9986446098502764,0.5048121657120421,0.002131586385026634,0,0.012103349802007307,0.24301283927966974
1.0,0.5,2.0,2.0,0.0025,0.005,1.0,200,two_speed,267,1.0002607376731305,1.9969626415584576,0.5086928133615511,0.0025311548760948576,0,0.01688916283726637,0.24301283927966974
1.0,0.5,2.0,2.0,0.0025,0.005,2.0,400,two_speed,267,1.0000586788748327,2.00148442035057,0.5098521371533916,0.0015718846229976977,0,0.014980002601149867,0.24301283927966974
1.0,0.5,2.0,2.0,0.0025,0.005,3.5,700,two_speed,267,1.0000889426490631,2.0119738357064034,0.51199462672621,0.0017906179040732449,0,0.022511899145936865,0.24301283927966974
1.0,0.5,2.0,2.0,0.0025,0.005,5.0,1000,two_speed,267,1.0001025917338882,2.008757487002671,0.50624721464766,0.0029388097574781914,0,0.019343828577025064,0.24301283927966974
1.0,0.5,2.0,2.0,0.0025,0.005,10.0,2000,two_speed,267,1.000292322191951,2.0074160977128113,0.5098526565964527,0.0028707376897703528,0,0.020596954928102557,0.24301283927966974
1.0,0.5,2.0,2.0,0.0025,0.005,20.0,4000,two_speed,267,0.9999797591397731,2.0445584960613505,0.5056224351140922,0.0032678946942942115,0,0.054322336975201176,0.24301283927966974
1.0,0.5,2.0,2.0,0.0025,0.005,0.5,100,two_speed,268,0.9998667095045127,2.004617359221254,0.49982583312110057,0.0018092870531106692,0,0.010370299416702937,0.241325880849867
1.0,0.5,2.0,2.0,0.0025,0.005,1.0,200,two_speed,268,0.9998773520951971,1.9976572054924446,0.49708190905951,0.001784697787043467,0,0.009844785424545602,0.241325880849867
1.0,0.5,2.0,2.0,0.0025,0.005,2.0,400,two_speed,268,1.0003364080881902,1.9920637401036665,0.5080273988823197,0.002194354123673307,0,0.017268552328002503,0.241325880849867
1.0,0.5,2.0,2.0,0.0025,0.005,3.5,700,two_speed,268,0.9999612434702133,2.0067981055629085,0.5035268326077129,0.002097905528673878,0,0.013753480893286835,0.241325880849867
1.0,0.5,2.0,2.0,0.0025,0.005,5.0,1000,two_speed,268,0.9999872763013085,1.9901426459200635,0.5143652300816526,0.0023640920258729665,0,0.024857383296461817,0.241325880849867
1.0,0.5,2.0,2.0,0.0025,0.005,10.0,2000,two_speed,268,1.000285269646184,1.9842730880711787,0.5165991907286406,0.0016279040756846132,0,0.02884187518762861,0.241325880849867
1.0,0.5,2.0,2.0,0.0025,0.005,20.0,4000,two_speed,268,1.0000749686211572,2.0048794776381413,0.5129637340256484,0.002577908823237256,0,0.021750349365588874,0.241325880849867
1.0,0.5,2.0,2.0,0.0025,0.005,0.5,100,two_speed,269,0.9997745342800746,1.998485625365468,0.493020782180822,0.0016531336639151817,0,0.01203502050943908,0.24324841070587613
1.0,0.5,2.0,2.0,0.0025,0.005,1.0,200,two_speed,269,0.9998855849378249,1.9964095774895887,0.4886756442444582,0.002018259116912871,0,0.018196043205286075,0.24324841070587613
1.0,0.5,2.0,2.0,0.0025,0.005,2.0,400,two_speed,269,0.9999387243566374,1.9855154336137104,0.5027031338235747,0.0015204293162718937,0,0.018648674211208815,0.24324841070587613
1.0,0.5,2.0,2.0,0.0025,0.005,3.5,700,two_speed,269,1.00013199248421,1.997729572799456,0.5129365661181198,0.0015264407432262121,0,0.018409294561372018,0.24324841070587613
1.0,0.5,2.0,2.0,0.0025,0.005,5.0,1000,two_speed,269,1.0006768650407953,1.9942319452472543,0.5134436690786482,0.002850278401345387,0,0.022566716550128596,0.24324841070587613
1.0,0.5,2.0,2.0,0.0025,0.005,10.0,2000,two_speed,269,0.9997860607098353,1.9786747572894883,0.49689698508650876,0.0015664904849592095,0,0.02609266376144006,0.24324841070587613
1.0,0.5,2.0,2.0,0.0025,0.005,20.0,4000,two_speed,269,1.000266976738242,1.9254715511028362,0.5161514128317468,0.002820915691605309,0,0.08868678780290255,0.24324841070587613
1.0,0.5,2.0,2.0,0.0025,0.005,0.5,100,two_speed,270,0.999839531901937,2.001319100480785,0.49916224445268625,0.001968101113914693,0,0.00982745397191628,0.2427764227114884
1.0,0.5,2.0,2.0,0.0025,0.005,1.0,200,two_speed,270,1.0001060227985648,2.00579320197089,0.5012619250320652,0.0021626019200680544,0,0.012629798920754375,0.2427764227114884
1.0,0.5,2.0,2.0,0.0025,0.005,2.0,400,two_speed,270,1.0000099937636497,2.015135177682672,0.4988303537588031,0.0025288897970854223,0,0.02150835246413312,0.2427764227114884
1.0,0.5,2.0,2.0,0.0025,0.005,3.5,700,two_speed,270,1.0001569155533616,2.044503686371166,0.5050997509493299,0.0024560006097769657,0,0.053003424253301165,0.2427764227114884
1.0,0.5,2.0,2.0,0.0025,0.005,5.0,1000,two_speed,270,1.0001714663385322,2.033187781044972,0.5038370523281548,0.0024971805972431676,0,0.040404754387034184,0.2427764227114884
1.0,0.5,2.0,2.0,0.0025,0.005,10.0,2000,two_speed,270,1.0002446341734554,2.0121039533368448,0.5074344425894675,0.001757392298125828,0,0.01882903031970857,0.2427764227114884
1.0,0.5,2.0,2.0,0.0025,0.005,20.0,4000,two_speed,270,0.9996842017610849,2.0523136921031204,0.5013617724795737,0.0020998883046126787,0,0.06130511612995916,0.2427764227114884
1.0,0.5,2.0,2.0,0.0025,0.005,0.5,100,two_speed,271,1.0001702416595204,1.9966521749384176,0.5005075673686092,0.0015762968429203362,0,0.008682988826093202,0.24179335114812212
1.0,0.5,2.0,2.0,0.0025,0.005,1.0,200,two_speed,271,1.0001796057038002,1.9976183343738265,0.5014938665731452,0.0016722500466770237,0,0.008829836403592051,0.24179335114812212
1.0,0.5,2.0,2.0,0.0025,0.005,2.0,400,two_speed,271,1.00016921945776,1.982833051581349,0.5035406871981007,0.002096724891130845,0,0.022698697634920176,0.24179335114812212
1.0,0.5,2.0,2.0,0.0025,0.005,3.5,700,two_speed,271,0.9997860988060647,1.9937710230010266,0.5011098532249554,0.0020943377075006036,0,0.012719096119767247,0.24179335114812212
1.0,0.5,2.0,2.0,0.0025,0.005,5.0,1000,two_speed,271,0.9997305039938035,1.9950654865942914,0.49745088629785694,0.003261740546957725,0,0.017259487529770592,0.24179335114812212
1.0,0.5,2.0,2.0,0.0025,0.005,10.0,2000,two_speed,271,1.0001880702842325,1.9894022164040273,0.505208563324203,0.0019193195927577754,0,0.016702748365399974,0.24179335114812212
1.0,0.5,2.0,2.0,0.0025,0.005,20.0,4000,two_speed,271,0.9998653052880196,1.9430361102293592,0.4971436606164944,0.0019233990374001066,0,0.06660683786866578,0.24179335114812212
1.0,0.5,2.0,2.0,0.0025,0.005,0.5,100,two_speed,272,0.9999614529556476,1.997012880821289,0.5019314758038331,0.0014966466758430594,0,0.008523261616364535,0.2424696667086599
1.0,0.5,2.0,2.0,0.0025,0.005,1.0,200,two_speed,272,0.9999940096970885,1.989969591734237,0.5071769596032633,0.002262710463486625,0,0.01860819871095802,0.2424696667086599
1.0,0.5,2.0,2.0,0.0025,0.005,2.0,400,two_speed,272,0.9997042072020321,1.9872851793900514,0.5032917692970381,0.0034861564571289972,0,0.023137371711943116,0.2424696667086599
1.0,0.5,2.0,2.0,0.0025,0.005,3.5,700,two_speed,272,1.0002239009283644,1.9744242197040092,0.5124410295944574,0.00165723329820288,0,0.034288802627996454,0.2424696667086599
1.0,0.5,2.0,2.0,0.0025,0.005,5.0,1000,two_speed,272,1.0002728180774043,1.9734826475332952,0.5153808695551902,0.002264106353031603,0,0.037846317024686826,0.2424696667086599
1.0,0.5,2.0,2.0,0.0025,0.005,10.0,2000,two_speed,272,0.9999827987043933,1.947417603782257,0.5009496836935955,0.0017299040654022988,0,0.06127894156372643,0.2424696667086599
1.0,0.5,2.0,2.0,0.0025,0.005,20.0,4000,two_speed,272,0.9999374379760902,1.9449150832814535,0.49855441862773037,0.003640639166834086,0,0.0661040714893115,0.2424696667086599
1.0,0.5,2.0,2.0,0.0025,0.005,0.5,100,two_speed,273,0.9999573410628492,1.9959883164278385,0.5027362835212058,0.001981553221830684,0,0.011382174751036589,0.24222958929437613
1.0,0.5,2.0,2.0,0.0025,0.005,1.0,200,two_speed,273,0.9998804023600304,2.009810333094754,0.5017999270139635,0.0017250852882645979,0,0.014381359391166925,0.24222958929437613
1.0,0.5,2.0,2.0,0.0025,0.005,2.0,400,two_speed,273,1.000284499188319,2.0260197039157544,0.5026941735577456,0.002502865974064202,0,0.032593634675861315,0.24222958929437613
1.0,0.5,2.0,2.0,0.0025,0.005,3.5,700,two_speed,273,1.0001393170308348,2.0290881255543867,0.4992557095019322,0.002926773817201651,0,0.03655478490909157,0.24222958929437613
1.0,0.5,2.0,2.0,0.0025,0.005,5.0,1000,two_speed,273,1.0003935600625418,2.0196840663647135,0.5058861555174473,0.001938807094730771,0,0.02560549512228838,0.24222958929437613
1.0,0.5,2.0,2.0,0.0025,0.005,10.0,2000,two_speed,273,0.9997477138372655,2.0460449486773546,0.5087943823535642,0.0025602072614474775,0,0.05579268442781136,0.24222958929437613
1.0,0.5,2.0,2.0,0.0025,0.005,20.0,4000,two_speed,273,0.9999784141597333,2.006337069971406,0.5059262935557943,0.0023695175187411874,0,0.01576030678510457,0.24222958929437613
1.0,0.5,2.0,2.0,0.0025,0.005,0.5,100,two_speed,274,1.000009747675191,2.0105183852312187,0.4984563876984592,0.002464248609005458,0,0.017253402324292122,0.2431101904283943
1.0,0.5,2.0,2.0,0.0025,0.005,1.0,200,two_speed,274,0.9999247785767902,2.0150729242042815,0.49337283679212196,0.003010589891753993,0,0.024348826214122675,0.2431101904283943
1.0,0.5,2.0,2.0,0.0025,0.005,2.0,400,two_speed,274,1.0001180909938614,2.0268317526274564,0.49497672093288436,0.0037704188511948904,0,0.03672057651458987,0.2431101904283943
1.0,0.5,2.0,2.0,0.0025,0.005,3.5,700,two_speed,274,1.0003365136307092,2.0255240616357773,0.5055921641717153,0.0030740439557957427,0,0.03377223049393465,0.2431101904283943
1.0,0.5,2.0,2.0,0.0025,0.005,5.0,1000,two_speed,274,1.0001193847950267,2.023905775971727,0.49418145203850106,0.0016798172928525867,0,0.02994365814769157,0.2431101904283943
1.0,0.5,2.0,2.0,0.0025,0.005,10.0,2000,two_speed,274,1.0004797249674673,2.019567804692322,0.5084773601353164,0.0017793711747475112,0,0.02621368630054238,0.2431101904283943
1.0,0.5,2.0,2.0,0.0025,0.005,20.0,4000,two_speed,274,0.9999431128753823,2.0321184795049883,0.5009738087155863,0.0029569333675004182,0,0.039841184448374534,0.2431101904283943
1.0,0.5,2.0,2.0,0.0025,0.005,0.5,100,two_speed,275,0.9999924275261063,1.9908552676332598,0.5090999948521202,0.0015164882924331349,0,0.01754091907107844,0.24124620242842607
1.0,0.5,2.0,2.0,0.0025,0.005,1.0,200,two_speed,275,0.9998678309149065,1.9813220199939363,0.5036838341094309,0.001623253352790146,0,0.023531621641894943,0.24124620242842607
1.0,0.5,2.0,2.0,0.0025,0.005,2.0,400,two_speed,275,0.999772356315593,1.9804288698486805,0.5118717018283216,0.0017161507185375433,0,0.028797205672488557,0.24124620242842607
1.0,0.5,2.0,2.0,0.0025,0.005,3.5,700,two_speed,275,1.0001234279361852,1.9771684831515681,0.5205851614670336,0.0015746657543720384,0,0.038022336921727976,0.24124620242842607
1.0,0.5,2.0,2.0,0.0025,0.005,5.0,1000,two_speed,275,1.0003314565678745,1.9913131502461254,0.5185832558907331,0.003249525187297719,0,0.030093517675357857,0.24124620242842607
1.0,0.5,2.0,2.0,0.0025,0.005,10.0,2000,two_speed,275,0.9997938089112581,2.011430137794423,0.5071510765946726,0.00207279349481364,0,0.01934275519730625,0.24124620242842607
1.0,0.5,2.0,2.0,0.0025,0.005,20.0,4000,two_speed,275,1.0000632965771175,2.023518929987929,0.5052236729751755,0.001245080039669132,0,0.028550448108201083,0.24124620242842607
1.0,0.5,2.0,2.0,0.0025,0.005,0.5,100,two_speed,276,1.0000357627188527,2.002756579121747,0.4973104059908881,0.0023810889952340787,0,0.01262853564516024,0.2418095415757437
1.0,0.5,2.0,2.0,0.0025,0.005,1.0,200,two_speed,276,1.000114219583656,2.0009031230677636,0.5012194752061706,0.001429911283128858,0,0.007236827234087372,0.2418095415757437
1.0,0.5,2.0,2.0,0.0025,0.005,2.0,400,two_speed,276,1.0002658069799286,2.004248170780634,0.5044383563458668,0.001963176264022499,0,0.01205079777943258,0.2418095415757437
1.0,0.5,2.0,2.0,0.0025,0.005,3.5,700,two_speed,276,1.0003018137941053,2.044321547938568,0.5054334842350809,0.0019901453908599334,0,0.052427108687395134,0.2418095415757437
1.0,0.5,2.0,2.0,0.0025,0.005,5.0,1000,two_speed,276,1.000260920769562,2.045995072150612,0.516117006574405,0.001984058272284509,0,0.05740151744249172,0.2418095415757437
1.0,0.5,2.0,2.0,0.0025,0.005,10.0,2000,two_speed,276,1.000337747517316,2.0278425424357542,0.5126828592055915,0.0026212793253323785,0,0.03789725807686601,0.2418095415757437
1.0,0.5,2.0,2.0,0.0025,0.005,20.0,4000,two_speed,276,1.0003736146200377,2.024986964396362,0.5117289774553527,0.0019867754004540823,0,0.033639011849299245,0.2418095415757437
1.0,0.5,2.0,2.0,0.0025,0.005,0.5,100,two_speed,277,1.000166986448039,1.9753866600796293,0.5070534907670157,0.0033658533455929616,0,0.034073027966874975,0.24164124400288398
1.0,0.5,2.0,2.0,0.0025,0.005,1.0,200,two_speed,277,1.0000506738646011,1.9703243186146746,0.5021500619880619,0.0023180354432101977,0,0.036183557398854545,0.24164124400288398
1.0,0.5,2.0,2.0,0.0025,0.005,2.0,400,two_speed,277,1.0002016988863711,1.9739155087711782,0.5008529404099404,0.0025835604822817496,0,0.032681379033336594,0.24164124400288398
1.0,0.5,2.0,2.0,0.0025,0.005,3.5,700,two_speed,277,0.9997815827406058,1.9791635153159395,0.4992191823796133,0.0022767861615836985,0,0.02656626078125482,0.24164124400288398
1.0,0.5,2.0,2.0,0.0025,0.005,5.0,1000,two_speed,277,0.9997280115322895,1.9513653904750485,0.49965639424719893,0.0023255941346492694,0,0.05734096351558986,0.24164124400288398
1.0,0.5,2.0,2.0,0.0025,0.005,10.0,2000,two_speed,277,1.0001488441228934,1.9531856882588445,0.5114848504103077,0.0021408183022068893,0,0.05676043758678561,0.24164124400288398
1.0,0.5,2.0,2.0,0.0025,0.005,20.0,4000,two_speed,277,0.9999746852865967,1.9467511132040214,0.5105069150218351,0.0021985795906403786,0,0.06353617836820437,0.24164124400288398
1.0,0.5,2.0,2.0,0.0025,0.005,0.5,100,two_speed,278,1.000363128891359,2.000168536672923,0.5066613988720048,0.002277632866788323,0,0.013801526243563213,0.24239973813694501
1.0,0.5,2.0,2.0,0.0025,0.005,1.0,200,two_speed,278,1.0003487901397607,2.0074822878775183,0.5083557572995306,0.001498694849811606,0,0.015310001701689809,0.24239973813694501
1.0,0.5,2.0,2.0,0.0025,0.005,2.0,400,two_speed,278,1.0000952496921904,2.010724807184033,0.5012086382065963,0.001632015574828833,0,0.014805038023710044,0.24239973813694501
1.0,0.5,2.0,2.0,0.0025,0.005,3.5,700,two_speed,278,1.0002505456999946,2.013364386510414,0.5034540700135606,0.002474087492182007,0,0.020059099334775152,0.24239973813694501
1.0,0.5,2.0,2.0,0.0025,0.005,5.0,1000,two_speed,278,0.9999718015081516,2.019853616724382,0.5024426758457908,0.0016259296188688552,0,0.02447307063720665,0.24239973813694501
1.0,0.5,2.0,2.0,0.0025,0.005,10.0,2000,two_speed,278,0.9998781902923688,2.036048092035565,0.5217712487979165,0.002936262306590215,0,0.051854415450835245,0.24239973813694501
1.0,0.5,2.0,2.0,0.0025,0.005,20.0,4000,two_speed,278,1.0001058146671982,2.0490523632182702,0.510511485225929,0.0020325413095405205,0,0.05873821031031931,0.24239973813694501
1.0,0.5,2.0,2.0,0.0025,0.005,0.5,100,two_speed,279,1.0001548086952872,2.0005025150649045,0.5051583506093477,0.0015647988587518024,0,0.01004877904326823,0.2416022082823994
1.0,0.5,2.0,2.0,0.0025,0.005,1.0,200,two_speed,279,1.0000120816088807,1.9906746540366103,0.5060098270225687,0.0019727531448353935,0,0.016472574189009728,0.2416022082823994
1.0,0.5,2.0,2.0,0.0025,0.005,2.0,400,two_speed,279,1.0002324587454485,1.9996209193565506,0.5107170321092144,0.0018382305144681926,0,0.016269116894019612,0.2416022082823994
1.0,0.5,2.0,2.0,0.0025,0.005,3.5,700,two_speed,279,1.0003650653133729,1.9839314119260147,0.5174583206886986,0.002051315735921916,0,0.030410241147124983,0.2416022082823994
1.0,0.5,2.0,2.0,0.0025,0.005,5.0,1000,two_speed,279,1.0004403530438484,1.9752130437679858,0.5146746784923172,0.0024423717995202053,0,0.03584605956998375,0.2416022082823994
1.0,0.5,2.0,2.0,0.0025,0.005,10.0,2000,two_speed,279,0.9998423155514665,1.956524273687966,0.4942285969906584,0.0016019154356900999,0,0.05148569977021817,0.2416022082823994
1.0,0.5,2.0,2.0,0.0025,0.005,20.0,4000,two_speed,279,1.0001783754677536,1.965095514292417,0.5120844378607906,0.001832308048256732,0,0.04388202784975335,0.2416022082823994
1.0,0.5,2.0,2.0,0.0025,0.005,0.5,100,two_speed,280,1.000036025730309,2.0010578186589267,0.5032909049389879,0.0017704074840586203,0,0.00973639862039592,0.24161913686631514
1.0,0.5,2.0,2.0,0.0025,0.005,1.0,200,two_speed,280,1.0001943112129432,2.009090775381664,0.5067849815976946,0.001576172373793533,0,0.01554932431282893,0.24161913686631514
1.0,0.5,2.0,2.0,0.0025,0.005,2.0,400,two_speed,280,1.0002789741915226,2.0110395535484176,0.5120850834698637,0.0014738910008610282,0,0.021082631792724998,0.24161913686631514
1.0,0.5,2.0,2.0,0.0025,0.005,3.5,700,two_speed,280,1.0000995870542266,2.0096810076914084,0.5094939987683881,0.0015016129024270635,0,0.018033649116041526,0.24161913686631514
1.0,0.5,2.0,2.0,0.0025,0.005,5.0,1000,two_speed,280,0.9996864160255398,1.991737477146596,0.49841183604972417,0.0026050251894122935,0,0.016079193365572054,0.24161913686631514
1.0,0.5,2.0,2.0,0.0025,0.005,10.0,2000,two_speed,280,0.9998604644078772,2.001091750885461,0.4975599940549728,0.0020042757632520295,0,0.01034184781592038,0.24161913686631514
1.0,0.5,2.0,2.0,0.0025,0.005,20.0,4000,two_speed,280,0.9998159895499469,2.0041298265148155,0.4987292223176125,0.0018494005086465007,0,0.010357171605993228,0.24161913686631514
1.0,0.5,2.0,2.0,0.0025,0.005,0.5,100,two_speed,281,0.9999312373153604,1.9938956379865438,0.5024710575670469,0.0016606557316756344,0,0.011295005540115824,0.24270630356789166
1.0,0.5,2.0,2.0,0.0025,0.005,1.0,200,two_speed,281,0.9998977058745371,2.0000531005015234,0.49939510689115024,0.0021038474235310213,0,0.01034558021203536,0.24270630356789166
1.0,0.5,2.0,2.0,0.0025,0.005,2.0,400,two_speed,281,1.0001614684649083,2.0018691607314056,0.5082607929980564,0.001907349073849624,0,0.014227406730504648,0.24270630356789166
1.0,0.5,2.0,2.0,0.0025,0.005,3.5,700,two_speed,281,0.999867024708104,2.010090867624544,0.4986843716877687,0.0028597424429217377,0,0.018294871422584347,0.24270630356789166
1.0,0.5,2.0,2.0,0.0025,0.005,5.0,1000,two_speed,281,0.9999925620783104,1.9830739864024856,0.5140316971335849,0.0020130880246707673,0,0.028341111527915998,0.24270630356789166
1.0,0.5,2.0,2.0,0.0025,0.005,10.0,2000,two_speed,281,0.9998050467255623,2.0097697289271133,0.5022230072367803,0.0015604469786352228,0,0.014055303331776464,0.24270630356789166
1.0,0.5,2.0,2.0,0.0025,0.005,20.0,4000,two_speed,281,1.0000378359111959,1.986600152236327,0.5112856585355031,0.0022282749045431697,0,0.02379863685802017,0.24270630356789166
1.0,0.5,2.0,2.0,0.0025,0.005,0.5,100,two_speed,282,1.0000136427487096,2.0141119266655125,0.49578653770448944,0.0015959296831664388,0,0.01894415694132247,0.242066815428968
1.0,0.5,2.0,2.0,0.0025,0.005,1.0,200,two_speed,282,1.0003324251391006,2.0204754701935146,0.503193705683175,0.002177177343890131,0,0.026177638699331495,0.242066815428968
1.0,0.5,2.0,2.0,0.0025,0.005,2.0,400,two_speed,282,1.000110041098827,2.0096172084917594,0.5015304559576187,0.0020673744137044182,0,0.0151461357074385,0.242066815428968
1.0,0.5,2.0,2.0,0.0025,0.005,3.5,700,two_speed,282,1.0002100182515508,2.044589764256871,0.5066466780845594,0.0036463952020900623,0,0.055069814590692184,0.242066815428968
1.0,0.5,2.0,2.0,0.0025,0.005,5.0,1000,two_speed,282,1.0001766387949336,2.030472563061659,0.499750130457543,0.0019971246015886113,0,0.036545840501534026,0.242066815428968
1.0,0.5,2.0,2.0,0.0025,0.005,10.0,2000,two_speed,282,0.9993076731299734,2.011615850621314,0.4881087736105367,0.002402013676385643,0,0.022988903897041432,0.242066815428968
1.0,0.5,2.0,2.0,0.0025,0.005,20.0,4000,two_speed,282,0.9994996964117338,1.999023340692923,0.502648109319522,0.004107168801387449,0,0.020804252153397065,0.242066815428968
1.0,0.5,2.0,2.0,0.0025,0.005,0.5,100,two_speed,283,1.000142495540685,2.003925752444087,0.5059035905670265,0.0019023456377671103,0,0.01277121796254745,0.2421587797081364
1.0,0.5,2.0,2.0,0.0025,0.005,1.0,200,two_speed,283,1.0000594567330803,2.001460180317064,0.5060565238136349,0.0015917125265746423,0,0.011171816672550084,0.2421587797081364
1.0,0.5,2.0,2.0,0.0025,0.005,2.0,400,two_speed,283,0.9999459837983834,2.015345322303224,0.5000014311382512,0.003158369327065781,0,0.023539185469424122,0.2421587797081364
1.0,0.5,2.0,2.0,0.0025,0.005,3.5,700,two_speed,283,1.0000233921514392,1.9865470458540442,0.5097954055896922,0.0013951112421682684,0,0.021123110886720423,0.2421587797081364
1.0,0.5,2.0,2.0,0.0025,0.005,5.0,1000,two_speed,283,1.0000007585606683,1.9767904464019717,0.5031309998844151,0.0020212133650591713,0,0.02881273407337655,0.2421587797081364
1.0,0.5,2.0,2.0,0.0025,0.005,10.0,2000,two_speed,283,1.000042948792337,1.972174498328298,0.5077211873387155,0.0015580909246435532,0,0.03437485345267334,0.2421587797081364
1.0,0.5,2.0,2.0,0.0025,0.005,20.0,4000,two_speed,283,0.9998794962460583,1.9739317218916934,0.5052519845350086,0.0014561930778096651,0,0.03169394286256255,0.2421587797081364
1.0,0.5,2.0,2.0,0.0025,0.005,0.5,100,two_speed,284,0.9999645433665021,2.000409644270896,0.49794194788802937,0.0016588140114665892,0,0.008564161160632926,0.2423388928707157
1.0,0.5,2.0,2.0,0.0025,0.005,1.0,200,two_speed,284,0.9999062058156534,1.9873436913389857,0.4938680680965142,0.0020158762606576853,0,0.01937471514297027,0.2423388928707157
1.0,0.5,2.0,2.0,0.0025,0.005,2.0,400,two_speed,284,0.9997642765747923,2.003910156068393,0.4946169092097149,0.0031956536007494126,0,0.017587409968495234,0.2423388928707157
1.0,0.5,2.0,2.0,0.0025,0.005,3.5,700,two_speed,284,0.9999741171092044,1.9889263659898402,0.49347308216205454,0.0019572051196616075,0,0.018183154928133504,0.2423388928707157
1.0,0.5,2.0,2.0,0.0025,0.005,5.0,1000,two_speed,284,0.9999717272486158,1.9895528995816172,0.49786169401087915,0.002230442877698982,0,0.016534622267287333,0.2423388928707157
1.0,0.5,2.0,2.0,0.0025,0.005,10.0,2000,two_speed,284,1.0001246418720717,1.9896462870508633,0.5072166072562825,0.0017753177454134844,0,0.01738787118042516,0.2423388928707157
1.0,0.5,2.0,2.0,0.0025,0.005,20.0,4000,two_speed,284,1.000184520611428,1.9680612984622647,0.5186476544010848,0.0019332756966025867,0,0.04465684540319047,0.2423388928707157
1.0,0.5,2.0,2.0,0.0025,0.005,0.5,100,two_speed,285,0.999834661971878,2.005467540080305,0.5019857164209367,0.0022303138934262317,0,0.012997671112435018,0.24190428571975126
1.0,0.5,2.0,2.0,0.0025,0.005,1.0,200,two_speed,285,0.9996704897029789,2.0005840791580867,0.5016286529856957,0.0019791425949819046,0,0.010243721778397821,0.24190428571975126
1.0,0.5,2.0,2.0,0.0025,0.005,2.0,400,two_speed,285,0.9998178287152764,2.0119830170095145,0.5071892120269755,0.0016799241268543495,0,0.018841423066986374,0.24190428571975126
1.0,0.5,2.0,2.0,0.0025,0.005,3.5,700,two_speed,285,1.0002016333782908,2.0020612780473983,0.5122690928091108,0.002034847860949574,0,0.01871471427778158,0.24190428571975126
1.0,0.5,2.0,2.0,0.0025,0.005,5.0,1000,two_speed,285,1.0002135395796214,2.0002705589322334,0.5127226671272672,0.001981562986369116,0,0.018877663402664162,0.24190428571975126
1.0,0.5,2.0,2.0,0.0025,0.005,10.0,2000,two_speed,285,1.0000780041460777,1.9885321304260954,0.49870565670762845,0.0013352903081597517,0,0.014897089024710614,0.24190428571975126
1.0,0.5,2.0,2.0,0.0025,0.005,20.0,4000,two_speed,285,0.9997772744007124,2.017759686531206,0.5032677932431883,0.0025271568116784285,0,0.024443233599854616,0.24190428571975126
1.0,0.5,2.0,2.0,0.0025,0.005,0.5,100,two_speed,286,0.9999929907998342,2.019640660489589,0.4994762998778898,0.0016345370639447023,0,0.024070886374725875,0.24080855357793293
1.0,0.5,2.0,2.0,0.0025,0.005,1.0,200,two_speed,286,1.000060575913749,2.011795253520366,0.4976069375182054,0.0019416161606035784,0,0.016960777469570226,0.24080855357793293
1.0,0.5,2.0,2.0,0.0025,0.005,2.0,400,two_speed,286,0.9999760329710644,2.018292733791088,0.5040487116443567,0.001831515768891721,0,0.023551635572780668,0.24080855357793293
1.0,0.5,2.0,2.0,0.0025,0.005,3.5,700,two_speed,286,0.9997103286042833,2.0398908741852466,0.49902178030332334,0.0019824380025616987,0,0.04710836084818662,0.24080855357793293
1.0,0.5,2.0,2.0,0.0025,0.005,5.0,1000,two_speed,286,1.0000059124904728,2.0310948694582662,0.5115610609218862,0.00169798254079111,0,0.03965522125004969,0.24080855357793293
1.0,0.5,2.0,2.0,0.0025,0.005,10.0,2000,two_speed,286,1.0006209816087337,1.9833665784415995,0.527303303071921,0.0032588398842594477,0,0.04245089087262542,0.24080855357793293
1.0,0.5,2.0,2.0,0.0025,0.005,20.0,4000,two_speed,286,0.9998681560632704,1.9749678620192719,0.49802160533195694,0.001888498267883738,0,0.03048295192874977,0.24080855357793293
1.0,0.5,2.0,2.0,0.0025,0.005,0.5,100,two_speed,287,1.0001555582089625,2.0097905932100666,0.49914682250127373,0.0015066043274946314,0,0.013602568665996555,0.24127825000323355
1.0,0.5,2.0,2.0,0.0025,0.005,1.0,200,two_speed,287,1.000248299902793,2.0084740455039216,0.5053550950521797,0.001726173591462897,0,0.014507370783792441,0.24127825000323355
1.0,0.5,2.0,2.0,0.0025,0.005,2.0,400,two_speed,287,1.0001264049327434,2.003620811350122,0.5064217403331627,0.0012235205502546644,0,0.010932046938234572,0.24127825000323355
1.0,0.5,2.0,2.0,0.0025,0.005,3.5,700,two_speed,287,0.9999860844557847,1.99383331468875,0.5082267802570397,0.003140378866308852,0,0.020134301466132407,0.24127825000323355
1.0,0.5,2.0,2.0,0.0025,0.005,5.0,1000,two_speed,287,1.000017744199977,1.9934827307585092,0.5121762433018867,0.002546707119302094,0,0.021552351075074506,0.24127825000323355
1.0,0.5,2.0,2.0,0.0025,0.005,10.0,2000,two_speed,287,1.0001422298293696,1.9724859590848465,0.49819415422863067,0.001717337568175818,0,0.03300116655273396,0.24127825000323355
1.0,0.5,2.0,2.0,0.0025,0.005,20.0,4000,two_speed,287,0.9999037625090924,1.9545111155088262,0.5103168046105281,0.0015573965236993295,0,0.05455794052045109,0.24127825000323355
1.0,0.5,2.0,2.0,0.0025,0.005,0.5,100,two_speed,288,1.0000594125689524,2.0035147461033844,0.4995136640036792,0.0012983337726989804,0,0.007595920547088815,0.24194917857779988
1.0,0.5,2.0,2.0,0.0025,0.005,1.0,200,two_speed,288,0.9999343303888316,2.00225195342486,0.5017319448241746,0.0018667321172327852,0,0.009825704346823302,0.24194917857779988
1.0,0.5,2.0,2.0,0.0025,0.005,2.0,400,two_speed,288,1.0001222722657521,2.002136504704205,0.5030279614548263,0.0019710011441907093,0,0.010663117601350481,0.24194917857779988
1.0,0.5,2.0,2.0,0.0025,0.005,3.5,700,two_speed,288,1.0001982351688163,1.9952080538405077,0.511344353419628,0.0016622726633884703,0,0.01747089129708614,0.24194917857779988
1.0,0.5,2.0,2.0,0.0025,0.005,5.0,1000,two_speed,288,0.9999879617936186,1.9990959274676,0.5109024396188022,0.0021137396160357774,0,0.017631818851912437,0.24194917857779988
1.0,0.5,2.0,2.0,0.0025,0.005,10.0,2000,two_speed,288,0.9999609467973384,2.015011894441871,0.5076334322001357,0.001957913699967912,0,0.02212353327034248,0.24194917857779988
1.0,0.5,2.0,2.0,0.0025,0.005,20.0,4000,two_speed,288,0.9999111438177855,1.972982387751849,0.5013420369036241,0.0015665555202445214,0,0.03217654874968531,0.24194917857779988
1.0,0.5,2.0,2.0,0.0025,0.005,0.5,100,two_speed,289,1.0001222151727207,1.994851506718886,0.5050897308835159,0.0026756012963989363,0,0.01575733233650282,0.24321931542363018
1.0,0.5,2.0,2.0,0.0025,0.005,1.0,200,two_speed,289,1.0000719454640636,1.9925975079629155,0.5112332140206441,0.0017335473499101375,0,0.01883519456698094,0.24321931542363018
1.0,0.5,2.0,2.0,0.0025,0.005,2.0,400,two_speed,289,0.9996640145916652,1.987493482344242,0.5028201191611053,0.002459629076272169,0,0.019355508383282656,0.24321931542363018
1.0,0.5,2.0,2.0,0.0025,0.005,3.5,700,two_speed,289,0.999735631007013,1.979080666693608,0.5037883180712802,0.002339226218404772,0,0.02726841898856394,0.24321931542363018
1.0,0.5,2.0,2.0,0.0025,0.005,5.0,1000,two_speed,289,1.0002284919855349,1.9795579622432007,0.5090418809030649,0.0029655319743915544,0,0.029795722055232052,0.24321931542363018
1.0,0.5,2.0,2.0,0.0025,0.005,10.0,2000,two_speed,289,1.00017171071948,1.9971761137403359,0.5076125529524254,0.001913229931759304,0,0.013852717626745871,0.24321931542363018
1.0,0.5,2.0,2.0,0.0025,0.005,20.0,4000,two_speed,289,1.0003991251688564,1.9817776813008217,0.5024434169768025,0.001988463663263571,0,0.023340986044845066,0.24321931542363018
1.0,0.5,2.0,2.0,0.0025,0.005,0.5,100,two_speed,290,0.9999328730340918,2.005265559320912,0.5011861188609407,0.0012899400173105272,0,0.008944021968603055,0.2473733451416982
1.0,0.5,2.0,2.0,0.0025,0.005,1.0,200,two_speed,290,1.0000139149270024,2.0068993846818834,0.5013337655189001,0.0018049030542914824,0,0.012032206526038893,0.2473733451416982
1.0,0.5,2.0,2.0,0.0025,0.005,2.0,400,two_speed,290,0.9999121078682242,2.0163020887860466,0.5005735628807526,0.0016883836252908728,0,0.02058339250747719,0.2473733451416982
1.0,0.5,2.0,2.0,0.0025,0.005,3.5,700,two_speed,290,0.9999131792183239,2.0394962924159823,0.5050751019154626,0.0019663026102660756,0,0.04699363863778799,0.2473733451416982
1.0,0.5,2.0,2.0,0.0025,0.005,5.0,1000,two_speed,290,0.9999713756279035,2.0430351500136346,0.5068078151671087,0.0021320278671943865,0,0.05141682691203593,0.2473733451416982
1.0,0.5,2.0,2.0,0.0025,0.005,10.0,2000,two_speed,290,1.0004078924518898,2.041597475859102,0.513691648509132,0.0021287675470982557,0,0.0517400952695653,0.2473733451416982
1.0,0.5,2.0,2.0,0.0025,0.005,20.0,4000,two_speed,290,0.9997893442806031,2.015386151979515,0.4913975363060183,0.0018260645485139542,0,0.022728033734820813,0.2473733451416982
1.0,0.5,2.0,2.0,0.0025,0.005,0.5,100,two_speed,291,1.0001532227863015,2.000401871850871,0.5003507548426667,0.0020824461809178666,0,0.010248498345816455,0.24445627970687514
1.0,0.5,2.0,2.0,0.0025,0.005,1.0,200,two_speed,291,1.0001430078641174,2.00802116876315,0.5041673106771841,0.0018469111619578583,0,0.013944908940124309,0.24445627970687514
1.0,0.5,2.0,2.0,0.0025,0.005,2.0,400,two_speed,291,1.000141426436059,1.9930049368124272,0.5106760396178988,0.001751300312805185,0,0.018012643951660433,0.24445627970687514
1.0,0.5,2.0,2.0,0.0025,0.005,3.5,700,two_speed,291,1.00009521364921,2.0059521103637383,0.5144648678072584,0.0023204139410644654,0,0.022899642486840937,0.24445627970687514
1.0,0.5,2.0,2.0,0.0025,0.005,5.0,1000,two_speed,291,1.000195343047104,1.9951360101986968,0.5013193288716978,0.0025426778915871237,0,0.013771865724371507,0.24445627970687514
1.0,0.5,2.0,2.0,0.0025,0.005,10.0,2000,two_speed,291,1.000316959311018,2.023577822914176,0.5150886101404216,0.0022584313934033164,0,0.03493357796331627,0.24445627970687514
1.0,0.5,2.0,2.0,0.0025,0.005,20.0,4000,two_speed,291,0.9997566926542405,2.050009417575145,0.5102848213124214,0.0022278031711955026,0,0.06017758141901273,0.24445627970687514
1.0,0.5,2.0,2.0,0.0025,0.005,0.5,100,two_speed,292,0.9999091480671761,2.00239409341684,0.4990615708413544,0.0018057042754251573,0,0.00934348850635313,0.24373252372190887
1.0,0.5,2.0,2.0,0.0025,0.005,1.0,200,two_speed,292,1.0001468933365523,2.0035043893712277,0.5014229856670981,0.002927562702188495,0,0.01501802621670253,0.24373252372190887
1.0,0.5,2.0,2.0,0.0025,0.005,2.0,400,two_speed,292,0.9998393335961313,2.0008057672360446,0.4989535318633054,0.0022533221355134562,0,0.011161043130625723,0.24373252372190887
1.0,0.5,2.0,2.0,0.0025,0.005,3.5,700,two_speed,292,0.9996973550103928,2.0025189077970613,0.5047412445392574,0.0025681516491746076,0,0.014686473050285259,0.24373252372190887
1.0,0.5,2.0,2.0,0.0025,0.005,5.0,1000,two_speed,292,0.9999560521752873,2.0089840710969327,0.5158369286582438,0.001916932109225684,0,0.024900173748020143,0.24373252372190887
1.0,0.5,2.0,2.0,0.0025,0.005,10.0,2000,two_speed,292,1.0000855290167048,2.0278078319122406,0.5071293836473124,0.0015807158293760515,0,0.034140667824704804,0.24373252372190887
1.0,0.5,2.0,2.0,0.0025,0.005,20.0,4000,two_speed,292,1.0001269398758665,2.0297296885166785,0.5063939836054078,0.0015294764996591026,0,0.03596228567501591,0.24373252372190887
1.0,0.5,2.0,2.0,0.0025,0.005,0.5,100,two_speed,293,0.9997128103611903,1.9927837050082962,0.49883123423024495,0.0025479870917290916,0,0.015101905863169918,0.24754020827822387
1.0,0.5,2.0,2.0,0.0025,0.005,1.0,200,two_speed,293,1.0001799559647744,1.9792125391186437,0.5061407751815281,0.0021629895173558055,0,0.027328733154361625,0.24754020827822387
1.0,0.5,2.0,2.0,0.0025,0.005,2.0,400,two_speed,293,1.0002936057944414,1.987652791569879,0.5015884628332741,0.0020640570369830032,0,0.017590819074175278,0.24754020827822387
1.0,0.5,2.0,2.0,0.0025,0.005,3.5,700,two_speed,293,0.9999252740557183,2.0027058256377788,0.49635817125946147,0.0022846185264323218,0,0.01251786459510392,0.24754020827822387
1.0,0.5,2.0,2.0,0.0025,0.005,5.0,1000,two_speed,293,1.0002836883346138,2.0212563479115673,0.5057555841236072,0.002317304964844545,0,0.027915636115850725,0.24754020827822387
1.0,0.5,2.0,2.0,0.0025,0.005,10.0,2000,two_speed,293,1.0000413955359204,1.9969045204507136,0.4928914898965197,0.0023198089026264176,0,0.01520211469191941,0.24754020827822387
1.0,0.5,2.0,2.0,0.0025,0.005,20.0,4000,two_speed,293,1.0001074792048867,1.9640259812489067,0.5113803885139837,0.0018324458786230715,0,0.04481931193386197,0.24754020827822387
1.0,0.5,2.0,2.0,0.0025,0.005,0.5,100,two_speed,294,0.9997904047426796,2.005763797477509,0.5014535610229952,0.0026014040776006168,0,0.0146183728361696,0.24304547027817794
1.0,0.5,2.0,2.0,0.0025,0.005,1.0,200,two_speed,294,0.9998423915208906,2.002343585089,0.5038968293508314,0.0016346651879586122,0,0.010083543318705089,0.24304547027817794
1.0,0.5,2.0,2.0,0.0025,0.005,2.0,400,two_speed,294,0.9996687062329895,2.0148871889478617,0.5072546596047582,0.0021498119314347507,0,0.022619613406739413,0.24304547027817794
1.0,0.5,2.0,2.0,0.0025,0.005,3.5,700,two_speed,294,0.9999273364919729,2.0089337563056815,0.4983414678450492,0.0014189835998332503,0,0.012618307101905583,0.24304547027817794
1.0,0.5,2.0,2.0,0.0025,0.005,5.0,1000,two_speed,294,1.0001894876047244,1.9981877374955874,0.5100559886372517,0.002876177477582022,0,0.019146868127756615,0.24304547027817794
1.0,0.5,2.0,2.0,0.0025,0.005,10.0,2000,two_speed,294,1.0003291554609246,1.9943888403847474,0.5062532797701382,0.0019688432669154993,0,0.013886078283718132,0.24304547027817794
1.0,0.5,2.0,2.0,0.0025,0.005,20.0,4000,two_speed,294,1.0004556988456508,1.9861241598037511,0.5083616448470482,0.0018720136291913462,0,0.021002419421065104,0.24304547027817794
1.0,0.5,2.0,2.0,0.0025,0.005,0.5,100,two_speed,295,1.0002733741128593,1.9970651652662228,0.5028331752216256,0.0024861888256066398,0,0.013099195380233578,0.24507239886692592
1.0,0.5,2.0,2.0,0.0025,0.005,1.0,200,two_speed,295,1.000260956207522,2.0002426899076355,0.5040445189049967,0.0023941678332259114,0,0.012725529386005663,0.24507239886692592
1.0,0.5,2.0,2.0,0.0025,0.005,2.0,400,two_speed,295,0.9997528592860868,2.0003000305409393,0.4945958531674482,0.0016543869185000467,0,0.010489014894400848,0.24507239886692592
1.0,0.5,2.0,2.0,0.0025,0.005,3.5,700,two_speed,295,1.0000139321073984,2.0169577376797134,0.5099707684750631,0.001665586673287042,0,0.02482111126325176,0.24507239886692592
1.0,0.5,2.0,2.0,0.0025,0.005,5.0,1000,two_speed,295,0.9999441525559745,2.0099489116575686,0.5022430158577919,0.0016314686959329775,0,0.014319609857820962,0.24507239886692592
1.0,0.5,2.0,2.0,0.0025,0.005,10.0,2000,two_speed,295,1.0000446866681847,2.0014796742438494,0.494334936875332,0.001530434094498388,0,0.010778208168353488,0.24507239886692592
1.0,0.5,2.0,2.0,0.0025,0.005,20.0,4000,two_speed,295,0.9999877476124028,1.9997455174550107,0.5080294740614493,0.0021741156086007543,0,0.014977087163257586,0.24507239886692592
1.0,0.5,2.0,2.0,0.0025,0.005,0.5,100,two_speed,296,0.9997561098469538,2.0097707600923784,0.4949404141651384,0.0019693392852816777,0,0.016091457921162188,0.24359300599566527
1.0,0.5,2.0,2.0,0.0025,0.005,1.0,200,two_speed,296,0.9994916847195905,2.0149343260471597,0.49407982358522484,0.002446156152142386,0,0.022167020677604496,0.24359300599566527
1.0,0.5,2.0,2.0,0.0025,0.005,2.0,400,two_speed,296,1.000103104407892,2.020540965256315,0.5056337529847382,0.002154612420436827,0,0.0268935514030628,0.24359300599566527
1.0,0.5,2.0,2.0,0.0025,0.005,3.5,700,two_speed,296,0.9998505903489068,2.0253138520571,0.5088861780502861,0.0019014482545117637,0,0.03277784395465015,0.24359300599566527
1.0,0.5,2.0,2.0,0.0025,0.005,5.0,1000,two_speed,296,1.0001503559870233,2.0197555353254057,0.5177649502587649,0.0022576760041508135,0,0.03392310315576564,0.24359300599566527
1.0,0.5,2.0,2.0,0.0025,0.005,10.0,2000,two_speed,296,1.0004309596986547,2.059682053414438,0.5189324939434133,0.0024891671377445185,0,0.07330959273308119,0.24359300599566527
1.0,0.5,2.0,2.0,0.0025,0.005,20.0,4000,two_speed,296,0.9999157021817237,2.054581265106478,0.5142717821669262,0.0017072329986043179,0,0.06590256194855126,0.24359300599566527
1.0,0.5,2.0,2.0,0.0025,0.005,0.5,100,two_speed,297,0.9998923707619702,2.008904998924611,0.4972171330247246,0.0017133807904750988,0,0.013742239369497901,0.2642976190129827
1.0,0.5,2.0,2.0,0.0025,0.005,1.0,200,two_speed,297,1.000027172470633,2.0056838756985895,0.4966666300651536,0.002108765921319429,0,0.013053358156260525,0.2642976190129827
1.0,0.5,2.0,2.0,0.0025,0.005,2.0,400,two_speed,297,1.000045015641038,2.013677307792159,0.49545991128992584,0.002771026031225166,0,0.02176137783594545,0.2642976190129827
1.0,0.5,2.0,2.0,0.0025,0.005,3.5,700,two_speed,297,0.9997905278200199,2.0182932458748764,0.503372826132067,0.0024594785441585166,0,0.02482778758462283,0.2642976190129827
1.0,0.5,2.0,2.0,0.0025,0.005,5.0,1000,two_speed,297,0.9996409919644906,2.0112192757863574,0.49588385486409203,0.0022868052646217167,0,0.017851005232444126,0.2642976190129827
1.0,0.5,2.0,2.0,0.0025,0.005,10.0,2000,two_speed,297,1.000017169712819,1.9857540934644524,0.5052615449551506,0.0013580796693248652,0,0.018980018375367374,0.2642976190129827
1.0,0.5,2.0,2.0,0.0025,0.005,20.0,4000,two_speed,297,1.0003843798594445,2.019622861756722,0.5165348643690645,0.002416009306361482,0,0.03289303425029754,0.2642976190129827
1.0,0.5,2.0,2.0,0.0025,0.005,0.5,100,two_speed,298,1.000046051151252,2.0080530930209934,0.49830500423624163,0.001237958540055915,0,0.011358227532270736,0.2771012917094465
1.0,0.5,2.0,2.0,0.0025,0.005,1.0,200,two_speed,298,0.9998150084348232,2.0150762145749748,0.49489261665664824,0.0021642409421993854,0,0.021379149416313168,0.2771012917094465
1.0,0.5,2.0,2.0,0.0025,0.005,2.0,400,two_speed,298,1.000222716749679,2.0212844555712413,0.5065252489215245,0.002081581382604368,0,0.02779544973470605,0.2771012917094465
1.0,0.5,2.0,2.0,0.0025,0.005,3.5,700,two_speed,298,0.999719583542576,2.0250179966616404,0.4970320936429085,0.002370656602933465,0,0.031393108189888046,0.2771012917094465
1.0,0.5,2.0,2.0,0.0025,0.005,5.0,1000,two_speed,298,0.9999704618285609,2.034461026914338,0.5025136821243539,0.00164132063139515,0,0.04068205643961023,0.2771012917094465
1.0,0.5,2.0,2.0,0.0025,0.005,10.0,2000,two_speed,298,1.0003917032943646,2.0634729964191676,0.5206472416399328,0.0024158282288822266,0,0.07800826283175881,0.2771012917094465
1.0,0.5,2.0,2.0,0.0025,0.005,20.0,4000,two_speed,298,1.0002692754265445,2.0878027374376353,0.5057506723372274,0.002416418535131483,0,0.1020460446754371,0.2771012917094465
1.0,0.5,2.0,2.0,0.0025,0.005,0.5,100,two_speed,299,0.9999420063440244,2.006742793703747,0.501518322971081,0.0024824960963827354,0,0.014605895984571812,0.25217689886423095
1.0,0.5,2.0,2.0,0.0025,0.005,1.0,200,two_speed,299,1.0000779124677688,2.021381435002197,0.5065235463130794,0.001957994524904654,0,0.02774559972856683,0.25217689886423095
1.0,0.5,2.0,2.0,0.0025,0.005,2.0,400,two_speed,299,0.9995855966258608,2.0224531753984456,0.5015740032694578,0.002042042340634527,0,0.027999828717558555,0.25217689886423095
1.0,0.5,2.0,2.0,0.0025,0.005,3.5,700,two_speed,299,1.0002666555887638,2.0295107957680054,0.5151328729214437,0.0028850020590464563,0,0.04142063947869329,0.25217689886423095
1.0,0.5,2.0,2.0,0.0025,0.005,5.0,1000,two_speed,299,1.000096160788782,2.027351908591466,0.5115744192564227,0.0013585820001537682,0,0.03539528726755711,0.25217689886423095
1.0,0.5,2.0,2.0,0.0025,0.005,10.0,2000,two_speed,299,1.0000445989699216,2.012754754119819,0.5113955877091021,0.002791002425834389,0,0.02487557646208189,0.25217689886423095
1.0,0.5,2.0,2.0,0.0025,0.005,20.0,4000,two_speed,299,1.0003393423884275,1.969702818507724,0.5149321729242283,0.002448876586030974,0,0.0411427561823573,0.25217689886423095
1.0,0.5,2.0,2.0,0.0025,0.005,0.5,100,two_speed,300,1.000389220007974,2.0000230262464855,0.5047503010857557,0.00258704900808831,0,0.013901912902664503,0.2552877618498834
1.0,0.5,2.0,2.0,0.0025,0.005,1.0,200,two_speed,300,1.0003539535176924,2.0001398341780616,0.5028321860120132,0.002089996281961857,0,0.010786248404928393,0.2552877618498834
1.0,0.5,2.0,2.0,0.0025,0.005,2.0,400,two_speed,300,1.0000541499899973,1.9984663902991109,0.4982251109183995,0.0018196463341092562,0,0.009427845564835953,0.2552877618498834
1.0,0.5,2.0,2.0,0.0025,0.005,3.5,700,two_speed,300,1.0001228940306928,1.9953399974292727,0.4953814277888295,0.001465899215987551,0,0.011021705282460211,0.2552877618498834
1.0,0.5,2.0,2.0,0.0025,0.005,5.0,1000,two_speed,300,1.0000519811720694,1.981101271444421,0.48955176534355704,0.0022060037506421316,0,0.028210697919240853,0.2552877618498834
1.0,0.5,2.0,2.0,0.0025,0.005,10.0,2000,two_speed,300,1.0003120733769937,1.9721872683510553,0.5183006592539715,0.0019944161243202327,0,0.04067843925444942,0.2552877618498834
1.0,0.5,2.0,2.0,0.0025,0.005,20.0,4000,two_speed,300,1.0002460468657441,1.950756220169932,0.5150675848715489,0.0023793240387813015,0,0.06076484563714116,0.2552877618498834
1.0,0.5,2.0,2.0,0.0025,0.005,0.5,100,two_speed,301,1.0001254945763955,1.99810168737252,0.49762328332830524,0.002149228865569583,0,0.01130514752176115,0.2557718571375257
1.0,0.5,2.0,2.0,0.0025,0.005,1.0,200,two_speed,301,1.0003259163949971,1.9985302138983454,0.5033610977090277,0.002573898062993217,0,0.013350043026627933,0.2557718571375257
1.0,0.5,2.0,2.0,0.0025,0.005,2.0,400,two_speed,301,1.0001533435285332,1.9984824394855158,0.5031532008719447,0.002816133780418611,0,0.014454987603284607,0.2557718571375257
1.0,0.5,2.0,2.0,0.0025,0.005,3.5,700,two_speed,301,0.9998305219955315,2.0204911900240927,0.502294845024253,0.0021653512201509966,0,0.02614495168451871,0.2557718571375257
1.0,0.5,2.0,2.0,0.0025,0.005,5.0,1000,two_speed,301,1.000376693877159,2.014793232316015,0.5102415692086741,0.002728039646761853,0,0.025069502566800798,0.2557718571375257
1.0,0.5,2.0,2.0,0.0025,0.005,10.0,2000,two_speed,301,0.9999959729373855,2.000656800893129,0.49927631372407816,0.0013773993869619896,0,0.006863434106650874,0.2557718571375257
1.0,0.5,2.0,2.0,0.0025,0.005,20.0,4000,two_speed,301,0.9997106285946236,2.035723585828042,0.4946370545937486,0.0019817203761370193,0,0.043007436691424046,0.2557718571375257
1.0,0.5,2.0,2.0,0.0025,0.005,0.5,100,two_speed,302,1.0001896736556195,1.9984171072958299,0.5055619430760439,0.001622988530887845,0,0.010708290633479023,0.2802420059950756
1.0,0.5,2.0,2.0,0.0025,0.005,1.0,200,two_speed,302,1.0000764114407448,2.0058602266256487,0.50897557285993,0.0024700958810398087,0,0.018041485906417225,0.2802420059950756
1.0,0.5,2.0,2.0,0.0025,0.005,2.0,400,two_speed,302,1.0001399429319657,2.007572637258437,0.5143530794154365,0.0015823539479876262,0,0.021772831351306497,0.2802420059950756
1.0,0.5,2.0,2.0,0.0025,0.005,3.5,700,two_speed,302,0.9996699894147447,2.0125309272612335,0.4973668416569726,0.0022004007162329804,0,0.01833832516287469,0.2802420059950756
1.0,0.5,2.0,2.0,0.0025,0.005,5.0,1000,two_speed,302,1.0001688536245115,2.028447764295821,0.49453558479248716,0.0021837064178787087,0,0.03546709440808358,0.2802420059950756
1.0,0.5,2.0,2.0,0.0025,0.005,10.0,2000,two_speed,302,1.0002488122535431,2.0446985296988522,0.5102751952338965,0.002265510139438788,0,0.054181303020115944,0.2802420059950756
1.0,0.5,2.0,2.0,0.0025,0.005,20.0,4000,two_speed,302,0.9999796904436024,2.0632854506549174,0.5000837798984348,0.0020275075639814336,0,0.07374759646496185,0.2802420059950756
1.0,0.5,2.0,2.0,0.0025,0.005,0.5,100,two_speed,303,0.9998998656319059,1.9983560319058347,0.501235177838726,0.001471356177214897,0,0.007697919136125559,0.24793197613741672
1.0,0.5,2.0,2.0,0.0025,0.005,1.0,200,two_speed,303,0.9998980029915153,1.9960561990510604,0.49712658724613396,0.0018385363124247215,0,0.010715873393270889,0.24793197613741672
1.0,0.5,2.0,2.0,0.0025,0.005,2.0,400,two_speed,303,1.0001264402148249,1.9821668850254957,0.5058543049036295,0.0030467597020054425,0,0.02652277958119271,0.24793197613741672
1.0,0.5,2.0,2.0,0.0025,0.005,3.5,700,two_speed,303,1.0000708266151148,1.9710596168329837,0.5065874763407755,0.0017358821986165989,0,0.03539767137285037,0.24793197613741672
1.0,0.5,2.0,2.0,0.0025,0.005,5.0,1000,two_speed,303,1.0001976389741867,1.9738816414963014,0.5062911719671449,0.0021496591101043084,0,0.032832462080288755,0.24793197613741672
1.0,0.5,2.0,2.0,0.0025,0.005,10.0,2000,two_speed,303,0.9997009221681463,1.9297783504081425,0.5001855546709885,0.0018082331716938512,0,0.08157736513684893,0.24793197613741672
1.0,0.5,2.0,2.0,0.0025,0.005,20.0,4000,two_speed,303,1.0002411058191185,1.94632507841228,0.5022974701979014,0.001589624595666065,0,0.06244997776545179,0.24793197613741672
1.0,0.5,2.0,2.0,0.0025,0.005,0.5,100,two_speed,304,1.000125357878686,2.001416492162166,0.5036664536776292,0.0020038404519342502,0,0.010964388229251242,0.2545830238543983
1.0,0.5,2.0,2.0,0.0025,0.005,1.0,200,two_speed,304,1.0003948022569804,2.0046608771591883,0.50593269234258,0.002501456591767168,0,0.015198129530708943,0.2545830238543983
1.0,0.5,2.0,2.0,0.0025,0.005,2.0,400,two_speed,304,0.9997618378105418,2.0077847390688404,0.4974630050404753,0.002820830646032761,0,0.016759284401841042,0.2545830238543983
1.0,0.5,2.0,2.0,0.0025,0.005,3.5,700,two_speed,304,1.000128074771942,1.984742301914041,0.5102733771743391,0.0015039845855472525,0,0.02310367065018046,0.2545830238543983
1.0,0.5,2.0,2.0,0.0025,0.005,5.0,1000,two_speed,304,1.0000527671497619,1.9960148453879152,0.5164012404504941,0.0019004928576911674,0,0.02365523923911315,0.2545830238543983
1.0,0.5,2.0,2.0,0.0025,0.005,10.0,2000,two_speed,304,1.0001776674646914,2.0214936498743987,0.5164674797640905,0.0016523624552944676,0,0.03344240778473211,0.2545830238543983
1.0,0.5,2.0,2.0,0.0025,0.005,20.0,4000,two_speed,304,0.9999344730264051,1.9899507148907645,0.5015845166600306,0.0017535877448072753,0,0.014617153860760715,0.2545830238543983
1.0,0.5,2.0,2.0,0.0025,0.005,0.5,100,two_speed,305,0.9998594483753556,2.001551411919974,0.49594125998032723,0.002021358891632911,0,0.011280409218671893,0.24586743455646293
1.0,0.5,2.0,2.0,0.0025,0.005,1.0,200,two_speed,305,1.00012994451588,1.998335332796133,0.5024037469580741,0.001733322676989765,0,0.009196093330594256,0.24586743455646293
1.0,0.5,2.0,2.0,0.0025,0.005,2.0,400,two_speed,305,0.999933114688847,1.993871729859354,0.49386800414646204,0.0015484846960004024,0,0.013060680122120348,0.24586743455646293
1.0,0.5,2.0,2.0,0.0025,0.005,3.5,700,two_speed,305,1.0000320704136798,1.9878447817950617,0.49634355113067113,0.002056039161709446,0,0.017964165237979404,0.24586743455646293
1.0,0.5,2.0,2.0,0.0025,0.005,5.0,1000,two_speed,305,0.9999935915312483,1.9791140986871545,0.4959857314673781,0.0020476064027574858,0,0.026699470245002674,0.24586743455646293
1.0,0.5,2.0,2.0,0.0025,0.005,10.0,2000,two_speed,305,0.9994872241153049,1.9693777022882215,0.49820675651905644,0.0022037460107840324,0,0.03709183763487341,0.24586743455646293
1.0,0.5,2.0,2.0,0.0025,0.005,20.0,4000,two_speed,305,1.0002608500496815,1.9044976999360204,0.504366474869729,0.0019510745732900854,0,0.11056645162410429,0.24586743455646293
1.0,0.5,2.0,2.0,0.0025,0.005,0.5,100,two_speed,306,0.999778483429564,2.003606308479172,0.4980639998011508,0.0016184613617358946,0,0.009247819597630543,0.2425736905674317
1.0,0.5,2.0,2.0,0.0025,0.005,1.0,200,two_speed,306,0.9997884195559683,2.0046461427213824,0.49710027447411204,0.002195487732277257,0,0.012518539003412757,0.2425736905674317
1.0,0.5,2.0,2.0,0.0025,0.005,2.0,400,two_speed,306,0.9999321781737761,1.9960378603316524,0.5030437861262977,0.002063304527744057,0,0.011850704405474177,0.2425736905674317
1.0,0.5,2.0,2.0,0.0025,0.005,3.5,700,two_speed,306,1.0002705911365382,1.9879085858106071,0.510753176891075,0.0021297078774811505,0,0.022061821294160174,0.2425736905674317
1.0,0.5,2.0,2.0,0.0025,0.005,5.0,1000,two_speed,306,0.9996832476907552,1.9876121204733108,0.5019031151140888,0.0027487535873558333,0,0.019965911771406244,0.2425736905674317
1.0,0.5,2.0,2.0,0.0025,0.005,10.0,2000,two_speed,306,1.0005544486743616,1.9786116332897206,0.5136220471924322,0.003197832169369072,0,0.03357679911651828,0.2425736905674317
1.0,0.5,2.0,2.0,0.0025,0.005,20.0,4000,two_speed,306,1.0001742352012286,1.9491913218048076,0.5132723293743082,0.0027581807761875,0,0.06205762789253432,0.2425736905674317
1.0,0.5,2.0,2.0,0.0025,0.005,0.5,100,two_speed,307,1.000098396460253,2.0015967577106077,0.5042761768454346,0.0031339112105275026,0,0.016393233383289147,0.24183276185898908
1.0,0.5,2.0,2.0,0.0025,0.005,1.0,200,two_speed,307,1.0002277097646515,1.9985143644672512,0.510168046575976,0.002493960634871585,0,0.017818083982555986,0.24183276185898908
1.0,0.5,2.0,2.0,0.0025,0.005,2.0,400,two_speed,307,0.9998435395621693,1.9981102122590464,0.4993702703979441,0.0020721481074028386,0,0.01043005870967264,0.24183276185898908
1.0,0.5,2.0,2.0,0.0025,0.005,3.5,700,two_speed,307,0.9997667878602968,1.9867886698646333,0.4981366660476504,0.002104336208529617,0,0.01855941794789399,0.24183276185898908
1.0,0.5,2.0,2.0,0.0025,0.005,5.0,1000,two_speed,307,1.0002442659142805,1.9850854752495288,0.5104535115635148,0.0026696282151572243,0,0.025334643117458814,0.24183276185898908
1.0,0.5,2.0,2.0,0.0025,0.005,10.0,2000,two_speed,307,0.9995450511241671,1.975552944121351,0.4982137621182706,0.0016417591351976742,0,0.02947758054806107,0.24183276185898908
1.0,0.5,2.0,2.0,0.0025,0.005,20.0,4000,two_speed,307,1.000017634994285,1.9703887487851506,0.4981813027900195,0.0016060558992719567,0,0.03519853629527362,0.24183276185898908
1.0,0.5,2.0,2.0,0.0025,0.005,0.5,100,two_speed,308,1.000131859867924,1.997932138684749,0.506397298929741,0.002352350544597878,0,0.01429454727557445,0.24250310714290077
1.0,0.5,2.0,2.0,0.0025,0.005,1.0,200,two_speed,308,1.0002427716843023,2.0127133642934645,0.5062339985626645,0.001789116977831594,0,0.01874818183491334,0.24250310714290077
1.0,0.5,2.0,2.0,0.0025,0.005,2.0,400,two_speed,308,1.0003560014445627,2.0173609156656886,0.5115269053766905,0.0017134312919301756,0,0.025953401548774208,0.24250310714290077
1.0,0.5,2.0,2.0,0.0025,0.005,3.5,700,two_speed,308,1.0003284454589865,2.017821527597285,0.5064382347375788,0.0016543530953314668,0,0.023413013304011784,0.24250310714290077
1.0,0.5,2.0,2.0,0.0025,0.005,5.0,1000,two_speed,308,1.0003730961290123,2.011768004930601,0.5087680536847411,0.0018513174114183227,0,0.019526863308809657,0.24250310714290077
1.0,0.5,2.0,2.0,0.0025,0.005,10.0,2000,two_speed,308,1.0000471912628666,2.019738209574975,0.5019203675492586,0.002342911439516368,0,0.025603601330176102,0.24250310714290077
1.0,0.5,2.0,2.0,0.0025,0.005,20.0,4000,two_speed,308,0.9999185539725105,1.9865749885225694,0.49866715452861504,0.0012851880972991807,0,0.016825219683404308,0.24250310714290077
1.0,0.5,2.0,2.0,0.0025,0.005,0.5,100,two_speed,309,1.0002714464997138,2.0004843475192984,0.5048199556986,0.0019003164839705962,0,0.011026832374015706,0.24129195243585855
1.0,0.5,2.0,2.0,0.0025,0.005,1.0,200,two_speed,309,1.0003912871312999,2.0014774777463415,0.507134657404089,0.001863796033998187,0,0.01272206135769013,0.24129195243585855
1.0,0.5,2.0,2.0,0.0025,0.005,2.0,400,two_speed,309,0.9998480308740735,1.9966649381570958,0.494365800871366,0.001420573498861034,0,0.010665926673267868,0.24129195243585855
1.0,0.5,2.0,2.0,0.0025,0.005,3.5,700,two_speed,309,0.999899662795911,1.9971293029462327,0.4942509347512372,0.0016931797665778112,0,0.011590437307307393,0.24129195243585855
1.0,0.5,2.0,2.0,0.0025,0.005,5.0,1000,two_speed,309,0.9999298794442967,1.9915054852289777,0.49145868475063026,0.0019569078015776566,0,0.017663067374466667,0.24129195243585855
1.0,0.5,2.0,2.0,0.0025,0.005,10.0,2000,two_speed,309,0.9999750157483268,1.9581990157391038,0.49742890440068105,0.002043608832547827,0,0.04948698396242906,0.24129195243585855
1.0,0.5,2.0,2.0,0.0025,0.005,20.0,4000,two_speed,309,0.9999057744558256,1.9523846238651101,0.5110312078938877,0.0018770731008244585,0,0.05736171440209999,0.24129195243585855
1.0,0.5,2.0,2.0,0.0025,0.005,0.5,100,two_speed,310,1.0003484918783387,1.9976495815404525,0.5059050142310212,0.0017553875628169551,0,0.011513943730430107,0.24349094642924943
1.0,0.5,2.0,2.0,0.0025,0.005,1.0,200,two_speed,310,1.0001178420991164,1.991116846605635,0.5065710422710781,0.0018608002388949905,0,0.016037197963657823,0.24349094642924943
1.0,0.5,2.0,2.0,0.0025,0.005,2.0,400,two_speed,310,1.0000329997004183,1.9995439193282998,0.5058438324761168,0.0017297362047612494,0,0.011385666062023566,0.24349094642924943
1.0,0.5,2.0,2.0,0.0025,0.005,3.5,700,two_speed,310,0.9999076267223428,1.9932897649159749,0.5166517267355059,0.002162018388243957,0,0.025446117513753717,0.24349094642924943
1.0,0.5,2.0,2.0,0.0025,0.005,5.0,1000,two_speed,310,0.9998366139632943,2.0209450314459976,0.5050791390537139,0.0020454892441777463,0,0.02703105146713809,0.24349094642924943
1.0,0.5,2.0,2.0,0.0025,0.005,10.0,2000,two_speed,310,0.9997745713944989,1.9922105565719423,0.5056342730340556,0.0024114019355875893,0,0.0168593939103032,0.24349094642924943
1.0,0.5,2.0,2.0,0.0025,0.005,20.0,4000,two_speed,310,1.0000189599595115,2.0156986439800177,0.5109899621459525,0.0033776203972062753,0,0.02834752928435553,0.24349094642924943
1.0,0.5,2.0,2.0,0.0025,0.005,0.5,100,two_speed,311,1.000042681220826,1.9951884873090082,0.5038365018080244,0.0020914067812972527,0,0.01265841337034389,0.24461876185211753
1.0,0.5,2.0,2.0,0.0025,0.005,1.0,200,two_speed,311,1.000048481638259,1.9873959675655273,0.5026204091891829,0.002397821608586151,0,0.01900836101856709,0.24461876185211753
1.0,0.5,2.0,2.0,0.0025,0.005,2.0,400,two_speed,311,0.9999178797528989,1.989304423000187,0.5053315551439441,0.0017949551697986892,0,0.01677731548833867,0.24461876185211753
1.0,0.5,2.0,2.0,0.0025,0.005,3.5,700,two_speed,311,1.000133954925139,1.9997793675504445,0.5095436659491357,0.0014510237358204266,0,0.014116941577823974,0.24461876185211753
1.0,0.5,2.0,2.0,0.0025,0.005,5.0,1000,two_speed,311,1.0001262109482005,1.990042777113369,0.5044522621470893,0.0018679567924044075,0,0.015720565166376033,0.24461876185211753
1.0,0.5,2.0,2.0,0.0025,0.005,10.0,2000,two_speed,311,0.9999369776030547,1.9731838972358402,0.5040192425890312,0.0015626766163787569,0,0.03228644324179763,0.24461876185211753
1.0,0.5,2.0,2.0,0.0025,0.005,20.0,4000,two_speed,311,1.0001977548071224,1.9898520654687706,0.508085456030006,0.0020469289854646144,0,0.01847053441778215,0.24461876185211753
1.0,0.5,2.0,2.0,0.0025,0.005,0.5,100,two_speed,312,0.9999769383620686,2.013379410612191,0.501337698208782,0.001697358226199401,0,0.017633649026106417,0.24174694643755043
1.0,0.5,2.0,2.0,0.0025,0.005,1.0,200,two_speed,312,1.000183918417315,2.0118918233908762,0.4995616930717214,0.0013804836712318178,0,0.01536412622904166,0.24174694643755043
1.0,0.5,2.0,2.0,0.0025,0.005,2.0,400,two_speed,312,0.9999325441427074,2.0035707905128346,0.49570712640319575,0.0017178521087838695,0,0.01088237552289769,0.24174694643755043
1.0,0.5,2.0,2.0,0.0025,0.005,3.5,700,two_speed,312,1.0002921027849185,2.0141920929289463,0.5019421415885336,0.002894196766225951,0,0.021774057286113816,0.24174694643755043
1.0,0.5,2.0,2.0,0.0025,0.005,5.0,1000,two_speed,312,1.000150938106118,2.014661797098886,0.5068036136877567,0.001562199476015329,0,0.020393018995318733,0.24174694643755043
1.0,0.5,2.0,2.0,0.0025,0.005,10.0,2000,two_speed,312,1.0002065326228449,1.9998350571788328,0.5005681476643049,0.0015803643873942021,0,0.007813861936219631,0.24174694643755043
1.0,0.5,2.0,2.0,0.0025,0.005,20.0,4000,two_speed,312,1.0002333254961702,1.9630334785187078,0.5124111668372741,0.0019576370421474573,0,0.04624862549105234,0.24174694643755043
1.0,0.5,2.0,2.0,0.0025,0.005,0.5,100,two_speed,313,1.0000685665464502,1.991174510978948,0.5043102391746387,0.0020717608529849533,0,0.015414058707582515,0.24317851185332984
1.0,0.5,2.0,2.0,0.0025,0.005,1.0,200,two_speed,313,0.999792338110513,1.9948114566235637,0.4990340936590802,0.001876812803946964,0,0.01105632232505723,0.24317851185332984
1.0,0.5,2.0,2.0,0.0025,0.005,2.0,400,two_speed,313,1.0000672537986974,2.0033303282999326,0.4970395018224115,0.0017948686463841652,0,0.010423942034542496,0.24317851185332984
1.0,0.5,2.0,2.0,0.0025,0.005,3.5,700,two_speed,313,0.9996408654235294,1.9885042605189358,0.4908547148633855,0.0017793426471450064,0,0.019576821269971935,0.24317851185332984
1.0,0.5,2.0,2.0,0.0025,0.005,5.0,1000,two_speed,313,0.9998481972943132,1.9655109896264122,0.4982225824949389,0.0020003112563911104,0,0.04109405386795604,0.24317851185332984
1.0,0.5,2.0,2.0,0.0025,0.005,10.0,2000,two_speed,313,0.9998267039401029,1.9512051136507,0.5029434382964951,0.0016993115109759805,0,0.0570382231217406,0.24317851185332984
1.0,0.5,2.0,2.0,0.0025,0.005,20.0,4000,two_speed,313,0.9999903040941571,1.9506952400745956,0.509525051221661,0.0021825376326030537,0,0.05895934351616132,0.24317851185332984
1.0,0.5,2.0,2.0,0.0025,0.005,0.5,100,two_speed,314,0.9996151717562688,2.0005965005206887,0.49519667448181703,0.0026920505665779483,0,0.014394279040979056,0.24271721427794546
1.0,0.5,2.0,2.0,0.0025,0.005,1.0,200,two_speed,314,1.0001260322018939,2.005163748954816,0.5049338323420198,0.0012401433999895423,0,0.010531968729858907,0.24271721427794546
1.0,0.5,2.0,2.0,0.0025,0.005,2.0,400,two_speed,314,1.0000256841244344,2.0007393606383843,0.5063096325358907,0.002242369429978215,0,0.01372672989508845,0.24271721427794546
1.0,0.5,2.0,2.0,0.0025,0.005,3.5,700,two_speed,314,1.0003160002002447,2.0075440296423674,0.5032349826098259,0.002107980513208885,0,0.014056256385466348,0.24271721427794546
1.0,0.5,2.0,2.0,0.0025,0.005,5.0,1000,two_speed,314,0.9999763985453824,1.9841448135926214,0.5034333173697462,0.0021874220947722643,0,0.021704910866407922,0.24271721427794546
1.0,0.5,2.0,2.0,0.0025,0.005,10.0,2000,two_speed,314,1.0001390947156537,1.994892130711963,0.505633319867481,0.0016051856991977386,0,0.012113322213724166,0.24271721427794546
1.0,0.5,2.0,2.0,0.0025,0.005,20.0,4000,two_speed,314,0.9999631883440008,1.9802801726202275,0.4854739388993014,0.001990421959744277,0,0.031472813157662406,0.24271721427794546
1.0,0.5,2.0,2.0,0.0025,0.005,0.5,100,two_speed,315,1.000041798326783,2.0009109324648735,0.5047587411192498,0.0018090757250265508,0,0.010846569061784802,0.24273400585765817
1.0,0.5,2.0,2.0,0.0025,0.005,1.0,200,two_speed,315,0.9998349196375619,1.9887524510846735,0.5019871197422923,0.0017947546504058132,0,0.015961824378658944,0.24273400585765817
1.0,0.5,2.0,2.0,0.0025,0.005,2.0,400,two_speed,315,1.0001153066032593,1.9995699968066865,0.50705056398619,0.0017122771253685516,0,0.012323341552906897,0.24273400585765817
1.0,0.5,2.0,2.0,0.0025,0.005,3.5,700,two_speed,315,0.9999414863494541,1.9782433612745076,0.49994948685957497,0.002159792637836371,0,0.027264232929186064,0.24273400585765817
1.0,0.5,2.0,2.0,0.0025,0.005,5.0,1000,two_speed,315,0.9999987548333001,1.9735872422755802,0.5061902687331534,0.0018274944842765059,0,0.03267778349593455,0.24273400585765817
1.0,0.5,2.0,2.0,0.0025,0.005,10.0,2000,two_speed,315,0.9997591949095547,1.9819974194578622,0.4939066718212085,0.0023519592745701234,0,0.02502456904321542,0.24273400585765817
1.0,0.5,2.0,2.0,0.0025,0.005,20.0,4000,two_speed,315,0.9999446096325996,1.9979670595805454,0.5068833965118614,0.0021984681472096788,0,0.014324849351236455,0.24273400585765817
1.0,0.5,2.0,2.0,0.0025,0.005,0.5,100,two_speed,316,1.0001793680371192,2.0025406584869963,0.5047270257755329,0.001721749901063713,0,0.010682682842335593,0.2440608571383304
1.0,0.5,2.0,2.0,0.0025,0.005,1.0,200,two_speed,316,0.99999850176095,2.0039935687459285,0.5013836457725135,0.001429361089466263,0,0.00858275934879964,0.2440608571383304
1.0,0.5,2.0,2.0,0.0025,0.005,2.0,400,two_speed,316,1.0000908038436034,2.0053048461649396,0.5064941122009937,0.0016495440693512172,0,0.013102888010638076,0.2440608571383304
1.0,0.5,2.0,2.0,0.0025,0.005,3.5,700,two_speed,316,1.0000915412738052,2.002869918649594,0.509802388548176,0.0016251534241934844,0,0.015259066037687764,0.2440608571383304
1.0,0.5,2.0,2.0,0.0025,0.005,5.0,1000,two_speed,316,1.0000279789385387,2.0179784282819404,0.5098846907551442,0.0013936860831088521,0,0.025242764713020487,0.2440608571383304
1.0,0.5,2.0,2.0,0.0025,0.005,10.0,2000,two_speed,316,1.0001867066298857,2.0208286699118667,0.5119307660893516,0.0016618927087215627,0,0.029442545363847997,0.2440608571383304
1.0,0.5,2.0,2.0,0.0025,0.005,20.0,4000,two_speed,316,0.9997878577029683,2.0476615280750057,0.49448762272809355,0.0024758618255141807,0,0.05685186995587588,0.2440608571383304
1.0,0.5,2.0,2.0,0.0025,0.005,0.5,100,two_speed,317,1.000141630470053,2.00026706559419,0.5026807709324532,0.002148800808207374,0,0.011039285179019614,0.2435115951312972
1.0,0.5,2.0,2.0,0.0025,0.005,1.0,200,two_speed,317,1.0002062225156358,1.9925094866063913,0.5053048450774753,0.0021284329715478404,0,0.015064002437345606,0.2435115951312972
1.0,0.5,2.0,2.0,0.0025,0.005,2.0,400,two_speed,317,1.000326858916744,1.9984061544179932,0.5049165301635837,0.001684511675133066,0,0.010323488624078263,0.2435115951312972
1.0,0.5,2.0,2.0,0.0025,0.005,3.5,700,two_speed,317,1.0008427842273018,1.9984779171526765,0.5084657166547389,0.0038437264161364534,0,0.0214248704115222,0.2435115951312972
1.0,0.5,2.0,2.0,0.0025,0.005,5.0,1000,two_speed,317,1.0001152785876022,2.0155913274522272,0.5089795618839628,0.0020610648972990927,0,0.023601291147784993,0.2435115951312972
1.0,0.5,2.0,2.0,0.0025,0.005,10.0,2000,two_speed,317,0.9999707998523373,1.9927262776886736,0.5055791661041055,0.0025202317848538954,0,0.016611933747498336,0.2435115951312972
1.0,0.5,2.0,2.0,0.0025,0.005,20.0,4000,two_speed,317,0.9998710238690491,1.9661760325649447,0.49932757204450445,0.001801084856428526,0,0.04006355941237487,0.2435115951312972
1.0,0.5,2.0,2.0,0.0025,0.005,0.5,100,two_speed,318,0.9999840179066325,1.9994396131115137,0.5021619197743228,0.0017047741434194866,0,0.008862551824813292,0.2418436131307057
1.0,0.5,2.0,2.0,0.0025,0.005,1.0,200,two_speed,318,1.0001624494994488,2.003680024614147,0.5042471890776761,0.002301284751592406,0,0.013165282787617213,0.2418436131307057
1.0,0.5,2.0,2.0,0.0025,0.005,2.0,400,two_speed,318,1.000024335987413,2.001329446432879,0.49348382431828414,0.0024591426529728903,0,0.014921300869051598,0.2418436131307057
1.0,0.5,2.0,2.0,0.0025,0.005,3.5,700,two_speed,318,1.0002813471313883,2.0107557774225864,0.5039496660778774,0.0021532143718332717,0,0.016948066535584914,0.2418436131307057
1.0,0.5,2.0,2.0,0.0025,0.005,5.0,1000,two_speed,318,1.0000299077560577,2.0244399648980833,0.5005104487125104,0.002198773437826513,0,0.03022059982935962,0.2418436131307057
1.0,0.5,2.0,2.0,0.0025,0.005,10.0,2000,two_speed,318,0.9999430399341324,2.030212516374386,0.5116005913716527,0.0019945311299650217,0,0.03910554983793117,0.2418436131307057
1.0,0.5,2.0,2.0,0.0025,0.005,20.0,4000,two_speed,318,1.0000122816345318,2.000669061559048,0.509659493950053,0.0017651837781542763,0,0.015298857632209787,0.2418436131307057
1.0,0.5,2.0,2.0,0.0025,0.005,0.5,100,two_speed,319,1.0000291969615982,1.9996099066235238,0.4995665077623997,0.001501013689289955,0,0.007404638574782194,0.24140451785310038
1.0,0.5,2.0,2.0,0.0025,0.005,1.0,200,two_speed,319,0.9999774011698832,2.0000070159667493,0.49964030913314506,0.0017723526301734365,0,0.008704407187788987,0.24140451785310038
1.0,0.5,2.0,2.0,0.0025,0.005,2.0,400,two_speed,319,1.000115527414309,2.008708457281628,0.5013150675875696,0.0021345363816223503,0,0.0145876309826457,0.24140451785310038
1.0,0.5,2.0,2.0,0.0025,0.005,3.5,700,two_speed,319,1.0001414532290818,2.007931602119013,0.5092394762305501,0.0026762044890075976,0,0.019809262754588896,0.24140451785310038
1.0,0.5,2.0,2.0,0.0025,0.005,5.0,1000,two_speed,319,0.9999799247550833,2.0025484779315277,0.50885889506469,0.0016928137778272588,0,0.014564583038414325,0.24140451785310038
1.0,0.5,2.0,2.0,0.0025,0.005,10.0,2000,two_speed,319,1.000162733368918,1.9671979027796342,0.5163216931959539,0.0019217517288095348,0,0.044095083960003126,0.24140451785310038
1.0,0.5,2.0,2.0,0.0025,0.005,20.0,4000,two_speed,319,0.9998077531086139,1.947999666800128,0.5039718815635928,0.0037083104032884415,0,0.0629442426383748,0.24140451785310038
1.0,0.5,2.0,2.0,0.0025,0.005,0.5,100,two_speed,320,0.9998177853355006,2.0041203840793247,0.49673770522933386,0.0023246425175431646,0,0.012973418927063978,0.2428928868445967
1.0,0.5,2.0,2.0,0.0025,0.005,1.0,200,two_speed,320,1.0001244829679892,2.007101735549775,0.5019472360917271,0.0026358553199648705,0,0.015478128252863469,0.2428928868445967
1.0,0.5,2.0,2.0,0.0025,0.005,2.0,400,two_speed,320,1.0002588654906164,2.0016786461999447,0.5098329171889106,0.0018041625272509707,0,0.015326400077854055,0.2428928868445967
1.0,0.5,2.0,2.0,0.0025,0.005,3.5,700,two_speed,320,1.000192767808194,1.9989605578773695,0.500392096636303,0.0018581306690985803,0,0.009233295285154245,0.2428928868445967
1.0,0.5,2.0,2.0,0.0025,0.005,5.0,1000,two_speed,320,1.0000166582276944,1.9931905563906478,0.5025743227490755,0.0017257986536974887,0,0.012021949841766796,0.2428928868445967
1.0,0.5,2.0,2.0,0.0025,0.005,10.0,2000,two_speed,320,1.0002679492085822,1.9461204609628178,0.5062115826722677,0.0025995787618852523,0,0.06378680944358209,0.2428928868445967
1.0,0.5,2.0,2.0,0.0025,0.005,20.0,4000,two_speed,320,1.0000309573611887,1.9737336108970938,0.5126756552317345,0.0019257517651248915,0,0.035529371025948595,0.2428928868445967
1.0,0.5,2.0,2.0,0.0025,0.005,0.5,100,two_speed,321,0.9999666444333133,2.006021332790434,0.5023428516011178,0.0029390514320715975,0,0.016321647702289485,0.24291628570894577
1.0,0.5,2.0,2.0,0.0025,0.005,1.0,200,two_speed,321,1.0000273363850218,2.0059952621788466,0.501998967509262,0.0021422134090088828,0,0.012845602147703868,0.24291628570894577
1.0,0.5,2.0,2.0,0.0025,0.005,2.0,400,two_speed,321,1.0001019420459987,2.0157787324495415,0.5024317813830437,0.002146607280457848,0,0.021249515413571257,0.24291628570894577
1.0,0.5,2.0,2.0,0.0025,0.005,3.5,700,two_speed,321,0.9999427142036054,2.0079337267613897,0.510161459751631,0.001411131541185143,0,0.017606080242945726,0.24291628570894577
1.0,0.5,2.0,2.0,0.0025,0.005,5.0,1000,two_speed,321,0.9999221499162402,2.006784920231347,0.5086987144742683,0.0023397923804070802,0,0.018091603641164744,0.24291628570894577
1.0,0.5,2.0,2.0,0.0025,0.005,10.0,2000,two_speed,321,0.9999153451405935,2.006335299291979,0.5051807341207266,0.0014660052541892662,0,0.012392621505093522,0.24291628570894577
1.0,0.5,2.0,2.0,0.0025,0.005,20.0,4000,two_speed,321,1.0003423205831279,1.9952851482742,0.501726139498627,0.003683106960837726,0,0.018996781600302794,0.24291628570894577
1.0,0.5,2.0,2.0,0.0025,0.005,0.5,100,two_speed,322,1.0001483553603032,1.9890489865922167,0.5000035080484784,0.0014906068120876382,0,0.014626013293925053,0.2418280774228541
1.0,0.5,2.0,2.0,0.0025,0.005,1.0,200,two_speed,322,0.9996722599815906,1.9854899442330383,0.49082924198656963,0.002099438015306628,0,0.022817642751882916,0.2418280774228541
1.0,0.5,2.0,2.0,0.0025,0.005,2.0,400,two_speed,322,0.999742416244183,1.9681856060495293,0.49121744710083715,0.0021994391303575347,0,0.04001462040315883,0.2418280774228541
1.0,0.5,2.0,2.0,0.0025,0.005,3.5,700,two_speed,322,1.000056498056982,1.9655836485916816,0.5008310935414317,0.002319968810089289,0,0.04133677932655468,0.2418280774228541
1.0,0.5,2.0,2.0,0.0025,0.005,5.0,1000,two_speed,322,1.0000414553890677,1.9652634117634638,0.5030785704059682,0.00173193246515653,0,0.041130022440562915,0.2418280774228541
1.0,0.5,2.0,2.0,0.0025,0.005,10.0,2000,two_speed,322,1.0003446973356733,1.970487919461152,0.5078619261852377,0.002338373739364315,0,0.03703807199401326,0.2418280774228541
1.0,0.5,2.0,2.0,0.0025,0.005,20.0,4000,two_speed,322,1.0000720336720172,1.9470621881164099,0.5060230106848861,0.002371280743018441,0,0.062462443674286265,0.2418280774228541
1.0,0.5,2.0,2.0,0.0025,0.005,0.5,100,two_speed,323,1.000142287178602,2.0057301748686474,0.5031717805841315,0.00208542245180432,0,0.012801138434736037,0.2415407560100513
1.0,0.5,2.0,2.0,0.0025,0.005,1.0,200,two_speed,323,1.0000740366081182,2.0088506798663257,0.501887048942355,0.0023005710360882938,0,0.01541023734816886,0.2415407560100513
1.0,0.5,2.0,2.0,0.0025,0.005,2.0,400,two_speed,323,1.0000899459650485,2.0074177929457746,0.5063454194110136,0.002441440374613498,0,0.016837107367208972,0.2415407560100513
1.0,0.5,2.0,2.0,0.0025,0.005,3.5,700,two_speed,323,1.000068547112794,1.989906784940597,0.501949907422224,0.0017339301668534517,0,0.014621172913572724,0.2415407560100513
1.0,0.5,2.0,2.0,0.0025,0.005,5.0,1000,two_speed,323,1.0001088892664254,1.9835354366863491,0.5049337336704799,0.002344753297900941,0,0.02299861038943231,0.2415407560100513
1.0,0.5,2.0,2.0,0.0025,0.005,10.0,2000,two_speed,323,0.9999672854345999,1.9737971338759461,0.497267496094127,0.0018011271700957374,0,0.031744931377210815,0.2415407560100513
1.0,0.5,2.0,2.0,0.0025,0.005,20.0,4000,two_speed,323,1.0000698312411618,1.995079234028358,0.5038637782052222,0.001795905684146086,0,0.011575659589403042,0.2415407560100513
1.0,0.5,2.0,2.0,0.0025,0.005,0.5,100,two_speed,324,0.9998116546763016,1.9996315842222874,0.49684213023082513,0.001780823765111713,0,0.009544058683179408,0.24131179170217365
1.0,0.5,2.0,2.0,0.0025,0.005,1.0,200,two_speed,324,0.9999199270090128,2.0049353436866246,0.4998729612632724,0.0021202857169374334,0,0.011864338217987285,0.24131179170217365
1.0,0.5,2.0,2.0,0.0025,0.005,2.0,400,two_speed,324,0.9999699428805808,2.004574843543195,0.5063726309172232,0.0023928533378116644,0,0.015348370595375799,0.24131179170217365
1.0,0.5,2.0,2.0,0.0025,0.005,3.5,700,two_speed,324,1.0000301161819258,1.9888279192588671,0.5130656218065702,0.002329132041642169,0,0.024201472255202666,0.24131179170217365
1.0,0.5,2.0,2.0,0.0025,0.005,5.0,1000,two_speed,324,1.0002075170010343,1.9757554739156533,0.517607633340916,0.002540771899932038,0,0.03799871963030711,0.24131179170217365
1.0,0.5,2.0,2.0,0.0025,0.005,10.0,2000,two_speed,324,1.0004572792331707,1.983305642533942,0.5191250538343299,0.0024652046436088675,0,0.03305351004441006,0.24131179170217365
1.0,0.5,2.0,2.0,0.0025,0.005,20.0,4000,two_speed,324,0.9996729921075095,1.958502257882172,0.4985164799102297,0.0026055607886704526,0,0.049684020617193944,0.24131179170217365
1.0,0.5,2.0,2.0,0.0025,0.005,0.5,100,two_speed,325,1.0000164673601506,2.006411558397295,0.5034060639085488,0.0024958714489515493,0,0.014957460533156235,0.24617851786648057
1.0,0.5,2.0,2.0,0.0025,0.005,1.0,200,two_speed,325,1.0000999687105063,2.0228790521052202,0.5007465461659989,0.0019671741256350158,0,0.028131517749888493,0.24617851786648057
1.0,0.5,2.0,2.0,0.0025,0.005,2.0,400,two_speed,325,1.0003700335284142,2.010373392119165,0.5052741417192856,0.0026545016237608946,0,0.018811030263310293,0.24617851786648057
1.0,0.5,2.0,2.0,0.0025,0.005,3.5,700,two_speed,325,0.9998870143032189,2.01225455378561,0.5036810217283244,0.0027029667453261704,0,0.020062933845919992,0.24617851786648057
1.0,0.5,2.0,2.0,0.0025,0.005,5.0,1000,two_speed,325,1.0000997839774368,2.006825052322838,0.5156423973002685,0.002168501125013823,0,0.024124217992411122,0.24617851786648057
1.0,0.5,2.0,2.0,0.0025,0.005,10.0,2000,two_speed,325,0.9998616564915129,2.049178860550541,0.5074457305365223,0.0018621715496303164,0,0.058208098790670806,0.24617851786648057
1.0,0.5,2.0,2.0,0.0025,0.005,20.0,4000,two_speed,325,1.000024832720131,2.0720766593246998,0.5106062573652095,0.0017822233384808975,0,0.08436017448368135,0.24617851786648057
1.0,0.5,2.0,2.0,0.0025,0.005,0.5,100,two_speed,326,1.000279650854327,1.987615988735102,0.5056205459032801,0.001953038607608735,0,0.0185236322826684,0.2445452082902193
1.0,0.5,2.0,2.0,0.0025,0.005,1.0,200,two_speed,326,1.0001723079592306,1.9907991263805296,0.5075193700685953,0.001880816723685857,0,0.016975265513758837,0.2445452082902193
1.0,0.5,2.0,2.0,0.0025,0.005,2.0,400,two_speed,326,1.0001663472096158,1.9822606196923132,0.5062518512899402,0.0012755214959327397,0,0.022763982348562133,0.2445452082902193
1.0,0.5,2.0,2.0,0.0025,0.005,3.5,700,two_speed,326,0.9999956880659765,1.9936632601111977,0.4991760582435619,0.002246916426096796,0,0.013276081385185254,0.2445452082902193
1.0,0.5,2.0,2.0,0.0025,0.005,5.0,1000,two_speed,326,0.9999508580753913,1.9945936494903538,0.5033039960429748,0.0016699375691621463,0,0.01120291685762571,0.2445452082902193
1.0,0.5,2.0,2.0,0.0025,0.005,10.0,2000,two_speed,326,1.0002626845944302,2.0285515555116542,0.5002876224427916,0.0021330148067556136,0,0.03459680757938331,0.2445452082902193
1.0,0.5,2.0,2.0,0.0025,0.005,20.0,4000,two_speed,326,0.9999876108400244,2.0439574765565456,0.5159334147187112,0.0021883778674804083,0,0.05564044564952393,0.2445452082902193
1.0,0.5,2.0,2.0,0.0025,0.005,0.5,100,two_speed,327,0.999978317479416,1.9907771925269413,0.4986031427278026,0.001310684196736387,0,0.012576896001611448,0.24450589886068233
1.0,0.5,2.0,2.0,0.0025,0.005,1.0,200,two_speed,327,1.0000860984927598,1.980347150069089,0.507721659624332,0.0018175192228345955,0,0.02621221079683143,0.24450589886068233
1.0,0.5,2.0,2.0,0.0025,0.005,2.0,400,two_speed,327,1.0002322048771335,1.9914131657055674,0.5135474504788455,0.0019174156037204354,0,0.021934354418622248,0.24450589886068233
1.0,0.5,2.0,2.0,0.0025,0.005,3.5,700,two_speed,327,1.0004528647416373,1.9931224465688215,0.5163600284674903,0.0021550855728373563,0,0.024331220869543087,0.24450589886068233
1.0,0.5,2.0,2.0,0.0025,0.005,5.0,1000,two_speed,327,1.0001708208780975,1.9703421165834836,0.5016032648921636,0.0023811412231231044,0,0.03618795287193638,0.24450589886068233
1.0,0.5,2.0,2.0,0.0025,0.005,10.0,2000,two_speed,327,0.999839226388221,1.962014931416715,0.5046247500047887,0.001915307853680096,0,0.04519952407750436,0.24450589886068233
1.0,0.5,2.0,2.0,0.0025,0.005,20.0,4000,two_speed,327,1.0000586742458475,1.9578885538019448,0.5085567705708941,0.0019236674546125412,0,0.05049678968174954,0.24450589886068233
1.0,0.5,2.0,2.0,0.0025,0.005,0.5,100,two_speed,328,1.0001936671212523,1.9909764352527919,0.504138293188568,0.0025788315230663786,0,0.01711851579774764,0.24242223215488984
1.0,0.5,2.0,2.0,0.0025,0.005,1.0,200,two_speed,328,1.0001418739159806,1.9819307033283544,0.50626208635799,0.0026362268222437524,0,0.025666894025919415,0.24242223215488984
1.0,0.5,2.0,2.0,0.0025,0.005,2.0,400,two_speed,328,1.0001514699625378,1.9772758734792786,0.5015604338241888,0.0019105695118234874,0,0.02791247863404063,0.24242223215488984
1.0,0.5,2.0,2.0,0.0025,0.005,3.5,700,two_speed,328,1.0000643200550823,2.005575019918204,0.5065354305276616,0.0014340864916961768,0,0.012697929432868132,0.24242223215488984
1.0,0.5,2.0,2.0,0.0025,0.005,5.0,1000,two_speed,328,0.99988981774225,2.004773550010253,0.5115771624570906,0.002421742061057701,0,0.020174969224321288,0.24242223215488984
1.0,0.5,2.0,2.0,0.0025,0.005,10.0,2000,two_speed,328,0.9999900271910358,2.023716783798347,0.5022931627205883,0.0017586131237654764,0,0.02885204122085657,0.24242223215488984
1.0,0.5,2.0,2.0,0.0025,0.005,20.0,4000,two_speed,328,1.0000955822999877,1.9945634491591415,0.5125039640664832,0.002054338923510029,0,0.02006365505531243,0.24242223215488984
1.0,0.5,2.0,2.0,0.0025,0.005,0.5,100,two_speed,329,1.0000249535259849,2.0062850705052586,0.5073368967650042,0.001737904747182074,0,0.014714253117352683,0.24159857141785324
1.0,0.5,2.0,2.0,0.0025,0.005,1.0,200,two_speed,329,0.9998203126616015,2.00806240228557,0.5009866444268313,0.00196111759092661,0,0.013519053346264125,0.24159857141785324
1.0,0.5,2.0,2.0,0.0025,0.005,2.0,400,two_speed,329,0.9997552739563352,2.015312633549996,0.5037275415730428,0.002024967168206436,0,0.021005378871986665,0.24159857141785324
1.0,0.5,2.0,2.0,0.0025,0.005,3.5,700,two_speed,329,0.9998363643243733,2.0172478268894674,0.5004998697787456,0.0024914266439040075,0,0.02340103899913735,0.24159857141785324
1.0,0.5,2.0,2.0,0.0025,0.005,5.0,1000,two_speed,329,1.00003852052382,2.0402791394741016,0.5015299750697146,0.002071663703980947,0,0.04760675011901083,0.24159857141785324
1.0,0.5,2.0,2.0,0.0025,0.005,10.0,2000,two_speed,329,1.0000413586061687,2.014236982247244,0.5148266757173525,0.0019286398074755552,0,0.026908314061492612,0.24159857141785324
1.0,0.5,2.0,2.0,0.0025,0.005,20.0,4000,two_speed,329,1.0001391010532108,2.0293820554218747,0.5028423638720406,0.001272200166072056,0,0.03462011773155917,0.24159857141785324
1.0,0.5,2.0,2.0,0.0025,0.005,0.5,100,two_speed,330,0.999856396312817,1.9906951447682637,0.49559096727512963,0.001606791136201442,0,0.014449692893450248,0.24168052971695683
1.0,0.5,2.0,2.0,0.0025,0.005,1.0,200,two_speed,330,0.9999487475107688,1.983273908554895,0.4995415503331446,0.0014957040288867984,0,0.020674317101809874,0.24168052971695683
1.0,0.5,2.0,2.0,0.0025,0.005,2.0,400,two_speed,330,0.9998399915478915,1.9793485713889485,0.5038927954559148,0.0020474425984670004,0,0.02639954258506566,0.24168052971695683
1.0,0.5,2.0,2.0,0.0025,0.005,3.5,700,two_speed,330,0.9999624881005686,1.9764009798823001,0.5047343283773588,0.0018859027826237849,0,0.029427318883071946,0.24168052971695683
1.0,0.5,2.0,2.0,0.0025,0.005,5.0,1000,two_speed,330,1.0002056538290565,1.9802160107768987,0.5097347889241935,0.001986570116407269,0,0.02761234372946251,0.24168052971695683
1.0,0.5,2.0,2.0,0.0025,0.005,10.0,2000,two_speed,330,0.9999799847225475,2.001809760660672,0.5068268427906726,0.0018953643054349647,0,0.013083545396597748,0.24168052971695683
1.0,0.5,2.0,2.0,0.0025,0.005,20.0,4000,two_speed,330,1.0002441637009094,1.9706224614206365,0.5091664561153696,0.0021103355543096265,0,0.037165666931841146,0.24168052971695683
1.0,0.5,2.0,2.0,0.0025,0.005,0.5,100,two_speed,331,1.0003207852996001,1.993043283713684,0.505743899391744,0.0018449871462551599,0,0.013975316846968492,0.2427919225634209
1.0,0.5,2.0,2.0,0.0025,0.005,1.0,200,two_speed,331,1.0003635466483822,2.0092823595343603,0.5052111837038965,0.0020767468800985157,0,0.01602190369866315,0.2427919225634209
1.0,0.5,2.0,2.0,0.0025,0.005,2.0,400,two_speed,331,1.0001142763929562,2.003035172617029,0.5023876984613422,0.002119134563682273,0,0.011349355475081426,0.2427919225634209
1.0,0.5,2.0,2.0,0.0025,0.005,3.5,700,two_speed,331,0.9999335655776626,2.003068417894009,0.5062620395504038,0.0023298151609177763,0,0.01459164908372484,0.2427919225634209
1.0,0.5,2.0,2.0,0.0025,0.005,5.0,1000,two_speed,331,0.9996975783213131,2.004688625406798,0.4977389473814334,0.0022293694519047854,0,0.012499154998813234,0.2427919225634209
1.0,0.5,2.0,2.0,0.0025,0.005,10.0,2000,two_speed,331,1.0002754748053273,2.0230661779017396,0.49996690710395786,0.0018901105106666845,0,0.02823239291149428,0.2427919225634209
1.0,0.5,2.0,2.0,0.0025,0.005,20.0,4000,two_speed,331,1.0003838380247405,1.9991840439739694,0.5015617656537553,0.002319599310861702,0,0.011608674803868353,0.2427919225634209
1.0,0.5,2.0,2.0,0.0025,0.005,0.5,100,two_speed,332,1.0001850935366634,1.9958627276000485,0.5089738404830153,0.0016420755047151332,0,0.014711437711294472,0.24155076784414373
1.0,0.5,2.0,2.0,0.0025,0.005,1.0,200,two_speed,332,1.0004130316499318,1.999528436562583,0.5062181235101798,0.0023876198071710025,0,0.013922240717261463,0.24155076784414373
1.0,0.5,2.0,2.0,0.0025,0.005,2.0,400,two_speed,332,1.0000577571453195,2.0019951982088537,0.5047103989995116,0.0018972307667389815,0,0.011335207578928705,0.24155076784414373
1.0,0.5,2.0,2.0,0.0025,0.005,3.5,700,two_speed,332,1.0005814400160404,2.0059979805581594,0.5223199797217937,0.0020781214307801937,0,0.0305139436950429,0.24155076784414373
1.0,0.5,2.0,2.0,0.0025,0.005,5.0,1000,two_speed,332,1.000187680862665,2.0064449304208947,0.5137249584491407,0.002006424140355742,0,0.021356819637286074,0.24155076784414373
1.0,0.5,2.0,2.0,0.0025,0.005,10.0,2000,two_speed,332,1.0001162718838306,2.0195075028195637,0.5007284592649678,0.0019732009593580063,0,0.024518658169268927,0.24155076784414373
1.0,0.5,2.0,2.0,0.0025,0.005,20.0,4000,two_speed,332,0.9996752575305794,1.96889414075053,0.511678722724294,0.0018366821358456826,0,0.04018325711887869,0.24155076784414373
1.0,0.5,2.0,2.0,0.0025,0.005,0.5,100,two_speed,333,1.0000729221916989,1.9940239939346567,0.504946130043539,0.002052976995568039,0,0.013723606897100702,0.2429209047196699
1.0,0.5,2.0,2.0,0.0025,0.005,1.0,200,two_speed,333,1.0000573400274355,1.9945516742064762,0.5025714853414778,0.0016082523794676779,0,0.010587138001697857,0.2429209047196699
1.0,0.5,2.0,2.0,0.0025,0.005,2.0,400,two_speed,333,1.0000298164831813,1.9925563016835937,0.5037117514495629,0.002047485847822262,0,0.014055307224850344,0.2429209047196699
1.0,0.5,2.0,2.0,0.0025,0.005,3.5,700,two_speed,333,1.0001785292568655,1.9985640014182424,0.49742428167144065,0.001942226056110785,0,0.010415146004242494,0.2429209047196699
1.0,0.5,2.0,2.0,0.0025,0.005,5.0,1000,two_speed,333,1.0001755135693577,1.9903332117001216,0.49824074366055304,0.00127024932725958,0,0.013093270227302731,0.2429209047196699
1.0,0.5,2.0,2.0,0.0025,0.005,10.0,2000,two_speed,333,1.0002298306007413,1.9691443365713748,0.5146085806096662,0.0022040887479145383,0,0.041266947788559875,0.2429209047196699
1.0,0.5,2.0,2.0,0.0025,0.005,20.0,4000,two_speed,333,1.000185887151789,2.019395234202237,0.5166012466757831,0.0017237888806497204,0,0.031927093704084086,0.2429209047196699
1.0,0.5,2.0,2.0,0.0025,0.005,0.5,100,two_speed,334,0.9999751139888351,2.0127894290527233,0.50361986741676,0.001833061373735555,0,0.0179220531627614,0.24189963098615408
1.0,0.5,2.0,2.0,0.0025,0.005,1.0,200,two_speed,334,0.9997726346884857,2.0141288088632705,0.5027694481318412,0.0018709042654873776,0,0.019167422530111975,0.24189963098615408
1.0,0.5,2.0,2.0,0.0025,0.005,2.0,400,two_speed,334,0.9998565341880395,2.036350145740138,0.5031854806281768,0.0027266889827349886,0,0.044259960922008006,0.24189963098615408
1.0,0.5,2.0,2.0,0.0025,0.005,3.5,700,two_speed,334,1.0001947364954693,2.032847264827322,0.5021691263455387,0.0017569655945790731,0,0.03892643775891536,0.24189963098615408
1.0,0.5,2.0,2.0,0.0025,0.005,5.0,1000,two_speed,334,1.000273442434349,2.033889095470475,0.5112100859164412,0.0020848927346052053,0,0.042683493663613827,0.24189963098615408
1.0,0.5,2.0,2.0,0.0025,0.005,10.0,2000,two_speed,334,1.0005564752600487,2.019193460068846,0.517278354638306,0.0024134261222472377,0,0.032957164893696496,0.24189963098615408
1.0,0.5,2.0,2.0,0.0025,0.005,20.0,4000,two_speed,334,0.9999742677190508,2.0162679040143345,0.5006797253795542,0.0017223434324256446,0,0.0206111722127348,0.24189963098615408
1.0,0.5,2.0,2.0,0.0025,0.005,0.5,100,two_speed,335,1.0000847307530554,1.9963397011210828,0.504584349639253,0.0014142653849092272,0,0.010001796419762295,0.24021008342970163
1.0,0.5,2.0,2.0,0.0025,0.005,1.0,200,two_speed,335,1.0003006191415085,1.9973948878873558,0.5097129981841079,0.002067533735886808,0,0.016111386567746685,0.24021008342970163
1.0,0.5,2.0,2.0,0.0025,0.005,2.0,400,two_speed,335,1.0004191728241476,2.001137369079818,0.5176618213039886,0.001665044335432178,0,0.0236878881910804,0.24021008342970163
1.0,0.5,2.0,2.0,0.0025,0.005,3.5,700,two_speed,335,1.000350853275875,2.0001269315225527,0.5135202828546749,0.0020140044434375235,0,0.01963497895299977,0.24021008342970163
1.0,0.5,2.0,2.0,0.0025,0.005,5.0,1000,two_speed,335,0.9998585947517217,2.0071694979414345,0.49991820805023274,0.0016944341200269765,0,0.011750676347139295,0.24021008342970163
1.0,0.5,2.0,2.0,0.0025,0.005,10.0,2000,two_speed,335,0.9996033019833317,2.0340613849645126,0.5077318479440411,0.0019211982560028206,0,0.04182094976193063,0.24021008342970163
1.0,0.5,2.0,2.0,0.0025,0.005,20.0,4000,two_speed,335,1.0000556955071498,2.003807376943928,0.5033419983357359,0.0027313735478604996,0,0.014716342450142549,0.24021008342970163
1.0,0.5,2.0,2.0,0.0025,0.005,0.5,100,two_speed,336,1.0003265281421647,1.991349661353816,0.5055641956933591,0.002728425856446576,0,0.018031492453672616,0.24176788699281002
1.0,0.5,2.0,2.0,0.0025,0.005,1.0,200,two_speed,336,1.0002364866139126,1.9874616951965274,0.5080881541218348,0.0016516326064129727,0,0.019430739365905603,0.24176788699281002
1.0,0.5,2.0,2.0,0.0025,0.005,2.0,400,two_speed,336,1.00050980776455,1.9975075659957389,0.5134913084905333,0.0025469014698391084,0,0.021058750243782856,0.24176788699281002
1.0,0.5,2.0,2.0,0.0025,0.005,3.5,700,two_speed,336,1.0002039068898037,2.005999725885833,0.5101599593734498,0.0022954020141217426,0,0.01840157293076108,0.24176788699281002
1.0,0.5,2.0,2.0,0.0025,0.005,5.0,1000,two_speed,336,1.0003746805706126,2.0006752571730866,0.5105950889079094,0.002192456460792751,0,0.01700423243561645,0.24176788699281002
1.0,0.5,2.0,2.0,0.0025,0.005,10.0,2000,two_speed,336,0.999812777542406,1.997080464842836,0.5051045833103193,0.0018918854352521612,0,0.01217941676277202,0.24176788699281002
1.0,0.5,2.0,2.0,0.0025,0.005,20.0,4000,two_speed,336,1.0001953306917373,2.043989244427442,0.5045699691058415,0.0019604776123045915,0,0.0519040453800581,0.24176788699281002
1.0,0.5,2.0,2.0,0.0025,0.005,0.5,100,two_speed,337,1.0001617415122848,2.000530823711206,0.5033756816177515,0.003011454365214746,0,0.015353668537949786,0.24158202971531345
1.0,0.5,2.0,2.0,0.0025,0.005,1.0,200,two_speed,337,0.9995666665619866,2.013632233765827,0.50310804177241,0.002567688802298561,0,0.020862341955640924,0.24158202971531345
1.0,0.5,2.0,2.0,0.0025,0.005,2.0,400,two_speed,337,0.9996992749840999,2.0223352243727284,0.5095555183538176,0.0020977116197067477,0,0.030635188537659543,0.24158202971531345
1.0,0.5,2.0,2.0,0.0025,0.005,3.5,700,two_speed,337,0.9997341121944048,2.023694546404841,0.5037856256473848,0.0019335929074828155,0,0.02945032829734911,0.24158202971531345
1.0,0.5,2.0,2.0,0.0025,0.005,5.0,1000,two_speed,337,0.99932358324166,2.0388408659882717,0.4935577619215091,0.0026346813184831563,0,0.047367416205392227,0.24158202971531345
1.0,0.5,2.0,2.0,0.0025,0.005,10.0,2000,two_speed,337,1.0001021540436505,2.079831241414953,0.5074910997345018,0.0022585592276607044,0,0.09292872199098504,0.24158202971531345
1.0,0.5,2.0,2.0,0.0025,0.005,20.0,4000,two_speed,337,1.0001459429453303,2.098508639426126,0.4967893049111829,0.002124124424818166,0,0.1144053935297491,0.24158202971531345
1.0,0.5,2.0,2.0,0.0025,0.005,0.5,100,two_speed,338,1.000194624833282,1.9919386337758962,0.5082692228942641,0.0013980651406561167,0,0.015530359410265947,0.2420124642916822
1.0,0.5,2.0,2.0,0.0025,0.005,1.0,200,two_speed,338,1.0000742516824108,1.9985982915798568,0.5047536106416933,0.0014808246236720681,0,0.009593473303111362,0.2420124642916822
1.0,0.5,2.0,2.0,0.0025,0.005,2.0,400,two_speed,338,1.0002336908360636,2.0193205589913537,0.5053771830942786,0.0018093517031951252,0,0.024874197967601118,0.2420124642916822
1.0,0.5,2.0,2.0,0.0025,0.005,3.5,700,two_speed,338,1.0004322983713663,2.026214552720329,0.5037984664674462,0.001734591955091759,0,0.03169920159289125,0.2420124642916822
1.0,0.5,2.0,2.0,0.0025,0.005,5.0,1000,two_speed,338,1.0002739696472502,2.0389382194318983,0.5024139628762415,0.0015675600530133344,0,0.04565634805255576,0.2420124642916822
1.0,0.5,2.0,2.0,0.0025,0.005,10.0,2000,two_speed,338,0.9995777942215742,2.0432561252712667,0.5004703697251389,0.003871398057519962,0,0.053497629731528745,0.2420124642916822
1.0,0.5,2.0,2.0,0.0025,0.005,20.0,4000,two_speed,338,1.0003288477723553,2.0830006554930485,0.5113584631566224,0.002334289373600402,0,0.09709053357651641,0.2420124642916822
1.0,0.5,2.0,2.0,0.0025,0.005,0.5,100,two_speed,339,0.9997597114322224,1.9978195772230563,0.49565121025237857,0.002149315876878184,0,0.012053091994209916,0.24444381556739764
1.0,0.5,2.0,2.0,0.0025,0.005,1.0,200,two_speed,339,0.999755936540143,1.9968276487283356,0.49599652945117606,0.003969617849913254,0,0.020381591188333274,0.24444381556739764
1.0,0.5,2.0,2.0,0.0025,0.005,2.0,400,two_speed,339,0.9998083675364877,2.0085968767558473,0.507689576148316,0.0016580931588148539,0,0.016513545208734354,0.24444381556739764
1.0,0.5,2.0,2.0,0.0025,0.005,3.5,700,two_speed,339,1.0000890099865374,2.0100034252645465,0.5144378769748198,0.0016627687946060069,0,0.023347443307467564,0.24444381556739764
1.0,0.5,2.0,2.0,0.0025,0.005,5.0,1000,two_speed,339,1.0001905316896338,2.0231023853990386,0.5075478140026866,0.0016855171212818495,0,0.0294008395307923,0.24444381556739764
1.0,0.5,2.0,2.0,0.0025,0.005,10.0,2000,two_speed,339,0.9998936851675261,2.04311329596985,0.50811501355125,0.0018579196933008206,0,0.0515679390140405,0.24444381556739764
1.0,0.5,2.0,2.0,0.0025,0.005,20.0,4000,two_speed,339,0.9995143410203936,2.0574775227643376,0.5087011595006851,0.0024406565031081275,0,0.0683046631701436,0.24444381556739764
1.0,0.5,2.0,2.0,0.0025,0.005,0.5,100,two_speed,340,0.999907190176365,2.0076101224574487,0.4929160215464488,0.0015285883711810813,0,0.01474143363389104,0.24102818457010602
1.0,0.5,2.0,2.0,0.0025,0.005,1.0,200,two_speed,340,1.0001236926838373,2.014821998779034,0.501304876093943,0.0020167789131161446,0,0.019827595647102108,0.24102818457010602
1.0,0.5,2.0,2.0,0.0025,0.005,2.0,400,two_speed,340,1.0001654825515827,2.017884420547316,0.5009052320025517,0.0017073497918591207,0,0.02230097612038023,0.24102818457010602
1.0,0.5,2.0,2.0,0.0025,0.005,3.5,700,two_speed,340,1.0002922269688193,2.002535679458708,0.5080401790107891,0.0017038801135779377,0,0.013329071555783223,0.24102818457010602
1.0,0.5,2.0,2.0,0.0025,0.005,5.0,1000,two_speed,340,1.0003624432202949,1.9905438990241926,0.5143046382704536,0.001982138657108539,0,0.023170741732919838,0.24102818457010602
1.0,0.5,2.0,2.0,0.0025,0.005,10.0,2000,two_speed,340,1.0002389616113814,2.0297939577184443,0.520828162779713,0.0033950180225699495,0,0.04607042591139447,0.24102818457010602
1.0,0.5,2.0,2.0,0.0025,0.005,20.0,4000,two_speed,340,0.9996450291171861,2.0163545425438754,0.4945319926211126,0.0017187003755110045,0,0.02176781183539928,0.24102818457010602
1.0,0.5,2.0,2.0,0.0025,0.005,0.5,100,two_speed,341,1.000111142418115,2.0124223249931243,0.5082295800319264,0.0020956215617254008,0,0.020567476173203328,0.2429040178457009
1.0,0.5,2.0,2.0,0.0025,0.005,1.0,200,two_speed,341,0.9996267062461373,2.011497007631477,0.5018760072145941,0.002466405561774685,0,0.018322716581444708,0.2429040178457009
1.0,0.5,2.0,2.0,0.0025,0.005,2.0,400,two_speed,341,0.9999185100454206,1.9989397059971035,0.5122018329596543,0.0013803024186753979,0,0.017473035177898697,0.2429040178457009
1.0,0.5,2.0,2.0,0.0025,0.005,3.5,700,two_speed,341,1.0001447889735462,2.0050445913656496,0.5121031199042012,0.001929316610270964,0,0.01907712916037547,0.2429040178457009
1.0,0.5,2.0,2.0,0.0025,0.005,5.0,1000,two_speed,341,1.0000429079581339,2.01065131672569,0.5108748613233816,0.0018133110727600787,0,0.02065424027400459,0.2429040178457009
1.0,0.5,2.0,2.0,0.0025,0.005,10.0,2000,two_speed,341,0.9998229852039541,2.0239308870906907,0.5027442934882507,0.002290548770770966,0,0.030093514407253923,0.2429040178457009
1.0,0.5,2.0,2.0,0.0025,0.005,20.0,4000,two_speed,341,1.000133567994027,2.0724035714772104,0.5028049136648453,0.0020977246655479896,0,0.08415274105438494,0.2429040178457009
1.0,0.5,2.0,2.0,0.0025,0.005,0.5,100,two_speed,342,1.0004446545244956,1.9986583126997033,0.5068487161620361,0.002064432472758559,0,0.01316754113652272,0.24216050584800541
1.0,0.5,2.0,2.0,0.0025,0.005,1.0,200,two_speed,342,0.9999170961566908,1.995561449022348,0.501097114547473,0.0014307073896155688,0,0.008844799863295602,0.24216050584800541
1.0,0.5,2.0,2.0,0.0025,0.005,2.0,400,two_speed,342,1.0002562232989065,2.006881342485755,0.510943874687282,0.0025430888260851423,0,0.020204996342600916,0.24216050584800541
1.0,0.5,2.0,2.0,0.0025,0.005,3.5,700,two_speed,342,1.0004341916346549,2.012566737209287,0.5086080743438021,0.001921422336313689,0,0.02020331264201377,0.24216050584800541
1.0,0.5,2.0,2.0,0.0025,0.005,5.0,1000,two_speed,342,1.0002723991485054,2.0329874592156223,0.5093802004602103,0.0018437455254651772,0,0.04072291671904053,0.24216050584800541
1.0,0.5,2.0,2.0,0.0025,0.005,10.0,2000,two_speed,342,1.0000494823093984,2.0179185135266744,0.5030690821255797,0.0017842757683778673,0,0.02279830509048155,0.24216050584800541
1.0,0.5,2.0,2.0,0.0025,0.005,20.0,4000,two_speed,342,1.000170254346469,1.952192145099568,0.5076129402196241,0.0017291020943065217,0,0.056439777057343994,0.24216050584800541
1.0,0.5,2.0,2.0,0.0025,0.005,0.5,100,two_speed,343,1.0000521097832522,1.991661008303982,0.5070343861057759,0.001990824166919798,0,0.016449985307399613,0.24281836299425258
1.0,0.5,2.0,2.0,0.0025,0.005,1.0,200,two_speed,343,1.0001943612035507,2.0025953626729427,0.5092134848870516,0.002770890687498824,0,0.018178304667597,0.24281836299425258
1.0,0.5,2.0,2.0,0.0025,0.005,2.0,400,two_speed,343,1.0001712550880173,2.002364348446273,0.5145087577769214,0.0016674698263518626,0,0.020443619624926572,0.24281836299425258
1.0,0.5,2.0,2.0,0.0025,0.005,3.5,700,two_speed,343,1.0006003675266937,2.0039182679904894,0.5174995619969964,0.002497162215890718,0,0.025362952972095752,0.24281836299425258
1.0,0.5,2.0,2.0,0.0025,0.005,5.0,1000,two_speed,343,1.000205094756163,2.005551739335938,0.5139550157838767,0.0027014352979429506,0,0.023038736564594854,0.24281836299425258
1.0,0.5,2.0,2.0,0.0025,0.005,10.0,2000,two_speed,343,1.0003930161658117,2.020288348497457,0.5179328216334987,0.0029189274220005595,0,0.03558214941254698,0.24281836299425258
1.0,0.5,2.0,2.0,0.0025,0.005,20.0,4000,two_speed,343,0.9997008905002333,2.002513749892783,0.5021336337924199,0.0018922669662171931,0,0.010396919792098867,0.24281836299425258
1.0,0.5,2.0,2.0,0.0025,0.005,0.5,100,two_speed,344,1.0000707608962665,1.9932441930995193,0.5056206783553392,0.0017349261323618,0,0.013599405496006474,0.2421739285678736
1.0,0.5,2.0,2.0,0.0025,0.005,1.0,200,two_speed,344,1.000092829888816,2.0052114955899323,0.5073241411107096,0.0016505692242854012,0,0.013765262450561346,0.2421739285678736
1.0,0.5,2.0,2.0,0.0025,0.005,2.0,400,two_speed,344,0.999865111145954,1.9922332153661118,0.50681139170103,0.001715737226510197,0,0.01536449304407407,0.2421739285678736
1.0,0.5,2.0,2.0,0.0025,0.005,3.5,700,two_speed,344,0.9996919823566525,1.9981965153517238,0.5060879794187999,0.002199996923308533,0,0.01403325639288512,0.2421739285678736
1.0,0.5,2.0,2.0,0.0025,0.005,5.0,1000,two_speed,344,1.0000308696377498,1.9933964863781741,0.5128310365650403,0.001917286525129996,0,0.020614129164648456,0.2421739285678736
1.0,0.5,2.0,2.0,0.0025,0.005,10.0,2000,two_speed,344,0.9999510600222286,2.021161399064263,0.4997509416088446,0.0023152897675614583,0,0.026951381089378865,0.2421739285678736
1.0,0.5,2.0,2.0,0.0025,0.005,20.0,4000,two_speed,344,1.000139713817793,2.0322774695070596,0.5082456634895592,0.0015375073503033296,0,0.039309096311912275,0.2421739285678736
1.0,0.5,2.0,2.0,0.0025,0.005,0.5,100,two_speed,345,1.000079132176718,1.9973893645626875,0.498015721571913,0.0014432022969229602,0,0.00818957683082737,0.24518847014821535
1.0,0.5,2.0,2.0,0.0025,0.005,1.0,200,two_speed,345,1.000072560397554,1.9923541619553364,0.5031550658542103,0.0017315236495958452,0,0.012864984982503542,0.24518847014821535
1.0,0.5,2.0,2.0,0.0025,0.005,2.0,400,two_speed,345,0.9997213555482063,1.9966577804383696,0.49801846966828467,0.0023116848686440703,0,0.012207777599854528,0.24518847014821535
1.0,0.5,2.0,2.0,0.0025,0.005,3.5,700,two_speed,345,1.000153826880035,1.9666826596164342,0.49668429172964695,0.0022879389643073946,0,0.04042371189286112,0.24518847014821535
1.0,0.5,2.0,2.0,0.0025,0.005,5.0,1000,two_speed,345,1.0004255712091394,1.9650129243257708,0.5056031477722326,0.002485726915103048,0,0.04259563918766803,0.24518847014821535
1.0,0.5,2.0,2.0,0.0025,0.005,10.0,2000,two_speed,345,1.0004094020721355,1.9524049063314477,0.5132410482110963,0.0024414757394056468,0,0.05838790315855978,0.24518847014821535
1.0,0.5,2.0,2.0,0.0025,0.005,20.0,4000,two_speed,345,0.9999414726107352,1.8992670571097658,0.5100795321348206,0.0022463844816843367,0,0.11694402215782396,0.24518847014821535
1.0,0.5,2.0,2.0,0.0025,0.005,0.5,100,two_speed,346,1.0001683543759534,1.9946104027780247,0.5017201005573981,0.001705702906329839,0,0.010626744492324853,0.24550956542537147
1.0,0.5,2.0,2.0,0.0025,0.005,1.0,200,two_speed,346,1.0001901229296946,1.9909570421236702,0.5038333811152355,0.001395306072401125,0,0.013317053761689885,0.24550956542537147
1.0,0.5,2.0,2.0,0.0025,0.005,2.0,400,two_speed,346,1.0005371081532695,1.9810743650339968,0.5100494574027546,0.0020695896372904966,0,0.026891055395764165,0.24550956542537147
1.0,0.5,2.0,2.0,0.0025,0.005,3.5,700,two_speed,346,1.000512339441513,1.9798748569306663,0.5122019059775901,0.0023103508934919246,0,0.02983510797973701,0.24550956542537147
1.0,0.5,2.0,2.0,0.0025,0.005,5.0,1000,two_speed,346,1.0001021944443609,1.9805373173396807,0.5064558830223609,0.0025934122307020805,0,0.027005140104755056,0.24550956542537147
1.0,0.5,2.0,2.0,0.0025,0.005,10.0,2000,two_speed,346,0.999952994934107,1.987701239386034,0.5045321499972151,0.0015029205799854172,0,0.01706133699772412,0.24550956542537147
1.0,0.5,2.0,2.0,0.0025,0.005,20.0,4000,two_speed,346,1.000159697707526,1.9669209253312638,0.4997463603007363,0.001653941526665185,0,0.03907025741899186,0.24550956542537147
1.0,0.5,2.0,2.0,0.0025,0.005,0.5,100,two_speed,347,1.0003668024887593,1.9947453289067543,0.5094531474415377,0.0032370242250469024,0,0.02067043117946184,0.2434668332903779
1.0,0.5,2.0,2.0,0.0025,0.005,1.0,200,two_speed,347,1.0001853218196461,2.000743861266383,0.5057960978364969,0.0016480888571531029,0,0.010882268176528478,0.2434668332903779
1.0,0.5,2.0,2.0,0.0025,0.005,2.0,400,two_speed,347,0.9999249750556976,2.0058860680905295,0.5006029937145983,0.0021818880845487407,0,0.012715057065138462,0.2434668332903779
1.0,0.5,2.0,2.0,0.0025,0.005,3.5,700,two_speed,347,0.9998662316334026,1.9847773174569345,0.4957358515356037,0.0020247247193675134,0,0.020929221286068063,0.2434668332903779
1.0,0.5,2.0,2.0,0.0025,0.005,5.0,1000,two_speed,347,1.0001209028241789,1.9980842806932462,0.5042187655735634,0.0018622663026781668,0,0.010792045760213037,0.2434668332903779
1.0,0.5,2.0,2.0,0.0025,0.005,10.0,2000,two_speed,347,1.0000487214909917,1.975342786670222,0.5087458394471112,0.003053016873702454,0,0.03390702125089535,0.2434668332903779
1.0,0.5,2.0,2.0,0.0025,0.005,20.0,4000,two_speed,347,0.9998810310280601,1.955138611306943,0.5134720388415805,0.002051545966857035,0,0.05527179823428665,0.2434668332903779
1.0,0.5,2.0,2.0,0.0025,0.005,0.5,100,two_speed,348,1.000047602370689,1.9906579810390812,0.4987251099742114,0.0017475072413379368,0,0.013894369645432877,0.24265214885651534
1.0,0.5,2.0,2.0,0.0025,0.005,1.0,200,two_speed,348,0.9999780590407042,1.9889651945195528,0.49900045337249793,0.001848347904893772,0,0.015692605375154167,0.24265214885651534
1.0,0.5,2.0,2.0,0.0025,0.005,2.0,400,two_speed,348,0.9997344903874772,1.9814485526095562,0.4986239320581764,0.003346591118804206,0,0.027065303136809802,0.24265214885651534
1.0,0.5,2.0,2.0,0.0025,0.005,3.5,700,two_speed,348,1.000018923065364,1.979740054103524,0.4988116793065249,0.001558316025767771,0,0.0246731055713854,0.24265214885651534
1.0,0.5,2.0,2.0,0.0025,0.005,5.0,1000,two_speed,348,1.00014384777302,1.9898954558441342,0.4990740325043091,0.0014884829397024213,0,0.013867067074560006,0.24265214885651534
1.0,0.5,2.0,2.0,0.0025,0.005,10.0,2000,two_speed,348,0.9998833102384626,2.024633390834895,0.4978387307026709,0.002078125813899172,0,0.030367873214306968,0.24265214885651534
1.0,0.5,2.0,2.0,0.0025,0.005,20.0,4000,two_speed,348,0.9999696855776918,2.034688688017298,0.5059230165703017,0.002284062171812555,0,0.042150234620810245,0.24265214885651534
1.0,0.5,2.0,2.0,0.0025,0.005,0.5,100,two_speed,349,1.000121813972585,1.994604979054076,0.4997885969561352,0.0016734649668908674,0,0.0103324359889472,0.24173127972920025
1.0,0.5,2.0,2.0,0.0025,0.005,1.0,200,two_speed,349,1.0002928997440583,1.9969313721939115,0.5040155655011485,0.0016979386697952498,0,0.010249468246874052,0.24173127972920025
1.0,0.5,2.0,2.0,0.0025,0.005,2.0,400,two_speed,349,1.0000658216176357,1.99309762031824,0.49776741218769577,0.001986183586773103,0,0.012956586123403783,0.24173127972920025
1.0,0.5,2.0,2.0,0.0025,0.005,3.5,700,two_speed,349,0.9999882655793855,1.991423420312988,0.4901334356556163,0.0018067408932833802,0,0.018614573045614077,0.24173127972920025
1.0,0.5,2.0,2.0,0.0025,0.005,5.0,1000,two_speed,349,1.0002481439960353,1.9768011431465076,0.4968241378046402,0.0013710384484770686,0,0.028088050645242883,0.24173127972920025
1.0,0.5,2.0,2.0,0.0025,0.005,10.0,2000,two_speed,349,1.0000564377299188,1.9975414455600742,0.49850225966967543,0.0019919361129378597,0,0.01039306148633756,0.24173127972920025
1.0,0.5,2.0,2.0,0.0025,0.005,20.0,4000,two_speed,349,0.9999071235545296,2.022429657603568,0.4989209633679932,0.003342887050902552,0,0.030676484880519675,0.24173127972920025
1.0,0.5,2.0,2.0,0.0025,0.005,0.5,100,two_speed,350,1.0001571352912977,2.0121592450689665,0.5037915395397888,0.0017028686476094344,0,0.01698793819531069,0.2421597441425547
1.0,0.5,2.0,2.0,0.0025,0.005,1.0,200,two_speed,350,1.0003323458293278,2.0107813297899475,0.5114082876679095,0.002533082067017077,0,0.022594243498794502,0.2421597441425547
1.0,0.5,2.0,2.0,0.0025,0.005,2.0,400,two_speed,350,0.9997783053163101,2.004821075411085,0.5004888947062988,0.0015740090332217334,0,0.009633287312974506,0.2421597441425547
1.0,0.5,2.0,2.0,0.0025,0.005,3.5,700,two_speed,350,1.0000852454624298,1.9977898111895926,0.4959915942950031,0.001264768089920327,0,0.008661221215962179,0.2421597441425547
1.0,0.5,2.0,2.0,0.0025,0.005,5.0,1000,two_speed,350,1.0003116716195197,2.0154009144054754,0.5012262772225009,0.0021649002186507073,0,0.020766583557898007,0.2421597441425547
1.0,0.5,2.0,2.0,0.0025,0.005,10.0,2000,two_speed,350,0.9999943558748312,2.0307149242485445,0.5063972737947644,0.0017581263471396435,0,0.03729959608999836,0.2421597441425547
1.0,0.5,2.0,2.0,0.0025,0.005,20.0,4000,two_speed,350,1.0000801764206644,2.0173660423619935,0.5177519921173084,0.0019093599718667386,0,0.0316880324857547,0.2421597441425547
1.0,0.5,2.0,2.0,0.0025,0.005,0.5,100,two_speed,351,1.0001898922529087,2.003270066628527,0.5076969246630865,0.0017258747090246613,0,0.013417108235597535,0.24203220242634416
1.0,0.5,2.0,2.0,0.0025,0.005,1.0,200,two_speed,351,1.0001421129735448,1.995649348684533,0.5063854572433267,0.0020913743755779798,0,0.013995393686943927,0.24203220242634416
1.0,0.5,2.0,2.0,0.0025,0.005,2.0,400,two_speed,351,0.9999248158330475,1.9950349710134443,0.4982201336331151,0.0018733168345491614,0,0.011055802282470106,0.24203220242634416
1.0,0.5,2.0,2.0,0.0025,0.005,3.5,700,two_speed,351,1.0000473996120376,1.995498681987464,0.5087041175731446,0.00136980678610559,0,0.014104407521269301,0.24203220242634416
1.0,0.5,2.0,2.0,0.0025,0.005,5.0,1000,two_speed,351,0.9998723366674138,2.010565227197829,0.5069095948360557,0.0017450016570208793,0,0.017574180036859684,0.24203220242634416
1.0,0.5,2.0,2.0,0.0025,0.005,10.0,2000,two_speed,351,1.0000059056509751,2.040514068721497,0.5157003819320678,0.002405726915233271,0,0.05222344418751554,0.24203220242634416
1.0,0.5,2.0,2.0,0.0025,0.005,20.0,4000,two_speed,351,0.9997611055897457,2.047250027429332,0.5006432476447129,0.0029831375982850524,0,0.0565009081671446,0.24203220242634416
1.0,0.5,2.0,2.0,0.0025,0.005,0.5,100,two_speed,352,1.0001240891979672,2.003244666908385,0.4994166795996042,0.0018446714790125848,0,0.00986404142248315,0.241185910717052
1.0,0.5,2.0,2.0,0.0025,0.005,1.0,200,two_speed,352,1.0001004183664541,2.015327448103277,0.502898113215964,0.002303889653205316,0,0.021267609848747863,0.241185910717052
1.0,0.5,2.0,2.0,0.0025,0.005,2.0,400,two_speed,352,1.000057503853159,2.0259094660563424,0.5004354338805986,0.002294688594051956,0,0.031959201822282776,0.241185910717052
1.0,0.5,2.0,2.0,0.0025,0.005,3.5,700,two_speed,352,1.0003405616459558,2.035003200075105,0.5050584494131851,0.001651979248529665,0,0.041577309703352404,0.241185910717052
1.0,0.5,2.0,2.0,0.0025,0.005,5.0,1000,two_speed,352,1.000049828097604,2.029737511458196,0.5008743949453729,0.0017027777761696482,0,0.03534267739148562,0.241185910717052
1.0,0.5,2.0,2.0,0.0025,0.005,10.0,2000,two_speed,352,1.0001783907756012,2.0378611499629318,0.5115386433044901,0.002048012331292014,0,0.04687792676826141,0.241185910717052
1.0,0.5,2.0,2.0,0.0025,0.005,20.0,4000,two_speed,352,1.000182543871161,2.1010740070533194,0.5113960880665136,0.001868172279556186,0,0.11733903569434612,0.241185910717052
1.0,0.5,2.0,2.0,0.0025,0.005,0.5,100,two_speed,353,0.9998629446234834,2.0058915090451777,0.4979465692342706,0.0011626204987742713,0,0.009217442454852221,0.24244053572017168
1.0,0.5,2.0,2.0,0.0025,0.005,1.0,200,two_speed,353,0.9998736213159001,1.99882312125545,0.49904266497037003,0.001849095756933186,0,0.009240519684925484,0.24244053572017168
1.0,0.5,2.0,2.0,0.0025,0.005,2.0,400,two_speed,353,0.9999415865018464,2.008377927192409,0.5018613419990321,0.0017122144763931965,0,0.013059158891194831,0.24244053572017168
1.0,0.5,2.0,2.0,0.0025,0.005,3.5,700,two_speed,353,1.0005018074598304,2.025573494342056,0.5076341480499628,0.002387269728531716,0,0.03299146651385732,0.24244053572017168
1.0,0.5,2.0,2.0,0.0025,0.005,5.0,1000,two_speed,353,1.0002284869508056,2.0288380619895325,0.5060936605741911,0.002191540004333853,0,0.035648658174742,0.24244053572017168
1.0,0.5,2.0,2.0,0.0025,0.005,10.0,2000,two_speed,353,1.0002412426299276,2.0478052199144363,0.500387788366237,0.0025803173349455586,0,0.05662195349896288,0.24244053572017168
1.0,0.5,2.0,2.0,0.0025,0.005,20.0,4000,two_speed,353,1.000288968279935,2.0274086634621025,0.5076577676672751,0.0020071298497268955,0,0.03440439900780102,0.24244053572017168
1.0,0.5,2.0,2.0,0.0025,0.005,0.5,100,two_speed,354,1.0000409430189732,1.9950850715988562,0.5046355468675068,0.0015803206307144306,0,0.011311339640516567,0.2422732261308868
1.0,0.5,2.0,2.0,0.0025,0.005,1.0,200,two_speed,354,1.0000617387356925,1.9921041692802128,0.5052540594759516,0.0026912972623260928,0,0.01743033746730269,0.2422732261308868
1.0,0.5,2.0,2.0,0.0025,0.005,2.0,400,two_speed,354,1.0001026781876454,2.002929361569395,0.5075753260149916,0.0022045979483040165,0,0.014901962183064214,0.2422732261308868
1.0,0.5,2.0,2.0,0.0025,0.005,3.5,700,two_speed,354,1.0004127247433718,1.9887338132805623,0.503846891969031,0.003445776539965257,0,0.02181012314913347,0.2422732261308868
1.0,0.5,2.0,2.0,0.0025,0.005,5.0,1000,two_speed,354,0.99993593370228,1.9858781082915589,0.49741715819521204,0.0036681068630114817,0,0.024479330986119898,0.2422732261308868
1.0,0.5,2.0,2.0,0.0025,0.005,10.0,2000,two_speed,354,1.0003447067810554,2.0221888711750733,0.506588460807197,0.0024914332517233817,0,0.029411019357337028,0.2422732261308868
1.0,0.5,2.0,2.0,0.0025,0.005,20.0,4000,two_speed,354,1.0000622606933232,2.0540703501466755,0.5051465438138597,0.0025180834947169575,0,0.06377219922091983,0.2422732261308868
1.0,0.5,2.0,2.0,0.0025,0.005,0.5,100,two_speed,355,0.9999077474914658,2.0030359152178367,0.5005563872088586,0.0013989397849262137,0,0.007771490753125536,0.24241599413965428
1.0,0.5,2.0,2.0,0.0025,0.005,1.0,200,two_speed,355,0.9997273577784734,1.9917754897250186,0.4973723233184037,0.002126235722530332,0,0.014434701769999279,0.24241599413965428
1.0,0.5,2.0,2.0,0.0025,0.005,2.0,400,two_speed,355,0.9999910773762708,2.0061634420960055,0.5050698515545861,0.002380498013160283,0,0.015177474998421845,0.24241599413965428
1.0,0.5,2.0,2.0,0.0025,0.005,3.5,700,two_speed,355,0.9997055348547745,2.0066814758532585,0.5021815577749409,0.0022845091148201466,0,0.0141047355616044,0.24241599413965428
1.0,0.5,2.0,2.0,0.0025,0.005,5.0,1000,two_speed,355,0.9996926603437586,1.9975477020969952,0.4992484522712366,0.001825913116257542,0,0.00949653743776175,0.24241599413965428
1.0,0.5,2.0,2.0,0.0025,0.005,10.0,2000,two_speed,355,1.0000987325902084,2.028527811321916,0.5038813672034061,0.002509352457906557,0,0.035402005597122935,0.24241599413965428
1.0,0.5,2.0,2.0,0.0025,0.005,20.0,4000,two_speed,355,1.0000893478423472,2.045441674799054,0.5100852228541347,0.003674129769138497,0,0.056911320696461605,0.24241599413965428
1.0,0.5,2.0,2.0,0.0025,0.005,0.5,100,two_speed,356,1.00015996341984,2.005625407420996,0.49768544231932926,0.002162910610583545,0,0.012918576381659027,0.24099240470344999
1.0,0.5,2.0,2.0,0.0025,0.005,1.0,200,two_speed,356,1.000395475994313,2.0023353281354863,0.507175440972832,0.0029778345543231277,0,0.017235462308509867,0.24099240470344999
1.0,0.5,2.0,2.0,0.0025,0.005,2.0,400,two_speed,356,1.0002960923139923,2.0205121349002093,0.5082448712601233,0.0018673700179568866,0,0.02728214499753787,0.24099240470344999
1.0,0.5,2.0,2.0,0.0025,0.005,3.5,700,two_speed,356,1.0000470859119235,2.0285593233440924,0.5091421832820439,0.0014685147843561783,0,0.03560064162070563,0.24099240470344999
1.0,0.5,2.0,2.0,0.0025,0.005,5.0,1000,two_speed,356,1.000405675287111,2.041551779015247,0.5161479211563603,0.0015366966490535903,0,0.05228043792574893,0.24099240470344999
1.0,0.5,2.0,2.0,0.0025,0.005,10.0,2000,two_speed,356,1.0004934724818584,2.067358411812095,0.5150323073825255,0.0023463957569586805,0,0.0802226362674874,0.24099240470344999
1.0,0.5,2.0,2.0,0.0025,0.005,20.0,4000,two_speed,356,0.9998583439640936,2.04838035366215,0.501766905621465,0.0018742575721503176,0,0.056623479519726946,0.24099240470344999
1.0,0.5,2.0,2.0,0.0025,0.005,0.5,100,two_speed,357,1.0002267955900614,1.9921272897120803,0.5081755385632645,0.002977146983255852,0,0.020055798426155076,0.2424502797158701
1.0,0.5,2.0,2.0,0.0025,0.005,1.0,200,two_speed,357,1.0002082987686338,1.9845484852828694,0.5073827235152047,0.0026144169456354146,0,0.02382029474086538,0.2424502797158701
1.0,0.5,2.0,2.0,0.0025,0.005,2.0,400,two_speed,357,1.000055633657237,1.9859813719217443,0.5114362527448174,0.0012538446726606109,0,0.022716939426238387,0.2424502797158701
1.0,0.5,2.0,2.0,0.0025,0.005,3.5,700,two_speed,357,0.9994819846324564,1.9838571065657797,0.5116786079172029,0.0029222567721563972,0,0.028622967257282157,0.2424502797158701
1.0,0.5,2.0,2.0,0.0025,0.005,5.0,1000,two_speed,357,0.9997664139788481,1.9748687213914102,0.5083566318832019,0.0016892800652365926,0,0.03215534262208531,0.2424502797158701
1.0,0.5,2.0,2.0,0.0025,0.005,10.0,2000,two_speed,357,1.0000565521720823,1.9750689981427088,0.5091923247298916,0.0025790622124444392,0,0.03350739781148975,0.2424502797158701
1.0,0.5,2.0,2.0,0.0025,0.005,20.0,4000,two_speed,357,0.9990910147936546,1.9479201913015505,0.4908762936543976,0.003132123172964559,0,0.06329642572581955,0.2424502797158701
1.0,0.5,2.0,2.0,0.0025,0.005,0.5,100,two_speed,358,0.9998125193782909,1.9954072913852443,0.49801153147499827,0.002386752629741292,0,0.013068311547682983,0.2418976189967777
1.0,0.5,2.0,2.0,0.0025,0.005,1.0,200,two_speed,358,1.0001972487305981,1.986664807626699,0.506995036148704,0.0018486841061941556,0,0.019857610776865497,0.2418976189967777
1.0,0.5,2.0,2.0,0.0025,0.005,2.0,400,two_speed,358,1.0002510103696904,1.983129146869764,0.5070991756618533,0.001586538270688983,0,0.022685547702316244,0.2418976189967777
1.0,0.5,2.0,2.0,0.0025,0.005,3.5,700,two_speed,358,0.9998373564642847,1.9803545818909416,0.503363059117916,0.0015987115234272313,0,0.02445005676054564,0.2418976189967777
1.0,0.5,2.0,2.0,0.0025,0.005,5.0,1000,two_speed,358,1.0004176525610102,1.9817077189503076,0.5067648513504004,0.002026806736106544,0,0.024679692962435745,0.2418976189967777
1.0,0.5,2.0,2.0,0.0025,0.005,10.0,2000,two_speed,358,0.9996722521340577,1.9711594473911584,0.5009361117491188,0.002119688907803661,0,0.03496036854074011,0.2418976189967777
1.0,0.5,2.0,2.0,0.0025,0.005,20.0,4000,two_speed,358,1.0004361819228569,2.0087586909384183,0.5112458177865488,0.0019569895071700452,0,0.019667616834925697,0.2418976189967777
1.0,0.5,2.0,2.0,0.0025,0.005,0.5,100,two_speed,359,1.0001191592801,1.995441020299488,0.5023262739351122,0.0017843719104232952,0,0.010606140711476022,0.2429924047152911
1.0,0.5,2.0,2.0,0.0025,0.005,1.0,200,two_speed,359,0.9999268393229253,1.9847376534466656,0.5012285336427942,0.0022895103430987333,0,0.02097441010449554,0.2429924047152911
1.0,0.5,2.0,2.0,0.0025,0.005,2.0,400,two_speed,359,1.0003956831355785,1.9750789617910345,0.5081370955258584,0.0020872478944561766,0,0.03198416299297803,0.2429924047152911
1.0,0.5,2.0,2.0,0.0025,0.005,3.5,700,two_speed,359,0.999999611566573,1.9797331542817447,0.49800976233901584,0.0013693121509380768,0,0.024509331998224033,0.2429924047152911
1.0,0.5,2.0,2.0,0.0025,0.005,5.0,1000,two_speed,359,1.0000706274455111,1.9741925241413292,0.49107946375007644,0.0019587013832453133,0,0.0335991033402042,0.2429924047152911
1.0,0.5,2.0,2.0,0.0025,0.005,10.0,2000,two_speed,359,0.9997510118933135,1.9899688185642357,0.4955616346779929,0.0022625215253007994,0,0.01697165893236011,0.2429924047152911
1.0,0.5,2.0,2.0,0.0025,0.005,20.0,4000,two_speed,359,0.9997851884711118,1.9710912381853976,0.5029129418644451,0.0017955004054754878,0,0.034726357101096915,0.2429924047152911
1.0,0.5,2.0,2.0,0.0025,0.005,0.5,100,two_speed,360,0.9997056090030739,1.9917070100719927,0.4973526327822849,0.0018887096610866727,0,0.013686795590322771,0.24172674398869276
1.0,0.5,2.0,2.0,0.0025,0.005,1.0,200,two_speed,360,0.9998028649488792,1.9871428183404078,0.499084989789778,0.0020258399161430804,0,0.017910495902119326,0.24172674398869276
1.0,0.5,2.0,2.0,0.0025,0.005,2.0,400,two_speed,360,1.0000182428421636,1.9876163723493456,0.5026073653607548,0.002601292526949899,0,0.0194466047524446,0.24172674398869276
1.0,0.5,2.0,2.0,0.0025,0.005,3.5,700,two_speed,360,1.000028472377933,1.9987846722897822,0.5110610157612324,0.001545212316506082,0,0.016304305297764003,0.24172674398869276
1.0,0.5,2.0,2.0,0.0025,0.005,5.0,1000,two_speed,360,1.0002342661855672,1.984576885358343,0.510290667438706,0.0018010843408390676,0,0.023728942657166723,0.24172674398869276
1.0,0.5,2.0,2.0,0.0025,0.005,10.0,2000,two_speed,360,0.9997077182017649,1.954565595053557,0.5055111308319227,0.0028128992919105554,0,0.05462676708854176,0.24172674398869276
1.0,0.5,2.0,2.0,0.0025,0.005,20.0,4000,two_speed,360,0.9998101772961647,1.9478617539621723,0.5124907297564386,0.002109717355323531,0,0.06289063930885283,0.24172674398869276
1.0,0.5,2.0,2.0,0.0025,0.005,0.5,100,two_speed,361,1.0000456940770683,1.999921883742002,0.5022688396314526,0.001490454646616541,0,0.007859819653802448,0.24271533927614136
1.0,0.5,2.0,2.0,0.0025,0.005,1.0,200,two_speed,361,1.0000678077543381,2.000674123313017,0.5008927810045597,0.0023078267250093397,0,0.011397416930608622,0.24271533927614136
1.0,0.5,2.0,2.0,0.0025,0.005,2.0,400,two_speed,361,0.9997765923943183,2.007258552735429,0.4985599558752103,0.002001919713907898,0,0.013029968593674737,0.24271533927614136
1.0,0.5,2.0,2.0,0.0025,0.005,3.5,700,two_speed,361,1.0000466914501027,2.0220819494592965,0.4953320000057187,0.0023335464747006075,0,0.028675349258474446,0.24271533927614136
1.0,0.5,2.0,2.0,0.0025,0.005,5.0,1000,two_speed,361,0.9997748088385799,2.0112102432739114,0.496998447013406,0.0015191600823339217,0,0.015374539227759764,0.24271533927614136
1.0,0.5,2.0,2.0,0.0025,0.005,10.0,2000,two_speed,361,0.9995914790699488,1.9942890924282435,0.5063427552786183,0.001801138530058585,0,0.014426172707047713,0.24271533927614136
1.0,0.5,2.0,2.0,0.0025,0.005,20.0,4000,two_speed,361,1.0002284188209927,2.03162813858016,0.5164529956425769,0.0018715694266117663,0,0.042887952711060766,0.24271533927614136
1.0,0.5,2.0,2.0,0.0025,0.005,0.5,100,two_speed,362,0.9998937767409208,1.991829152899111,0.49816898693630984,0.0016685574989769734,0,0.012691491821887484,0.2429415594420529
1.0,0.5,2.0,2.0,0.0025,0.005,1.0,200,two_speed,362,0.9998511186439685,1.9876291390799725,0.4950364126439355,0.0017007524063642288,0,0.01769592892444903,0.2429415594420529
1.0,0.5,2.0,2.0,0.0025,0.005,2.0,400,two_speed,362,1.0000121153063635,1.977867447421866,0.49287758532653214,0.0015148639706079425,0,0.028267450670349834,0.2429415594420529
1.0,0.5,2.0,2.0,0.0025,0.005,3.5,700,two_speed,362,1.0003278357063312,1.965062674463952,0.5028187465512234,0.002575141088685389,0,0.04233306218935957,0.2429415594420529
1.0,0.5,2.0,2.0,0.0025,0.005,5.0,1000,two_speed,362,0.9998543263940034,1.9667749453563634,0.5033899963114519,0.0028092385742284447,0,0.04096256178783724,0.2429415594420529
1.0,0.5,2.0,2.0,0.0025,0.005,10.0,2000,two_speed,362,0.9997957082744382,1.988937212789348,0.4925068457893877,0.0024192401530913473,0,0.019900940608595735,0.2429415594420529
1.0,0.5,2.0,2.0,0.0025,0.005,20.0,4000,two_speed,362,0.9998550744739517,1.93860773774465,0.4948138301626238,0.0019685164647647475,0,0.07197405527116754,0.2429415594420529
1.0,0.5,2.0,2.0,0.0025,0.005,0.5,100,two_speed,363,1.000258930550616,1.9933778254770917,0.5039874549060902,0.0022200309054896724,0,0.01414679174726103,0.24163648213392921
1.0,0.5,2.0,2.0,0.0025,0.005,1.0,200,two_speed,363,1.0001686218330714,1.993729991348033,0.5021632820289189,0.001732665904327305,0,0.011455129605650854,0.24163648213392921
1.0,0.5,2.0,2.0,0.0025,0.005,2.0,400,two_speed,363,1.0001992379721187,1.9919430892650338,0.4970241366175904,0.001995953911242166,0,0.01423043759942836,0.24163648213392921
1.0,0.5,2.0,2.0,0.0025,0.005,3.5,700,two_speed,363,1.0001965825577037,2.0031438762835334,0.49764394552227315,0.0016601171565766802,0,0.009629606970137608,0.24163648213392921
1.0,0.5,2.0,2.0,0.0025,0.005,5.0,1000,two_speed,363,1.0001878172648893,2.0117582382021135,0.49418369776170223,0.0025506772076840543,0,0.020228271807616282,0.24163648213392921
1.0,0.5,2.0,2.0,0.0025,0.005,10.0,2000,two_speed,363,0.9997977238873381,2.012368548244705,0.5018037151469829,0.0014339939152754218,0,0.016182590865388563,0.24163648213392921
1.0,0.5,2.0,2.0,0.0025,0.005,20.0,4000,two_speed,363,1.0005548683727756,1.9629464167027995,0.5216869309865495,0.001882762760731628,0,0.05112544863536376,0.24163648213392921
1.0,0.5,2.0,2.0,0.0025,0.005,0.5,100,two_speed,364,1.0003069090771448,1.9944713499359703,0.5080595382915751,0.00208058821458624,0,0.015654397514268246,0.2415651071517329
1.0,0.5,2.0,2.0,0.0025,0.005,1.0,200,two_speed,364,1.0003589570057707,2.01085988089769,0.5076036965741861,0.002013619746095074,0,0.01841288993815637,0.2415651071517329
1.0,0.5,2.0,2.0,0.0025,0.005,2.0,400,two_speed,364,1.0003935223895448,2.013317114927054,0.5025762958790341,0.002264630000454537,0,0.01921263010556397,0.2415651071517329
1.0,0.5,2.0,2.0,0.0025,0.005,3.5,700,two_speed,364,0.9999218235936608,2.0154148497702797,0.49515075507850226,0.0017982255979827097,0,0.02085819348813163,0.2415651071517329
1.0,0.5,2.0,2.0,0.0025,0.005,5.0,1000,two_speed,364,0.9996211188881418,1.9988357734412303,0.48943253098225004,0.0021859041517100337,0,0.017002830766514387,0.2415651071517329
1.0,0.5,2.0,2.0,0.0025,0.005,10.0,2000,two_speed,364,0.9999285142004821,1.969749849096191,0.5126751630745245,0.0016558993408565016,0,0.03942950987180922,0.2415651071517329
1.0,0.5,2.0,2.0,0.0025,0.005,20.0,4000,two_speed,364,1.000371799071058,1.9330706102168989,0.5007220786636951,0.0032223276693744865,0,0.07885513075246442,0.2415651071517329
1.0,0.5,2.0,2.0,0.0025,0.005,0.5,100,two_speed,365,0.9998276383627814,1.9974040499960986,0.4984000159428564,0.0014975395445271022,0,0.00815454375429809,0.24085219641814806
1.0,0.5,2.0,2.0,0.0025,0.005,1.0,200,two_speed,365,0.9997302713706799,1.9990475180611063,0.4974369082527239,0.0016780370919191312,0,0.00883408706256031,0.24085219641814806
1.0,0.5,2.0,2.0,0.0025,0.005,2.0,400,two_speed,365,0.9997893108090946,2.013879902846721,0.4974348978283538,0.0019129373989921485,0,0.018837514253688466,0.24085219641814806
1.0,0.5,2.0,2.0,0.0025,0.005,3.5,700,two_speed,365,1.0002008065439936,2.0077736325415003,0.500997317167847,0.0026729105542394583,0,0.015939821120138083,0.24085219641814806
1.0,0.5,2.0,2.0,0.0025,0.005,5.0,1000,two_speed,365,1.0000053780253593,2.0082165785137236,0.48964953777019804,0.0033666892883735993,0,0.02339640807038675,0.24085219641814806
1.0,0.5,2.0,2.0,0.0025,0.005,10.0,2000,two_speed,365,1.0003011948291576,1.9738085147221298,0.5140291146794096,0.0023710101342985504,0,0.036800031326372856,0.24085219641814806
1.0,0.5,2.0,2.0,0.0025,0.005,20.0,4000,two_speed,365,1.0002758746584013,1.957124885447887,0.5129411690407172,0.0017468859708496796,0,0.0525062543923698,0.24085219641814806
1.0,0.5,2.0,2.0,0.0025,0.005,0.5,100,two_speed,366,1.0000544978244827,2.0060200218871085,0.4995514650737814,0.0016018531292694967,0,0.010517867800301024,0.24159782142045774
1.0,0.5,2.0,2.0,0.0025,0.005,1.0,200,two_speed,366,1.0001564824037532,2.007124136167337,0.5072643970148617,0.0019882349625949505,0,0.015696994288765073,0.24159782142045774
1.0,0.5,2.0,2.0,0.0025,0.005,2.0,400,two_speed,366,1.000073798736327,2.0211209062197475,0.5083483212047328,0.0015516607238264272,0,0.027596077408336816,0.24159782142045774
1.0,0.5,2.0,2.0,0.0025,0.005,3.5,700,two_speed,366,1.0002740827624472,2.026958541364807,0.513872888957357,0.002763312797515789,0,0.037910552835408506,0.24159782142045774
1.0,0.5,2.0,2.0,0.0025,0.005,5.0,1000,two_speed,366,0.9999904053592654,2.0482064524943575,0.502073057027533,0.0014297076550140084,0,0.056117066726727734,0.24159782142045774
1.0,0.5,2.0,2.0,0.0025,0.005,10.0,2000,two_speed,366,1.0001876636746805,2.070351543289839,0.5150829869863046,0.002244942301423114,0,0.08347644282414134,0.24159782142045774
1.0,0.5,2.0,2.0,0.0025,0.005,20.0,4000,two_speed,366,0.9997406161187795,2.0623488399933736,0.5013812559360624,0.0022945477621128508,0,0.07287498441299482,0.24159782142045774
1.0,0.5,2.0,2.0,0.0025,0.005,0.5,100,two_speed,367,1.0001766393220264,1.9874360859462474,0.5009766781222532,0.002013517124437344,0,0.017590651107571412,0.24200773814560048
1.0,0.5,2.0,2.0,0.0025,0.005,1.0,200,two_speed,367,1.0003099766738894,1.985935303962002,0.5037087518793895,0.0019103987794908907,0,0.019246069100590422,0.24200773814560048
1.0,0.5,2.0,2.0,0.0025,0.005,2.0,400,two_speed,367,1.000514790342989,1.9906477340292499,0.5048760502597123,0.0023064361518223774,0,0.016659687900123794,0.24200773814560048
1.0,0.5,2.0,2.0,0.0025,0.005,3.5,700,two_speed,367,1.0005086002941725,1.9740959423273068,0.5146170381930383,0.002778867917777767,0,0.03725619513495849,0.24200773814560048
1.0,0.5,2.0,2.0,0.0025,0.005,5.0,1000,two_speed,367,1.0001743022808345,1.9690581983785456,0.50631716563028,0.002224770437685743,0,0.03810207197527751,0.24200773814560048
1.0,0.5,2.0,2.0,0.0025,0.005,10.0,2000,two_speed,367,1.000146682892239,1.9531491551969078,0.5120213381132618,0.0017864044781090377,0,0.05655711768742169,0.24200773814560048
1.0,0.5,2.0,2.0,0.0025,0.005,20.0,4000,two_speed,367,0.9999327119873626,1.9817852417477835,0.5145569527203573,0.0022752019255436826,0,0.030320853868665353,0.24200773814560048
1.0,0.5,2.0,2.0,0.0025,0.005,0.5,100,two_speed,368,0.9999709158603282,2.0040474759475986,0.49943976922847355,0.0016639381682501185,0,0.009429420376665897,0.2569107024298449
1.0,0.5,2.0,2.0,0.0025,0.005,1.0,200,two_speed,368,0.9999823197122518,2.0064891782261327,0.5027500455570098,0.002001935898701104,0,0.012879259455319226,0.2569107024298449
1.0,0.5,2.0,2.0,0.0025,0.005,2.0,400,two_speed,368,0.9999714269006867,2.0049436742573628,0.5015088211454656,0.0019619411589970447,0,0.011375281580240966,0.2569107024298449
1.0,0.5,2.0,2.0,0.0025,0.005,3.5,700,two_speed,368,0.9997251075294535,2.003339635194682,0.5051915592847852,0.0021659999098941284,0,0.013537264178076977,0.2569107024298449
1.0,0.5,2.0,2.0,0.0025,0.005,5.0,1000,two_speed,368,0.9999322904182034,1.9976945043670609,0.5071331486018953,0.002137389405571028,0,0.014366785643909849,0.2569107024298449
1.0,0.5,2.0,2.0,0.0025,0.005,10.0,2000,two_speed,368,0.9999939247073831,2.025472389400435,0.5092459074654521,0.0014245339297713955,0,0.032441106915159564,0.2569107024298449
1.0,0.5,2.0,2.0,0.0025,0.005,20.0,4000,two_speed,368,0.999878373416419,2.025667929882598,0.4980030955577297,0.0019258276463516462,0,0.03123811815594559,0.2569107024298449
1.0,0.5,2.0,2.0,0.0025,0.005,0.5,100,two_speed,369,0.9999943310210881,1.9948947795930543,0.5053227745385436,0.0016045849704728835,0,0.012043870858036983,0.24080891657753714
1.0,0.5,2.0,2.0,0.0025,0.005,1.0,200,two_speed,369,1.0001648584678167,1.9977477978252116,0.5075884367585333,0.0019882999944399304,0,0.013921026458613563,0.24080891657753714
1.0,0.5,2.0,2.0,0.0025,0.005,2.0,400,two_speed,369,1.0000313388955218,2.014318615702536,0.5091852094241222,0.001561343023394386,0,0.02176009641543869,0.24080891657753714
1.0,0.5,2.0,2.0,0.0025,0.005,3.5,700,two_speed,369,0.9998944913903399,2.012407621015755,0.5065424301889506,0.0029838237339032043,0,0.02226506698009091,0.24080891657753714
1.0,0.5,2.0,2.0,0.0025,0.005,5.0,1000,two_speed,369,1.0000963212476712,2.0207224018919354,0.5098892194938133,0.0017635709221574202,0,0.028374639819548506,0.24080891657753714
1.0,0.5,2.0,2.0,0.0025,0.005,10.0,2000,two_speed,369,0.9992822018808302,2.0188711749922987,0.5029693739524427,0.003405189258422465,0,0.028130464989902914,0.24080891657753714
1.0,0.5,2.0,2.0,0.0025,0.005,20.0,4000,two_speed,369,0.9998656589373908,2.029056903782506,0.5134927532171331,0.0024710960490549458,0,0.03976070449701815,0.24080891657753714
1.0,0.5,2.0,2.0,0.0025,0.005,0.5,100,two_speed,370,0.9999598420974294,1.995925559304646,0.5021687202664573,0.0018491298171997223,0,0.010634428545166618,0.2430375357091959
1.0,0.5,2.0,2.0,0.0025,0.005,1.0,200,two_speed,370,0.9998044289686943,1.9922119803925737,0.501122398647425,0.002823601490924649,0,0.01665102272691427,0.2430375357091959
1.0,0.5,2.0,2.0,0.0025,0.005,2.0,400,two_speed,370,1.0000396273803098,2.0015304390703674,0.5023752900403663,0.0030315697302341427,0,0.015276082794196144,0.2430375357091959
1.0,0.5,2.0,2.0,0.0025,0.005,3.5,700,two_speed,370,1.000082942972373,1.9980576285167566,0.5024045978205466,0.0022857467555412537,0,0.011822616557383356,0.2430375357091959
1.0,0.5,2.0,2.0,0.0025,0.005,5.0,1000,two_speed,370,0.9998187652639268,1.9968217145323777,0.5074455826600216,0.0017286415349191022,0,0.013723385787274242,0.2430375357091959
1.0,0.5,2.0,2.0,0.0025,0.005,10.0,2000,two_speed,370,0.9998177327743706,1.9550005673950726,0.5069626308640369,0.00337726411671467,0,0.05529485391137978,0.2430375357091959
1.0,0.5,2.0,2.0,0.0025,0.005,20.0,4000,two_speed,370,1.0001405597250634,1.9677106964469928,0.5069293963074905,0.0015184819961469222,0,0.038923058008170565,0.2430375357091959
1.0,0.5,2.0,2.0,0.0025,0.005,0.5,100,two_speed,371,1.0001696771834458,1.9871160670247277,0.5024176290130461,0.0017580204633286217,0,0.01742282242534905,0.24469177970396622
1.0,0.5,2.0,2.0,0.0025,0.005,1.0,200,two_speed,371,1.000012690890429,1.9832275178955083,0.4973586321137369,0.0018714060060285042,0,0.02172321347425072,0.24469177970396622
1.0,0.5,2.0,2.0,0.0025,0.005,2.0,400,two_speed,371,1.0002577005346773,1.9902829465749357,0.49845710538161897,0.0016718583130448947,0,0.014186377835621619,0.24469177970396622
1.0,0.5,2.0,2.0,0.0025,0.005,3.5,700,two_speed,371,0.9997973694512774,1.9807057070981395,0.4924149753326388,0.003337202462085178,0,0.029252018765592202,0.24469177970396622
1.0,0.5,2.0,2.0,0.0025,0.005,5.0,1000,two_speed,371,0.9998905941558449,1.9655431461910338,0.5009481192608509,0.002225439857841309,0,0.04127359728224559,0.24469177970396622
1.0,0.5,2.0,2.0,0.0025,0.005,10.0,2000,two_speed,371,0.9999059572910085,1.9766951126467867,0.5061554951378316,0.0014884594885718346,0,0.028975867659272497,0.24469177970396622
1.0,0.5,2.0,2.0,0.0025,0.005,20.0,4000,two_speed,371,1.0000370464355586,1.9963176468222423,0.5012378709537784,0.001994092409973382,0,0.010781354423066948,0.24469177970396622
1.0,0.5,2.0,2.0,0.0025,0.005,0.5,100,two_speed,372,0.9998391348275213,2.0063047855887457,0.5016727230919578,0.00254089570163605,0,0.01467764500561768,0.24347095843404531
1.0,0.5,2.0,2.0,0.0025,0.005,1.0,200,two_speed,372,0.9997901118977971,2.0064914343533133,0.4990189055274936,0.001900626536727679,0,0.012026448552719688,0.24347095843404531
1.0,0.5,2.0,2.0,0.0025,0.005,2.0,400,two_speed,372,1.0000791349432347,1.9857021696723214,0.5031856562349649,0.0023170809479491827,0,0.020408856271893247,0.24347095843404531
1.0,0.5,2.0,2.0,0.0025,0.005,3.5,700,two_speed,372,1.0001094018575047,1.968784963118346,0.5032308668923351,0.0015835211483327346,0,0.03702809060107511,0.24347095843404531
1.0,0.5,2.0,2.0,0.0025,0.005,5.0,1000,two_speed,372,1.000200376240609,1.9650361438870863,0.5033916364223388,0.0023369148278800053,0,0.04211313083883279,0.24347095843404531
1.0,0.5,2.0,2.0,0.0025,0.005,10.0,2000,two_speed,372,1.0001499367191022,1.9286285666023744,0.5050680610941324,0.0024072670166914167,0,0.083230258345422,0.24347095843404531
1.0,0.5,2.0,2.0,0.0025,0.005,20.0,4000,two_speed,372,1.0001542181668,1.933346654333583,0.5165876373838032,0.002623838353981329,0,0.08007596670110215,0.24347095843404531
1.0,0.5,2.0,2.0,0.0025,0.005,0.5,100,two_speed,373,0.9996722644304759,2.003949561143915,0.49728096032802105,0.0024103056502684543,0,0.013064746870981187,0.24220331542060844
1.0,0.5,2.0,2.0,0.0025,0.005,1.0,200,two_speed,373,0.9996209609917401,2.007298347384693,0.4990060921027374,0.0026782143986757447,0,0.0157044872445515,0.24220331542060844
1.0,0.5,2.0,2.0,0.0025,0.005,2.0,400,two_speed,373,0.9998402745383768,2.0231703991798256,0.5063356313471093,0.0025898194348243247,0,0.030850213307720618,0.24220331542060844
1.0,0.5,2.0,2.0,0.0025,0.005,3.5,700,two_speed,373,1.0002536999777973,2.02439535184917,0.515671378758935,0.001828680042008765,0,0.03536830511423769,0.24220331542060844
1.0,0.5,2.0,2.0,0.0025,0.005,5.0,1000,two_speed,373,0.9999618958670657,2.041326873436133,0.5045063754248013,0.002063794805603202,0,0.049058049865459856,0.24220331542060844
1.0,0.5,2.0,2.0,0.0025,0.005,10.0,2000,two_speed,373,0.9999221789834719,2.0671045133429122,0.5024945906745989,0.0013415405068380175,0,0.07772979739315393,0.24220331542060844
1.0,0.5,2.0,2.0,0.0025,0.005,20.0,4000,two_speed,373,1.0001961532827324,2.0842867791196737,0.5042696290465241,0.0018609387540805733,0,0.09765423335843644,0.24220331542060844
1.0,0.5,2.0,2.0,0.0025,0.005,0.5,100,two_speed,374,1.0001973834753488,2.005651462616897,0.5015151780333126,0.0020699060935958358,0,0.012204720271121806,0.2420219941497115
1.0,0.5,2.0,2.0,0.0025,0.005,1.0,200,two_speed,374,1.000216602933861,2.0027117115063744,0.4954110490695231,0.001992027653545831,0,0.012198042287111629,0.2420219941497115
1.0,0.5,2.0,2.0,0.0025,0.005,2.0,400,two_speed,374,0.9996173778632569,2.008720370137591,0.4923575192857938,0.0018838519781391575,0,0.016614948055087668,0.2420219941497115
1.0,0.5,2.0,2.0,0.0025,0.005,3.5,700,two_speed,374,0.9998931251939139,1.9880370112568555,0.49484606334069936,0.002073024351388798,0,0.018379138970133758,0.2420219941497115
1.0,0.5,2.0,2.0,0.0025,0.005,5.0,1000,two_speed,374,1.0000351999108803,1.9919168896577004,0.49709944536557266,0.001307551519425627,0,0.01197638567472152,0.2420219941497115
1.0,0.5,2.0,2.0,0.0025,0.005,10.0,2000,two_speed,374,1.0000030656757193,1.9953716947559317,0.5097589231113473,0.003161790145657276,0,0.02070715351929918,0.2420219941497115
1.0,0.5,2.0,2.0,0.0025,0.005,20.0,4000,two_speed,374,0.9995175036284537,1.9739550402736574,0.48701949860830146,0.002416881103901188,0,0.03623179543831118,0.2420219941497115
1.0,0.5,2.0,2.0,0.0025,0.005,0.5,100,two_speed,375,1.000178479283152,1.989896833424984,0.5045759783885122,0.0019559483505382728,0,0.016132144423121518,0.24149395229427942
1.0,0.5,2.0,2.0,0.0025,0.005,1.0,200,two_speed,375,1.000288004269244,1.9885758777581841,0.5028780684518555,0.0021309578408050724,0,0.017167005955919513,0.24149395229427942
1.0,0.5,2.0,2.0,0.0025,0.005,2.0,400,two_speed,375,1.000246050042181,1.974504348646217,0.5112780679085448,0.0020718239000731423,0,0.03414041481189554,0.24149395229427942
1.0,0.5,2.0,2.0,0.0025,0.005,3.5,700,two_speed,375,0.9997546544622964,1.9812314600550696,0.5067708960821322,0.0022731026755349383,0,0.02608975962954995,0.24149395229427942
1.0,0.5,2.0,2.0,0.0025,0.005,5.0,1000,two_speed,375,0.9998095019223923,1.984567040327884,0.5049775630313895,0.00217201174512618,0,0.021854278371987276,0.24149395229427942
1.0,0.5,2.0,2.0,0.0025,0.005,10.0,2000,two_speed,375,0.9999253245824624,1.992581896638401,0.5043284301141245,0.0018855393204830532,0,0.013891711192153008,0.24149395229427942
1.0,0.5,2.0,2.0,0.0025,0.005,20.0,4000,two_speed,375,1.000184107392603,2.067462432850802,0.5160440424305436,0.0012536868057856081,0,0.08019703777446986,0.24149395229427942
1.0,0.5,2.0,2.0,0.0025,0.005,0.5,100,two_speed,376,1.0002178090874037,1.997625989995128,0.5006430133992037,0.002093691438208902,0,0.010679140766555364,0.24205704171410097
1.0,0.5,2.0,2.0,0.0025,0.005,1.0,200,two_speed,376,1.0000020891309949,1.9955258137301901,0.500603690872615,0.0024871885063299385,0,0.013273453900296477,0.24205704171410097
1.0,0.5,2.0,2.0,0.0025,0.005,2.0,400,two_speed,376,1.000287231873262,2.01117471962462,0.5061626804884046,0.002221361696709771,0,0.0184946028707186,0.24205704171410097
1.0,0.5,2.0,2.0,0.0025,0.005,3.5,700,two_speed,376,1.0005414670595396,1.9972015856761458,0.5114965683447581,0.0023723639373993527,0,0.018567504685793528,0.24205704171410097
1.0,0.5,2.0,2.0,0.0025,0.005,5.0,1000,two_speed,376,1.000782567478531,1.9882350069884487,0.5186200918004008,0.002948597067579286,0,0.030340475136535906,0.24205704171410097
1.0,0.5,2.0,2.0,0.0025,0.005,10.0,2000,two_speed,376,1.0000894832058795,1.9797947981161208,0.505409050134302,0.001943121835418236,0,0.026097399996334,0.24205704171410097
1.0,0.5,2.0,2.0,0.0025,0.005,20.0,4000,two_speed,376,1.00027819268154,2.0164554861961337,0.5130194292561273,0.0024246698039562726,0,0.02763024507373109,0.24205704171410097
1.0,0.5,2.0,2.0,0.0025,0.005,0.5,100,two_speed,377,1.0000387014399887,2.0025377133785978,0.509391053062948,0.001700160465946192,0,0.015048609127487273,0.2441791488589453
1.0,0.5,2.0,2.0,0.0025,0.005,1.0,200,two_speed,377,1.0000442542376768,1.9939312800368973,0.5112222179756579,0.002131919025028939,0,0.01923508208834369,0.2441791488589453
1.0,0.5,2.0,2.0,0.0025,0.005,2.0,400,two_speed,377,0.9999524686439244,1.9956254548482575,0.5128356137024824,0.0017940295469011482,0,0.019659164495557494,0.2441791488589453
1.0,0.5,2.0,2.0,0.0025,0.005,3.5,700,two_speed,377,1.0004188949644628,1.9991480626870974,0.5204350313809272,0.002236998651643537,0,0.028039352631718858,0.2441791488589453
1.0,0.5,2.0,2.0,0.0025,0.005,5.0,1000,two_speed,377,1.0000911884525885,1.9987134460226479,0.5063633593205709,0.0029020987375350483,0,0.01647010875192715,0.2441791488589453
1.0,0.5,2.0,2.0,0.0025,0.005,10.0,2000,two_speed,377,0.9999862514276542,1.9889006970633272,0.5088434008298629,0.002907040423432581,0,0.022441705942856546,0.2441791488589453
1.0,0.5,2.0,2.0,0.0025,0.005,20.0,4000,two_speed,377,0.9999256353076014,2.0238600736724233,0.504109981835508,0.001637295216203543,0,0.02919267858607262,0.2441791488589453
1.0,0.5,2.0,2.0,0.0025,0.005,0.5,100,two_speed,378,1.000041724992967,2.0154963502940753,0.498650045298914,0.001904117000161514,0,0.020282914995745183,0.24312930356245488
1.0,0.5,2.0,2.0,0.0025,0.005,1.0,200,two_speed,378,0.9998476784233327,2.0153770068646493,0.4942829212675292,0.0016719428651274955,0,0.020850947554598407,0.24312930356245488
1.0,0.5,2.0,2.0,0.0025,0.005,2.0,400,two_speed,378,0.9999086246859457,2.0220896400802353,0.49371258544527474,0.0021785702194141755,0,0.02882226758116392,0.24312930356245488
1.0,0.5,2.0,2.0,0.0025,0.005,3.5,700,two_speed,378,1.0000831654666882,2.018503905488513,0.49436875962425364,0.0012616600055945784,0,0.023554314247474895,0.24312930356245488
1.0,0.5,2.0,2.0,0.0025,0.005,5.0,1000,two_speed,378,1.0001848761220264,2.021465058696102,0.49126798504458286,0.0025966287999542093,0,0.030501604927205803,0.24312930356245488
1.0,0.5,2.0,2.0,0.0025,0.005,10.0,2000,two_speed,378,1.000413527273763,2.0334216699821974,0.5017733018224226,0.0019439666005238291,0,0.039789423746779254,0.24312930356245488
1.0,0.5,2.0,2.0,0.0025,0.005,20.0,4000,two_speed,378,1.0005738065561658,2.0533376189003483,0.5312682110178492,0.002578753766659667,0,0.07357173856554704,0.24312930356245488
1.0,0.5,2.0,2.0,0.0025,0.005,0.5,100,two_speed,379,1.0000967833442318,2.0015990265989827,0.49424203338940675,0.0017988990435612497,0,0.01193742413891821,0.24766139285306313
1.0,0.5,2.0,2.0,0.0025,0.005,1.0,200,two_speed,379,1.000070011715642,2.0001648102883816,0.49119256008180023,0.001497664326757305,0,0.013884465293511597,0.24766139285306313
1.0,0.5,2.0,2.0,0.0025,0.005,2.0,400,two_speed,379,0.9999062621682302,2.024530517497263,0.4892901412245319,0.001983677855242552,0,0.03312043960860754,0.24766139285306313
1.0,0.5,2.0,2.0,0.0025,0.005,3.5,700,two_speed,379,1.0000065585444173,2.028521053637732,0.49827029096046166,0.0024905513553253613,0,0.03522989969588623,0.24766139285306313
1.0,0.5,2.0,2.0,0.0025,0.005,5.0,1000,two_speed,379,1.0000911875780683,2.0501563660373865,0.4966345548703151,0.0021130366035068612,0,0.059077990089496275,0.24766139285306313
1.0,0.5,2.0,2.0,0.0025,0.005,10.0,2000,two_speed,379,1.0000299145843086,2.031309449026056,0.5126928754951846,0.002317635282009167,0,0.04109144758110201,0.24766139285306313
1.0,0.5,2.0,2.0,0.0025,0.005,20.0,4000,two_speed,379,1.0003216620048392,2.0405659645252348,0.504768279114787,0.002439165821025173,0,0.048613333932496,0.24766139285306313
1.0,0.5,2.0,2.0,0.0025,0.005,0.5,100,two_speed,380,1.000167678024808,2.0002625165612407,0.5011360889291387,0.0022705914385875597,0,0.011223230400333163,0.2432646607215117
1.0,0.5,2.0,2.0,0.0025,0.005,1.0,200,two_speed,380,1.0002989356165475,2.0044260902898,0.5066418748032124,0.0024724583017760845,0,0.015502794900421779,0.2432646607215117
1.0,0.5,2.0,2.0,0.0025,0.005,2.0,400,two_speed,380,0.9997535383796472,1.9940260759660327,0.5020662227064046,0.0017793150159375966,0,0.011632688858358631,0.2432646607215117
1.0,0.5,2.0,2.0,0.0025,0.005,3.5,700,two_speed,380,0.9999063131132201,1.9841535455287302,0.5073697210273784,0.0019593371500207708,0,0.022829776685217174,0.2432646607215117
1.0,0.5,2.0,2.0,0.0025,0.005,5.0,1000,two_speed,380,1.0000998504511482,1.9693969155488904,0.5187955969794381,0.0018440133567798722,0,0.043576052160659566,0.2432646607215117
1.0,0.5,2.0,2.0,0.0025,0.005,10.0,2000,two_speed,380,0.9999470445684296,1.9696359059707067,0.49761020437349435,0.001821908493826434,0,0.03634066218776792,0.2432646607215117
1.0,0.5,2.0,2.0,0.0025,0.005,20.0,4000,two_speed,380,1.0005790570556061,1.944068593851062,0.5184490186311449,0.002809367804775824,0,0.06921167743747336,0.2432646607215117
1.0,0.5,2.0,2.0,0.0025,0.005,0.5,100,two_speed,381,1.0000814344646167,2.003952611059953,0.503115406453816,0.0020227232792836207,0,0.011589619899438425,0.2422880118579737
1.0,0.5,2.0,2.0,0.0025,0.005,1.0,200,two_speed,381,0.999994890504373,2.009072142436751,0.5042295656467718,0.0014833444256557025,0,0.013876299678584088,0.2422880118579737
1.0,0.5,2.0,2.0,0.0025,0.005,2.0,400,two_speed,381,1.0000664014819112,1.9902175590025728,0.5076031814201485,0.0027199871830686662,0,0.020058379267437424,0.2422880118579737
1.0,0.5,2.0,2.0,0.0025,0.005,3.5,700,two_speed,381,0.999767005701118,1.9999503262661427,0.5079194997412703,0.002495213341605466,0,0.01636302121617867,0.2422880118579737
1.0,0.5,2.0,2.0,0.0025,0.005,5.0,1000,two_speed,381,0.9999369207003933,1.9847854978062647,0.5089653479822411,0.0018724792496731572,0,0.02305855428462509,0.2422880118579737
1.0,0.5,2.0,2.0,0.0025,0.005,10.0,2000,two_speed,381,0.9998751930180483,1.9841362809317369,0.4909340922603413,0.0019775136119288468,0,0.023841782556957333,0.2422880118579737
1.0,0.5,2.0,2.0,0.0025,0.005,20.0,4000,two_speed,381,1.0000575148141821,1.9701237741027933,0.5095496305842807,0.0015920006072695117,0,0.037273639189238886,0.2422880118579737
1.0,0.5,2.0,2.0,0.0025,0.005,0.5,100,two_speed,382,1.000221859722242,1.997786122861288,0.5059921804329848,0.002735167067749512,0,0.015561417167683661,0.24186545242888055
1.0,0.5,2.0,2.0,0.0025,0.005,1.0,200,two_speed,382,1.0001685217895802,2.0014267900955582,0.5137075746568766,0.0019243803612538073,0,0.02000770503782875,0.24186545242888055
1.0,0.5,2.0,2.0,0.0025,0.005,2.0,400,two_speed,382,0.9999392279027369,1.995236426448739,0.5084533904667328,0.0021108282451038564,0,0.016203528373303352,0.24186545242888055
1.0,0.5,2.0,2.0,0.0025,0.005,3.5,700,two_speed,382,0.9996155858906409,2.0060535253853513,0.4930191256815285,0.0019880012583332225,0,0.014730682746172782,0.24186545242888055
1.0,0.5,2.0,2.0,0.0025,0.005,5.0,1000,two_speed,382,0.9997604294335878,2.002873449691211,0.49984583081094186,0.0018467981084675249,0,0.009710973237589146,0.24186545242888055
1.0,0.5,2.0,2.0,0.0025,0.005,10.0,2000,two_speed,382,1.0001521511066993,2.0234689517646403,0.499829597810053,0.0025684928423919916,0,0.029898171322793276,0.24186545242888055
1.0,0.5,2.0,2.0,0.0025,0.005,20.0,4000,two_speed,382,0.999852679083838,2.0506041825529233,0.5008801854748685,0.002748002208783762,0,0.0599792775628304,0.24186545242888055
1.0,0.5,2.0,2.0,0.0025,0.005,0.5,100,two_speed,383,1.0000885035571254,2.0048693097072183,0.5040943729116049,0.001438295128235076,0,0.01039417838587882,0.243169476294757
1.0,0.5,2.0,2.0,0.0025,0.005,1.0,200,two_speed,383,1.0003719491011336,1.9941138561331149,0.5077312055856718,0.0026675484960562287,0,0.017549844788041447,0.243169476294757
1.0,0.5,2.0,2.0,0.0025,0.005,2.0,400,two_speed,383,1.0001553125390463,1.9981753502198745,0.5046003334131844,0.0019444327033469823,0,0.011327335775938039,0.243169476294757
1.0,0.5,2.0,2.0,0.0025,0.005,3.5,700,two_speed,383,1.000169560751708,2.0284240291074274,0.4972528197512838,0.001985205811908206,0,0.034540235007480824,0.243169476294757
1.0,0.5,2.0,2.0,0.0025,0.005,5.0,1000,two_speed,383,1.0001817379347884,2.0152387489701544,0.4969861105520431,0.0024264831932374552,0,0.02173914397936649,0.243169476294757
1.0,0.5,2.0,2.0,0.0025,0.005,10.0,2000,two_speed,383,1.0001789724882397,2.0481880795569234,0.4992627584026601,0.001491824855061908,0,0.05617765163774684,0.243169476294757
1.0,0.5,2.0,2.0,0.0025,0.005,20.0,4000,two_speed,383,0.9996809934457709,2.089565034038809,0.498258991728904,0.0021692155396380664,0,0.10405573402367523,0.243169476294757
1.0,0.5,2.0,2.0,0.0025,0.005,0.5,100,two_speed,384,0.9999713862613482,1.9954232799187974,0.5032570723844915,0.0016320100690492745,0,0.010526136638370251,0.2428637678468866
1.0,0.5,2.0,2.0,0.0025,0.005,1.0,200,two_speed,384,1.0003312853173516,1.9993615157630977,0.5089892126431698,0.0018118440243591499,0,0.01426409098525091,0.2428637678468866
1.0,0.5,2.0,2.0,0.0025,0.005,2.0,400,two_speed,384,1.0001816436638509,1.9893254150891582,0.5008147267851021,0.001647017816571558,0,0.014770004054082228,0.2428637678468866
1.0,0.5,2.0,2.0,0.0025,0.005,3.5,700,two_speed,384,1.000451881075492,1.9806130871395486,0.4996901113381845,0.002480397959046545,0,0.025603269904278827,0.2428637678468866
1.0,0.5,2.0,2.0,0.0025,0.005,5.0,1000,two_speed,384,1.000321238731274,1.9779155713863612,0.5107064251763521,0.0024664381115638355,0,0.03122574370895564,0.2428637678468866
1.0,0.5,2.0,2.0,0.0025,0.005,10.0,2000,two_speed,384,1.0001253710152025,1.9529973564166294,0.5035826434598619,0.001828745401305768,0,0.05509832530150157,0.2428637678468866
1.0,0.5,2.0,2.0,0.0025,0.005,20.0,4000,two_speed,384,1.0001126892604975,1.950735842396924,0.5130271341050019,0.001788557434624512,0,0.059594150688845625,0.2428637678468866
1.0,0.5,2.0,2.0,0.0025,0.005,0.5,100,two_speed,385,0.9998257385143069,1.9931209253456306,0.49837113696439134,0.0014718924110185513,0,0.010901556949040514,0.24200511915010534
1.0,0.5,2.0,2.0,0.0025,0.005,1.0,200,two_speed,385,1.0000963530576445,1.9947065325602262,0.50441742720137,0.0019203513074937358,0,0.012553506280837515,0.24200511915010534
1.0,0.5,2.0,2.0,0.0025,0.005,2.0,400,two_speed,385,0.9999081836255883,2.0009029962023277,0.4997009389975174,0.0022181270088564376,0,0.010939190669702926,0.24200511915010534
1.0,0.5,2.0,2.0,0.0025,0.005,3.5,700,two_speed,385,1.000018430254256,1.9998334673466476,0.5083400245766618,0.0021455729899146187,0,0.015118469673172128,0.24200511915010534
1.0,0.5,2.0,2.0,0.0025,0.005,5.0,1000,two_speed,385,1.0000075623523421,2.0007601549468332,0.5101457037706102,0.0024167018345151153,0,0.017773867323650924,0.24200511915010534
1.0,0.5,2.0,2.0,0.0025,0.005,10.0,2000,two_speed,385,1.0002441747421529,1.9866714090142839,0.5089939080014299,0.0018064217592684722,0,0.02098255676457685,0.24200511915010534
1.0,0.5,2.0,2.0,0.0025,0.005,20.0,4000,two_speed,385,0.9998148729387213,1.9861009865282437,0.5026519919469066,0.001867337530498861,0,0.01887403587011006,0.24200511915010534
1.0,0.5,2.0,2.0,0.0025,0.005,0.5,100,two_speed,386,1.0000173541326347,2.001181530871727,0.49795864569186876,0.0013748813959361763,0,0.007398365783298381,0.2412068809914802
1.0,0.5,2.0,2.0,0.0025,0.005,1.0,200,two_speed,386,1.0001161656891242,2.004142178855945,0.5039024233362767,0.00234564224263131,0,0.013370421114489993,0.2412068809914802
1.0,0.5,2.0,2.0,0.0025,0.005,2.0,400,two_speed,386,0.9997786291766494,1.9983385247161312,0.5014510594869538,0.0021837835591000283,0,0.011181316134771135,0.2412068809914802
1.0,0.5,2.0,2.0,0.0025,0.005,3.5,700,two_speed,386,1.0003047600594128,1.9897394460046036,0.508682307673931,0.002126887758608083,0,0.01912891701295546,0.2412068809914802
1.0,0.5,2.0,2.0,0.0025,0.005,5.0,1000,two_speed,386,1.0001435968261545,1.9832155635399347,0.5069911130369263,0.0018839693794971846,0,0.023153838568487968,0.2412068809914802
1.0,0.5,2.0,2.0,0.0025,0.005,10.0,2000,two_speed,386,1.0000565391689136,1.9834327022535165,0.5046088848266318,0.0026714227025244563,0,0.023861902752245635,0.2412068809914802
1.0,0.5,2.0,2.0,0.0025,0.005,20.0,4000,two_speed,386,0.9998975017412686,2.0174973213889373,0.5060365032669196,0.0018348564049205604,0,0.0235342573355275,0.2412068809914802
1.0,0.5,2.0,2.0,0.0025,0.005,0.5,100,two_speed,387,0.999787205964182,1.982690488411706,0.4954844500709053,0.002219112355301395,0,0.023447463810948577,0.2449068928669606
1.0,0.5,2.0,2.0,0.0025,0.005,1.0,200,two_speed,387,0.9996723285094562,1.981587403150651,0.49362962823407447,0.001979912671825601,0,0.024647506935246793,0.2449068928669606
1.0,0.5,2.0,2.0,0.0025,0.005,2.0,400,two_speed,387,0.9997475733768468,1.9794885932992923,0.5001346949697768,0.0019440044931666428,0,0.025565146920430333,0.2449068928669606
1.0,0.5,2.0,2.0,0.0025,0.005,3.5,700,two_speed,387,0.9997897620077437,1.985756414527464,0.49225370377388417,0.0025068698289397915,0,0.02282650718643293,0.2449068928669606
1.0,0.5,2.0,2.0,0.0025,0.005,5.0,1000,two_speed,387,1.0000127064786684,1.986207478795557,0.511236968225347,0.0021167827759331374,0,0.023904239031351884,0.2449068928669606
1.0,0.5,2.0,2.0,0.0025,0.005,10.0,2000,two_speed,387,0.999686497229118,1.9751611547774066,0.4974786442737838,0.0016433442839958881,0,0.029960409750277164,0.2449068928669606
1.0,0.5,2.0,2.0,0.0025,0.005,20.0,4000,two_speed,387,1.0000988259460883,1.9500603649319637,0.5055414139318889,0.0022438182475083635,0,0.058928603463580406,0.2449068928669606
1.0,0.5,2.0,2.0,0.0025,0.005,0.5,100,two_speed,388,1.0001336228607882,1.9982899796933535,0.5025186323295986,0.001689979860712452,0,0.009056374616706634,0.2423333155623238
1.0,0.5,2.0,2.0,0.0025,0.005,1.0,200,two_speed,388,1.0000006806735806,1.9923815231206503,0.5039424410984551,0.0017413403885729742,0,0.013288583475352316,0.2423333155623238
1.0,0.5,2.0,2.0,0.0025,0.005,2.0,400,two_speed,388,0.9997788235688279,2.0018640857550185,0.4995672816794393,0.0025850333410668545,0,0.01289837091058996,0.2423333155623238
1.0,0.5,2.0,2.0,0.0025,0.005,3.5,700,two_speed,388,1.0000712807053318,1.9884815139113943,0.5046711433515825,0.001620620686483958,0,0.016573400659088265,0.2423333155623238
1.0,0.5,2.0,2.0,0.0025,0.005,5.0,1000,two_speed,388,0.9997512896826329,1.9802075545189581,0.49433771485343186,0.001911937442405754,0,0.02574648780039247,0.2423333155623238
1.0,0.5,2.0,2.0,0.0025,0.005,10.0,2000,two_speed,388,1.0003348933365759,1.9898928402144906,0.5074357628120345,0.004253318102157315,0,0.025511520183643673,0.2423333155623238
1.0,0.5,2.0,2.0,0.0025,0.005,20.0,4000,two_speed,388,0.9998201516994776,1.9727265513036898,0.5083295991167444,0.0023031224857202794,0,0.03522532332706384,0.2423333155623238
1.0,0.5,2.0,2.0,0.0025,0.005,0.5,100,two_speed,389,1.0003228227106846,2.0009427531897095,0.5024341727819961,0.0021589384656739703,0,0.011025813131259561,0.24221235713256256
1.0,0.5,2.0,2.0,0.0025,0.005,1.0,200,two_speed,389,1.0000308411947716,1.9956670108871444,0.4959940486145039,0.002230767782041596,0,0.013154157177120408,0.24221235713256256
1.0,0.5,2.0,2.0,0.0025,0.005,2.0,400,two_speed,389,1.0001742485163,2.003555256609383,0.49583367397512795,0.0026615828305559396,0,0.01492592262398744,0.24221235713256256
1.0,0.5,2.0,2.0,0.0025,0.005,3.5,700,two_speed,389,1.000062827524444,2.0193275470979097,0.5045657585228034,0.002534068139337256,0,0.02616250849188292,0.24221235713256256
1.0,0.5,2.0,2.0,0.0025,0.005,5.0,1000,two_speed,389,1.0001536026561886,2.0041778801600927,0.5084059263654155,0.0018997599977454743,0,0.01496198719939568,0.24221235713256256
1.0,0.5,2.0,2.0,0.0025,0.005,10.0,2000,two_speed,389,0.9996870010888322,2.004997890164371,0.5010263256108145,0.002224512504208724,0,0.012587054749238305,0.24221235713256256
1.0,0.5,2.0,2.0,0.0025,0.005,20.0,4000,two_speed,389,0.9999212853219109,1.998586916997592,0.5146788452530803,0.002043000374585882,0,0.021786598461425867,0.24221235713256256
1.0,0.5,2.0,2.0,0.0025,0.005,0.5,100,two_speed,390,1.0001148264343291,1.990611813657988,0.5072075718002544,0.0017703597804519225,0,0.016622697465752553,0.24191895228744084
1.0,0.5,2.0,2.0,0.0025,0.005,1.0,200,two_speed,390,1.0000051594627326,1.989572819761852,0.5029937342603739,0.0012375400749284901,0,0.014028899354223167,0.24191895228744084
1.0,0.5,2.0,2.0,0.0025,0.005,2.0,400,two_speed,390,1.0001261816907223,1.9966123763455672,0.5014094300699885,0.002696853033176591,0,0.013897067697242606,0.24191895228744084
1.0,0.5,2.0,2.0,0.0025,0.005,3.5,700,two_speed,390,1.0003775923627005,1.9857862279146175,0.5206441678453303,0.0021374636323157363,0,0.03255932710624814,0.24191895228744084
1.0,0.5,2.0,2.0,0.0025,0.005,5.0,1000,two_speed,390,0.9999540171402764,1.9826486919298456,0.5113144952281894,0.002144273528905528,0,0.02700890503348731,0.24191895228744084
1.0,0.5,2.0,2.0,0.0025,0.005,10.0,2000,two_speed,390,1.0003476055343328,1.9844306324569105,0.5091025516998552,0.002498115857507331,0,0.024437801059303745,0.24191895228744084
1.0,0.5,2.0,2.0,0.0025,0.005,20.0,4000,two_speed,390,0.9996687765675076,1.955013133158355,0.5096265013242528,0.002376854869164064,0,0.054741270528831196,0.24191895228744084
1.0,0.5,2.0,2.0,0.0025,0.005,0.5,100,two_speed,391,1.0000033572719655,1.9892676855695344,0.49866857252125435,0.0018250751212959976,0,0.015399410709100414,0.2414963035677959
1.0,0.5,2.0,2.0,0.0025,0.005,1.0,200,two_speed,391,1.0004531182896585,1.991284806493327,0.502260054733347,0.001976477431250287,0,0.014252193385134457,0.2414963035677959
1.0,0.5,2.0,2.0,0.0025,0.005,2.0,400,two_speed,391,1.0003653574149989,1.9815301814023196,0.5020205830642749,0.0028574567774961542,0,0.02563386953467039,0.2414963035677959
1.0,0.5,2.0,2.0,0.0025,0.005,3.5,700,two_speed,391,1.000193156536041,1.9957978943293522,0.508864900528163,0.0018902633570838261,0,0.015338698851561592,0.2414963035677959
1.0,0.5,2.0,2.0,0.0025,0.005,5.0,1000,two_speed,391,0.9998252961614061,1.9741644515941696,0.5056474101706597,0.0024477073243466467,0,0.033047813616113905,0.2414963035677959
1.0,0.5,2.0,2.0,0.0025,0.005,10.0,2000,two_speed,391,0.9997832828878401,2.000006862096869,0.5022680222365155,0.0024428557342542337,0,0.01250384391670907,0.2414963035677959
1.0,0.5,2.0,2.0,0.0025,0.005,20.0,4000,two_speed,391,1.0000391888377944,1.9657822625734616,0.5066349148731963,0.0017979896259737844,0,0.041296060584497335,0.2414963035677959
1.0,0.5,2.0,2.0,0.0025,0.005,0.5,100,two_speed,392,1.0001789414813498,2.0055316311007196,0.5003861867776477,0.001600704831201458,0,0.010152326291996498,0.24199377372860909
1.0,0.5,2.0,2.0,0.0025,0.005,1.0,200,two_speed,392,1.0002488188216199,1.9912016596582323,0.5009313090158948,0.0023405929721330297,0,0.015389527057462844,0.24199377372860909
1.0,0.5,2.0,2.0,0.0025,0.005,2.0,400,two_speed,392,1.0000380916148912,1.9933991542147826,0.49920661908156333,0.0019695995953743967,0,0.012358679304481276,0.24199377372860909
1.0,0.5,2.0,2.0,0.0025,0.005,3.5,700,two_speed,392,1.0001016820252915,1.9888644631677912,0.5092005258000528,0.0015149213655042116,0,0.018940233407455466,0.24199377372860909
1.0,0.5,2.0,2.0,0.0025,0.005,5.0,1000,two_speed,392,0.9997684344894046,1.994790229342621,0.4949996155750848,0.0024016963930227086,0,0.01460284703665735,0.24199377372860909
1.0,0.5,2.0,2.0,0.0025,0.005,10.0,2000,two_speed,392,1.0000762998488841,1.9595960241578665,0.5083975732743046,0.0020037275472968687,0,0.048773778701887,0.24199377372860909
1.0,0.5,2.0,2.0,0.0025,0.005,20.0,4000,two_speed,392,0.9998502033444742,1.9585980483444774,0.512615054721092,0.0013813196133711629,0,0.050824529492118624,0.24199377372860909
1.0,0.5,2.0,2.0,0.0025,0.005,0.5,100,two_speed,393,1.0000579882923502,2.003956106195142,0.5067095075138306,0.0023537872561498006,0,0.015121299160943954,0.24209240471412027
1.0,0.5,2.0,2.0,0.0025,0.005,1.0,200,two_speed,393,1.0002943048880406,1.997942278932738,0.5010895146415806,0.0020548327279547502,0,0.01046676163480356,0.24209240471412027
1.0,0.5,2.0,2.0,0.0025,0.005,2.0,400,two_speed,393,1.000222663604068,1.9815731056311952,0.5044026477519717,0.0019050783767241269,0,0.023829799272275236,0.24209240471412027
1.0,0.5,2.0,2.0,0.0025,0.005,3.5,700,two_speed,393,1.0001860547997503,1.9907390897710673,0.5060005552152994,0.002490926212027472,0,0.01782248126705083,0.24209240471412027
1.0,0.5,2.0,2.0,0.0025,0.005,5.0,1000,two_speed,393,1.000090329100491,1.988981406866926,0.5114789912305359,0.0024252358637286333,0,0.022751114077422717,0.24209240471412027
1.0,0.5,2.0,2.0,0.0025,0.005,10.0,2000,two_speed,393,0.9997845382091681,1.9812570701719827,0.5011491217343773,0.002316283978491878,0,0.024540106367955263,0.24209240471412027
1.0,0.5,2.0,2.0,0.0025,0.005,20.0,4000,two_speed,393,1.0002601573956256,1.9667140244924972,0.4997302464355406,0.001764418479330149,0,0.03942225862447859,0.24209240471412027
1.0,0.5,2.0,2.0,0.0025,0.005,0.5,100,two_speed,394,0.9999078794155651,1.9965304811758582,0.5013938746144804,0.0021516742424601896,0,0.011470654927549942,0.242226696423521
1.0,0.5,2.0,2.0,0.0025,0.005,1.0,200,two_speed,394,1.0000415000129763,1.9933865784996816,0.5042926500788579,0.0013119446513397773,0,0.011397983256028626,0.242226696423521
1.0,0.5,2.0,2.0,0.0025,0.005,2.0,400,two_speed,394,1.0003775823610639,2.0061238572766706,0.5107705454558685,0.0030370205621384604,0,0.02121131168959527,0.242226696423521
1.0,0.5,2.0,2.0,0.0025,0.005,3.5,700,two_speed,394,0.9999518096776449,2.0011672673512555,0.5043149996906638,0.0019534585542873672,0,0.011250705320923267,0.242226696423521
1.0,0.5,2.0,2.0,0.0025,0.005,5.0,1000,two_speed,394,0.9996805881351077,2.0055948098904057,0.4990778276428201,0.0025042375840741028,0,0.013960921753588497,0.242226696423521
1.0,0.5,2.0,2.0,0.0025,0.005,10.0,2000,two_speed,394,0.9996677627351964,2.0310431351653375,0.5064096018772101,0.00166637323208156,0,0.03781694614743739,0.242226696423521
1.0,0.5,2.0,2.0,0.0025,0.005,20.0,4000,two_speed,394,0.9999644109290273,2.0105644173724166,0.4996950380653072,0.001266647666441134,0,0.013697067161927486,0.242226696423521
1.0,0.5,2.0,2.0,0.0025,0.005,0.5,100,two_speed,395,1.0000213878988364,2.0113081207897836,0.507560194482357,0.0016192586497082318,0,0.018157326248642018,0.24194544043192373
1.0,0.5,2.0,2.0,0.0025,0.005,1.0,200,two_speed,395,0.9997440816727627,2.016649810137216,0.5075947777709322,0.001919328310447498,0,0.0237864367928978,0.24194544043192373
1.0,0.5,2.0,2.0,0.0025,0.005,2.0,400,two_speed,395,0.9997475693428752,2.015723032570628,0.5042302320674472,0.0013218597962147154,0,0.020197180769319426,0.24194544043192373
1.0,0.5,2.0,2.0,0.0025,0.005,3.5,700,two_speed,395,0.9997724847531623,2.00646051727401,0.5052752699296214,0.0017591823146529168,0,0.013611939210908775,0.24194544043192373
1.0,0.5,2.0,2.0,0.0025,0.005,5.0,1000,two_speed,395,0.9995279300732985,1.997681701417084,0.5042281676354653,0.00276494202067779,0,0.01543772532648934,0.24194544043192373
1.0,0.5,2.0,2.0,0.0025,0.005,10.0,2000,two_speed,395,1.0001372975756033,2.011329402673743,0.5064884157799608,0.001256169381936846,0,0.016586929311274142,0.24194544043192373
1.0,0.5,2.0,2.0,0.0025,0.005,20.0,4000,two_speed,395,1.000060582731923,2.0044874151189247,0.5066115442206647,0.001937393841803817,0,0.013769608712924158,0.24194544043192373
1.0,0.5,2.0,2.0,0.0025,0.005,0.5,100,two_speed,396,1.0000236636778248,2.0102381655675394,0.49746381515847904,0.0024229599529605322,0,0.01712682059433785,0.24253870242474868
1.0,0.5,2.0,2.0,0.0025,0.005,1.0,200,two_speed,396,0.9999856887565353,2.019421690721679,0.4953568677042743,0.001596201870450051,0,0.024538928850295127,0.24253870242474868
1.0,0.5,2.0,2.0,0.0025,0.005,2.0,400,two_speed,396,1.0001436971267406,1.9988365128733874,0.49393702344907214,0.001746980006071905,0,0.012022257386435057,0.24253870242474868
1.0,0.5,2.0,2.0,0.0025,0.005,3.5,700,two_speed,396,0.9999662970345171,2.0030808755964102,0.49321017294118896,0.0011743765137802943,0,0.01113870118580407,0.24253870242474868
1.0,0.5,2.0,2.0,0.0025,0.005,5.0,1000,two_speed,396,1.000460905108608,1.9977058914621773,0.5080671925347193,0.002141280492515784,0,0.014620112696895006,0.24253870242474868
1.0,0.5,2.0,2.0,0.0025,0.005,10.0,2000,two_speed,396,0.9995683660522177,2.007758433168721,0.5001309877349427,0.0027903375815451813,0,0.016508967667794743,0.24253870242474868
1.0,0.5,2.0,2.0,0.0025,0.005,20.0,4000,two_speed,396,0.9999474280320729,2.017512465427151,0.5081282879787213,0.0025423902444641428,0,0.02592272237436922,0.24253870242474868
1.0,0.5,2.0,2.0,0.0025,0.005,0.5,100,two_speed,397,0.999919071381417,2.0039097876220078,0.4988456872249278,0.0015110764201518138,0,0.008789436049788319,0.2418843810113945
1.0,0.5,2.0,2.0,0.0025,0.005,1.0,200,two_speed,397,0.9996901209407777,1.9960185267872672,0.49656046240916923,0.001682761346355392,0,0.010297966542417183,0.2418843810113945
1.0,0.5,2.0,2.0,0.0025,0.005,2.0,400,two_speed,397,1.0001413296642938,1.9933499481911023,0.5100875539757592,0.0018234467593917939,0,0.01745950783323115,0.2418843810113945
1.0,0.5,2.0,2.0,0.0025,0.005,3.5,700,two_speed,397,0.9998284389708036,1.9881865788388637,0.5011431198158265,0.0018489463031599509,0,0.016496300493448187,0.2418843810113945
1.0,0.5,2.0,2.0,0.0025,0.005,5.0,1000,two_speed,397,1.0001092437322838,1.978414398694764,0.5062489572176653,0.0014232898278368738,0,0.026985742070550663,0.2418843810113945
1.0,0.5,2.0,2.0,0.0025,0.005,10.0,2000,two_speed,397,1.0001292368996775,1.9837161930013432,0.5128916230080387,0.0029532324219642895,0,0.02871921955431754,0.2418843810113945
1.0,0.5,2.0,2.0,0.0025,0.005,20.0,4000,two_speed,397,1.0005272038261246,2.0224700248191345,0.5170984522305873,0.0031318484888616226,0,0.036724817246092355,0.2418843810113945
1.0,0.5,2.0,2.0,0.0025,0.005,0.5,100,two_speed,398,0.999885063203805,2.011800495919527,0.49627824444588114,0.0016700534609869388,0,0.01657828716468445,0.24284530958227282
1.0,0.5,2.0,2.0,0.0025,0.005,1.0,200,two_speed,398,0.9996395219096201,2.001713271883643,0.4912366208513619,0.0023930332108623898,0,0.016101221631418413,0.24284530958227282
1.0,0.5,2.0,2.0,0.0025,0.005,2.0,400,two_speed,398,0.9997146266002515,1.9994144210987606,0.4954192528798294,0.0021368010295591345,0,0.011863378643508204,0.24284530958227282
1.0,0.5,2.0,2.0,0.0025,0.005,3.5,700,two_speed,398,1.0002982242874843,2.007390936904502,0.5136948529663548,0.003047190226441716,0,0.024458463344530765,0.24284530958227282
1.0,0.5,2.0,2.0,0.0025,0.005,5.0,1000,two_speed,398,1.000273298885661,1.9831109820931396,0.5064583748568289,0.002042589733365373,0,0.023234248850567,0.24284530958227282
1.0,0.5,2.0,2.0,0.0025,0.005,10.0,2000,two_speed,398,0.9999606596219877,1.9653048340349661,0.5000050424471132,0.0017048427318943204,0,0.04092872399849017,0.24284530958227282
1.0,0.5,2.0,2.0,0.0025,0.005,20.0,4000,two_speed,398,0.9996576912402341,2.0008169960744953,0.49737274210694027,0.001992171168333021,0,0.010294728604470024,0.24284530958227282
1.0,0.5,2.0,2.0,0.0025,0.005,0.5,100,two_speed,399,1.00004983663109,1.9975468835522645,0.4936914792567794,0.0019376336094562947,0,0.01300511873795191,0.24124004171296423
1.0,0.5,2.0,2.0,0.0025,0.005,1.0,200,two_speed,399,0.9998543466850911,1.9889708594841826,0.4954602821504375,0.0022259471009129666,0,0.01770540603723132,0.24124004171296423
1.0,0.5,2.0,2.0,0.0025,0.005,2.0,400,two_speed,399,0.9997789091107954,1.9997365939121161,0.5018900113264847,0.0022166514119938657,0,0.011313172437076068,0.24124004171296423
1.0,0.5,2.0,2.0,0.0025,0.005,3.5,700,two_speed,399,0.9996570835619992,1.9934477331119098,0.504885981864779,0.0030410567257460287,0,0.018222247459113897,0.24124004171296423
1.0,0.5,2.0,2.0,0.0025,0.005,5.0,1000,two_speed,399,1.0000903688169336,1.9857102416383419,0.509266973497828,0.00162308099919791,0,0.02178280118985483,0.24124004171296423
1.0,0.5,2.0,2.0,0.0025,0.005,10.0,2000,two_speed,399,0.9999455494062549,2.0057141778579965,0.5066190316419285,0.0017376169787666756,0,0.013916666864435382,0.24124004171296423
1.0,0.5,2.0,2.0,0.0025,0.005,20.0,4000,two_speed,399,1.000352256085952,1.9703256168881351,0.4995733249942596,0.002523813952345174,0,0.03648673646925916,0.24124004171296423
