A,nu,a,at,dt,dtt,taut,n_steps,arm,seed,A_hat,xc_hat,nu_hat,fit_rms,at_bound,l2_vs_exact,runtime_s
1.0,0.5,4.0,4.0,0.0025,0.005,0.5,100,cond_mean,0,0.9998360402947434,1.9874263927230578,0.4975131840944507,0.0018768407033957376,0,0.01745554032293462,0.22438729772277707
1.0,0.5,4.0,4.0,0.0025,0.005,1.0,200,cond_mean,0,0.9999507681795836,2.0031207119452366,0.5059584553119322,0.0021221632891984775,0,0.013530508740282885,0.22438729772277707
1.0,0.5,4.0,4.0,0.0025,0.005,2.0,400,cond_mean,0,1.0003333150608678,2.007975111267996,0.5052182006167266,0.0030626712273440666,0,0.018670713071290475,0.22438729772277707
1.0,0.5,4.0,4.0,0.0025,0.005,3.5,700,cond_mean,0,0.9995636418705541,2.0119836042616823,0.49054389555378436,0.0025735565598088463,0,0.022132627589610685,0.22438729772277707
1.0,0.5,4.0,4.0,0.0025,0.005,5.0,1000,cond_mean,0,0.9997423924867457,2.029986682023915,0.49100945153119646,0.002114228159385799,0,0.0380212976162172,0.22438729772277707
1.0,0.5,4.0,4.0,0.0025,0.005,10.0,2000,cond_mean,0,0.9997643718952258,2.044359075947229,0.5013325066672109,0.001768201026475144,0,0.05197497504330162,0.22438729772277707
1.0,0.5,4.0,4.0,0.0025,0.005,20.0,4000,cond_mean,0,0.999925801943754,2.0544125303566196,0.5087796770919298,0.0023757334645715875,0,0.06472145513722133,0.22438729772277707
1.0,0.5,4.0,4.0,0.0025,0.005,0.5,100,cond_mean,1,1.0000092077119913,2.0011162971011833,0.4988912400055806,0.0017123423686510493,0,0.008623602204814163,0.22393685128606325
1.0,0.5,4.0,4.0,0.0025,0.005,1.0,200,cond_mean,1,1.0001234547936453,1.995357897489841,0.5017758649677952,0.00131371419167608,0,0.008649847812463474,0.22393685128606325
1.0,0.5,4.0,4.0,0.0025,0.005,2.0,400,cond_mean,1,0.999938391885512,1.9952234300374694,0.49637424202800967,0.0025923733460002218,0,0.014629689099812002,0.22393685128606325
1.0,0.5,4.0,4.0,0.0025,0.005,3.5,700,cond_mean,1,1.0002370922275,1.9706875085969442,0.501325035757464,0.001895371753744914,0,0.03511027545713603,0.22393685128606325
1.0,0.5,4.0,4.0,0.0025,0.005,5.0,1000,cond_mean,1,1.0005979862474268,1.960575421751872,0.5076881232379131,0.0032545147457244813,0,0.04890168028661152,0.22393685128606325
1.0,0.5,4.0,4.0,0.0025,0.005,10.0,2000,cond_mean,1,1.0000663290030352,1.9313823500523362,0.500462120740228,0.002148825392982087,0,0.0799150069594117,0.22393685128606325
1.0,0.5,4.0,4.0,0.0025,0.005,20.0,4000,cond_mean,1,1.000286753910352,1.8808743839026014,0.506463729593391,0.003262353345705407,0,0.1382301241473513,0.22393685128606325
1.0,0.5,4.0,4.0,0.0025,0.005,0.5,100,cond_mean,2,1.0003310645170054,1.989862345618323,0.507023165717661,0.0018745810146201403,0,0.0171675647828147,0.22303240485156753
1.0,0.5,4.0,4.0,0.0025,0.005,1.0,200,cond_mean,2,1.000542962852389,1.9866354136947268,0.5116455462614397,0.002960870434632986,0,0.025498745381458878,0.22303240485156753
1.0,0.5,4.0,4.0,0.0025,0.005,2.0,400,cond_mean,2,1.0003024788818926,2.00085701261151,0.5093569870051369,0.003307461286997779,0,0.02001888662279595,0.22303240485156753
1.0,0.5,4.0,4.0,0.0025,0.005,3.5,700,cond_mean,2,1.0001417627441376,1.9893529365705205,0.49865226510303995,0.0028999849743442155,0,0.018926386789534396,0.22303240485156753
1.0,0.5,4.0,4.0,0.0025,0.005,5.0,1000,cond_mean,2,1.0000920505338937,2.0083885576742717,0.5031789908746994,0.001504918537227883,0,0.012814194431510677,0.22303240485156753
1.0,0.5,4.0,4.0,0.0025,0.005,10.0,2000,cond_mean,2,0.9998381005672551,2.009447302657267,0.500492881264308,0.0016464447948109713,0,0.013629996490450269,0.22303240485156753
1.0,0.5,4.0,4.0,0.0025,0.005,20.0,4000,cond_mean,2,1.00032739719453,1.9971011877665121,0.5071932830993081,0.0023307475722326976,0,0.014806637629243202,0.22303240485156753
1.0,0.5,4.0,4.0,0.0025,0.005,0.5,100,cond_mean,3,0.9999246887518922,2.001024992386203,0.5023638414631653,0.003088172867983268,0,0.015545509675251286,0.2238893690020112
1.0,0.5,4.0,4.0,0.0025,0.005,1.0,200,cond_mean,3,1.000227011313577,2.0050985991732624,0.5052051336504827,0.0019323543627496717,0,0.012874867229684964,0.2238893690020112
1.0,0.5,4.0,4.0,0.0025,0.005,2.0,400,cond_mean,3,1.0004298289062419,1.9998542964152246,0.5083424199711598,0.002542942575698893,0,0.016114178000757366,0.2238893690020112
1.0,0.5,4.0,4.0,0.0025,0.005,3.5,700,cond_mean,3,0.9999309977920116,2.000079675342716,0.5038379945595943,0.0021925234492090316,0,0.01193973534534062,0.2238893690020112
1.0,0.5,4.0,4.0,0.0025,0.005,5.0,1000,cond_mean,3,1.0004581283501106,1.9921137638312187,0.5209604646155493,0.002197537193796246,0,0.02990376559145549,0.2238893690020112
1.0,0.5,4.0,4.0,0.0025,0.005,10.0,2000,cond_mean,3,0.9999696470547534,1.973967175894441,0.5006901358463365,0.0015938717536743015,0,0.03106736011690557,0.2238893690020112
1.0,0.5,4.0,4.0,0.0025,0.005,20.0,4000,cond_mean,3,0.9999675291260746,1.958896954443375,0.5105683813673821,0.0015528341086925193,0,0.04981513290423889,0.2238893690020112
1.0,0.5,4.0,4.0,0.0025,0.005,0.5,100,cond_mean,4,0.9999507717404744,1.9875892782455595,0.4969746074982976,0.0015336284041892866,0,0.01666807247958909,0.22598194043218559
1.0,0.5,4.0,4.0,0.0025,0.005,1.0,200,cond_mean,4,0.9998464089278508,1.963938194466519,0.4986444612932843,0.0016598485270348444,0,0.04249040789221696,0.22598194043218559
1.0,0.5,4.0,4.0,0.0025,0.005,2.0,400,cond_mean,4,1.0001985393038213,1.944292410246918,0.5081336331332788,0.0023717417308979387,0,0.06597610709748895,0.22598194043218559
1.0,0.5,4.0,4.0,0.0025,0.005,3.5,700,cond_mean,4,1.0004265926075637,1.9395630114598073,0.5006972775686835,0.003496085836994381,0,0.07183452360370711,0.22598194043218559
1.0,0.5,4.0,4.0,0.0025,0.005,5.0,1000,cond_mean,4,0.9999600740077134,1.934965120538958,0.5006430553836291,0.0015678562506512205,0,0.07545008293295899,0.22598194043218559
1.0,0.5,4.0,4.0,0.0025,0.005,10.0,2000,cond_mean,4,1.0001251907807862,1.9552228681080739,0.4950023630583269,0.0018610119249866687,0,0.05308491059047978,0.22598194043218559
1.0,0.5,4.0,4.0,0.0025,0.005,20.0,4000,cond_mean,4,0.9999236484378408,1.9739983473119587,0.49509494474209664,0.0016993607094321819,0,0.031875125454067746,0.22598194043218559
1.0,0.5,4.0,4.0,0.0025,0.005,0.5,100,cond_mean,5,1.0001662880755902,2.006421234369166,0.5032766084007606,0.001143813797554374,0,0.010116095579357389,0.22413595243623213
1.0,0.5,4.0,4.0,0.0025,0.005,1.0,200,cond_mean,5,1.0002223200893332,2.008088725121918,0.5057212348432902,0.0020332374949925285,0,0.015383847667059093,0.22413595243623213
1.0,0.5,4.0,4.0,0.0025,0.005,2.0,400,cond_mean,5,1.0002445833405806,2.009845215255679,0.5024278514308866,0.0018044681524093259,0,0.014684360574688235,0.22413595243623213
1.0,0.5,4.0,4.0,0.0025,0.005,3.5,700,cond_mean,5,0.9996278259958071,2.006055718710205,0.4982921802742361,0.0017688850206701132,0,0.011358904600287585,0.22413595243623213
1.0,0.5,4.0,4.0,0.0025,0.005,5.0,1000,cond_mean,5,0.9999482506332676,2.005276409460558,0.5040030535281614,0.0015506939409435255,0,0.01111504739528354,0.22413595243623213
1.0,0.5,4.0,4.0,0.0025,0.005,10.0,2000,cond_mean,5,1.0000394200433007,2.0147674959965776,0.5045798955726034,0.0015856852102282997,0,0.019619299170401314,0.22413595243623213
1.0,0.5,4.0,4.0,0.0025,0.005,20.0,4000,cond_mean,5,1.0000536080772031,2.047634259493395,0.5116511082843647,0.0018448958581691688,0,0.05735147713136879,0.22413595243623213
1.0,0.5,4.0,4.0,0.0025,0.005,0.5,100,cond_mean,6,1.0002395812035567,2.00716245420569,0.5093059611926491,0.001941765196132025,0,0.017216454369630353,0.2237130714347586
1.0,0.5,4.0,4.0,0.0025,0.005,1.0,200,cond_mean,6,1.0000837575246952,2.0195015176143114,0.5059497411776519,0.0016620952858984563,0,0.025099697655462577,0.2237130714347586
1.0,0.5,4.0,4.0,0.0025,0.005,2.0,400,cond_mean,6,0.9999633867670843,2.0286100662317517,0.49733340606719256,0.0019067425893681239,0,0.03452458586347635,0.2237130714347586
1.0,0.5,4.0,4.0,0.0025,0.005,3.5,700,cond_mean,6,0.9997092594925676,2.0174913676149124,0.48521848898033065,0.0018834718918038027,0,0.029283676876638867,0.2237130714347586
1.0,0.5,4.0,4.0,0.0025,0.005,5.0,1000,cond_mean,6,0.9998038056867384,2.020735367754886,0.48693737730814635,0.002833495453997958,0,0.03263857750243689,0.2237130714347586
1.0,0.5,4.0,4.0,0.0025,0.005,10.0,2000,cond_mean,6,1.0001472493888228,2.038818894433258,0.5062730667410782,0.0027063363239823476,0,0.04732975992205602,0.2237130714347586
1.0,0.5,4.0,4.0,0.0025,0.005,20.0,4000,cond_mean,6,0.9998289350308631,2.014850198519941,0.5051865134435558,0.0027566131551920526,0,0.0229951901857639,0.2237130714347586
1.0,0.5,4.0,4.0,0.0025,0.005,0.5,100,cond_mean,7,0.9999710644858041,1.990705414338327,0.4984776848631135,0.002869713518628095,0,0.017799330634087174,0.22352501784916967
1.0,0.5,4.0,4.0,0.0025,0.005,1.0,200,cond_mean,7,0.9999815771920582,1.9865498955955843,0.5003160858996599,0.0016695748327785413,0,0.017562812062678557,0.22352501784916967
1.0,0.5,4.0,4.0,0.0025,0.005,2.0,400,cond_mean,7,1.0001341881907138,1.982337047719953,0.5034086256881053,0.002619794352191999,0,0.02445892615203658,0.22352501784916967
1.0,0.5,4.0,4.0,0.0025,0.005,3.5,700,cond_mean,7,0.9997494376618823,1.9848980549129798,0.49950588609899665,0.0028708170482395733,0,0.02244155787520451,0.22352501784916967
1.0,0.5,4.0,4.0,0.0025,0.005,5.0,1000,cond_mean,7,0.99981649350608,1.986282960269326,0.4987886012004175,0.001790561183045957,0,0.0181719119804129,0.22352501784916967
1.0,0.5,4.0,4.0,0.0025,0.005,10.0,2000,cond_mean,7,1.0000052498561718,2.037119662554697,0.49653120371681836,0.0014812966307930363,0,0.043785100804253595,0.22352501784916967
1.0,0.5,4.0,4.0,0.0025,0.005,20.0,4000,cond_mean,7,0.9996802403424072,1.988047274276157,0.49463401653436456,0.0032968704497411635,0,0.022227072131742187,0.22352501784916967
1.0,0.5,4.0,4.0,0.0025,0.005,0.5,100,cond_mean,8,1.0003039825674804,1.9994818916850376,0.504835378637553,0.00207686760093735,0,0.011760979934206387,0.22444655357061752
1.0,0.5,4.0,4.0,0.0025,0.005,1.0,200,cond_mean,8,1.0001506254706123,1.9969513371277055,0.5034588065444411,0.0016957841606676858,0,0.009991260388243233,0.22444655357061752
1.0,0.5,4.0,4.0,0.0025,0.005,2.0,400,cond_mean,8,1.000042607355268,1.994798563127592,0.5036994467391493,0.0013415331767162812,0,0.01009123855543564,0.22444655357061752
1.0,0.5,4.0,4.0,0.0025,0.005,3.5,700,cond_mean,8,1.0001342508291848,1.9846241909088416,0.5067793591653896,0.0017551715400626786,0,0.021480900483870875,0.22444655357061752
1.0,0.5,4.0,4.0,0.0025,0.005,5.0,1000,cond_mean,8,0.9999689640319622,1.9965677090341085,0.5045360620092876,0.0014676247164004562,0,0.010171596401132769,0.22444655357061752
1.0,0.5,4.0,4.0,0.0025,0.005,10.0,2000,cond_mean,8,1.000081458255261,1.9856345222160505,0.505729649521066,0.0019373511657348936,0,0.020421321900000004,0.22444655357061752
1.0,0.5,4.0,4.0,0.0025,0.005,20.0,4000,cond_mean,8,0.999953380175094,2.005042645897042,0.49929454362009856,0.0019090906401117364,0,0.01106304801101229,0.22444655357061752
1.0,0.5,4.0,4.0,0.0025,0.005,0.5,100,cond_mean,9,1.0002726185685862,2.0048677238745625,0.508257465114171,0.0016957808563916885,0,0.014386470032648115,0.22210631557806795
1.0,0.5,4.0,4.0,0.0025,0.005,1.0,200,cond_mean,9,1.000177259610971,2.0086091605087155,0.5089892907247227,0.0028322809707704605,0,0.020543511827600454,0.22210631557806795
1.0,0.5,4.0,4.0,0.0025,0.005,2.0,400,cond_mean,9,0.9999776169858886,2.0024892958573193,0.5121704043335136,0.0022162528179630603,0,0.01946631862930646,0.22210631557806795
1.0,0.5,4.0,4.0,0.0025,0.005,3.5,700,cond_mean,9,1.0002318223148101,2.003649412437604,0.5109378889006112,0.001608068569666853,0,0.01642895182007439,0.22210631557806795
1.0,0.5,4.0,4.0,0.0025,0.005,5.0,1000,cond_mean,9,0.999995909786375,2.0120907501493255,0.49819663124081925,0.0017932256404581024,0,0.01668123050272577,0.22210631557806795
1.0,0.5,4.0,4.0,0.0025,0.005,10.0,2000,cond_mean,9,0.999772795921317,2.026456516831285,0.4975068610910503,0.0017120452261230581,0,0.03185918024117282,0.22210631557806795
1.0,0.5,4.0,4.0,0.0025,0.005,20.0,4000,cond_mean,9,0.999730785318656,2.0287732286985634,0.4986238001789807,0.0016977296776427503,0,0.034312681185634894,0.22210631557806795
1.0,0.5,4.0,4.0,0.0025,0.005,0.5,100,cond_mean,10,1.0002444687875707,1.986980559426725,0.5032285303433252,0.0015259048956075682,0,0.01721654912854978,0.2301114702963137
1.0,0.5,4.0,4.0,0.0025,0.005,1.0,200,cond_mean,10,1.00006503995531,1.9865044585700316,0.5009672788107616,0.0024164821337188964,0,0.019610096971127904,0.2301114702963137
1.0,0.5,4.0,4.0,0.0025,0.005,2.0,400,cond_mean,10,1.0001444906926564,1.9813438011252409,0.5017071938145284,0.0014776635582215629,0,0.022805687772146924,0.2301114702963137
1.0,0.5,4.0,4.0,0.0025,0.005,3.5,700,cond_mean,10,1.0000852016455521,1.9710023467534143,0.49805983804920917,0.001696198228488808,0,0.034635600067762486,0.2301114702963137
1.0,0.5,4.0,4.0,0.0025,0.005,5.0,1000,cond_mean,10,0.9999169732143512,1.9536583829158491,0.49546428787537583,0.0026928602417097074,0,0.05547375902955143,0.2301114702963137
1.0,0.5,4.0,4.0,0.0025,0.005,10.0,2000,cond_mean,10,0.9998970214366677,2.0061069651277226,0.4806565520458156,0.0016213854603202135,0,0.027528273336116467,0.2301114702963137
1.0,0.5,4.0,4.0,0.0025,0.005,20.0,4000,cond_mean,10,1.0003079777802226,2.0338821078904536,0.49863742592229077,0.0020318240063433254,0,0.040486114456057966,0.2301114702963137
1.0,0.5,4.0,4.0,0.0025,0.005,0.5,100,cond_mean,11,1.0000588593266087,1.999668340695643,0.4988301419887985,0.001990344937922968,0,0.009915097960368388,0.23884961898771248
1.0,0.5,4.0,4.0,0.0025,0.005,1.0,200,cond_mean,11,0.999907819801425,1.9853621582501069,0.4919804027764998,0.002387319668930679,0,0.023047389611799682,0.23884961898771248
1.0,0.5,4.0,4.0,0.0025,0.005,2.0,400,cond_mean,11,0.9997138758418835,1.966126977555571,0.48835758718855904,0.0016021685919954765,0,0.04268911565866258,0.23884961898771248
1.0,0.5,4.0,4.0,0.0025,0.005,3.5,700,cond_mean,11,1.0001328746054776,1.9731049465092603,0.49661639589941653,0.0014577242453423652,0,0.03227735866364746,0.23884961898771248
1.0,0.5,4.0,4.0,0.0025,0.005,5.0,1000,cond_mean,11,1.000060384083178,1.962623750567113,0.49515647350644326,0.0016796141445911891,0,0.04450833707218067,0.23884961898771248
1.0,0.5,4.0,4.0,0.0025,0.005,10.0,2000,cond_mean,11,1.000378998167694,1.9795341376679219,0.4960338096112311,0.0020226558592734713,0,0.02643444092578977,0.23884961898771248
1.0,0.5,4.0,4.0,0.0025,0.005,20.0,4000,cond_mean,11,1.0000087392656876,2.006524009813069,0.5018147482072587,0.0014215210014930778,0,0.010523955731491326,0.23884961898771248
1.0,0.5,4.0,4.0,0.0025,0.005,0.5,100,cond_mean,12,0.999889260883579,2.007458941697976,0.49509311952099777,0.0023019638392083796,0,0.015494523269972183,0.22995524399448186
1.0,0.5,4.0,4.0,0.0025,0.005,1.0,200,cond_mean,12,0.9998858482591663,1.9951794366860192,0.49609170575807365,0.0020293901150223305,0,0.012424064067628455,0.22995524399448186
1.0,0.5,4.0,4.0,0.0025,0.005,2.0,400,cond_mean,12,1.0005241587147138,1.9833008845774465,0.5071846953773429,0.002831685440060759,0,0.025268589505700913,0.22995524399448186
1.0,0.5,4.0,4.0,0.0025,0.005,3.5,700,cond_mean,12,1.0000660100563197,1.9854132177652017,0.5010071827681325,0.0022193169289818236,0,0.02009448415299044,0.22995524399448186
1.0,0.5,4.0,4.0,0.0025,0.005,5.0,1000,cond_mean,12,1.0001545704195693,1.9840898055928409,0.5075101919235867,0.0017509159872387894,0,0.02231525227594497,0.22995524399448186
1.0,0.5,4.0,4.0,0.0025,0.005,10.0,2000,cond_mean,12,1.000091121857885,1.9739067017405658,0.5008545263806194,0.00155844632989196,0,0.03108823850352768,0.22995524399448186
1.0,0.5,4.0,4.0,0.0025,0.005,20.0,4000,cond_mean,12,1.000096424393492,1.9705031429883624,0.5009687031503386,0.0015295380530187704,0,0.03488345317578542,0.22995524399448186
1.0,0.5,4.0,4.0,0.0025,0.005,0.5,100,cond_mean,13,0.9998600091631114,1.9988508988866436,0.48877523431960523,0.0014637693430933707,0,0.016222351296458402,0.22600133928270744
1.0,0.5,4.0,4.0,0.0025,0.005,1.0,200,cond_mean,13,0.9998566215562665,1.9987285474559915,0.493830264761553,0.0022988929149261833,0,0.013795106868664463,0.22600133928270744
1.0,0.5,4.0,4.0,0.0025,0.005,2.0,400,cond_mean,13,0.9999042995049144,1.9895378466550455,0.49280976699798973,0.0015598681816265236,0,0.017049317407623277,0.22600133928270744
1.0,0.5,4.0,4.0,0.0025,0.005,3.5,700,cond_mean,13,0.9999601348468841,1.995654877369668,0.48936163549960293,0.0014966292083908703,0,0.016542727142664818,0.22600133928270744
1.0,0.5,4.0,4.0,0.0025,0.005,5.0,1000,cond_mean,13,0.9997024444557455,2.0183539963880643,0.48902512152296335,0.001990466947264621,0,0.02720715711612441,0.22600133928270744
1.0,0.5,4.0,4.0,0.0025,0.005,10.0,2000,cond_mean,13,0.9998624615809216,1.9968617164585871,0.49940525352396237,0.002171610706377949,0,0.011277475874530478,0.22600133928270744
1.0,0.5,4.0,4.0,0.0025,0.005,20.0,4000,cond_mean,13,0.9998910280154639,1.9877605223453318,0.4967512021961518,0.0017523550780871337,0,0.01705575798422797,0.22600133928270744
1.0,0.5,4.0,4.0,0.0025,0.005,0.5,100,cond_mean,14,0.9999902158964604,2.008030035587246,0.5042580647105296,0.0017145564389571147,0,0.01369407575541036,0.22787908328297948
1.0,0.5,4.0,4.0,0.0025,0.005,1.0,200,cond_mean,14,0.999916079951211,1.9930790089212134,0.5018573893880124,0.0025663935193617577,0,0.015150664092481045,0.22787908328297948
1.0,0.5,4.0,4.0,0.0025,0.005,2.0,400,cond_mean,14,1.0002179010404941,1.9873945846556118,0.5127182319724222,0.0022743620162248572,0,0.024448618104616116,0.22787908328297948
1.0,0.5,4.0,4.0,0.0025,0.005,3.5,700,cond_mean,14,1.000020945572093,1.992183442984037,0.5053028532935732,0.0024235479220274725,0,0.016462159652530603,0.22787908328297948
1.0,0.5,4.0,4.0,0.0025,0.005,5.0,1000,cond_mean,14,1.0000125721249749,1.9773568768622356,0.5018507502387303,0.0020162155245903334,0,0.028044440018258697,0.22787908328297948
1.0,0.5,4.0,4.0,0.0025,0.005,10.0,2000,cond_mean,14,1.0001971407909809,2.038250393722505,0.5128971389458745,0.002146319824495241,0,0.048098419794034515,0.22787908328297948
1.0,0.5,4.0,4.0,0.0025,0.005,20.0,4000,cond_mean,14,0.9999883890477514,2.059305662285195,0.5003741065161187,0.001759160401923133,0,0.06900855616465656,0.22787908328297948
1.0,0.5,4.0,4.0,0.0025,0.005,0.5,100,cond_mean,15,1.0002971425204084,2.0005415324646103,0.5052617134315939,0.0026527498426312944,0,0.014519330122275057,0.2268311845837161
1.0,0.5,4.0,4.0,0.0025,0.005,1.0,200,cond_mean,15,1.0000838718313876,1.9941939892488367,0.5023115265491161,0.001313702154663672,0,0.009724541502207008,0.2268311845837161
1.0,0.5,4.0,4.0,0.0025,0.005,2.0,400,cond_mean,15,0.9998462452673205,2.00544414039715,0.5009042994563747,0.0021760075503192483,0,0.012500447722199735,0.2268311845837161
1.0,0.5,4.0,4.0,0.0025,0.005,3.5,700,cond_mean,15,1.0001096943398848,1.9938540390927286,0.5000242014174714,0.002052852422188202,0,0.012329885585173898,0.2268311845837161
1.0,0.5,4.0,4.0,0.0025,0.005,5.0,1000,cond_mean,15,1.0001837206288655,1.9970224120815236,0.4985729178514896,0.0018934712798080616,0,0.010192864377253329,0.2268311845837161
1.0,0.5,4.0,4.0,0.0025,0.005,10.0,2000,cond_mean,15,1.0001025920941577,2.0004478799857575,0.49904778296279445,0.0013634764390348393,0,0.0068832038727343,0.2268311845837161
1.0,0.5,4.0,4.0,0.0025,0.005,20.0,4000,cond_mean,15,0.999772609414843,2.017337790874002,0.49710410552946865,0.0025338068313683544,0,0.02381414199203095,0.2268311845837161
1.0,0.5,4.0,4.0,0.0025,0.005,0.5,100,cond_mean,16,1.0001489341437992,2.009548929277777,0.5023507927999967,0.0013812867192009128,0,0.013235117781566372,0.224639112994607
1.0,0.5,4.0,4.0,0.0025,0.005,1.0,200,cond_mean,16,1.0002080047178992,2.0058789446522862,0.5026494100922009,0.0018312675673760723,0,0.011694627236267813,0.224639112994607
1.0,0.5,4.0,4.0,0.0025,0.005,2.0,400,cond_mean,16,1.0000140448746857,2.0072331174427633,0.5052318476071997,0.0020235747934755966,0,0.014614599892639007,0.224639112994607
1.0,0.5,4.0,4.0,0.0025,0.005,3.5,700,cond_mean,16,0.9999595358690888,1.9971042585741894,0.5031860457259896,0.002069182345916126,0,0.011511397438463472,0.224639112994607
1.0,0.5,4.0,4.0,0.0025,0.005,5.0,1000,cond_mean,16,0.9999000593686067,1.992770009690293,0.5086970734755711,0.0018278709107656696,0,0.016865511231493727,0.224639112994607
1.0,0.5,4.0,4.0,0.0025,0.005,10.0,2000,cond_mean,16,0.9998344101162806,1.9909058348903075,0.49929891349997246,0.0018614844602135743,0,0.013944745462151903,0.224639112994607
1.0,0.5,4.0,4.0,0.0025,0.005,20.0,4000,cond_mean,16,0.9998223496781408,2.0170489674956893,0.5139335142185114,0.002381827154430753,0,0.02945159861202639,0.224639112994607
1.0,0.5,4.0,4.0,0.0025,0.005,0.5,100,cond_mean,17,0.9998126137400772,2.0088640741655084,0.4978828810828259,0.0017420292942442565,0,0.013583065140457233,0.22584041672027005
1.0,0.5,4.0,4.0,0.0025,0.005,1.0,200,cond_mean,17,1.0001584778631867,2.021057037371767,0.4944496256655452,0.001850166688038296,0,0.02716659818221541,0.22584041672027005
1.0,0.5,4.0,4.0,0.0025,0.005,2.0,400,cond_mean,17,0.9998037517090699,2.031309297949399,0.49056832673741213,0.0019762275489113423,0,0.039435409599246726,0.22584041672027005
1.0,0.5,4.0,4.0,0.0025,0.005,3.5,700,cond_mean,17,1.0003145505094524,2.0420360217000773,0.5076452538790327,0.003654103556010195,0,0.05254267033774854,0.22584041672027005
1.0,0.5,4.0,4.0,0.0025,0.005,5.0,1000,cond_mean,17,1.0002749744842288,2.0394890359356244,0.5020043113641022,0.002730655665236926,0,0.047551685328804855,0.22584041672027005
1.0,0.5,4.0,4.0,0.0025,0.005,10.0,2000,cond_mean,17,0.9996728894649192,2.0182766703183783,0.5006490832165663,0.0027233148021698766,0,0.02507046724029826,0.22584041672027005
1.0,0.5,4.0,4.0,0.0025,0.005,20.0,4000,cond_mean,17,0.9996883419754287,2.027513515705268,0.4966595840861841,0.0017483711731586307,0,0.03318431955595699,0.22584041672027005
1.0,0.5,4.0,4.0,0.0025,0.005,0.5,100,cond_mean,18,0.9999949337137861,1.9823939337666752,0.4977449720358729,0.0020111301857395863,0,0.02281117915362405,0.22807900600933603
1.0,0.5,4.0,4.0,0.0025,0.005,1.0,200,cond_mean,18,0.9999793048491807,1.990295673907111,0.49511264878698313,0.0017331631508653424,0,0.01547527599411462,0.22807900600933603
1.0,0.5,4.0,4.0,0.0025,0.005,2.0,400,cond_mean,18,0.9996244120889971,2.005324911671636,0.48976727266493003,0.001756635353963343,0,0.016597611241702205,0.22807900600933603
1.0,0.5,4.0,4.0,0.0025,0.005,3.5,700,cond_mean,18,0.9996961241400999,1.9870227064728772,0.5007182140341665,0.002355624571400406,0,0.019036647061782742,0.22807900600933603
1.0,0.5,4.0,4.0,0.0025,0.005,5.0,1000,cond_mean,18,1.000052909996856,1.9845809605488784,0.5044108900842805,0.0012873558838755893,0,0.01968053955701769,0.22807900600933603
1.0,0.5,4.0,4.0,0.0025,0.005,10.0,2000,cond_mean,18,1.000251168870144,1.9590523108579425,0.4984945396900054,0.0024122493209457457,0,0.04884319951499442,0.22807900600933603
1.0,0.5,4.0,4.0,0.0025,0.005,20.0,4000,cond_mean,18,1.0003231748457382,1.9437723608122162,0.4983282959465867,0.002184814619378948,0,0.06590700682574374,0.22807900600933603
1.0,0.5,4.0,4.0,0.0025,0.005,0.5,100,cond_mean,19,1.0002835785041113,2.0108274646405655,0.508246890974321,0.0016179729470400207,0,0.017985535672550287,0.2263256011397711
1.0,0.5,4.0,4.0,0.0025,0.005,1.0,200,cond_mean,19,1.0001627384318996,2.01318171765161,0.508586779671171,0.0013069526448095212,0,0.019761106700039537,0.2263256011397711
1.0,0.5,4.0,4.0,0.0025,0.005,2.0,400,cond_mean,19,0.9998687513100503,2.0047734601131637,0.4932744749508485,0.001809582238634425,0,0.013510162691033903,0.2263256011397711
1.0,0.5,4.0,4.0,0.0025,0.005,3.5,700,cond_mean,19,1.0000992615651256,2.0235874600539914,0.49745263722503463,0.0023698600688612484,0,0.029851368043917824,0.2263256011397711
1.0,0.5,4.0,4.0,0.0025,0.005,5.0,1000,cond_mean,19,0.9998839415760681,2.0143427869197366,0.490869966303242,0.001677026338199423,0,0.02201702019223138,0.2263256011397711
1.0,0.5,4.0,4.0,0.0025,0.005,10.0,2000,cond_mean,19,1.0000891489760466,2.035960764684463,0.493560129534293,0.0020439098470395375,0,0.04376890987803387,0.2263256011397711
1.0,0.5,4.0,4.0,0.0025,0.005,20.0,4000,cond_mean,19,1.0001774478094265,2.0704040045059235,0.49857917291345644,0.0011678967847337793,0,0.08157625030709806,0.2263256011397711
1.0,0.5,4.0,4.0,0.0025,0.005,0.5,100,cond_mean,20,0.9999057183500915,1.9960739118192838,0.4983737814472611,0.0024330618425484046,0,0.012922994488585079,0.23177095229870506
1.0,0.5,4.0,4.0,0.0025,0.005,1.0,200,cond_mean,20,0.9998121564278204,1.9836163080746647,0.4975767917621117,0.002136464819861392,0,0.021842058722553997,0.23177095229870506
1.0,0.5,4.0,4.0,0.0025,0.005,2.0,400,cond_mean,20,0.9998649652177423,1.9891718902887843,0.5042456221082884,0.001789320219928996,0,0.016346980121914687,0.23177095229870506
1.0,0.5,4.0,4.0,0.0025,0.005,3.5,700,cond_mean,20,1.0003155884672446,2.028109181646052,0.5106196715082457,0.003112888008762072,0,0.038233990020752194,0.23177095229870506
1.0,0.5,4.0,4.0,0.0025,0.005,5.0,1000,cond_mean,20,1.000199363737414,2.000482692981648,0.5126011042708777,0.0019010203507643633,0,0.01856385211633786,0.23177095229870506
1.0,0.5,4.0,4.0,0.0025,0.005,10.0,2000,cond_mean,20,1.0000210404810697,2.042526170750141,0.5102360929587028,0.0015519103921395117,0,0.051235391611429516,0.23177095229870506
1.0,0.5,4.0,4.0,0.0025,0.005,20.0,4000,cond_mean,20,1.000044761413114,2.0444713549364413,0.5028283481181592,0.0013694646756145018,0,0.051831537067370495,0.23177095229870506
1.0,0.5,4.0,4.0,0.0025,0.005,0.5,100,cond_mean,21,0.9999928288476576,1.9955347794432452,0.4949269575924131,0.0017110654767743387,0,0.011892290416886147,0.2316438988616158
1.0,0.5,4.0,4.0,0.0025,0.005,1.0,200,cond_mean,21,1.0000615499116419,1.9952126077222645,0.4968809882895401,0.0018234547694166265,0,0.01133745489468733,0.2316438988616158
1.0,0.5,4.0,4.0,0.0025,0.005,2.0,400,cond_mean,21,1.000168081610061,2.0058341572278175,0.4981247305363784,0.001904454734555807,0,0.01188499420519928,0.2316438988616158
1.0,0.5,4.0,4.0,0.0025,0.005,3.5,700,cond_mean,21,1.0000173051586287,2.0256037245651495,0.5031755973446025,0.0013702097514334947,0,0.030546658476187705,0.2316438988616158
1.0,0.5,4.0,4.0,0.0025,0.005,5.0,1000,cond_mean,21,1.0002156930907362,2.0240239407284597,0.5041574234458293,0.00262669718580573,0,0.03100259802479578,0.2316438988616158
1.0,0.5,4.0,4.0,0.0025,0.005,10.0,2000,cond_mean,21,0.999996224669939,2.031597406468802,0.4861223749564633,0.002834124735575932,0,0.04315007497061598,0.2316438988616158
1.0,0.5,4.0,4.0,0.0025,0.005,20.0,4000,cond_mean,21,1.0000984688139414,2.030078029209667,0.4938806261632139,0.0019687045733985525,0,0.03712176605188781,0.2316438988616158
1.0,0.5,4.0,4.0,0.0025,0.005,0.5,100,cond_mean,22,1.000195389746348,1.9929604516439747,0.500591180395851,0.0015350673789682077,0,0.01111883866704877,0.22816679157715822
1.0,0.5,4.0,4.0,0.0025,0.005,1.0,200,cond_mean,22,1.0001252753467704,1.9863108810474028,0.502737914693377,0.00225664871632114,0,0.019572958807457293,0.22816679157715822
1.0,0.5,4.0,4.0,0.0025,0.005,2.0,400,cond_mean,22,1.0001211554719325,1.9925122809112106,0.49432243115152674,0.0019341287803562699,0,0.015004204939114649,0.22816679157715822
1.0,0.5,4.0,4.0,0.0025,0.005,3.5,700,cond_mean,22,0.999992732623747,1.983475078434312,0.4977815018171712,0.0016001068485714351,0,0.02085630319133428,0.22816679157715822
1.0,0.5,4.0,4.0,0.0025,0.005,5.0,1000,cond_mean,22,1.0002324748773277,1.9799633587702972,0.5028181988401875,0.0019865428583057685,0,0.025303257358097568,0.22816679157715822
1.0,0.5,4.0,4.0,0.0025,0.005,10.0,2000,cond_mean,22,1.0000053801885347,1.9926831529772298,0.5086316701314009,0.0018159248715195096,0,0.016653035732427816,0.22816679157715822
1.0,0.5,4.0,4.0,0.0025,0.005,20.0,4000,cond_mean,22,1.0000174982803505,2.0362934090058578,0.49526699676527536,0.0025264394193094,0,0.044186030192230226,0.22816679157715822
1.0,0.5,4.0,4.0,0.0025,0.005,0.5,100,cond_mean,23,1.0000315281399097,2.0055793667420376,0.49862119582991027,0.0018324601023676054,0,0.011224426824851712,0.2238041428583009
1.0,0.5,4.0,4.0,0.0025,0.005,1.0,200,cond_mean,23,0.9998573194302395,2.000805068284737,0.4997011492886763,0.001466054656414308,0,0.007279264024094976,0.2238041428583009
1.0,0.5,4.0,4.0,0.0025,0.005,2.0,400,cond_mean,23,1.0000336610406817,2.002638943504087,0.5065690079791253,0.001626445207775915,0,0.012049086845200412,0.2238041428583009
1.0,0.5,4.0,4.0,0.0025,0.005,3.5,700,cond_mean,23,0.9998206635284903,2.0150937406944216,0.5068815396937866,0.0017790581537856993,0,0.02162350094325403,0.2238041428583009
1.0,0.5,4.0,4.0,0.0025,0.005,5.0,1000,cond_mean,23,1.000066811080592,2.0223873497207676,0.5042520739385572,0.0016446276853305153,0,0.027558712382937514,0.2238041428583009
1.0,0.5,4.0,4.0,0.0025,0.005,10.0,2000,cond_mean,23,1.0002371706652833,2.004586665962551,0.5151994514272631,0.0018626231129824792,0,0.022031531841002407,0.2238041428583009
1.0,0.5,4.0,4.0,0.0025,0.005,20.0,4000,cond_mean,23,0.9999959050577676,2.0099149138091392,0.5011725566937533,0.0015622929579812584,0,0.013854898500814734,0.2238041428583009
1.0,0.5,4.0,4.0,0.0025,0.005,0.5,100,cond_mean,24,1.0001510590466325,1.9907320867066447,0.49429157462545265,0.0015681805840296677,0,0.01535647032299871,0.2253396370049034
1.0,0.5,4.0,4.0,0.0025,0.005,1.0,200,cond_mean,24,1.0001266179237576,1.988273045118932,0.49942486239866557,0.001550725717045536,0,0.015576982480338454,0.2253396370049034
1.0,0.5,4.0,4.0,0.0025,0.005,2.0,400,cond_mean,24,0.9997111980816098,1.9855372395156652,0.49627246566813715,0.0030694557438660855,0,0.022979563455732044,0.2253396370049034
1.0,0.5,4.0,4.0,0.0025,0.005,3.5,700,cond_mean,24,1.0001174785560272,1.9959738119104256,0.4974241041782304,0.002805420967649303,0,0.014996290865932195,0.2253396370049034
1.0,0.5,4.0,4.0,0.0025,0.005,5.0,1000,cond_mean,24,0.9998833414774863,1.993778446987486,0.4962910663012874,0.0021392058740157573,0,0.013565017463658716,0.2253396370049034
1.0,0.5,4.0,4.0,0.0025,0.005,10.0,2000,cond_mean,24,1.000054253231021,1.99953452516654,0.49809856616335474,0.0016291992818936272,0,0.008427899075592188,0.2253396370049034
1.0,0.5,4.0,4.0,0.0025,0.005,20.0,4000,cond_mean,24,1.0000405494990594,2.0134875457560883,0.49021056623886267,0.001628969586334027,0,0.02188429268265869,0.2253396370049034
1.0,0.5,4.0,4.0,0.0025,0.005,0.5,100,cond_mean,25,1.0000917745136602,2.005861529468236,0.5020701940889938,0.0020990939324106333,0,0.012579525028675034,0.2232479762751609
1.0,0.5,4.0,4.0,0.0025,0.005,1.0,200,cond_mean,25,1.0001923440320448,1.9942909295083249,0.5022630103528803,0.002593530416156892,0,0.014565024989474698,0.2232479762751609
1.0,0.5,4.0,4.0,0.0025,0.005,2.0,400,cond_mean,25,1.0000703185907287,1.9863647195173575,0.49974707070530117,0.0015086865629289554,0,0.017409212263196003,0.2232479762751609
1.0,0.5,4.0,4.0,0.0025,0.005,3.5,700,cond_mean,25,1.0000869705492101,1.9744360933617708,0.5039678671279081,0.0023391510015316748,0,0.0320460766964656,0.2232479762751609
1.0,0.5,4.0,4.0,0.0025,0.005,5.0,1000,cond_mean,25,1.000049161253551,1.974618879919357,0.49580986322162407,0.0020131215895491223,0,0.03145283633644614,0.2232479762751609
1.0,0.5,4.0,4.0,0.0025,0.005,10.0,2000,cond_mean,25,0.9996022002680595,1.9916355248534348,0.4948406259798323,0.0026356577570017295,0,0.017317158577000575,0.2232479762751609
1.0,0.5,4.0,4.0,0.0025,0.005,20.0,4000,cond_mean,25,1.0002289853075468,1.9982158045704383,0.5194050179056392,0.0018993379500229339,0,0.026512996442264444,0.2232479762751609
1.0,0.5,4.0,4.0,0.0025,0.005,0.5,100,cond_mean,26,1.0000826411060981,1.9881105772783048,0.5048243228657893,0.0018257926777426761,0,0.017490287959945963,0.23404807143379003
1.0,0.5,4.0,4.0,0.0025,0.005,1.0,200,cond_mean,26,1.0001311078813062,1.9891587272392366,0.4990248281407062,0.0023528115043924326,0,0.0171100869975037,0.23404807143379003
1.0,0.5,4.0,4.0,0.0025,0.005,2.0,400,cond_mean,26,1.0003835478501928,1.9838241385645632,0.5019692058715681,0.002635003409117627,0,0.02284388952432262,0.23404807143379003
1.0,0.5,4.0,4.0,0.0025,0.005,3.5,700,cond_mean,26,1.000019458367751,1.9760758122772928,0.4967784544352849,0.0021477028171862735,0,0.029934601699719114,0.23404807143379003
1.0,0.5,4.0,4.0,0.0025,0.005,5.0,1000,cond_mean,26,1.0002691229421643,1.9824518360756924,0.5068046982596286,0.002087999141390456,0,0.024197047916561003,0.23404807143379003
1.0,0.5,4.0,4.0,0.0025,0.005,10.0,2000,cond_mean,26,1.000600719785651,1.9782537951155987,0.5133768829070731,0.0028094444722071184,0,0.032774227983803944,0.23404807143379003
1.0,0.5,4.0,4.0,0.0025,0.005,20.0,4000,cond_mean,26,1.0000679682633469,1.969667500872623,0.5001835816602901,0.0023628966247784405,0,0.03688626986097201,0.23404807143379003
1.0,0.5,4.0,4.0,0.0025,0.005,0.5,100,cond_mean,27,1.0001836246316596,1.9972644346465567,0.50296288080856,0.0017481987746604977,0,0.009812241954602681,0.22251277985716506
1.0,0.5,4.0,4.0,0.0025,0.005,1.0,200,cond_mean,27,0.9999602326766991,1.9804985759649256,0.500187925380756,0.0014942124033760216,0,0.02368611135066685,0.22251277985716506
1.0,0.5,4.0,4.0,0.0025,0.005,2.0,400,cond_mean,27,0.9996907711210057,1.9740122592308673,0.4992455051690358,0.002166761237447949,0,0.03187737897068467,0.22251277985716506
1.0,0.5,4.0,4.0,0.0025,0.005,3.5,700,cond_mean,27,1.0001345456727746,1.985066656163875,0.5038294342899652,0.0029228850098482052,0,0.02286254931682234,0.22251277985716506
1.0,0.5,4.0,4.0,0.0025,0.005,5.0,1000,cond_mean,27,1.000266892466559,1.9900420682623658,0.5065754244271463,0.0023712296342521468,0,0.018189707468677877,0.22251277985716506
1.0,0.5,4.0,4.0,0.0025,0.005,10.0,2000,cond_mean,27,1.0001891351282006,1.9733217103687524,0.49994530646763313,0.002268534410455406,0,0.03276277972612602,0.22251277985716506
1.0,0.5,4.0,4.0,0.0025,0.005,20.0,4000,cond_mean,27,0.9998274160504103,1.9424140877876999,0.5079901877332008,0.002310098438635473,0,0.0680025233611556,0.22251277985716506
1.0,0.5,4.0,4.0,0.0025,0.005,0.5,100,cond_mean,28,1.000035267171786,2.007958999552387,0.4945182710173832,0.0014180210377977114,0,0.013661564367573965,0.22230258327908814
1.0,0.5,4.0,4.0,0.0025,0.005,1.0,200,cond_mean,28,1.0001762774294365,2.0087216904905025,0.4991413342332431,0.0018844038618345317,0,0.013780279683443688,0.22230258327908814
1.0,0.5,4.0,4.0,0.0025,0.005,2.0,400,cond_mean,28,0.9999649480900286,2.0144109024737626,0.49337832261201303,0.0015251256963412822,0,0.02025659132741688,0.22230258327908814
1.0,0.5,4.0,4.0,0.0025,0.005,3.5,700,cond_mean,28,1.0001434884417608,2.030262880912403,0.502432210985661,0.0019155329137767272,0,0.036252087404689874,0.22230258327908814
1.0,0.5,4.0,4.0,0.0025,0.005,5.0,1000,cond_mean,28,0.9999533198276482,2.0437276800855804,0.5033212448480592,0.0019022548926573204,0,0.05144275393045545,0.22230258327908814
1.0,0.5,4.0,4.0,0.0025,0.005,10.0,2000,cond_mean,28,1.0002538321420331,2.02443518964177,0.5115389314830818,0.002156881893753686,0,0.03327997320718622,0.22230258327908814
1.0,0.5,4.0,4.0,0.0025,0.005,20.0,4000,cond_mean,28,0.9997586487775771,2.0502370219676758,0.5064478776672862,0.0016377513185349022,0,0.05908486158641094,0.22230258327908814
1.0,0.5,4.0,4.0,0.0025,0.005,0.5,100,cond_mean,29,0.9999862075455511,1.9960488765656692,0.5061013780653941,0.0015876893040523141,0,0.012059394334544464,0.22465582143714918
1.0,0.5,4.0,4.0,0.0025,0.005,1.0,200,cond_mean,29,0.9997890237736742,1.9924265561016876,0.5051047809956267,0.0018660605193568575,0,0.01453378937031246,0.22465582143714918
1.0,0.5,4.0,4.0,0.0025,0.005,2.0,400,cond_mean,29,0.9999653477230156,1.9810255613025174,0.511978774624765,0.0011584437818477093,0,0.027440788861232523,0.22465582143714918
1.0,0.5,4.0,4.0,0.0025,0.005,3.5,700,cond_mean,29,0.9998980800487063,1.9767293635727443,0.500722191197614,0.002356225924304435,0,0.02926821962300221,0.22465582143714918
1.0,0.5,4.0,4.0,0.0025,0.005,5.0,1000,cond_mean,29,1.0003478500745464,1.952779579894888,0.5088491253665742,0.002438904059757495,0,0.056655565270454934,0.22465582143714918
1.0,0.5,4.0,4.0,0.0025,0.005,10.0,2000,cond_mean,29,0.999880927797373,1.9609273946474315,0.49092386936892324,0.002333766140830368,0,0.048130636928967324,0.22465582143714918
1.0,0.5,4.0,4.0,0.0025,0.005,20.0,4000,cond_mean,29,1.0002219884769468,1.9631376886180563,0.4956111586483023,0.002148610856477268,0,0.0444392128198911,0.22465582143714918
1.0,0.5,4.0,4.0,0.0025,0.005,0.5,100,cond_mean,30,1.000070580084164,2.005873229078586,0.5012194904581462,0.0017698683336537925,0,0.011115129822576217,0.22417936314429557
1.0,0.5,4.0,4.0,0.0025,0.005,1.0,200,cond_mean,30,1.0002335798946453,2.0140548973725108,0.5006632576477669,0.0019322444268472113,0,0.01882417516047524,0.22417936314429557
1.0,0.5,4.0,4.0,0.0025,0.005,2.0,400,cond_mean,30,0.9998139073061059,2.019891779649412,0.5036814577688172,0.0030287765727103474,0,0.02787303896689363,0.22417936314429557
1.0,0.5,4.0,4.0,0.0025,0.005,3.5,700,cond_mean,30,1.0000913027672909,2.0062488619171006,0.5114933194338309,0.002692432124110893,0,0.021135674519122287,0.22417936314429557
1.0,0.5,4.0,4.0,0.0025,0.005,5.0,1000,cond_mean,30,1.000439865564759,1.9983265337413292,0.5129525746403619,0.002217047806798755,0,0.01952367341785395,0.22417936314429557
1.0,0.5,4.0,4.0,0.0025,0.005,10.0,2000,cond_mean,30,0.9996983145291277,1.979263465280233,0.49433557177300574,0.0026297092610833945,0,0.028093804877587787,0.22417936314429557
1.0,0.5,4.0,4.0,0.0025,0.005,20.0,4000,cond_mean,30,1.0000418842096377,1.9943461543381042,0.5076642223499529,0.00215021329215274,0,0.015887897088838778,0.22417936314429557
1.0,0.5,4.0,4.0,0.0025,0.005,0.5,100,cond_mean,31,1.0002819752812062,2.0114262991512746,0.5012809866848926,0.001670077103727965,0,0.015604485311503723,0.22414022614248097
1.0,0.5,4.0,4.0,0.0025,0.005,1.0,200,cond_mean,31,1.0001635876040105,2.020039861321298,0.49968053568176785,0.0016932045006783918,0,0.024608769954801008,0.22414022614248097
1.0,0.5,4.0,4.0,0.0025,0.005,2.0,400,cond_mean,31,1.0000172327783594,2.0243179147134858,0.49326725244641145,0.0024859692763676295,0,0.03193812631678776,0.22414022614248097
1.0,0.5,4.0,4.0,0.0025,0.005,3.5,700,cond_mean,31,1.000130286254545,2.0296243961828195,0.4930276546508083,0.0012195958261505741,0,0.03609783013982637,0.22414022614248097
1.0,0.5,4.0,4.0,0.0025,0.005,5.0,1000,cond_mean,31,1.0002941202712452,2.0535131448500423,0.4929455597192245,0.0021534675985556972,0,0.06361541820726395,0.22414022614248097
1.0,0.5,4.0,4.0,0.0025,0.005,10.0,2000,cond_mean,31,1.000244378235113,2.046364129360117,0.5045144656302684,0.001899547217008797,0,0.05449120735149576,0.22414022614248097
1.0,0.5,4.0,4.0,0.0025,0.005,20.0,4000,cond_mean,31,1.0002265435883597,1.9908115521455305,0.50814866173959,0.0022349746725845022,0,0.018296993867868334,0.22414022614248097
1.0,0.5,4.0,4.0,0.0025,0.005,0.5,100,cond_mean,32,1.0001333722789538,1.9957941086490336,0.4958787182336972,0.0015128565713697416,0,0.01056749334330652,0.2230855120079858
1.0,0.5,4.0,4.0,0.0025,0.005,1.0,200,cond_mean,32,1.000144095380394,2.001886735337445,0.4943739845638946,0.002116633797410196,0,0.013136530239637267,0.2230855120079858
1.0,0.5,4.0,4.0,0.0025,0.005,2.0,400,cond_mean,32,1.000099901243721,1.9819944705174675,0.4978842735649373,0.0014996305666163249,0,0.022280690436167823,0.2230855120079858
1.0,0.5,4.0,4.0,0.0025,0.005,3.5,700,cond_mean,32,0.9999668568294507,1.9512113276219758,0.5011470681903515,0.0015900240181321483,0,0.056862365229804174,0.2230855120079858
1.0,0.5,4.0,4.0,0.0025,0.005,5.0,1000,cond_mean,32,1.0001029371754666,1.9436465297198706,0.5039761569308192,0.0022845015808697472,0,0.06611266613790252,0.2230855120079858
1.0,0.5,4.0,4.0,0.0025,0.005,10.0,2000,cond_mean,32,1.0000838262224483,1.9175844705728593,0.5046191621907901,0.0014191485884967228,0,0.09536579196335344,0.2230855120079858
1.0,0.5,4.0,4.0,0.0025,0.005,20.0,4000,cond_mean,32,0.9999542115621542,1.8822406407141519,0.49906842025071524,0.002282892875583018,0,0.13638136850634747,0.2230855120079858
1.0,0.5,4.0,4.0,0.0025,0.005,0.5,100,cond_mean,33,1.0000943729076486,1.99531462985458,0.5008688761163741,0.0016061439958971386,0,0.009608294102470558,0.22591942856420896
1.0,0.5,4.0,4.0,0.0025,0.005,1.0,200,cond_mean,33,1.000497939610541,1.985387990582749,0.5085437110697316,0.0022980444141311378,0,0.022761262087649208,0.22591942856420896
1.0,0.5,4.0,4.0,0.0025,0.005,2.0,400,cond_mean,33,1.0004792289821942,1.995696302561719,0.5122427417914089,0.002448691916445938,0,0.01993074151499286,0.22591942856420896
1.0,0.5,4.0,4.0,0.0025,0.005,3.5,700,cond_mean,33,0.9998385256189575,2.0003504498981197,0.5018364482249207,0.0022695207464382096,0,0.011497367536450503,0.22591942856420896
1.0,0.5,4.0,4.0,0.0025,0.005,5.0,1000,cond_mean,33,0.9998999254334535,1.9832196539520253,0.49662159281229645,0.0029532282912808332,0,0.024552171351150114,0.22591942856420896
1.0,0.5,4.0,4.0,0.0025,0.005,10.0,2000,cond_mean,33,0.9998628260191875,1.9791143917538514,0.49966914161462067,0.0024451392002409304,0,0.026950436603526275,0.22591942856420896
1.0,0.5,4.0,4.0,0.0025,0.005,20.0,4000,cond_mean,33,0.9997221473371076,2.016556040316357,0.4905748229055952,0.0026387398909826195,0,0.025931077300492066,0.22591942856420896
1.0,0.5,4.0,4.0,0.0025,0.005,0.5,100,cond_mean,34,1.0001512462390352,1.996633917288107,0.4966016267298559,0.0014892295421137863,0,0.009590745258862903,0.22307533328421414
1.0,0.5,4.0,4.0,0.0025,0.005,1.0,200,cond_mean,34,0.9999524283781757,1.9918338905341935,0.49627969805350985,0.0016692413621476891,0,0.013378836856207284,0.22307533328421414
1.0,0.5,4.0,4.0,0.0025,0.005,2.0,400,cond_mean,34,1.0000198952443253,2.0018974697256784,0.4956194150599116,0.0018802661034491579,0,0.011110212946906466,0.22307533328421414
1.0,0.5,4.0,4.0,0.0025,0.005,3.5,700,cond_mean,34,1.000442655985084,1.9868535848915556,0.5096292613960252,0.0037497200792478923,0,0.026518528466703155,0.22307533328421414
1.0,0.5,4.0,4.0,0.0025,0.005,5.0,1000,cond_mean,34,1.00012289955936,1.9770757536754306,0.5026115539230893,0.0018783865100326696,0,0.028174814450790366,0.22307533328421414
1.0,0.5,4.0,4.0,0.0025,0.005,10.0,2000,cond_mean,34,1.0000132485962723,1.9577170605405123,0.5000298049064282,0.0024405963090226896,0,0.050275760791544125,0.22307533328421414
1.0,0.5,4.0,4.0,0.0025,0.005,20.0,4000,cond_mean,34,1.0002105261756329,1.9936068633723132,0.5087546534461582,0.0017307682082727518,0,0.015717462781564072,0.22307533328421414
1.0,0.5,4.0,4.0,0.0025,0.005,0.5,100,cond_mean,35,1.0000058183864735,1.9919529096219233,0.5046073805888893,0.0019497351588503365,0,0.014624829953858852,0.22422661299684218
1.0,0.5,4.0,4.0,0.0025,0.005,1.0,200,cond_mean,35,1.0001287477061722,2.0051476468539993,0.5066976603949767,0.0018834379003722366,0,0.013871887458751543,0.22422661299684218
1.0,0.5,4.0,4.0,0.0025,0.005,2.0,400,cond_mean,35,1.0000138189637942,2.0173924953202302,0.5078527882508812,0.0014578959841046013,0,0.023586710638034723,0.22422661299684218
1.0,0.5,4.0,4.0,0.0025,0.005,3.5,700,cond_mean,35,0.9999299730706724,2.0078092275328245,0.5045420671954219,0.0016909832655943704,0,0.013679032106113218,0.22422661299684218
1.0,0.5,4.0,4.0,0.0025,0.005,5.0,1000,cond_mean,35,1.0001752697413329,2.0276614392422414,0.5055691534009985,0.0013888360038107315,0,0.033299936029628496,0.22422661299684218
1.0,0.5,4.0,4.0,0.0025,0.005,10.0,2000,cond_mean,35,0.9996304849851263,2.0184785715245814,0.5047760447150857,0.0019247234066233172,0,0.024413035710441355,0.22422661299684218
1.0,0.5,4.0,4.0,0.0025,0.005,20.0,4000,cond_mean,35,1.0001502156199318,2.023544976142221,0.5069768384167893,0.0015493296308164521,0,0.02951069067720461,0.22422661299684218
1.0,0.5,4.0,4.0,0.0025,0.005,0.5,100,cond_mean,36,0.9998181474187019,2.010013345621281,0.499300581203495,0.0019279056211412109,0,0.014967591485031906,0.22340414285593266
1.0,0.5,4.0,4.0,0.0025,0.005,1.0,200,cond_mean,36,1.0001142375591163,2.0044442726723095,0.5007243767805227,0.0012720695947430953,0,0.008124895485149528,0.22340414285593266
1.0,0.5,4.0,4.0,0.0025,0.005,2.0,400,cond_mean,36,1.000471489181797,2.002290094163321,0.5047953557108532,0.0028523085166431887,0,0.015337809041855605,0.22340414285593266
1.0,0.5,4.0,4.0,0.0025,0.005,3.5,700,cond_mean,36,0.9999756198070332,1.9989113122717481,0.5014051576380707,0.0013772121026445552,0,0.007128545504096592,0.22340414285593266
1.0,0.5,4.0,4.0,0.0025,0.005,5.0,1000,cond_mean,36,1.0002727996067104,1.979940764505166,0.5115568192398958,0.0022906512139204463,0,0.02938355862749277,0.22340414285593266
1.0,0.5,4.0,4.0,0.0025,0.005,10.0,2000,cond_mean,36,0.9993917290935938,1.977223776442348,0.4918451672328731,0.003326972590600356,0,0.03243882013222439,0.22340414285593266
1.0,0.5,4.0,4.0,0.0025,0.005,20.0,4000,cond_mean,36,1.0001815228163708,1.958578158104863,0.5035271076173432,0.0017754955157072124,0,0.04870732812422661,0.22340414285593266
1.0,0.5,4.0,4.0,0.0025,0.005,0.5,100,cond_mean,37,0.999922987753806,1.9947667333175891,0.49856606277336774,0.0016672093491094883,0,0.01032000761221017,0.22374459529029472
1.0,0.5,4.0,4.0,0.0025,0.005,1.0,200,cond_mean,37,0.9998938111439559,1.98749006032001,0.49904532949956754,0.0015647123086663856,0,0.01640252473213353,0.22374459529029472
1.0,0.5,4.0,4.0,0.0025,0.005,2.0,400,cond_mean,37,0.9998224717009601,1.9990676555302611,0.49683737158658975,0.0014507525559694777,0,0.008155318062474812,0.22374459529029472
1.0,0.5,4.0,4.0,0.0025,0.005,3.5,700,cond_mean,37,1.0000266079420013,1.999152279337669,0.5064780161199828,0.0012023653009778413,0,0.010311783529690123,0.22374459529029472
1.0,0.5,4.0,4.0,0.0025,0.005,5.0,1000,cond_mean,37,0.999928814768797,1.9976424493519496,0.5021397650531289,0.002385574067054677,0,0.012370714037548065,0.22374459529029472
1.0,0.5,4.0,4.0,0.0025,0.005,10.0,2000,cond_mean,37,1.0000923217015065,2.0013170526060358,0.49142365019969064,0.00270317320471054,0,0.01762276956771872,0.22374459529029472
1.0,0.5,4.0,4.0,0.0025,0.005,20.0,4000,cond_mean,37,1.0001679207404874,2.062696934666342,0.5139803061218053,0.0016160560197294093,0,0.07446130780952681,0.22374459529029472
1.0,0.5,4.0,4.0,0.0025,0.005,0.5,100,cond_mean,38,1.0001322311214351,2.004960715200633,0.49957225224499546,0.0012774750616511986,0,0.00855360152069886,0.22371082142594137
1.0,0.5,4.0,4.0,0.0025,0.005,1.0,200,cond_mean,38,1.000048556567657,2.004404582951583,0.5003471962841795,0.0018382941393629843,0,0.010361371141131937,0.22371082142594137
1.0,0.5,4.0,4.0,0.0025,0.005,2.0,400,cond_mean,38,1.0002295899911005,2.0090382450386963,0.5046046264842254,0.002788656641350571,0,0.018125051644310875,0.22371082142594137
1.0,0.5,4.0,4.0,0.0025,0.005,3.5,700,cond_mean,38,1.0001208701165398,2.0063514249123457,0.4964857054149419,0.0015753147971899514,0,0.011733714163359598,0.22371082142594137
1.0,0.5,4.0,4.0,0.0025,0.005,5.0,1000,cond_mean,38,1.000307237745914,2.0083180624483683,0.5103865846885185,0.0021545361589489164,0,0.01931693486486927,0.22371082142594137
1.0,0.5,4.0,4.0,0.0025,0.005,10.0,2000,cond_mean,38,1.0001963481488743,2.0038975420822873,0.4937885553864518,0.0021114464162868417,0,0.014227384071309322,0.22371082142594137
1.0,0.5,4.0,4.0,0.0025,0.005,20.0,4000,cond_mean,38,1.0007223971785602,2.0253894394465144,0.5158705373289935,0.003316501604083173,0,0.038669623838663146,0.22371082142594137
1.0,0.5,4.0,4.0,0.0025,0.005,0.5,100,cond_mean,39,1.0000886669784952,2.0023198761348557,0.5008635628536054,0.0015215012762076444,0,0.007995012632294284,0.22494425000955484
1.0,0.5,4.0,4.0,0.0025,0.005,1.0,200,cond_mean,39,1.000152037336293,1.9987475626218743,0.5076725332679984,0.0019936842655929226,0,0.013869570678376023,0.22494425000955484
1.0,0.5,4.0,4.0,0.0025,0.005,2.0,400,cond_mean,39,1.0000890454899019,2.0047313431040923,0.511716990410288,0.002228592328303291,0,0.019467216403875272,0.22494425000955484
1.0,0.5,4.0,4.0,0.0025,0.005,3.5,700,cond_mean,39,0.9997885574206894,1.9909779280926434,0.5078278695337579,0.0018694211709373364,0,0.01748301786632807,0.22494425000955484
1.0,0.5,4.0,4.0,0.0025,0.005,5.0,1000,cond_mean,39,1.0003181646432517,1.9722887782476266,0.5077895376510717,0.0026101449850807847,0,0.035739784062865466,0.22494425000955484
1.0,0.5,4.0,4.0,0.0025,0.005,10.0,2000,cond_mean,39,0.9997688566481104,1.944936472533401,0.4909803821897473,0.003701164641817525,0,0.06719177622451357,0.22494425000955484
1.0,0.5,4.0,4.0,0.0025,0.005,20.0,4000,cond_mean,39,1.0001778543624682,1.894641741844295,0.5033807820525298,0.0018016999643456029,0,0.12182376827223282,0.22494425000955484
1.0,0.5,4.0,4.0,0.0025,0.005,0.5,100,cond_mean,40,1.0000293572473933,2.007020371996592,0.4945094245383197,0.0024247165756355314,0,0.016144197497400203,0.2250115772809035
1.0,0.5,4.0,4.0,0.0025,0.005,1.0,200,cond_mean,40,1.0000787106274742,2.0051400499110623,0.5001013568857442,0.0022408637106742734,0,0.012496896996744231,0.2250115772809035
1.0,0.5,4.0,4.0,0.0025,0.005,2.0,400,cond_mean,40,1.000448351492949,1.9811419252448452,0.5090853501726199,0.0023602921834080964,0,0.026979573018413944,0.2250115772809035
1.0,0.5,4.0,4.0,0.0025,0.005,3.5,700,cond_mean,40,1.000372196918966,1.978774551261481,0.5017462668274608,0.002663933418244001,0,0.027862062310718087,0.2250115772809035
1.0,0.5,4.0,4.0,0.0025,0.005,5.0,1000,cond_mean,40,1.0003844233182277,1.9623351316412394,0.5107295019105434,0.0021011187476647564,0,0.04649208577026837,0.2250115772809035
1.0,0.5,4.0,4.0,0.0025,0.005,10.0,2000,cond_mean,40,0.9998633967871535,1.9694126301769654,0.49823032455328103,0.001677912232175686,0,0.03636325506588257,0.2250115772809035
1.0,0.5,4.0,4.0,0.0025,0.005,20.0,4000,cond_mean,40,0.9997971432053312,1.9801462126290015,0.4895741813961191,0.0022360889622370897,0,0.02881026758247844,0.2250115772809035
1.0,0.5,4.0,4.0,0.0025,0.005,0.5,100,cond_mean,41,0.9999522041083856,1.9901484034803043,0.5009074266559285,0.0016406811085965787,0,0.01399236019701198,0.2242286368605814
1.0,0.5,4.0,4.0,0.0025,0.005,1.0,200,cond_mean,41,0.9999142265441759,1.9888362289177723,0.49864126832099104,0.0024056054592701682,0,0.017570453177949173,0.2242286368605814
1.0,0.5,4.0,4.0,0.0025,0.005,2.0,400,cond_mean,41,0.9997899957003884,1.974344576641149,0.49955395467584907,0.002702587477730995,0,0.03248349620893,0.2242286368605814
1.0,0.5,4.0,4.0,0.0025,0.005,3.5,700,cond_mean,41,0.9998434349312599,1.9704668424744263,0.495926550283388,0.0023043196950162407,0,0.03635579503729761,0.2242286368605814
1.0,0.5,4.0,4.0,0.0025,0.005,5.0,1000,cond_mean,41,0.9999358491087067,1.95814970204712,0.4945115408172161,0.0023509642068118113,0,0.050331189316794527,0.2242286368605814
1.0,0.5,4.0,4.0,0.0025,0.005,10.0,2000,cond_mean,41,1.0001058504421894,1.9190260081874062,0.49261105898101026,0.002290347205277264,0,0.09503216225452535,0.2242286368605814
1.0,0.5,4.0,4.0,0.0025,0.005,20.0,4000,cond_mean,41,0.9998216207113886,1.943712853887512,0.5058082552168315,0.002225625028474959,0,0.06614368939270956,0.2242286368605814
1.0,0.5,4.0,4.0,0.0025,0.005,0.5,100,cond_mean,42,0.9996654844942792,2.0141223169943445,0.4943148039075568,0.00217276071545425,0,0.020674383100288574,0.22338654155776436
1.0,0.5,4.0,4.0,0.0025,0.005,1.0,200,cond_mean,42,0.9998212507757043,2.016692081693726,0.5044241952765777,0.002040706373014244,0,0.02256100481160137,0.22338654155776436
1.0,0.5,4.0,4.0,0.0025,0.005,2.0,400,cond_mean,42,0.9994956985823796,2.000490923954119,0.5009685809967698,0.002160394063924304,0,0.011100979266929007,0.22338654155776436
1.0,0.5,4.0,4.0,0.0025,0.005,3.5,700,cond_mean,42,0.9997840880594213,1.991136448488225,0.5053214725040623,0.0024035325319843857,0,0.017331464800046627,0.22338654155776436
1.0,0.5,4.0,4.0,0.0025,0.005,5.0,1000,cond_mean,42,0.9998997563960812,1.9911575887580975,0.5102600143118917,0.0022340711216650073,0,0.020154723277917824,0.22338654155776436
1.0,0.5,4.0,4.0,0.0025,0.005,10.0,2000,cond_mean,42,1.000061904064443,1.999769735513684,0.5058614455749688,0.0019960482770867457,0,0.012369202753633695,0.22338654155776436
1.0,0.5,4.0,4.0,0.0025,0.005,20.0,4000,cond_mean,42,0.9999501701285419,2.0056217463336403,0.5200219875822714,0.0017299547793800608,0,0.028212622277744556,0.22338654155776436
1.0,0.5,4.0,4.0,0.0025,0.005,0.5,100,cond_mean,43,1.0000836827498205,2.0009295347223994,0.5018295378453955,0.0016513675117731093,0,0.008475227141277016,0.22297401200713857
1.0,0.5,4.0,4.0,0.0025,0.005,1.0,200,cond_mean,43,1.0001572144127497,1.9927334444838967,0.5077458490899711,0.0024026574186008336,0,0.01742989887555324,0.22297401200713857
1.0,0.5,4.0,4.0,0.0025,0.005,2.0,400,cond_mean,43,1.000121791059178,1.9760445137721012,0.5012249613318385,0.0019074359761605494,0,0.029215983022943835,0.22297401200713857
1.0,0.5,4.0,4.0,0.0025,0.005,3.5,700,cond_mean,43,0.999882656606054,1.959501335897152,0.4949539296038197,0.0025580037589782545,0,0.04889024995996941,0.22297401200713857
1.0,0.5,4.0,4.0,0.0025,0.005,5.0,1000,cond_mean,43,0.9998121386880626,1.9642489224741735,0.5040687740046395,0.0022839311242015535,0,0.043050973118836676,0.22297401200713857
1.0,0.5,4.0,4.0,0.0025,0.005,10.0,2000,cond_mean,43,1.000142846768418,1.966239293219041,0.4959771814382752,0.0016382646316826233,0,0.04030435422488564,0.22297401200713857
1.0,0.5,4.0,4.0,0.0025,0.005,20.0,4000,cond_mean,43,0.9997012153796528,1.987857586355479,0.4883803461941321,0.002169257832997114,0,0.022917052102280067,0.22297401200713857
1.0,0.5,4.0,4.0,0.0025,0.005,0.5,100,cond_mean,44,1.0001007824408548,2.0141471405069273,0.4999904705567242,0.0019705586869558415,0,0.018985701209028313,0.224196738147709
1.0,0.5,4.0,4.0,0.0025,0.005,1.0,200,cond_mean,44,1.0001457885841822,2.016288183804223,0.5008741068664021,0.0013550135329259134,0,0.01996358545021711,0.224196738147709
1.0,0.5,4.0,4.0,0.0025,0.005,2.0,400,cond_mean,44,1.0000988872887988,2.0124378263366696,0.5119418420517343,0.0030738507869712893,0,0.025739556215693057,0.224196738147709
1.0,0.5,4.0,4.0,0.0025,0.005,3.5,700,cond_mean,44,0.9996440936753272,2.0136765759516146,0.5063306372883332,0.0025690782752547346,0,0.022098063481837266,0.224196738147709
1.0,0.5,4.0,4.0,0.0025,0.005,5.0,1000,cond_mean,44,1.0001589171388137,2.016474335819536,0.5075469244340131,0.001894415952439126,0,0.02315547593264935,0.224196738147709
1.0,0.5,4.0,4.0,0.0025,0.005,10.0,2000,cond_mean,44,1.0000894498053792,2.029713447425423,0.4971940605022075,0.003580573362554293,0,0.03883502277881686,0.224196738147709
1.0,0.5,4.0,4.0,0.0025,0.005,20.0,4000,cond_mean,44,0.999670161515827,2.0491345206621667,0.5030784698343695,0.002383220001727949,0,0.058074071939574985,0.224196738147709
1.0,0.5,4.0,4.0,0.0025,0.005,0.5,100,cond_mean,45,1.0001266331111578,2.0000235307667174,0.5024876473920853,0.0012134054422390076,0,0.006683304848120762,0.22552091071182595
1.0,0.5,4.0,4.0,0.0025,0.005,1.0,200,cond_mean,45,1.000285543870852,1.9997942809909857,0.4983490447601082,0.0017242863135613702,0,0.009001066252789732,0.22552091071182595
1.0,0.5,4.0,4.0,0.0025,0.005,2.0,400,cond_mean,45,1.0003957124338028,2.0014250538814107,0.5046682654235954,0.001895617397694402,0,0.010954592218492987,0.22552091071182595
1.0,0.5,4.0,4.0,0.0025,0.005,3.5,700,cond_mean,45,1.0001650916586278,2.004284607024335,0.49697911990490284,0.001947726234478182,0,0.011631326217305431,0.22552091071182595
1.0,0.5,4.0,4.0,0.0025,0.005,5.0,1000,cond_mean,45,1.0002431839916823,2.0169101814040444,0.5004786643978347,0.0015414464486062417,0,0.020962182083481634,0.22552091071182595
1.0,0.5,4.0,4.0,0.0025,0.005,10.0,2000,cond_mean,45,0.9999548954169042,2.022599310600225,0.5008092382005649,0.002090143146812048,0,0.028058524845325745,0.22552091071182595
1.0,0.5,4.0,4.0,0.0025,0.005,20.0,4000,cond_mean,45,0.9999345797142702,2.016439894999277,0.5008192890607512,0.0026449073645707388,0,0.023012255275598824,0.22552091071182595
1.0,0.5,4.0,4.0,0.0025,0.005,0.5,100,cond_mean,46,1.0002690588629657,1.9950591087835599,0.5036848720392179,0.0017753459890726977,0,0.011314958386356676,0.22422830358014575
1.0,0.5,4.0,4.0,0.0025,0.005,1.0,200,cond_mean,46,1.0001561376970622,1.9941591432237415,0.4948697121769091,0.0019682904484523813,0,0.013767116392899672,0.22422830358014575
1.0,0.5,4.0,4.0,0.0025,0.005,2.0,400,cond_mean,46,1.0003693518950154,2.000392223389994,0.5011031461048122,0.0021995875884088215,0,0.010941781507651105,0.22422830358014575
1.0,0.5,4.0,4.0,0.0025,0.005,3.5,700,cond_mean,46,1.0000199184365943,2.0074440170124457,0.49491512043780583,0.0024536129228903206,0,0.016223249742092223,0.22422830358014575
1.0,0.5,4.0,4.0,0.0025,0.005,5.0,1000,cond_mean,46,1.0002559985165398,2.0024337609089815,0.49276278767791226,0.0024954712475484704,0,0.016177602462701432,0.22422830358014575
1.0,0.5,4.0,4.0,0.0025,0.005,10.0,2000,cond_mean,46,1.0002627550898087,1.971970851297238,0.4897203253787678,0.0027231375274181747,0,0.03782036194654357,0.22422830358014575
1.0,0.5,4.0,4.0,0.0025,0.005,20.0,4000,cond_mean,46,1.0000196952151812,1.9634628635127334,0.49769564764603413,0.0012470022806032512,0,0.04279128919927766,0.22422830358014575
1.0,0.5,4.0,4.0,0.0025,0.005,0.5,100,cond_mean,47,0.9999682502334944,2.003693051566492,0.501156477988915,0.002177769886351474,0,0.011612033714046953,0.22354755356043046
1.0,0.5,4.0,4.0,0.0025,0.005,1.0,200,cond_mean,47,0.9998968637000092,2.0055017757915232,0.4988158017854898,0.0017561056030649489,0,0.010792921901480585,0.22354755356043046
1.0,0.5,4.0,4.0,0.0025,0.005,2.0,400,cond_mean,47,1.0000908623468896,2.0030819932672115,0.5048048164204978,0.0020744019213304573,0,0.012400296554641642,0.22354755356043046
1.0,0.5,4.0,4.0,0.0025,0.005,3.5,700,cond_mean,47,1.0001908229694858,1.9836891365132796,0.5045512526715021,0.0021416425207524356,0,0.022237892292342857,0.22354755356043046
1.0,0.5,4.0,4.0,0.0025,0.005,5.0,1000,cond_mean,47,1.0002664191332395,1.9860500349487062,0.502502477510837,0.00379697749030887,0,0.024759949233912493,0.22354755356043046
1.0,0.5,4.0,4.0,0.0025,0.005,10.0,2000,cond_mean,47,1.0003664967727925,1.9543747156848286,0.5054465379238777,0.001892869291426711,0,0.05375659597382079,0.22354755356043046
1.0,0.5,4.0,4.0,0.0025,0.005,20.0,4000,cond_mean,47,0.9999667868931607,1.957182794934969,0.510517356252113,0.0016362188454045019,0,0.051659343082873205,0.22354755356043046
1.0,0.5,4.0,4.0,0.0025,0.005,0.5,100,cond_mean,48,0.9998852595596911,2.002691531689899,0.49529613384349824,0.0018788858553169304,0,0.0113985411610519,0.22591532141502416
1.0,0.5,4.0,4.0,0.0025,0.005,1.0,200,cond_mean,48,0.9997025951531555,2.0042622260961402,0.4885144564148406,0.0018954048788971014,0,0.017918791638235242,0.22591532141502416
1.0,0.5,4.0,4.0,0.0025,0.005,2.0,400,cond_mean,48,0.9996156251301506,2.0058895208626364,0.5011581849886082,0.0028073002133559974,0,0.015636345165471906,0.22591532141502416
1.0,0.5,4.0,4.0,0.0025,0.005,3.5,700,cond_mean,48,0.9999645019304951,1.9965166111258084,0.5055404359687743,0.001521890232403066,0,0.011214375434585458,0.22591532141502416
1.0,0.5,4.0,4.0,0.0025,0.005,5.0,1000,cond_mean,48,0.9998994859086411,1.9937018762201495,0.49854926994464427,0.0024468038604634184,0,0.014151959687812592,0.22591532141502416
1.0,0.5,4.0,4.0,0.0025,0.005,10.0,2000,cond_mean,48,1.0003786059761661,1.9837466806179689,0.5021522125092397,0.0026943006066557492,0,0.023091160324150886,0.22591532141502416
1.0,0.5,4.0,4.0,0.0025,0.005,20.0,4000,cond_mean,48,1.0002904177578114,1.9639026978908969,0.521496576196362,0.0033643989486940684,0,0.052417385198398316,0.22591532141502416
1.0,0.5,4.0,4.0,0.0025,0.005,0.5,100,cond_mean,49,1.0000436977306815,1.9994097992776378,0.5036155523801665,0.0018041073758873953,0,0.010015914300885498,0.2241081249999947
1.0,0.5,4.0,4.0,0.0025,0.005,1.0,200,cond_mean,49,0.9997538897771759,1.987693286425317,0.49541350015369595,0.0024455486051659296,0,0.019424766287209086,0.2241081249999947
1.0,0.5,4.0,4.0,0.0025,0.005,2.0,400,cond_mean,49,0.9998941668079163,1.992413778392128,0.5004091526015931,0.0021595661435469277,0,0.013776009604546703,0.2241081249999947
1.0,0.5,4.0,4.0,0.0025,0.005,3.5,700,cond_mean,49,1.000275883061641,1.9833235905108149,0.5007505095268245,0.0019216076819291038,0,0.02146777526662934,0.2241081249999947
1.0,0.5,4.0,4.0,0.0025,0.005,5.0,1000,cond_mean,49,0.9998648976310115,1.9755027126892053,0.49887562723661716,0.002350705355314715,0,0.0306019077917863,0.2241081249999947
1.0,0.5,4.0,4.0,0.0025,0.005,10.0,2000,cond_mean,49,0.9999336100389509,1.9400138376169593,0.49533478862039665,0.002328418419153774,0,0.07065035041581841,0.2241081249999947
1.0,0.5,4.0,4.0,0.0025,0.005,20.0,4000,cond_mean,49,1.0002721123257339,1.9333612247880405,0.507992686106033,0.0019264966021816734,0,0.07788709741855156,0.2241081249999947
1.0,0.5,4.0,4.0,0.0025,0.005,0.5,100,cond_mean,50,0.999835469498349,2.0129852755278197,0.4962320041243257,0.002091261049012209,0,0.018785244519288497,0.223272041717012
1.0,0.5,4.0,4.0,0.0025,0.005,1.0,200,cond_mean,50,0.9998868210611649,2.0132200362311305,0.500817090818199,0.00170308295768048,0,0.017455268317811627,0.223272041717012
1.0,0.5,4.0,4.0,0.0025,0.005,2.0,400,cond_mean,50,0.9999212840482599,2.0039184470405806,0.5086457961880273,0.0017657913997610425,0,0.015041893946093624,0.223272041717012
1.0,0.5,4.0,4.0,0.0025,0.005,3.5,700,cond_mean,50,0.9999225802502716,2.0095369158472716,0.5043696137197711,0.0018917182731968075,0,0.015559863123288234,0.223272041717012
1.0,0.5,4.0,4.0,0.0025,0.005,5.0,1000,cond_mean,50,0.9999457704456636,2.029021050761835,0.5154037016577256,0.00181735588821357,0,0.039874187157582834,0.223272041717012
1.0,0.5,4.0,4.0,0.0025,0.005,10.0,2000,cond_mean,50,0.9998769609832618,2.0259241125621266,0.49389630435312204,0.001564068473164115,0,0.03195027044195447,0.223272041717012
1.0,0.5,4.0,4.0,0.0025,0.005,20.0,4000,cond_mean,50,1.0003630725385282,2.026526010103977,0.5156994028565721,0.0019435095959243582,0,0.037430002721882724,0.223272041717012
1.0,0.5,4.0,4.0,0.0025,0.005,0.5,100,cond_mean,51,0.9999845567230079,2.000232183171969,0.4995183131389368,0.0014472982303148588,0,0.00712968724476224,0.22411760115729912
1.0,0.5,4.0,4.0,0.0025,0.005,1.0,200,cond_mean,51,1.000216827936855,2.000297754832111,0.5008831031065268,0.00173506315702201,0,0.008599673218169113,0.22411760115729912
1.0,0.5,4.0,4.0,0.0025,0.005,2.0,400,cond_mean,51,0.9999182711070306,1.991649668119393,0.4942675399417072,0.002307093297648101,0,0.016642082335040165,0.22411760115729912
1.0,0.5,4.0,4.0,0.0025,0.005,3.5,700,cond_mean,51,1.0000313075289209,1.9881523884680201,0.5004175366111961,0.002466222536516556,0,0.01826642586627963,0.22411760115729912
1.0,0.5,4.0,4.0,0.0025,0.005,5.0,1000,cond_mean,51,1.0001923616672919,1.9873883743919436,0.4971262213528601,0.001996650594091595,0,0.018077102229728637,0.22411760115729912
1.0,0.5,4.0,4.0,0.0025,0.005,10.0,2000,cond_mean,51,1.0001530481952055,1.9815187471040285,0.5083167659314729,0.0019007829299953322,0,0.025546873436134387,0.22411760115729912
1.0,0.5,4.0,4.0,0.0025,0.005,20.0,4000,cond_mean,51,1.0001025637798604,1.9763273870682978,0.4999389449792098,0.0018681527237345559,0,0.028835187872605528,0.22411760115729912
1.0,0.5,4.0,4.0,0.0025,0.005,0.5,100,cond_mean,52,0.9998609440720679,1.999978695614981,0.5000502142694196,0.0019162358534382602,0,0.009426888233963438,0.22391844056879304
1.0,0.5,4.0,4.0,0.0025,0.005,1.0,200,cond_mean,52,1.0000564135624985,1.9975166541959475,0.5000389089204115,0.001481381263094051,0,0.007816131110181769,0.22391844056879304
1.0,0.5,4.0,4.0,0.0025,0.005,2.0,400,cond_mean,52,1.0000361924890684,2.007764521164751,0.499383668561548,0.001324564466745951,0,0.01111172356616675,0.22391844056879304
1.0,0.5,4.0,4.0,0.0025,0.005,3.5,700,cond_mean,52,1.000226112454214,2.007450864400148,0.506285581262897,0.001635357815367911,0,0.014094301427831465,0.22391844056879304
1.0,0.5,4.0,4.0,0.0025,0.005,5.0,1000,cond_mean,52,1.0002377581976636,2.0196745210058427,0.5021713740952611,0.003655536205594785,0,0.029063790547824243,0.22391844056879304
1.0,0.5,4.0,4.0,0.0025,0.005,10.0,2000,cond_mean,52,1.0001189910629202,2.0137993887162917,0.49973986489433975,0.001886202797027758,0,0.01844610813130908,0.22391844056879304
1.0,0.5,4.0,4.0,0.0025,0.005,20.0,4000,cond_mean,52,1.0003375485744332,1.9985572679494663,0.506145180086004,0.0018382613491344751,0,0.011829293291800281,0.22391844056879304
1.0,0.5,4.0,4.0,0.0025,0.005,0.5,100,cond_mean,53,0.9998567449867168,2.0067075727767025,0.5039305462505422,0.0015127934754759743,0,0.012035247447396586,0.22492341672269894
1.0,0.5,4.0,4.0,0.0025,0.005,1.0,200,cond_mean,53,0.9999780359807038,2.0175478783487475,0.5008056369161313,0.0021781842409400384,0,0.022927458714644407,0.22492341672269894
1.0,0.5,4.0,4.0,0.0025,0.005,2.0,400,cond_mean,53,1.0001208219417386,2.0033157457017228,0.507094223378948,0.0021629372901076317,0,0.014425937630962232,0.22492341672269894
1.0,0.5,4.0,4.0,0.0025,0.005,3.5,700,cond_mean,53,0.999895428564217,2.0105014694977013,0.5015018935925746,0.0020899818068099234,0,0.016018165008979398,0.22492341672269894
1.0,0.5,4.0,4.0,0.0025,0.005,5.0,1000,cond_mean,53,1.000007096535241,2.0112086878453486,0.4953058363752273,0.0013810091415743938,0,0.015906425559198512,0.22492341672269894
1.0,0.5,4.0,4.0,0.0025,0.005,10.0,2000,cond_mean,53,0.9998108978142541,2.0308881287676583,0.4911716193196799,0.002426549931787346,0,0.03946786047986268,0.22492341672269894
1.0,0.5,4.0,4.0,0.0025,0.005,20.0,4000,cond_mean,53,0.9999005048794178,2.0368654871997145,0.4956178172673011,0.00211942718351979,0,0.04430491353899842,0.22492341672269894
1.0,0.5,4.0,4.0,0.0025,0.005,0.5,100,cond_mean,54,0.9998176968151439,1.9968229786995977,0.4962070408012943,0.0019357556823068646,0,0.011189721353393856,0.22550810115145786
1.0,0.5,4.0,4.0,0.0025,0.005,1.0,200,cond_mean,54,0.9999304420154328,1.989153032489412,0.49788730382345686,0.001911847258424516,0,0.015871790788870365,0.22550810115145786
1.0,0.5,4.0,4.0,0.0025,0.005,2.0,400,cond_mean,54,0.9998627821244545,2.0009858623055483,0.5035893707759926,0.001687882380752989,0,0.009751808155586138,0.22550810115145786
1.0,0.5,4.0,4.0,0.0025,0.005,3.5,700,cond_mean,54,1.0001851086622877,1.9969027190265645,0.49627637234993777,0.0016932333069035422,0,0.010513362310126211,0.22550810115145786
1.0,0.5,4.0,4.0,0.0025,0.005,5.0,1000,cond_mean,54,0.9999182602794632,1.960632725466311,0.4906977457511098,0.0023157380986855696,0,0.04852197437236335,0.22550810115145786
1.0,0.5,4.0,4.0,0.0025,0.005,10.0,2000,cond_mean,54,1.0002323517393723,1.9502270484867439,0.49139498057302056,0.0014809969378489288,0,0.0593880114122523,0.22550810115145786
1.0,0.5,4.0,4.0,0.0025,0.005,20.0,4000,cond_mean,54,0.9998442716886986,1.9394746967241092,0.5046378695521687,0.0012678807394964533,0,0.07026897489359357,0.22550810115145786
1.0,0.5,4.0,4.0,0.0025,0.005,0.5,100,cond_mean,55,0.9999371663519063,1.99162075459423,0.5074806523745997,0.002809087056640633,0,0.019558839408597702,0.22339801185963942
1.0,0.5,4.0,4.0,0.0025,0.005,1.0,200,cond_mean,55,1.0000131689978475,2.0069529224447447,0.5056781159542908,0.001766478058439948,0,0.013930239636309889,0.22339801185963942
1.0,0.5,4.0,4.0,0.0025,0.005,2.0,400,cond_mean,55,0.9998963520213089,2.0161020501896383,0.5018559305096596,0.0015443175125400945,0,0.020240335605816118,0.22339801185963942
1.0,0.5,4.0,4.0,0.0025,0.005,3.5,700,cond_mean,55,0.9997801297907404,2.0103063488286006,0.49701631741714297,0.0024590182060005524,0,0.01730822565474573,0.22339801185963942
1.0,0.5,4.0,4.0,0.0025,0.005,5.0,1000,cond_mean,55,1.0001411845306794,2.0117516674537144,0.5032901257433322,0.0021548618876381024,0,0.017643029382362913,0.22339801185963942
1.0,0.5,4.0,4.0,0.0025,0.005,10.0,2000,cond_mean,55,0.9999414113058623,2.0330444712758093,0.5214755626426478,0.0020547633768075698,0,0.04795632675577993,0.22339801185963942
1.0,0.5,4.0,4.0,0.0025,0.005,20.0,4000,cond_mean,55,0.9999158495527258,1.9830646674670165,0.49764248610401957,0.0021791320470296925,0,0.02250823385055154,0.22339801185963942
1.0,0.5,4.0,4.0,0.0025,0.005,0.5,100,cond_mean,56,0.9999061597552662,2.0039676509846376,0.4954835524159205,0.0012513594067963144,0,0.009575991206161445,0.2241827915588926
1.0,0.5,4.0,4.0,0.0025,0.005,1.0,200,cond_mean,56,0.9999267371633346,2.0115901582809337,0.4963328343102522,0.0016567235668539567,0,0.016366755602663263,0.2241827915588926
1.0,0.5,4.0,4.0,0.0025,0.005,2.0,400,cond_mean,56,0.9998097575179298,2.01649956646801,0.49321244623105037,0.0015859263415932703,0,0.022341948057241386,0.2241827915588926
1.0,0.5,4.0,4.0,0.0025,0.005,3.5,700,cond_mean,56,0.9999887032465147,2.014647225238729,0.4952463553247703,0.0017590336637269333,0,0.020004447112094655,0.2241827915588926
1.0,0.5,4.0,4.0,0.0025,0.005,5.0,1000,cond_mean,56,1.000270655888368,2.0223926820891247,0.499139058142008,0.0018263973989081342,0,0.027445464996018833,0.2241827915588926
1.0,0.5,4.0,4.0,0.0025,0.005,10.0,2000,cond_mean,56,1.0000457644415204,1.9839020991290715,0.5078226718724738,0.002453292597573206,0,0.024271382409656664,0.2241827915588926
1.0,0.5,4.0,4.0,0.0025,0.005,20.0,4000,cond_mean,56,0.9998685245904415,1.9928637795055069,0.49576923890456753,0.0022401426032666225,0,0.01473240954772731,0.2241827915588926
1.0,0.5,4.0,4.0,0.0025,0.005,0.5,100,cond_mean,57,0.999903394304378,2.0003376479147756,0.49603994900906057,0.0025115704422913115,0,0.013297615409273189,0.22500300600326487
1.0,0.5,4.0,4.0,0.0025,0.005,1.0,200,cond_mean,57,1.00002431530205,2.0176397377069897,0.49597446324093236,0.0021904174342509703,0,0.023678400359187557,0.22500300600326487
1.0,0.5,4.0,4.0,0.0025,0.005,2.0,400,cond_mean,57,1.0001110731199572,2.011158998665777,0.49849247899753163,0.0023319015496497354,0,0.017400552518760413,0.22500300600326487
1.0,0.5,4.0,4.0,0.0025,0.005,3.5,700,cond_mean,57,0.9999064980857131,2.0287134372646776,0.49510961906665407,0.002209261308820148,0,0.03550312860594365,0.22500300600326487
1.0,0.5,4.0,4.0,0.0025,0.005,5.0,1000,cond_mean,57,0.9999464704664995,2.0338861644634787,0.4967124156541028,0.001588445173889313,0,0.040167087430565615,0.22500300600326487
1.0,0.5,4.0,4.0,0.0025,0.005,10.0,2000,cond_mean,57,0.9997934209823269,2.024919526620555,0.5017018381705006,0.0025623950130451564,0,0.03149093164243637,0.22500300600326487
1.0,0.5,4.0,4.0,0.0025,0.005,20.0,4000,cond_mean,57,1.0000882448544364,2.033169113155644,0.5005941296152275,0.001643675595743468,0,0.0391362511762596,0.22500300600326487
1.0,0.5,4.0,4.0,0.0025,0.005,0.5,100,cond_mean,58,0.9999802573039058,1.9976869657415102,0.49575390653798423,0.0014884681745641042,0,0.009536847190098268,0.22421305944278305
1.0,0.5,4.0,4.0,0.0025,0.005,1.0,200,cond_mean,58,1.000241601942482,1.9914183986572462,0.5005826303074546,0.002666944454542314,0,0.016448975777197263,0.22421305944278305
1.0,0.5,4.0,4.0,0.0025,0.005,2.0,400,cond_mean,58,1.0003278823021953,2.003169274309242,0.49714723659755183,0.0017573387424760774,0,0.010482019679601098,0.22421305944278305
1.0,0.5,4.0,4.0,0.0025,0.005,3.5,700,cond_mean,58,1.0000640150498934,1.9910879058657858,0.5018975919148478,0.0034640897168608403,0,0.020017611919862503,0.22421305944278305
1.0,0.5,4.0,4.0,0.0025,0.005,5.0,1000,cond_mean,58,1.0003967129275364,1.9956150258099346,0.5069695287080205,0.002662304350852794,0,0.016376042816677608,0.22421305944278305
1.0,0.5,4.0,4.0,0.0025,0.005,10.0,2000,cond_mean,58,1.0000851025838042,1.973509742273187,0.49523517458994304,0.0022803418095735353,0,0.03325543863910677,0.22421305944278305
1.0,0.5,4.0,4.0,0.0025,0.005,20.0,4000,cond_mean,58,1.000286191344489,1.9813214275902198,0.5045599677262825,0.002457088408390864,0,0.025289942088184157,0.22421305944278305
1.0,0.5,4.0,4.0,0.0025,0.005,0.5,100,cond_mean,59,1.0000313613547942,2.0042003943821354,0.49812887305224424,0.0013805002705027743,0,0.008704016474325497,0.22323674999643117
1.0,0.5,4.0,4.0,0.0025,0.005,1.0,200,cond_mean,59,1.0000966903062796,2.0152042437046314,0.49742495855496777,0.0019496240249470271,0,0.020337118987149468,0.22323674999643117
1.0,0.5,4.0,4.0,0.0025,0.005,2.0,400,cond_mean,59,0.9999674922703945,2.0331326357934696,0.4920083779278644,0.0016827693514260013,0,0.04063348493434935,0.22323674999643117
1.0,0.5,4.0,4.0,0.0025,0.005,3.5,700,cond_mean,59,1.00022938495716,2.0187365901864247,0.49647608686827494,0.0017386309994527867,0,0.02387215286857797,0.22323674999643117
1.0,0.5,4.0,4.0,0.0025,0.005,5.0,1000,cond_mean,59,0.9997855668475082,2.01777458541744,0.4937106944733438,0.002380991766100737,0,0.02495128703750131,0.22323674999643117
1.0,0.5,4.0,4.0,0.0025,0.005,10.0,2000,cond_mean,59,1.000338639187423,2.0366318726267134,0.5025230799641502,0.002043665811923089,0,0.04352136416469448,0.22323674999643117
1.0,0.5,4.0,4.0,0.0025,0.005,20.0,4000,cond_mean,59,0.9997731688199747,2.0346031872440182,0.4810800015514736,0.0028083341346726303,0,0.04933167165517264,0.22323674999643117
1.0,0.5,4.0,4.0,0.0025,0.005,0.5,100,cond_mean,60,0.9997651100087935,1.9990673354369084,0.4971684985374923,0.0018880496135080655,0,0.009907813837450076,0.22408644058409014
1.0,0.5,4.0,4.0,0.0025,0.005,1.0,200,cond_mean,60,0.9997035370904712,2.0026575148973085,0.49111346321399324,0.0018306872002322346,0,0.014595608925440718,0.22408644058409014
1.0,0.5,4.0,4.0,0.0025,0.005,2.0,400,cond_mean,60,1.0001101963962256,2.011212393336308,0.49880597410200794,0.0020836709039323506,0,0.01660567656580468,0.22408644058409014
1.0,0.5,4.0,4.0,0.0025,0.005,3.5,700,cond_mean,60,1.000107133555115,2.0038610858616344,0.49854172927519763,0.0023184728664959495,0,0.01241730798994902,0.22408644058409014
1.0,0.5,4.0,4.0,0.0025,0.005,5.0,1000,cond_mean,60,1.0001170378493534,2.0107942610378524,0.49877984699039435,0.001515642357350986,0,0.014652502287980974,0.22408644058409014
1.0,0.5,4.0,4.0,0.0025,0.005,10.0,2000,cond_mean,60,0.9997554089437869,2.0338067548043495,0.4876638253368201,0.0022343588149717677,0,0.04363949596358876,0.22408644058409014
1.0,0.5,4.0,4.0,0.0025,0.005,20.0,4000,cond_mean,60,1.0001883885316563,2.0023397105828464,0.5057840183010229,0.00238379184644655,0,0.01399354459637774,0.22408644058409014
1.0,0.5,4.0,4.0,0.0025,0.005,0.5,100,cond_mean,61,0.9998882333411898,2.002708671923574,0.5016748191368321,0.0018885794125689799,0,0.01008588398562506,0.2360948870025043
1.0,0.5,4.0,4.0,0.0025,0.005,1.0,200,cond_mean,61,0.9997088716630053,2.001873325646061,0.4944425647758597,0.0018717059915332975,0,0.011614264772403972,0.2360948870025043
1.0,0.5,4.0,4.0,0.0025,0.005,2.0,400,cond_mean,61,0.9998356937559159,2.0139194496155106,0.5042656158057841,0.0018981413668263693,0,0.019500221379109662,0.2360948870025043
1.0,0.5,4.0,4.0,0.0025,0.005,3.5,700,cond_mean,61,1.0005662948909744,2.014150539260308,0.5087617507164436,0.002652903023489555,0,0.023388300057528295,0.2360948870025043
1.0,0.5,4.0,4.0,0.0025,0.005,5.0,1000,cond_mean,61,1.0000802747676114,2.027258433064508,0.5012763768995291,0.0019094513735829878,0,0.032863557216426025,0.2360948870025043
1.0,0.5,4.0,4.0,0.0025,0.005,10.0,2000,cond_mean,61,0.9999231870648503,2.019345350261542,0.5026583177567588,0.002179904664370402,0,0.024989467864699706,0.2360948870025043
1.0,0.5,4.0,4.0,0.0025,0.005,20.0,4000,cond_mean,61,1.0000283920672293,1.9940448107250432,0.5097377763235611,0.001847600309257152,0,0.017020936293226704,0.2360948870025043
1.0,0.5,4.0,4.0,0.0025,0.005,0.5,100,cond_mean,62,1.000146595696953,2.013331395564057,0.4985868019929038,0.0012994619047751188,0,0.0168228974555899,0.22273509513719805
1.0,0.5,4.0,4.0,0.0025,0.005,1.0,200,cond_mean,62,1.0001117830172574,1.9976368274014142,0.4993952128815894,0.0016598810522470725,0,0.008663745489223676,0.22273509513719805
1.0,0.5,4.0,4.0,0.0025,0.005,2.0,400,cond_mean,62,0.9998921463787139,1.9808947337957847,0.49054101150153623,0.0015071533374239358,0,0.026383275533424844,0.22273509513719805
1.0,0.5,4.0,4.0,0.0025,0.005,3.5,700,cond_mean,62,1.0000479803531561,1.9877540175307586,0.4948090068404397,0.0035343779481617553,0,0.023502101635799376,0.22273509513719805
1.0,0.5,4.0,4.0,0.0025,0.005,5.0,1000,cond_mean,62,1.0003895667943712,1.9963252116840662,0.5024686632664362,0.003715224636324996,0,0.018933782435870444,0.22273509513719805
1.0,0.5,4.0,4.0,0.0025,0.005,10.0,2000,cond_mean,62,1.000129208035015,1.9971650593421688,0.5059465609210347,0.0019164328154580152,0,0.012471880033399031,0.22273509513719805
1.0,0.5,4.0,4.0,0.0025,0.005,20.0,4000,cond_mean,62,1.0005271875195936,1.9916333680937295,0.5172339260869454,0.002688514303694538,0,0.026960181587013167,0.22273509513719805
1.0,0.5,4.0,4.0,0.0025,0.005,0.5,100,cond_mean,63,1.000062379100228,2.0040582114651784,0.5013142616198301,0.0020823315663042155,0,0.011349820060460755,0.22284979157016746
1.0,0.5,4.0,4.0,0.0025,0.005,1.0,200,cond_mean,63,1.0000774389082574,2.012116058475163,0.49923300967133744,0.0021754177759585962,0,0.01763787650697077,0.22284979157016746
1.0,0.5,4.0,4.0,0.0025,0.005,2.0,400,cond_mean,63,1.0004130175494934,2.0103053425119657,0.5008425758808143,0.0024758653851441833,0,0.017097238809561998,0.22284979157016746
1.0,0.5,4.0,4.0,0.0025,0.005,3.5,700,cond_mean,63,1.0002436209726333,2.009364158742809,0.49123164864753943,0.00116191128413507,0,0.017258908728421257,0.22284979157016746
1.0,0.5,4.0,4.0,0.0025,0.005,5.0,1000,cond_mean,63,0.9999368620186401,2.0131504706849626,0.4913409682863982,0.0015103676886403885,0,0.02038476971832712,0.22284979157016746
1.0,0.5,4.0,4.0,0.0025,0.005,10.0,2000,cond_mean,63,0.9995608475029099,1.9754816026853876,0.49003860321320364,0.002112546545585545,0,0.03267285289650082,0.22284979157016746
1.0,0.5,4.0,4.0,0.0025,0.005,20.0,4000,cond_mean,63,0.9995980887947892,1.978293168376832,0.502035845751682,0.0027691344992321356,0,0.028745660039127353,0.22284979157016746
1.0,0.5,4.0,4.0,0.0025,0.005,0.5,100,cond_mean,64,1.0001230653538218,1.996646059277588,0.5000567141099789,0.0018884056577793983,0,0.010056811048884055,0.22607604171415524
1.0,0.5,4.0,4.0,0.0025,0.005,1.0,200,cond_mean,64,0.9998150414703277,1.987755202661467,0.4855528301378024,0.001989800196512046,0,0.025345271591547053,0.22607604171415524
1.0,0.5,4.0,4.0,0.0025,0.005,2.0,400,cond_mean,64,1.000070913034124,1.978993239646995,0.4916111099529366,0.0027391757968577065,0,0.029908759135548715,0.22607604171415524
1.0,0.5,4.0,4.0,0.0025,0.005,3.5,700,cond_mean,64,1.0002946891573692,1.9794089624873363,0.49851354310419943,0.002263762968088984,0,0.026406571367447357,0.22607604171415524
1.0,0.5,4.0,4.0,0.0025,0.005,5.0,1000,cond_mean,64,1.0002428894629576,1.971010779105613,0.5047268559563567,0.0017278519632009074,0,0.034935695991881004,0.22607604171415524
1.0,0.5,4.0,4.0,0.0025,0.005,10.0,2000,cond_mean,64,0.9996561561873365,1.9551724789484783,0.4972893079762027,0.0026123284455578885,0,0.05346227028786294,0.22607604171415524
1.0,0.5,4.0,4.0,0.0025,0.005,20.0,4000,cond_mean,64,1.000184668192189,1.9714548520080086,0.4960079052893989,0.0014444842766195942,0,0.034272631128697564,0.22607604171415524
1.0,0.5,4.0,4.0,0.0025,0.005,0.5,100,cond_mean,65,0.9999692593405687,1.9966437768357812,0.49837461566737,0.0014587700659014521,0,0.008398764706655671,0.22397507143406464
1.0,0.5,4.0,4.0,0.0025,0.005,1.0,200,cond_mean,65,0.9998778417419776,1.997438852384607,0.5012688726969304,0.0027463082485419082,0,0.013934065663521341,0.22397507143406464
1.0,0.5,4.0,4.0,0.0025,0.005,2.0,400,cond_mean,65,1.0000074767642106,1.99553421870379,0.5047967058120073,0.0018816937851154748,0,0.012262715576606758,0.22397507143406464
1.0,0.5,4.0,4.0,0.0025,0.005,3.5,700,cond_mean,65,1.0002966363725398,1.9850004606813403,0.5032969285928263,0.0019324901250714164,0,0.0200807944442243,0.22397507143406464
1.0,0.5,4.0,4.0,0.0025,0.005,5.0,1000,cond_mean,65,0.9999380863878574,1.9742340803232716,0.5008375214065914,0.0030696078979454257,0,0.03335805899046931,0.22397507143406464
1.0,0.5,4.0,4.0,0.0025,0.005,10.0,2000,cond_mean,65,1.0000537377148055,1.962053440655556,0.5031605173060112,0.0022670215895503366,0,0.04529374894169831,0.22397507143406464
1.0,0.5,4.0,4.0,0.0025,0.005,20.0,4000,cond_mean,65,1.0003013823564626,1.9552086016107333,0.4996209263279884,0.00201843924988015,0,0.05269939698367173,0.22397507143406464
1.0,0.5,4.0,4.0,0.0025,0.005,0.5,100,cond_mean,66,1.0001102757543412,2.0020966752781315,0.502044909622897,0.002418500179872923,0,0.012361374189481838,0.22414144042081066
1.0,0.5,4.0,4.0,0.0025,0.005,1.0,200,cond_mean,66,1.000144653036671,2.0103316712328874,0.5022771882032304,0.0024048507231348945,0,0.017008294071995257,0.22414144042081066
1.0,0.5,4.0,4.0,0.0025,0.005,2.0,400,cond_mean,66,1.000078939893372,2.0274499875399274,0.5023389805766142,0.0018182980121278216,0,0.033030792318677775,0.22414144042081066
1.0,0.5,4.0,4.0,0.0025,0.005,3.5,700,cond_mean,66,0.9997093024242049,2.007799817237863,0.5013703511860326,0.0017569456922306448,0,0.012760196888694775,0.22414144042081066
1.0,0.5,4.0,4.0,0.0025,0.005,5.0,1000,cond_mean,66,1.0004080703490303,2.0177335743300855,0.5057572342544023,0.001750308481119687,0,0.02320837566310865,0.22414144042081066
1.0,0.5,4.0,4.0,0.0025,0.005,10.0,2000,cond_mean,66,1.0005392915211473,1.9961271897098496,0.5140593466353728,0.002369250745000728,0,0.021355750401875703,0.22414144042081066
1.0,0.5,4.0,4.0,0.0025,0.005,20.0,4000,cond_mean,66,1.0003374045041773,1.980728615434961,0.5023658937539085,0.002139258819159084,0,0.02475834479524739,0.22414144042081066
1.0,0.5,4.0,4.0,0.0025,0.005,0.5,100,cond_mean,67,1.0002125153140633,2.005866381142188,0.5057715348987095,0.0015817067386723126,0,0.012525096822559142,0.22417073214559682
1.0,0.5,4.0,4.0,0.0025,0.005,1.0,200,cond_mean,67,0.9999659811141088,2.0123484982955078,0.49962632182873157,0.001767489489133317,0,0.016699815388634676,0.22417073214559682
1.0,0.5,4.0,4.0,0.0025,0.005,2.0,400,cond_mean,67,1.0001325964720824,1.9900984751918513,0.5050102549763982,0.001833573470388689,0,0.015814305934723417,0.22417073214559682
1.0,0.5,4.0,4.0,0.0025,0.005,3.5,700,cond_mean,67,0.999937548151509,1.988972957390135,0.4996124174812364,0.00229257851016159,0,0.0169940487207188,0.22417073214559682
1.0,0.5,4.0,4.0,0.0025,0.005,5.0,1000,cond_mean,67,1.000345587290294,1.9969394107141465,0.5160305984418789,0.0018060923517762163,0,0.022369532398163736,0.22417073214559682
1.0,0.5,4.0,4.0,0.0025,0.005,10.0,2000,cond_mean,67,0.999835444313428,1.9892972728125973,0.5039350142292927,0.0019569136780680976,0,0.01660527262424813,0.22417073214559682
1.0,0.5,4.0,4.0,0.0025,0.005,20.0,4000,cond_mean,67,1.000083805801739,1.9962478920728193,0.48682386217414997,0.002185127661740259,0,0.021065984726730918,0.22417073214559682
1.0,0.5,4.0,4.0,0.0025,0.005,0.5,100,cond_mean,68,0.9999695264356825,2.0037159027410736,0.5076544233969322,0.0015288800131226794,0,0.013248899911794126,0.22437567257189325
1.0,0.5,4.0,4.0,0.0025,0.005,1.0,200,cond_mean,68,1.0003344207529947,2.0080655306146613,0.5130432374210113,0.002048834796205209,0,0.021357010450388545,0.22437567257189325
1.0,0.5,4.0,4.0,0.0025,0.005,2.0,400,cond_mean,68,1.0003282388371406,2.002095108943035,0.5148994063050844,0.0018149119520303818,0,0.02091657095582774,0.22437567257189325
1.0,0.5,4.0,4.0,0.0025,0.005,3.5,700,cond_mean,68,0.9999475480801577,2.000171162695122,0.512259013882323,0.0023755254178712062,0,0.01985642059038828,0.22437567257189325
1.0,0.5,4.0,4.0,0.0025,0.005,5.0,1000,cond_mean,68,0.999900097836004,2.0125761995094122,0.5083924984412735,0.001756803695555337,0,0.02021966899494991,0.22437567257189325
1.0,0.5,4.0,4.0,0.0025,0.005,10.0,2000,cond_mean,68,0.9995731650844033,2.000024443542259,0.49536016105171177,0.0024377268645001202,0,0.013148822298200809,0.22437567257189325
1.0,0.5,4.0,4.0,0.0025,0.005,20.0,4000,cond_mean,68,1.0002730994507374,2.0170287744180184,0.5048472485656169,0.0021535022100186815,0,0.023011816172220406,0.22437567257189325
1.0,0.5,4.0,4.0,0.0025,0.005,0.5,100,cond_mean,69,0.9999711860365761,2.0041988682389476,0.5009868206899047,0.0012083932129546679,0,0.007774536631784297,0.22409636299458466
1.0,0.5,4.0,4.0,0.0025,0.005,1.0,200,cond_mean,69,0.999892959172375,2.0052290277814477,0.5028138080798991,0.0026345115786506525,0,0.014782008295048681,0.22409636299458466
1.0,0.5,4.0,4.0,0.0025,0.005,2.0,400,cond_mean,69,0.9995835601453654,2.011485601339722,0.49968439296886186,0.0023392790099151786,0,0.01764234375068763,0.22409636299458466
1.0,0.5,4.0,4.0,0.0025,0.005,3.5,700,cond_mean,69,0.9994143833142686,2.0104006106537793,0.4939535776923423,0.0030451890824640705,0,0.020423868000296636,0.22409636299458466
1.0,0.5,4.0,4.0,0.0025,0.005,5.0,1000,cond_mean,69,0.9997372029351073,2.0209991097009827,0.4912831444322666,0.0023213245067117243,0,0.02896788740670282,0.22409636299458466
1.0,0.5,4.0,4.0,0.0025,0.005,10.0,2000,cond_mean,69,1.000098381205081,2.0394794154189064,0.49472461975161797,0.0023770011952473414,0,0.04767129776381867,0.22409636299458466
1.0,0.5,4.0,4.0,0.0025,0.005,20.0,4000,cond_mean,69,1.0003344318422718,1.9781050221949088,0.5072886452826022,0.001884630039446808,0,0.028251695835011248,0.22409636299458466
1.0,0.5,4.0,4.0,0.0025,0.005,0.5,100,cond_mean,70,1.0000997194204924,1.9931530153207457,0.503540757540734,0.0027104712892829447,0,0.01610907935716358,0.2231112618631284
1.0,0.5,4.0,4.0,0.0025,0.005,1.0,200,cond_mean,70,1.0002880152568934,1.9977592377246676,0.5018117139130133,0.0031959771768347777,0,0.016040321287903787,0.2231112618631284
1.0,0.5,4.0,4.0,0.0025,0.005,2.0,400,cond_mean,70,0.9998574548526207,2.001086925954937,0.49426521335632595,0.002341414844952161,0,0.013648034012881742,0.2231112618631284
1.0,0.5,4.0,4.0,0.0025,0.005,3.5,700,cond_mean,70,1.0002905377111364,2.008977487333426,0.5019245418130119,0.003227245026656596,0,0.01904233032924103,0.2231112618631284
1.0,0.5,4.0,4.0,0.0025,0.005,5.0,1000,cond_mean,70,1.000048967128117,2.0089113461549326,0.4961621494060194,0.001970550122327844,0,0.015051618839672529,0.2231112618631284
1.0,0.5,4.0,4.0,0.0025,0.005,10.0,2000,cond_mean,70,0.9999096430493637,1.9947890795795375,0.49009958055928526,0.0018946559887649882,0,0.016970816647209383,0.2231112618631284
1.0,0.5,4.0,4.0,0.0025,0.005,20.0,4000,cond_mean,70,1.0000203401645242,1.9429324203567802,0.5028697230476318,0.0017825799617908556,0,0.06645968958025755,0.2231112618631284
1.0,0.5,4.0,4.0,0.0025,0.005,0.5,100,cond_mean,71,1.000259931798221,2.0068199427395186,0.5037577377954743,0.001919380354057861,0,0.01307623631342553,0.22972456543772882
1.0,0.5,4.0,4.0,0.0025,0.005,1.0,200,cond_mean,71,1.0000869287885885,2.0126468652229064,0.5023616903433252,0.0014057591443559902,0,0.016400068309689413,0.22972456543772882
1.0,0.5,4.0,4.0,0.0025,0.005,2.0,400,cond_mean,71,1.0003678654714314,2.0216608206327726,0.5086922694276708,0.0033381866293532014,0,0.03175267408129284,0.22972456543772882
1.0,0.5,4.0,4.0,0.0025,0.005,3.5,700,cond_mean,71,1.0000455844202236,2.0122743097008695,0.5065383609134713,0.00335288965771095,0,0.023337858018100604,0.22972456543772882
1.0,0.5,4.0,4.0,0.0025,0.005,5.0,1000,cond_mean,71,1.0001042799543007,1.9986280101142377,0.5033276609264821,0.0015989933219493074,0,0.009019568730439171,0.22972456543772882
1.0,0.5,4.0,4.0,0.0025,0.005,10.0,2000,cond_mean,71,1.0003585452680435,2.014807446699506,0.5192310767280097,0.0024901847526998997,0,0.03215177562522353,0.22972456543772882
1.0,0.5,4.0,4.0,0.0025,0.005,20.0,4000,cond_mean,71,0.9999427122716097,2.009892795256001,0.4972213814317249,0.0024073944611823607,0,0.016821918295609885,0.22972456543772882
1.0,0.5,4.0,4.0,0.0025,0.005,0.5,100,cond_mean,72,0.9997453890556596,1.9900756665398094,0.49956137411870627,0.0020797553991507107,0,0.01538889268092491,0.2229462321515062
1.0,0.5,4.0,4.0,0.0025,0.005,1.0,200,cond_mean,72,0.9997397756772163,1.992063995382315,0.5000716190637198,0.0017526582162525454,0,0.012635536644973008,0.2229462321515062
1.0,0.5,4.0,4.0,0.0025,0.005,2.0,400,cond_mean,72,1.0002477526786182,1.9830049751722718,0.5024272229599482,0.002267545754735629,0,0.022733126398921243,0.2229462321515062
1.0,0.5,4.0,4.0,0.0025,0.005,3.5,700,cond_mean,72,1.0003691738390266,1.9737967906244829,0.5076242354472972,0.001777817370364632,0,0.03275670724934642,0.2229462321515062
1.0,0.5,4.0,4.0,0.0025,0.005,5.0,1000,cond_mean,72,1.0005136525465572,1.980584477931674,0.5055166166518607,0.00229346478398125,0,0.02588900674424411,0.2229462321515062
1.0,0.5,4.0,4.0,0.0025,0.005,10.0,2000,cond_mean,72,0.999992321310553,1.9719844970769973,0.5008942760191558,0.0021395779872164537,0,0.03401049362037546,0.2229462321515062
1.0,0.5,4.0,4.0,0.0025,0.005,20.0,4000,cond_mean,72,1.0003063831210617,1.967345575105964,0.5068307477787708,0.002784951566725422,0,0.040926897566184194,0.2229462321515062
1.0,0.5,4.0,4.0,0.0025,0.005,0.5,100,cond_mean,73,0.9998704952288056,1.9886117117325983,0.49993713265920586,0.00173711695088351,0,0.01568141179825296,0.22405482743800217
1.0,0.5,4.0,4.0,0.0025,0.005,1.0,200,cond_mean,73,1.0002243372125874,1.9926515726459684,0.5044998846369473,0.001910506913420939,0,0.013780275415995077,0.22405482743800217
1.0,0.5,4.0,4.0,0.0025,0.005,2.0,400,cond_mean,73,0.9999262007385927,2.0084061298872196,0.5066765046261026,0.003185244881034581,0,0.020393780388628248,0.22405482743800217
1.0,0.5,4.0,4.0,0.0025,0.005,3.5,700,cond_mean,73,0.9998149057726248,2.005526476713973,0.5086923708427833,0.0015564672042615857,0,0.015390694770530967,0.22405482743800217
1.0,0.5,4.0,4.0,0.0025,0.005,5.0,1000,cond_mean,73,1.0000354618046918,2.0156635120357573,0.5059516176793486,0.0016634604753691796,0,0.021237758076765235,0.22405482743800217
1.0,0.5,4.0,4.0,0.0025,0.005,10.0,2000,cond_mean,73,0.9995339071015662,2.039872810294315,0.49461567086117,0.0029945864322827474,0,0.048926116477805655,0.22405482743800217
1.0,0.5,4.0,4.0,0.0025,0.005,20.0,4000,cond_mean,73,0.9999418817452126,2.0767160071290296,0.4998702201077459,0.0021362868575223494,0,0.08918126605258211,0.22405482743800217
1.0,0.5,4.0,4.0,0.0025,0.005,0.5,100,cond_mean,74,1.0001430526495547,2.00268122208428,0.5070734651905754,0.0016828849527983844,0,0.012585055963805488,0.2236050060018897
1.0,0.5,4.0,4.0,0.0025,0.005,1.0,200,cond_mean,74,1.0003166481962902,2.002593557341463,0.5084577936979764,0.002055772289377819,0,0.01484706845792406,0.2236050060018897
1.0,0.5,4.0,4.0,0.0025,0.005,2.0,400,cond_mean,74,1.000408182063731,2.0214013692621715,0.509222235726428,0.001972520508149539,0,0.028764684350974373,0.2236050060018897
1.0,0.5,4.0,4.0,0.0025,0.005,3.5,700,cond_mean,74,1.0000383992696358,2.0111429330410773,0.5055114139629553,0.002305038070964218,0,0.018487089244686193,0.2236050060018897
1.0,0.5,4.0,4.0,0.0025,0.005,5.0,1000,cond_mean,74,0.9999839373089542,2.010392096816619,0.5108412622488561,0.0032319138396440577,0,0.024287176965304146,0.2236050060018897
1.0,0.5,4.0,4.0,0.0025,0.005,10.0,2000,cond_mean,74,0.9997517622716859,1.9995113978528818,0.5074876209959523,0.0026466169889132534,0,0.016612894818461833,0.2236050060018897
1.0,0.5,4.0,4.0,0.0025,0.005,20.0,4000,cond_mean,74,0.9994822644625168,2.0041801972893203,0.4992843394325995,0.0021487694351875145,0,0.011820381744323214,0.2236050060018897
1.0,0.5,4.0,4.0,0.0025,0.005,0.5,100,cond_mean,75,0.9998453647023919,2.0066069803757767,0.4954933513768908,0.0026355028166753602,0,0.016012029227177857,0.22455020829303457
1.0,0.5,4.0,4.0,0.0025,0.005,1.0,200,cond_mean,75,1.000019972455408,2.0216017945115543,0.499541327244481,0.0031652935882848033,0,0.029384979875176968,0.22455020829303457
1.0,0.5,4.0,4.0,0.0025,0.005,2.0,400,cond_mean,75,1.0000732345674894,2.0176224275925834,0.5039867689222958,0.002267957396324729,0,0.023744327839525757,0.22455020829303457
1.0,0.5,4.0,4.0,0.0025,0.005,3.5,700,cond_mean,75,1.000024009633966,2.0290025910197573,0.503597901382729,0.0018602442273136692,0,0.03497263091877001,0.22455020829303457
1.0,0.5,4.0,4.0,0.0025,0.005,5.0,1000,cond_mean,75,0.9998040680548909,2.027576538870355,0.4987512301352262,0.0017692593377788511,0,0.033056489932344314,0.22455020829303457
1.0,0.5,4.0,4.0,0.0025,0.005,10.0,2000,cond_mean,75,0.999972548066885,2.027700194698178,0.4992080353049857,0.002066273977260263,0,0.03357607131462287,0.22455020829303457
1.0,0.5,4.0,4.0,0.0025,0.005,20.0,4000,cond_mean,75,0.9998675498014901,2.039666817169358,0.497755860899635,0.0017449666799337544,0,0.046713848359921734,0.22455020829303457
1.0,0.5,4.0,4.0,0.0025,0.005,0.5,100,cond_mean,76,1.0000598199059527,1.997008923312206,0.5020298012709576,0.0014744957988147669,0,0.008409686705933067,0.2229614107137812
1.0,0.5,4.0,4.0,0.0025,0.005,1.0,200,cond_mean,76,0.999501598440084,1.9911527276785659,0.4951302207909503,0.0022142500262507772,0,0.01599298035120942,0.2229614107137812
1.0,0.5,4.0,4.0,0.0025,0.005,2.0,400,cond_mean,76,0.999839950074942,1.9840587590424374,0.4970387789475173,0.0018644165317787326,0,0.020884688513161005,0.2229614107137812
1.0,0.5,4.0,4.0,0.0025,0.005,3.5,700,cond_mean,76,1.000027060607374,1.9902393259251248,0.5091293512655848,0.0017842848461380161,0,0.01852243494310951,0.2229614107137812
1.0,0.5,4.0,4.0,0.0025,0.005,5.0,1000,cond_mean,76,0.999954477990328,2.0112509967257166,0.5083905323809789,0.0025250839808074283,0,0.021001965433597284,0.2229614107137812
1.0,0.5,4.0,4.0,0.0025,0.005,10.0,2000,cond_mean,76,0.9996981160840996,1.9810119973887617,0.5063113335491203,0.002214485840739426,0,0.02600989391841784,0.2229614107137812
1.0,0.5,4.0,4.0,0.0025,0.005,20.0,4000,cond_mean,76,0.9997078209768658,1.968206352154222,0.49820811567836537,0.0016700296665802478,0,0.03771277436772557,0.2229614107137812
1.0,0.5,4.0,4.0,0.0025,0.005,0.5,100,cond_mean,77,1.0000509421255581,2.004135297378875,0.5012854014183513,0.0016223508781304128,0,0.00941715018467265,0.22535671428444662
1.0,0.5,4.0,4.0,0.0025,0.005,1.0,200,cond_mean,77,0.9998514692062545,2.0076761953848945,0.49290162149132566,0.0018543301122646444,0,0.015620426458593647,0.22535671428444662
1.0,0.5,4.0,4.0,0.0025,0.005,2.0,400,cond_mean,77,1.0000715069929051,2.0238462923507807,0.48583964516651273,0.0017587466979244633,0,0.034561946819524625,0.22535671428444662
1.0,0.5,4.0,4.0,0.0025,0.005,3.5,700,cond_mean,77,1.0002123670706367,2.0442436154029364,0.49177003623973553,0.0018359634801983322,0,0.0532741838731107,0.22535671428444662
1.0,0.5,4.0,4.0,0.0025,0.005,5.0,1000,cond_mean,77,1.00027556945946,2.0444041044633487,0.49045131460451385,0.0023832177850109256,0,0.054514537150474864,0.22535671428444662
1.0,0.5,4.0,4.0,0.0025,0.005,10.0,2000,cond_mean,77,1.0003797892671207,2.068974070676365,0.500519058676566,0.0015697916406967932,0,0.08000118395760371,0.22535671428444662
1.0,0.5,4.0,4.0,0.0025,0.005,20.0,4000,cond_mean,77,1.0001082531147936,2.0606037764386125,0.4988382083127669,0.002088155018027895,0,0.07078266324833943,0.22535671428444662
1.0,0.5,4.0,4.0,0.0025,0.005,0.5,100,cond_mean,78,1.0001456152327897,1.9959457919601817,0.5071603930639271,0.0014848243499566835,0,0.012543537422938187,0.22357747628952243
1.0,0.5,4.0,4.0,0.0025,0.005,1.0,200,cond_mean,78,1.0000525585669635,1.9958203960710494,0.5071883189323965,0.001758624354016926,0,0.013566206873275026,0.22357747628952243
1.0,0.5,4.0,4.0,0.0025,0.005,2.0,400,cond_mean,78,0.9998255801215848,1.995740698477964,0.5038706235722217,0.002000161048310764,0,0.012263073658510553,0.22357747628952243
1.0,0.5,4.0,4.0,0.0025,0.005,3.5,700,cond_mean,78,1.0001768320810256,1.9842787187224835,0.5081202741004114,0.0017470607671250234,0,0.022516845209349122,0.22357747628952243
1.0,0.5,4.0,4.0,0.0025,0.005,5.0,1000,cond_mean,78,1.0000311350573516,1.987694470341834,0.5061552485904591,0.0023314273225080256,0,0.019881124520908885,0.22357747628952243
1.0,0.5,4.0,4.0,0.0025,0.005,10.0,2000,cond_mean,78,0.9999565699014196,2.0368060173390083,0.5047370354135676,0.0017834465187811712,0,0.04376359660087173,0.22357747628952243
1.0,0.5,4.0,4.0,0.0025,0.005,20.0,4000,cond_mean,78,0.999591333005585,2.052720083493354,0.500339866687562,0.002740175072017947,0,0.062377777147902165,0.22357747628952243
1.0,0.5,4.0,4.0,0.0025,0.005,0.5,100,cond_mean,79,1.0001108279375237,2.0047145514672566,0.5004546674524661,0.0016908637038697254,0,0.009940345027446703,0.22291054757910647
1.0,0.5,4.0,4.0,0.0025,0.005,1.0,200,cond_mean,79,1.0001926745983858,2.0081587571983914,0.4938300665781778,0.002437352802494865,0,0.017468894725354144,0.22291054757910647
1.0,0.5,4.0,4.0,0.0025,0.005,2.0,400,cond_mean,79,1.0001978395677273,2.0108497695530567,0.49949418037510535,0.0018521550437766783,0,0.015538654697291245,0.22291054757910647
1.0,0.5,4.0,4.0,0.0025,0.005,3.5,700,cond_mean,79,1.0003440416510827,2.0091971284268926,0.5083710315548323,0.00190375220963469,0,0.017522691616836467,0.22291054757910647
1.0,0.5,4.0,4.0,0.0025,0.005,5.0,1000,cond_mean,79,0.9997125384929407,2.00316816941673,0.5049310445304371,0.0022806686817248567,0,0.013780353614626331,0.22291054757910647
1.0,0.5,4.0,4.0,0.0025,0.005,10.0,2000,cond_mean,79,1.0002087970367302,1.9877706767324126,0.51034400798778,0.0018585670539267025,0,0.021248808222340803,0.22291054757910647
1.0,0.5,4.0,4.0,0.0025,0.005,20.0,4000,cond_mean,79,0.9993558896160324,1.996538730299134,0.4855153816712961,0.002433977038723647,0,0.02184150622240999,0.22291054757910647
1.0,0.5,4.0,4.0,0.0025,0.005,0.5,100,cond_mean,80,0.9999844882520973,1.994777257680384,0.4977052500118106,0.0019332787658800353,0,0.011625989356821681,0.22250185713970236
1.0,0.5,4.0,4.0,0.0025,0.005,1.0,200,cond_mean,80,0.9997983617120748,1.999256398802107,0.5006682826610881,0.0021888120646353427,0,0.010887836400469694,0.22250185713970236
1.0,0.5,4.0,4.0,0.0025,0.005,2.0,400,cond_mean,80,1.000078819947168,1.9950495474584125,0.5038501814584264,0.0016825265897566712,0,0.011164805024356286,0.22250185713970236
1.0,0.5,4.0,4.0,0.0025,0.005,3.5,700,cond_mean,80,1.000266344523658,2.0111169288487916,0.5067605404916895,0.0018210893623595238,0,0.017696019917270902,0.22250185713970236
1.0,0.5,4.0,4.0,0.0025,0.005,5.0,1000,cond_mean,80,0.9999196663849489,2.01293590293159,0.4936587089032072,0.0026856292529512478,0,0.021502693472984485,0.22250185713970236
1.0,0.5,4.0,4.0,0.0025,0.005,10.0,2000,cond_mean,80,0.9997824993592171,2.000433579733693,0.5043178548075071,0.0020735224689214797,0,0.011917134706874551,0.22250185713970236
1.0,0.5,4.0,4.0,0.0025,0.005,20.0,4000,cond_mean,80,0.999629820635324,2.0143006369074423,0.4963084868780397,0.002299805567163637,0,0.020509942548558962,0.22250185713970236
1.0,0.5,4.0,4.0,0.0025,0.005,0.5,100,cond_mean,81,0.9999455252496585,2.010519124511786,0.5042221882025838,0.0019464930570903417,0,0.016447906708843506,0.22368482728156128
1.0,0.5,4.0,4.0,0.0025,0.005,1.0,200,cond_mean,81,1.0003377275580057,2.0063781885147858,0.5100977179764618,0.0021267436632136385,0,0.01791903994641711,0.22368482728156128
1.0,0.5,4.0,4.0,0.0025,0.005,2.0,400,cond_mean,81,1.0001820411976199,1.9964002202087046,0.511216082456874,0.0017229350020363883,0,0.017087623743618982,0.22368482728156128
1.0,0.5,4.0,4.0,0.0025,0.005,3.5,700,cond_mean,81,1.0002661322917696,2.001414921678082,0.5028647678386858,0.0026449351705601022,0,0.013506048464746914,0.22368482728156128
1.0,0.5,4.0,4.0,0.0025,0.005,5.0,1000,cond_mean,81,1.000095668213576,1.9959462938395,0.4981788683148125,0.0016058917579512355,0,0.009537297268305685,0.22368482728156128
1.0,0.5,4.0,4.0,0.0025,0.005,10.0,2000,cond_mean,81,0.9999995261014665,2.003131677436352,0.5083008964657608,0.0017549147470507108,0,0.014309961874812295,0.22368482728156128
1.0,0.5,4.0,4.0,0.0025,0.005,20.0,4000,cond_mean,81,0.9996097191222029,1.9996399705399164,0.5089033424128833,0.0026668467743663354,0,0.018141341427658723,0.22368482728156128
1.0,0.5,4.0,4.0,0.0025,0.005,0.5,100,cond_mean,82,1.0000944980729867,2.0035588986400343,0.4951184657178764,0.002122078433044411,0,0.013025685045085689,0.22464317271286355
1.0,0.5,4.0,4.0,0.0025,0.005,1.0,200,cond_mean,82,1.0001476387919708,2.0101551305732475,0.501319888673632,0.0022025076306166633,0,0.016019184181707037,0.22464317271286355
1.0,0.5,4.0,4.0,0.0025,0.005,2.0,400,cond_mean,82,1.0001254370043549,2.002208234066486,0.4987918749951949,0.002202370262565056,0,0.011271028986053502,0.22464317271286355
1.0,0.5,4.0,4.0,0.0025,0.005,3.5,700,cond_mean,82,0.9997057795328282,2.021723482458905,0.487041848513372,0.0018236913853316267,0,0.03144009266748749,0.22464317271286355
1.0,0.5,4.0,4.0,0.0025,0.005,5.0,1000,cond_mean,82,0.999862454597611,2.0303887846917967,0.48871024850487277,0.002155131391019133,0,0.03953864765005312,0.22464317271286355
1.0,0.5,4.0,4.0,0.0025,0.005,10.0,2000,cond_mean,82,1.000236317470347,2.021465941645997,0.5212228218126,0.002037837633721262,0,0.0378102633286309,0.22464317271286355
1.0,0.5,4.0,4.0,0.0025,0.005,20.0,4000,cond_mean,82,1.000437306243796,2.012603578765687,0.5024126043853032,0.0027592805002861075,0,0.02008470710240481,0.22464317271286355
1.0,0.5,4.0,4.0,0.0025,0.005,0.5,100,cond_mean,83,1.0001486106437993,1.9937507734884166,0.5008230663560999,0.001618573448232065,0,0.010771504544789716,0.2243198928689318
1.0,0.5,4.0,4.0,0.0025,0.005,1.0,200,cond_mean,83,1.000132335101256,1.9956808807851463,0.5011422054659237,0.0014339889890968127,0,0.008723996728830856,0.2243198928689318
1.0,0.5,4.0,4.0,0.0025,0.005,2.0,400,cond_mean,83,1.0002764318634232,2.009351231871036,0.5077346134592363,0.0018746734712149528,0,0.0170986841576887,0.2243198928689318
1.0,0.5,4.0,4.0,0.0025,0.005,3.5,700,cond_mean,83,0.9999666786881186,1.9968331754635804,0.4961842073385869,0.0017108333109159542,0,0.010412469718157649,0.2243198928689318
1.0,0.5,4.0,4.0,0.0025,0.005,5.0,1000,cond_mean,83,1.0003464115090612,1.9768862817656163,0.4990817455934988,0.003274188908522637,0,0.031258166708710386,0.2243198928689318
1.0,0.5,4.0,4.0,0.0025,0.005,10.0,2000,cond_mean,83,0.999709746443725,1.9726340096874537,0.49519182835702424,0.0022148033441019605,0,0.03399394554136149,0.2243198928689318
1.0,0.5,4.0,4.0,0.0025,0.005,20.0,4000,cond_mean,83,1.0000249910776808,1.9091274228261075,0.49767619446361616,0.0019878967859035825,0,0.10550158112288803,0.2243198928689318
1.0,0.5,4.0,4.0,0.0025,0.005,0.5,100,cond_mean,84,1.0000468186019906,1.996917342847781,0.4934473490868736,0.0014574643395729226,0,0.011844001399412418,0.22385425000850642
1.0,0.5,4.0,4.0,0.0025,0.005,1.0,200,cond_mean,84,1.000157001354925,2.003666921798207,0.497069418473358,0.0019308491042688797,0,0.011208761994718805,0.22385425000850642
1.0,0.5,4.0,4.0,0.0025,0.005,2.0,400,cond_mean,84,1.0004912897363782,1.9962844639534512,0.5084496742500383,0.0029312225197372626,0,0.018166575457356785,0.22385425000850642
1.0,0.5,4.0,4.0,0.0025,0.005,3.5,700,cond_mean,84,1.000274258403002,2.0152445370451084,0.5171814019357905,0.0017583330224823308,0,0.02917928785544988,0.22385425000850642
1.0,0.5,4.0,4.0,0.0025,0.005,5.0,1000,cond_mean,84,1.0000535441276097,2.016328352664004,0.5101391999364547,0.0022245037013076583,0,0.025366659425438302,0.22385425000850642
1.0,0.5,4.0,4.0,0.0025,0.005,10.0,2000,cond_mean,84,1.0002633885894257,1.9961335882163926,0.5037974422178534,0.0016936653954327079,0,0.010461102660072342,0.22385425000850642
1.0,0.5,4.0,4.0,0.0025,0.005,20.0,4000,cond_mean,84,0.9999169868658311,1.9617731762735422,0.4994527657829322,0.0030924221870746765,0,0.046699813016450646,0.22385425000850642
1.0,0.5,4.0,4.0,0.0025,0.005,0.5,100,cond_mean,85,1.000008442471746,2.000143480629174,0.49807843708582256,0.0013378248488493778,0,0.007039896464352315,0.22385195228603802
1.0,0.5,4.0,4.0,0.0025,0.005,1.0,200,cond_mean,85,0.9997343729807296,2.0023388331864354,0.49475841342643495,0.0018349342003177633,0,0.011377947899385761,0.22385195228603802
1.0,0.5,4.0,4.0,0.0025,0.005,2.0,400,cond_mean,85,0.9998572787813508,2.0069551772617893,0.49900893930527696,0.0018308395447305204,0,0.012104062043927654,0.22385195228603802
1.0,0.5,4.0,4.0,0.0025,0.005,3.5,700,cond_mean,85,1.0001546708737339,2.0053369627060635,0.4984223900714828,0.0020133881809967875,0,0.011903734526808863,0.22385195228603802
1.0,0.5,4.0,4.0,0.0025,0.005,5.0,1000,cond_mean,85,1.0000392935478917,1.9963333244485582,0.49861709849341157,0.0017820013915131414,0,0.009900800152327933,0.22385195228603802
1.0,0.5,4.0,4.0,0.0025,0.005,10.0,2000,cond_mean,85,1.0000475989501667,2.0006157260231046,0.5015848101400902,0.0024607393686090387,0,0.012252307004293988,0.22385195228603802
1.0,0.5,4.0,4.0,0.0025,0.005,20.0,4000,cond_mean,85,0.9999698310776454,1.9995431571914721,0.5076665393650326,0.002079375132871468,0,0.014339926155262356,0.22385195228603802
1.0,0.5,4.0,4.0,0.0025,0.005,0.5,100,cond_mean,86,1.0000995832572865,1.99377009432924,0.4999428345185761,0.0020056152715958848,0,0.012198986952579649,0.2247778870098825
1.0,0.5,4.0,4.0,0.0025,0.005,1.0,200,cond_mean,86,1.0002288606892273,1.9877490733730805,0.49818944145110294,0.0018018979254107346,0,0.016963546706301437,0.2247778870098825
1.0,0.5,4.0,4.0,0.0025,0.005,2.0,400,cond_mean,86,1.0002172652467014,1.9933276728352742,0.5040700533752198,0.001820019864845732,0,0.01279746229670543,0.2247778870098825
1.0,0.5,4.0,4.0,0.0025,0.005,3.5,700,cond_mean,86,1.0003137685322168,1.9997745889011063,0.49809009991665537,0.0022773483799530944,0,0.011705507130494262,0.2247778870098825
1.0,0.5,4.0,4.0,0.0025,0.005,5.0,1000,cond_mean,86,1.0002313004079935,2.0004176085656966,0.496703881222242,0.0020208764554749538,0,0.011095440645741238,0.2247778870098825
1.0,0.5,4.0,4.0,0.0025,0.005,10.0,2000,cond_mean,86,0.9999533121779741,1.9678374060821187,0.4922015767862557,0.002647969042780312,0,0.04085731018715347,0.2247778870098825
1.0,0.5,4.0,4.0,0.0025,0.005,20.0,4000,cond_mean,86,0.9999819339394412,1.9460980266374395,0.5008454758451257,0.0016852921101469553,0,0.06276233631901093,0.2247778870098825
1.0,0.5,4.0,4.0,0.0025,0.005,0.5,100,cond_mean,87,1.0003737158378896,2.002883165263625,0.503363500060468,0.003033683107489028,0,0.015758002339900726,0.2288608809966328
1.0,0.5,4.0,4.0,0.0025,0.005,1.0,200,cond_mean,87,1.0000398450159247,2.004795152495826,0.49739238210604225,0.002394109601231627,0,0.01346508095921669,0.2288608809966328
1.0,0.5,4.0,4.0,0.0025,0.005,2.0,400,cond_mean,87,1.000213037555671,2.000037012593395,0.5055870877226337,0.0021334965652762146,0,0.012546588313135171,0.2288608809966328
1.0,0.5,4.0,4.0,0.0025,0.005,3.5,700,cond_mean,87,1.0001703635349086,2.0048321276941348,0.5088057891120222,0.0014786971739137135,0,0.014427216288130729,0.2288608809966328
1.0,0.5,4.0,4.0,0.0025,0.005,5.0,1000,cond_mean,87,1.0003023067101224,2.0019993923959745,0.5057422507060406,0.00197683070788724,0,0.012162362261473537,0.2288608809966328
1.0,0.5,4.0,4.0,0.0025,0.005,10.0,2000,cond_mean,87,1.0000842624651891,1.9996625275034408,0.5001156587352557,0.001761891362787984,0,0.008659209388406154,0.2288608809966328
1.0,0.5,4.0,4.0,0.0025,0.005,20.0,4000,cond_mean,87,1.000288441360129,1.9408479000775802,0.501851124956542,0.0021418626923026905,0,0.06905837113520746,0.2288608809966328
1.0,0.5,4.0,4.0,0.0025,0.005,0.5,100,cond_mean,88,1.0000057087381284,1.9930623416596336,0.498677560878611,0.0019741544226122487,0,0.012686806890244729,0.2239244524223198
1.0,0.5,4.0,4.0,0.0025,0.005,1.0,200,cond_mean,88,1.0000625913512278,1.9991790710460253,0.5037565944195658,0.0020479065581193966,0,0.0111760449523017,0.2239244524223198
1.0,0.5,4.0,4.0,0.0025,0.005,2.0,400,cond_mean,88,1.0001511444838764,1.9977778976575506,0.5115651539853638,0.0017663855976722184,0,0.017354875517059967,0.2239244524223198
1.0,0.5,4.0,4.0,0.0025,0.005,3.5,700,cond_mean,88,1.0003392448395705,2.0011756607040585,0.5101995095806755,0.002146328045431869,0,0.01657191601735206,0.2239244524223198
1.0,0.5,4.0,4.0,0.0025,0.005,5.0,1000,cond_mean,88,0.9998816823174239,1.999515072268143,0.5043196524673467,0.0018931925424976264,0,0.011034256340056016,0.2239244524223198
1.0,0.5,4.0,4.0,0.0025,0.005,10.0,2000,cond_mean,88,0.9999692383255679,1.9874833435204429,0.49567514589141937,0.00236681146784576,0,0.01938465351773584,0.2239244524223198
1.0,0.5,4.0,4.0,0.0025,0.005,20.0,4000,cond_mean,88,0.999916794337543,1.9987562570759068,0.5025027862331762,0.0026872752037543886,0,0.013703862795733327,0.2239244524223198
1.0,0.5,4.0,4.0,0.0025,0.005,0.5,100,cond_mean,89,1.0000697855518306,1.9976390590038524,0.5032094345649483,0.0020918511800571485,0,0.011369762594789161,0.2233097321420376
1.0,0.5,4.0,4.0,0.0025,0.005,1.0,200,cond_mean,89,1.0001941148160007,1.996796013247831,0.5091572888997474,0.001909522739997312,0,0.015334816281171969,0.2233097321420376
1.0,0.5,4.0,4.0,0.0025,0.005,2.0,400,cond_mean,89,1.0004000149767671,1.9986235433607633,0.5151292022915299,0.0029652781305183513,0,0.023992746773016226,0.2233097321420376
1.0,0.5,4.0,4.0,0.0025,0.005,3.5,700,cond_mean,89,1.0000029840494136,1.9985127012637844,0.506731214692889,0.001987832673393284,0,0.013230441934235499,0.2233097321420376
1.0,0.5,4.0,4.0,0.0025,0.005,5.0,1000,cond_mean,89,0.9996502128788451,2.022225333664405,0.5055840486662071,0.002782046484575341,0,0.0301661676363299,0.2233097321420376
1.0,0.5,4.0,4.0,0.0025,0.005,10.0,2000,cond_mean,89,1.0002117721040773,1.9861444140269964,0.508649623291832,0.002134237471917865,0,0.021949961218251813,0.2233097321420376
1.0,0.5,4.0,4.0,0.0025,0.005,20.0,4000,cond_mean,89,1.000212164377553,1.9977162495730718,0.5049312505789998,0.0015701035394095604,0,0.010152538290549993,0.2233097321420376
1.0,0.5,4.0,4.0,0.0025,0.005,0.5,100,cond_mean,90,0.9998842623636193,2.0066884069664743,0.5007010726397909,0.0019307253399200369,0,0.012288829854750247,0.22313661314547062
1.0,0.5,4.0,4.0,0.0025,0.005,1.0,200,cond_mean,90,1.000207105380905,2.0077793954140826,0.5021307959863355,0.0019502845422078446,0,0.013364027722629878,0.22313661314547062
1.0,0.5,4.0,4.0,0.0025,0.005,2.0,400,cond_mean,90,0.9999996249360166,2.0005067976666018,0.5032941119875193,0.0015262563282955916,0,0.008655776062842261,0.22313661314547062
1.0,0.5,4.0,4.0,0.0025,0.005,3.5,700,cond_mean,90,0.9999043516360052,2.0050081010209,0.5088809416202388,0.002828690432975549,0,0.019060122419462824,0.22313661314547062
1.0,0.5,4.0,4.0,0.0025,0.005,5.0,1000,cond_mean,90,0.9999568502453922,1.9993449707852458,0.5025121563665944,0.0019254724185979609,0,0.010063976321184366,0.22313661314547062
1.0,0.5,4.0,4.0,0.0025,0.005,10.0,2000,cond_mean,90,0.9999162256175277,2.016008095603499,0.5057907266152151,0.002390386661501882,0,0.023127157694074044,0.22313661314547062
1.0,0.5,4.0,4.0,0.0025,0.005,20.0,4000,cond_mean,90,1.0002662883270026,2.0067520966783796,0.504452338048065,0.0020150703967071353,0,0.013673869446220633,0.22313661314547062
1.0,0.5,4.0,4.0,0.0025,0.005,0.5,100,cond_mean,91,1.0000088770913873,1.9987843226095658,0.5027051397236909,0.00161666187941624,0,0.008789775298295466,0.2251282142907647
1.0,0.5,4.0,4.0,0.0025,0.005,1.0,200,cond_mean,91,1.0000761124525395,1.9966143137140715,0.5031056081689296,0.0014981025777697154,0,0.00919016569743649,0.2251282142907647
1.0,0.5,4.0,4.0,0.0025,0.005,2.0,400,cond_mean,91,0.9999208064761226,1.9906239985920364,0.49121153099328474,0.0019275780164517758,0,0.01833377252489829,0.2251282142907647
1.0,0.5,4.0,4.0,0.0025,0.005,3.5,700,cond_mean,91,1.000115102139768,1.994915736019161,0.497404300005549,0.001755058842232613,0,0.011059023270132345,0.2251282142907647
1.0,0.5,4.0,4.0,0.0025,0.005,5.0,1000,cond_mean,91,1.0003379044265581,1.9992672580173578,0.49660724550648555,0.0020570557372167225,0,0.011489461261052693,0.2251282142907647
1.0,0.5,4.0,4.0,0.0025,0.005,10.0,2000,cond_mean,91,1.0001641045856697,1.9757314543417699,0.495040553870029,0.001082935643305858,0,0.029423043199631235,0.2251282142907647
1.0,0.5,4.0,4.0,0.0025,0.005,20.0,4000,cond_mean,91,0.9999861852379792,1.9847653255899245,0.5070450248878153,0.0021620704546163566,0,0.022436706732206765,0.2251282142907647
1.0,0.5,4.0,4.0,0.0025,0.005,0.5,100,cond_mean,92,1.0002075180249899,1.9907321465506695,0.49821938605318916,0.0021079949233448274,0,0.015166956645579984,0.22320556542503514
1.0,0.5,4.0,4.0,0.0025,0.005,1.0,200,cond_mean,92,0.9999665061573444,1.9961171953054186,0.4952695637502969,0.0016257508302858132,0,0.011020765578068619,0.22320556542503514
1.0,0.5,4.0,4.0,0.0025,0.005,2.0,400,cond_mean,92,1.0001713790589655,2.000213239078511,0.5064058018802015,0.0024808339210253584,0,0.014580645567046885,0.22320556542503514
1.0,0.5,4.0,4.0,0.0025,0.005,3.5,700,cond_mean,92,1.0001418153156456,2.006883060991754,0.49236229811588705,0.0019311742497463288,0,0.016171817949551342,0.22320556542503514
1.0,0.5,4.0,4.0,0.0025,0.005,5.0,1000,cond_mean,92,1.0004391417675798,2.0245601316312087,0.49974716157932775,0.002221510886040833,0,0.030471027186975957,0.22320556542503514
1.0,0.5,4.0,4.0,0.0025,0.005,10.0,2000,cond_mean,92,0.99998824595675,2.0396291691357527,0.510856266094185,0.001541859385972281,0,0.048247373854837024,0.22320556542503514
1.0,0.5,4.0,4.0,0.0025,0.005,20.0,4000,cond_mean,92,0.9999895772593161,2.0404899787772433,0.5156664383845974,0.0015342403809173618,0,0.05119998104341142,0.22320556542503514
1.0,0.5,4.0,4.0,0.0025,0.005,0.5,100,cond_mean,93,1.0000404298403047,1.9943682797300926,0.4989392731983612,0.0014949344519846596,0,0.00991323664458828,0.2306607321370393
1.0,0.5,4.0,4.0,0.0025,0.005,1.0,200,cond_mean,93,0.9999995216815186,1.99366825943248,0.5019716985824686,0.001844196218047687,0,0.011914238107268254,0.2306607321370393
1.0,0.5,4.0,4.0,0.0025,0.005,2.0,400,cond_mean,93,1.0002585267056212,1.9906680176916294,0.5068267753472541,0.0020980821670052363,0,0.017122561905108347,0.2306607321370393
1.0,0.5,4.0,4.0,0.0025,0.005,3.5,700,cond_mean,93,0.9999374835120803,1.972675213539431,0.4975016804859874,0.002677357952005356,0,0.03433228675900703,0.2306607321370393
1.0,0.5,4.0,4.0,0.0025,0.005,5.0,1000,cond_mean,93,1.000264980585316,1.9644037637912362,0.5017517085322624,0.002650799259346104,0,0.04310859206312215,0.2306607321370393
1.0,0.5,4.0,4.0,0.0025,0.005,10.0,2000,cond_mean,93,1.0001698238447363,1.964256477509602,0.5120600424398859,0.001495979272803581,0,0.044428912159381946,0.2306607321370393
1.0,0.5,4.0,4.0,0.0025,0.005,20.0,4000,cond_mean,93,1.0000259607890332,1.9120735023230968,0.5104782948423681,0.0018706615390879616,0,0.10239331950216968,0.2306607321370393
1.0,0.5,4.0,4.0,0.0025,0.005,0.5,100,cond_mean,94,1.0000225795379176,1.9977757132039826,0.5029801535235147,0.0014948924197827084,0,0.008675199407921838,0.2295177499929975
1.0,0.5,4.0,4.0,0.0025,0.005,1.0,200,cond_mean,94,0.9995420390060378,1.9970458382129448,0.5000271285946278,0.0026227629036419146,0,0.013504122460520886,0.2295177499929975
1.0,0.5,4.0,4.0,0.0025,0.005,2.0,400,cond_mean,94,0.9999590228412378,1.9897470783014641,0.5014384784284114,0.0028713124640445337,0,0.01851207100374202,0.2295177499929975
1.0,0.5,4.0,4.0,0.0025,0.005,3.5,700,cond_mean,94,0.999900677303427,1.9887439687528816,0.505742118807806,0.001665844453573176,0,0.017171323192812813,0.2295177499929975
1.0,0.5,4.0,4.0,0.0025,0.005,5.0,1000,cond_mean,94,0.9998763576352898,1.9774199240185286,0.5032984929309111,0.0012511602745336583,0,0.027147707121145167,0.2295177499929975
1.0,0.5,4.0,4.0,0.0025,0.005,10.0,2000,cond_mean,94,0.999702297037663,1.986474098984372,0.49354857175464745,0.002722342559690585,0,0.0220291195420915,0.2295177499929975
1.0,0.5,4.0,4.0,0.0025,0.005,20.0,4000,cond_mean,94,0.999721415710015,1.9894010545752285,0.4989706195043956,0.0035175545572055625,0,0.021199616149003446,0.2295177499929975
1.0,0.5,4.0,4.0,0.0025,0.005,0.5,100,cond_mean,95,0.9998004576790442,2.008061918498167,0.4955317157256138,0.0021295182835608557,0,0.015042300965475397,0.22525805357976683
1.0,0.5,4.0,4.0,0.0025,0.005,1.0,200,cond_mean,95,0.9994546731239825,2.005543765234017,0.488087067492213,0.0038551075371906986,0,0.02476194681543617,0.22525805357976683
1.0,0.5,4.0,4.0,0.0025,0.005,2.0,400,cond_mean,95,0.9999992205276267,2.000053703045475,0.495246636949893,0.0018197209307386569,0,0.010901534717379664,0.22525805357976683
1.0,0.5,4.0,4.0,0.0025,0.005,3.5,700,cond_mean,95,1.0000340484282224,1.9995261822392354,0.5011020960547897,0.0018074552520136338,0,0.008988791808638177,0.22525805357976683
1.0,0.5,4.0,4.0,0.0025,0.005,5.0,1000,cond_mean,95,1.0000870965793889,1.9987109456418732,0.5050532652790277,0.0022628000352487906,0,0.012911591825332705,0.22525805357976683
1.0,0.5,4.0,4.0,0.0025,0.005,10.0,2000,cond_mean,95,1.0002477056572108,2.0169012451630555,0.49775379520565777,0.002284042775237332,0,0.022812769162710352,0.22525805357976683
1.0,0.5,4.0,4.0,0.0025,0.005,20.0,4000,cond_mean,95,1.0000790406237388,2.02992922778893,0.504952662025138,0.0014051767822942476,0,0.03570706584040912,0.22525805357976683
1.0,0.5,4.0,4.0,0.0025,0.005,0.5,100,cond_mean,96,0.99981731571883,2.0107120333165716,0.5024535940481204,0.002265503460995398,0,0.017040360942273156,0.22290039885722632
1.0,0.5,4.0,4.0,0.0025,0.005,1.0,200,cond_mean,96,0.9997561246198305,2.0169138126424744,0.5039632273824226,0.002137483365122227,0,0.022916671683786312,0.22290039885722632
1.0,0.5,4.0,4.0,0.0025,0.005,2.0,400,cond_mean,96,1.0000963093446507,2.0223212970245448,0.51133840815493,0.0023099240600511443,0,0.031695241432685754,0.22290039885722632
1.0,0.5,4.0,4.0,0.0025,0.005,3.5,700,cond_mean,96,0.9996436801738138,2.0209466049059177,0.498115441749293,0.0025683385323588036,0,0.02739286577849109,0.22290039885722632
1.0,0.5,4.0,4.0,0.0025,0.005,5.0,1000,cond_mean,96,0.9999678849245984,2.02242354028702,0.4954637632472549,0.0015086289359984679,0,0.02762747212110326,0.22290039885722632
1.0,0.5,4.0,4.0,0.0025,0.005,10.0,2000,cond_mean,96,1.0002997055606868,2.0068360975780095,0.5032140511353494,0.0024677138668372,0,0.014922213767379856,0.22290039885722632
1.0,0.5,4.0,4.0,0.0025,0.005,20.0,4000,cond_mean,96,1.0002136222783393,2.00336293278308,0.4969198636785482,0.002462600159979118,0,0.013512431649095664,0.22290039885722632
1.0,0.5,4.0,4.0,0.0025,0.005,0.5,100,cond_mean,97,1.0002672887278228,1.9942961014870277,0.50302054051458,0.0022276211284481496,0,0.013257144610762937,0.22449485112779907
1.0,0.5,4.0,4.0,0.0025,0.005,1.0,200,cond_mean,97,1.000346562394727,1.990852944548068,0.5069582185088266,0.002222872003764412,0,0.017359093217988994,0.22449485112779907
1.0,0.5,4.0,4.0,0.0025,0.005,2.0,400,cond_mean,97,1.000350625773435,1.9772972204440191,0.5124667138034035,0.00212753213735437,0,0.032083344525174695,0.22449485112779907
1.0,0.5,4.0,4.0,0.0025,0.005,3.5,700,cond_mean,97,0.9996766108655857,1.9703452649012443,0.5008299962730008,0.002478589394372558,0,0.036406612134438854,0.22449485112779907
1.0,0.5,4.0,4.0,0.0025,0.005,5.0,1000,cond_mean,97,0.9995397100954903,1.9731247015888569,0.487137057617736,0.0025534863700001614,0,0.037179141728086805,0.22449485112779907
1.0,0.5,4.0,4.0,0.0025,0.005,10.0,2000,cond_mean,97,0.9997199420258628,1.9650617059321653,0.4970996048511986,0.0031426285765893238,0,0.043334576483285904,0.22449485112779907
1.0,0.5,4.0,4.0,0.0025,0.005,20.0,4000,cond_mean,97,1.0002841252879209,1.967376431257189,0.5173505105568216,0.0015216136362580304,0,0.044033173296640124,0.22449485112779907
1.0,0.5,4.0,4.0,0.0025,0.005,0.5,100,cond_mean,98,1.0001304413351109,2.0030652154673807,0.4995155691082558,0.001557290683367208,0,0.008488187975371628,0.2222689702840788
1.0,0.5,4.0,4.0,0.0025,0.005,1.0,200,cond_mean,98,1.0000147858058563,1.995496318178076,0.500312992546058,0.002066553609946766,0,0.011397464645312182,0.2222689702840788
1.0,0.5,4.0,4.0,0.0025,0.005,2.0,400,cond_mean,98,0.9999199465765496,2.0058681156776346,0.5029473596785604,0.001876767263312109,0,0.012121313910700305,0.2222689702840788
1.0,0.5,4.0,4.0,0.0025,0.005,3.5,700,cond_mean,98,1.0003637945845305,2.0010250070388214,0.5049100533957007,0.0023249623304063345,0,0.012885020783128137,0.2222689702840788
1.0,0.5,4.0,4.0,0.0025,0.005,5.0,1000,cond_mean,98,1.0004170007731772,2.013787382584562,0.5101456699973028,0.002039597688865437,0,0.022572634389323807,0.2222689702840788
1.0,0.5,4.0,4.0,0.0025,0.005,10.0,2000,cond_mean,98,1.0000141661278352,2.039818092699854,0.5020729491035072,0.001620405948842446,0,0.046680657463839,0.2222689702840788
1.0,0.5,4.0,4.0,0.0025,0.005,20.0,4000,cond_mean,98,0.9999304630675399,2.058628769727723,0.5025141065479767,0.00164365224446305,0,0.06815979335885726,0.2222689702840788
1.0,0.5,4.0,4.0,0.0025,0.005,0.5,100,cond_mean,99,1.0000337337244927,1.9902744934257997,0.5009266008335828,0.0018806354339259274,0,0.014577568179177904,0.22290188099058078
1.0,0.5,4.0,4.0,0.0025,0.005,1.0,200,cond_mean,99,0.9998059771959996,1.9866862389254432,0.49344215319019136,0.0016374819139513663,0,0.019231603350818707,0.22290188099058078
1.0,0.5,4.0,4.0,0.0025,0.005,2.0,400,cond_mean,99,1.0000124142167792,1.988646496193016,0.5011811052887013,0.001662086292778792,0,0.015502899113893302,0.22290188099058078
1.0,0.5,4.0,4.0,0.0025,0.005,3.5,700,cond_mean,99,1.0001060189607949,1.9975420747463317,0.5041406381954532,0.0027605375337079125,0,0.01477314042961818,0.22290188099058078
1.0,0.5,4.0,4.0,0.0025,0.005,5.0,1000,cond_mean,99,1.0000147465908509,1.9893709335901741,0.5078825455298377,0.0016193764337269318,0,0.017830903567498908,0.22290188099058078
1.0,0.5,4.0,4.0,0.0025,0.005,10.0,2000,cond_mean,99,1.0002004524259576,2.007751772232756,0.4999244016211635,0.001658044104668526,0,0.012139202410323416,0.22290188099058078
1.0,0.5,4.0,4.0,0.0025,0.005,20.0,4000,cond_mean,99,0.9999776485049873,1.9676381046039457,0.5108594919123469,0.0020220017728789868,0,0.04097424438324425,0.22290188099058078
1.0,0.5,4.0,4.0,0.0025,0.005,0.5,100,cond_mean,100,1.0000152159022961,2.001816632769527,0.49836017466121063,0.0015335277544757814,0,0.00811136341751826,0.22279932742406214
1.0,0.5,4.0,4.0,0.0025,0.005,1.0,200,cond_mean,100,0.9997583126825161,1.9922465472463906,0.49721445905583034,0.001551761555209525,0,0.012218195347060604,0.22279932742406214
1.0,0.5,4.0,4.0,0.0025,0.005,2.0,400,cond_mean,100,0.9998703065359944,1.973355583063353,0.49944623373184577,0.0015628236239082147,0,0.031725491605554094,0.22279932742406214
1.0,0.5,4.0,4.0,0.0025,0.005,3.5,700,cond_mean,100,1.0000158012895384,1.9689074724321425,0.5087142182528339,0.0010340423878190585,0,0.03785240985142242,0.22279932742406214
1.0,0.5,4.0,4.0,0.0025,0.005,5.0,1000,cond_mean,100,0.9998609774519522,1.9908928606008134,0.5053161619662523,0.0012650943307417198,0,0.014204095912402697,0.22279932742406214
1.0,0.5,4.0,4.0,0.0025,0.005,10.0,2000,cond_mean,100,0.9995850521428085,1.9684167210608154,0.496866076257815,0.0024463962071408813,0,0.03862528611410459,0.22279932742406214
1.0,0.5,4.0,4.0,0.0025,0.005,20.0,4000,cond_mean,100,0.9999428169902143,1.9770577161846663,0.49810804486699983,0.0022579090395829855,0,0.0288302532197482,0.22279932742406214
1.0,0.5,4.0,4.0,0.0025,0.005,0.5,100,cond_mean,101,1.0003381102283584,2.0035107550934,0.507802791780215,0.0017453253049402647,0,0.013490803503123167,0.22407200001180172
1.0,0.5,4.0,4.0,0.0025,0.005,1.0,200,cond_mean,101,1.0001684324556201,2.011323674907395,0.49981706576664675,0.0021638274678418626,0,0.01687060899022971,0.22407200001180172
1.0,0.5,4.0,4.0,0.0025,0.005,2.0,400,cond_mean,101,1.0003590210622721,2.012754512824254,0.5045334626697467,0.0024914901746688847,0,0.01983883847543333,0.22407200001180172
1.0,0.5,4.0,4.0,0.0025,0.005,3.5,700,cond_mean,101,1.0001770985335876,2.0243828335987644,0.5034981861957667,0.0016221103711793346,0,0.02953780520982674,0.22407200001180172
1.0,0.5,4.0,4.0,0.0025,0.005,5.0,1000,cond_mean,101,1.0005064902115088,2.0224783210061563,0.5106788237523505,0.0023538897429876636,0,0.031132793102525865,0.22407200001180172
1.0,0.5,4.0,4.0,0.0025,0.005,10.0,2000,cond_mean,101,1.000236453190778,2.027900749505062,0.5044478831120854,0.0022380127921191664,0,0.03437608016146376,0.22407200001180172
1.0,0.5,4.0,4.0,0.0025,0.005,20.0,4000,cond_mean,101,1.0001107443267059,1.9844749892634284,0.4993429171973664,0.0017761573157612817,0,0.019971297985216976,0.22407200001180172
1.0,0.5,4.0,4.0,0.0025,0.005,0.5,100,cond_mean,102,1.0000811784795627,2.0025587156425315,0.49686659149548945,0.0015714936424888921,0,0.009315478625187336,0.22554184529664262
1.0,0.5,4.0,4.0,0.0025,0.005,1.0,200,cond_mean,102,1.0001452336765884,1.9958379806995088,0.5018511093768361,0.001642034274741526,0,0.009633221084905507,0.22554184529664262
1.0,0.5,4.0,4.0,0.0025,0.005,2.0,400,cond_mean,102,1.0001497970623292,1.9896584014708207,0.49790396681283167,0.0015825170064498672,0,0.014596716100704607,0.22554184529664262
1.0,0.5,4.0,4.0,0.0025,0.005,3.5,700,cond_mean,102,1.000225840228546,1.975443762623187,0.5065314402636327,0.0028010180219656573,0,0.03251000801904415,0.22554184529664262
1.0,0.5,4.0,4.0,0.0025,0.005,5.0,1000,cond_mean,102,1.0004360856955117,1.9788766883303552,0.5119018141690224,0.0017230152836545838,0,0.02959548574514543,0.22554184529664262
1.0,0.5,4.0,4.0,0.0025,0.005,10.0,2000,cond_mean,102,1.0001029653363167,1.989623136539514,0.49339116971167973,0.0025921824996753377,0,0.019696753663608308,0.22554184529664262
1.0,0.5,4.0,4.0,0.0025,0.005,20.0,4000,cond_mean,102,0.9999274637926077,1.950419278146229,0.4857770524307023,0.0018168105855489094,0,0.06116719920000346,0.22554184529664262
1.0,0.5,4.0,4.0,0.0025,0.005,0.5,100,cond_mean,103,0.9999416984947802,1.9912721122734696,0.50062324516088,0.0020610071228181178,0,0.014305712948805435,0.22428589284286968
1.0,0.5,4.0,4.0,0.0025,0.005,1.0,200,cond_mean,103,1.000107174301057,1.9923780523057693,0.5034829969202999,0.002028033487611275,0,0.013962567793471825,0.22428589284286968
1.0,0.5,4.0,4.0,0.0025,0.005,2.0,400,cond_mean,103,1.0002844616438287,2.0042589127623356,0.510395265368561,0.0016932588610760733,0,0.0162286439693175,0.22428589284286968
1.0,0.5,4.0,4.0,0.0025,0.005,3.5,700,cond_mean,103,0.9997925739614503,2.0020547674245983,0.5051484226459414,0.0031467257765483707,0,0.017220344157829505,0.22428589284286968
1.0,0.5,4.0,4.0,0.0025,0.005,5.0,1000,cond_mean,103,0.9996494884392513,1.9955122219549524,0.5105985559023541,0.0020409147481357586,0,0.018451822244882458,0.22428589284286968
1.0,0.5,4.0,4.0,0.0025,0.005,10.0,2000,cond_mean,103,1.000068809956204,2.0285774868167263,0.5099302730499133,0.0018474448592345175,0,0.03647246260594719,0.22428589284286968
1.0,0.5,4.0,4.0,0.0025,0.005,20.0,4000,cond_mean,103,0.9998252721430939,2.014921052973309,0.4924666472069885,0.0017156670517843695,0,0.021442261674041275,0.22428589284286968
1.0,0.5,4.0,4.0,0.0025,0.005,0.5,100,cond_mean,104,0.9998155306165144,1.9976871943689785,0.5019968940706643,0.0025157119210830266,0,0.013008512025159284,0.22384132744212235
1.0,0.5,4.0,4.0,0.0025,0.005,1.0,200,cond_mean,104,1.000135098268139,2.002105977886111,0.5093263841442405,0.0014322236206264674,0,0.01404515899746519,0.22384132744212235
1.0,0.5,4.0,4.0,0.0025,0.005,2.0,400,cond_mean,104,0.9998202018561219,2.0039813920065606,0.5031718935366588,0.002012872403369373,0,0.011816210766296752,0.22384132744212235
1.0,0.5,4.0,4.0,0.0025,0.005,3.5,700,cond_mean,104,0.9999057142481176,2.0091018223263655,0.49048549744031406,0.0022425690888110846,0,0.019655875214109046,0.22384132744212235
1.0,0.5,4.0,4.0,0.0025,0.005,5.0,1000,cond_mean,104,1.0000211018700407,2.013602493428185,0.5034795516745618,0.0028324333195148205,0,0.021466845790575766,0.22384132744212235
1.0,0.5,4.0,4.0,0.0025,0.005,10.0,2000,cond_mean,104,1.000145194240081,2.0180557473352296,0.49998255654475554,0.0017506351074778185,0,0.02255847521308164,0.22384132744212235
1.0,0.5,4.0,4.0,0.0025,0.005,20.0,4000,cond_mean,104,0.9997815211137446,2.0384718777217223,0.4975395368857779,0.0017390783665635397,0,0.04536885514812408,0.22384132744212235
1.0,0.5,4.0,4.0,0.0025,0.005,0.5,100,cond_mean,105,0.999986312163969,1.9971386824048818,0.49982354971594767,0.002032066724048447,0,0.01050282886783784,0.22397969643186247
1.0,0.5,4.0,4.0,0.0025,0.005,1.0,200,cond_mean,105,1.000007963950878,2.007777472925374,0.5049423514239357,0.0013838498350472242,0,0.012965544283728517,0.22397969643186247
1.0,0.5,4.0,4.0,0.0025,0.005,2.0,400,cond_mean,105,1.0001080054980203,2.0186766626062926,0.5060444289908972,0.0022147170298232595,0,0.02530314401141049,0.22397969643186247
1.0,0.5,4.0,4.0,0.0025,0.005,3.5,700,cond_mean,105,0.9998900976377925,1.997576173607178,0.506284027539148,0.00247118181715189,0,0.015030069985789143,0.22397969643186247
1.0,0.5,4.0,4.0,0.0025,0.005,5.0,1000,cond_mean,105,1.0001121056962647,1.9813398034925715,0.5050736215225704,0.0019268233926326294,0,0.024307916923654662,0.22397969643186247
1.0,0.5,4.0,4.0,0.0025,0.005,10.0,2000,cond_mean,105,1.0004366500039445,1.9810358310570828,0.5000828365458236,0.002746124220756408,0,0.025792780600442006,0.22397969643186247
1.0,0.5,4.0,4.0,0.0025,0.005,20.0,4000,cond_mean,105,0.999951157381582,1.9494502847583117,0.4949146141914995,0.002589643564901791,0,0.06018550458135378,0.22397969643186247
1.0,0.5,4.0,4.0,0.0025,0.005,0.5,100,cond_mean,106,0.9998472997235311,1.995082846092686,0.49832913961517067,0.0017404453945443082,0,0.010444310712861038,0.22219489285323238
1.0,0.5,4.0,4.0,0.0025,0.005,1.0,200,cond_mean,106,0.9997457353790268,1.9999447792627554,0.5001782061559924,0.0027127879599893414,0,0.01337771802812039,0.22219489285323238
1.0,0.5,4.0,4.0,0.0025,0.005,2.0,400,cond_mean,106,0.9999654329403499,1.9957918456480432,0.5044449846605489,0.0018721433185522735,0,0.011949787196501548,0.22219489285323238
1.0,0.5,4.0,4.0,0.0025,0.005,3.5,700,cond_mean,106,1.0001087895297978,1.9816849159661816,0.5048372548465824,0.0019363482646839163,0,0.02390211743828703,0.22219489285323238
1.0,0.5,4.0,4.0,0.0025,0.005,5.0,1000,cond_mean,106,1.0002892364156397,1.9812100731452087,0.511673719895478,0.001697619963505543,0,0.02741800583393478,0.22219489285323238
1.0,0.5,4.0,4.0,0.0025,0.005,10.0,2000,cond_mean,106,1.0002568093118462,1.9944797024482785,0.5012423820904071,0.0018714255291125091,0,0.01128249405118143,0.22219489285323238
1.0,0.5,4.0,4.0,0.0025,0.005,20.0,4000,cond_mean,106,1.0000481602422024,1.9688305944778717,0.5049930010685887,0.0028013283826410235,0,0.03890498807620673,0.22219489285323238
1.0,0.5,4.0,4.0,0.0025,0.005,0.5,100,cond_mean,107,1.0002079437242433,2.0048742080410276,0.4978136522819626,0.0020114174446290785,0,0.011878393229413663,0.22380727384838142
1.0,0.5,4.0,4.0,0.0025,0.005,1.0,200,cond_mean,107,1.0003608141973175,2.0013683355405605,0.5012512164840939,0.002046792562748951,0,0.010323800392017834,0.22380727384838142
1.0,0.5,4.0,4.0,0.0025,0.005,2.0,400,cond_mean,107,1.0004438294814748,1.999484450655174,0.5058546410312621,0.002936370821538391,0,0.016035803673020474,0.22380727384838142
1.0,0.5,4.0,4.0,0.0025,0.005,3.5,700,cond_mean,107,1.000358082181091,2.0131432416024992,0.5094550240172,0.00276098558122418,0,0.023443115770669803,0.22380727384838142
1.0,0.5,4.0,4.0,0.0025,0.005,5.0,1000,cond_mean,107,0.9997728631288326,2.018147627921357,0.490775289662557,0.001872943745600626,0,0.025779041749700082,0.22380727384838142
1.0,0.5,4.0,4.0,0.0025,0.005,10.0,2000,cond_mean,107,0.9996154155199456,2.0684021423978893,0.489597365751575,0.0036958142823830817,0,0.08232379539814483,0.22380727384838142
1.0,0.5,4.0,4.0,0.0025,0.005,20.0,4000,cond_mean,107,0.9996590343375124,2.071290625290341,0.4877783798070432,0.0029709992628771196,0,0.0853288000418076,0.22380727384838142
1.0,0.5,4.0,4.0,0.0025,0.005,0.5,100,cond_mean,108,0.999952073049316,1.996724107672966,0.4986768649062377,0.0012896155772422842,0,0.0075504198386909275,0.22438654757570475
1.0,0.5,4.0,4.0,0.0025,0.005,1.0,200,cond_mean,108,0.9998531122566375,1.993729769694182,0.4989725016750669,0.001361096163783931,0,0.009925301653375388,0.22438654757570475
1.0,0.5,4.0,4.0,0.0025,0.005,2.0,400,cond_mean,108,0.9996984840231413,1.979418439487685,0.49522402725342896,0.002155659116874436,0,0.026722226724796096,0.22438654757570475
1.0,0.5,4.0,4.0,0.0025,0.005,3.5,700,cond_mean,108,1.0000296610278754,1.9783750261057296,0.500304819350525,0.0017884431442404258,0,0.026469813039004284,0.22438654757570475
1.0,0.5,4.0,4.0,0.0025,0.005,5.0,1000,cond_mean,108,0.9999320138760538,1.9939940851361106,0.5020641701996673,0.0021136084030286975,0,0.012789007636094227,0.22438654757570475
1.0,0.5,4.0,4.0,0.0025,0.005,10.0,2000,cond_mean,108,0.9998773922886904,2.0278903364849383,0.5047069544127749,0.0023697511616620273,0,0.03480947701468307,0.22438654757570475
1.0,0.5,4.0,4.0,0.0025,0.005,20.0,4000,cond_mean,108,0.9994536168471339,2.000362335907711,0.49747671198996807,0.002492767409642015,0,0.012648616659204647,0.22438654757570475
1.0,0.5,4.0,4.0,0.0025,0.005,0.5,100,cond_mean,109,1.00011595708576,2.0049440279395565,0.5043106993904953,0.0021268791559930205,0,0.013055748440932232,0.2258046131381499
1.0,0.5,4.0,4.0,0.0025,0.005,1.0,200,cond_mean,109,1.000072668585501,2.0070186991603505,0.5072223775117214,0.0018135808390725417,0,0.015198633216233126,0.2258046131381499
1.0,0.5,4.0,4.0,0.0025,0.005,2.0,400,cond_mean,109,1.0002069742605904,2.019165773518148,0.5076858413289781,0.0021881525649392708,0,0.026331526460883995,0.2258046131381499
1.0,0.5,4.0,4.0,0.0025,0.005,3.5,700,cond_mean,109,0.9999131829236241,2.0050094918048202,0.509598803765821,0.0018754589033471657,0,0.016703790238783534,0.2258046131381499
1.0,0.5,4.0,4.0,0.0025,0.005,5.0,1000,cond_mean,109,1.0001096566653556,2.008505470356122,0.5050946580545917,0.0031299565301117368,0,0.0192792569775782,0.2258046131381499
1.0,0.5,4.0,4.0,0.0025,0.005,10.0,2000,cond_mean,109,1.0000392351023362,1.9706132560400305,0.49843531899766974,0.0015947840104175352,0,0.03491143877899115,0.2258046131381499
1.0,0.5,4.0,4.0,0.0025,0.005,20.0,4000,cond_mean,109,0.9999491031119716,2.0059901956835713,0.5081097938582382,0.0016486730706365763,0,0.015080438355105126,0.2258046131381499
1.0,0.5,4.0,4.0,0.0025,0.005,0.5,100,cond_mean,110,0.9997817622177044,1.992655138869447,0.4996215372989351,0.0016151669036419273,0,0.011647077900005676,0.22790647028679295
1.0,0.5,4.0,4.0,0.0025,0.005,1.0,200,cond_mean,110,0.9996705783576443,1.989630152888894,0.4962104767920947,0.0020242360121790486,0,0.01619631088543441,0.22790647028679295
1.0,0.5,4.0,4.0,0.0025,0.005,2.0,400,cond_mean,110,0.9995985607584249,1.9934295817042147,0.4961848521881555,0.0021064802739232556,0,0.013585145221708107,0.22790647028679295
1.0,0.5,4.0,4.0,0.0025,0.005,3.5,700,cond_mean,110,0.9995646503566322,1.987325491022322,0.4976276434475649,0.0021321976629199166,0,0.018232642475777456,0.22790647028679295
1.0,0.5,4.0,4.0,0.0025,0.005,5.0,1000,cond_mean,110,1.0000179844532318,2.001764563763001,0.5021812948717586,0.0022283912528340204,0,0.011473838743319647,0.22790647028679295
1.0,0.5,4.0,4.0,0.0025,0.005,10.0,2000,cond_mean,110,0.999651291573906,2.0161364829151616,0.49218231600566703,0.0023171611754118065,0,0.023851944138554716,0.22790647028679295
1.0,0.5,4.0,4.0,0.0025,0.005,20.0,4000,cond_mean,110,0.9997272379597638,2.028906073159212,0.5002142297542963,0.0017624395057306175,0,0.03450611194715546,0.22790647028679295
1.0,0.5,4.0,4.0,0.0025,0.005,0.5,100,cond_mean,111,0.9998549240702349,2.0000474543278184,0.5027031738506738,0.002791176202843654,0,0.014236942670958125,0.22309999400749803
1.0,0.5,4.0,4.0,0.0025,0.005,1.0,200,cond_mean,111,0.9999946264411738,1.9902781041757023,0.5000357737041369,0.003743346473533084,0,0.021520514732177323,0.22309999400749803
1.0,0.5,4.0,4.0,0.0025,0.005,2.0,400,cond_mean,111,1.0001501748923325,1.985588837560217,0.5081131601959248,0.0020962348802357005,0,0.022023444864199538,0.22309999400749803
1.0,0.5,4.0,4.0,0.0025,0.005,3.5,700,cond_mean,111,1.0000584551400005,1.997057878183835,0.503183549232002,0.0013598851018637214,0,0.008501291545478422,0.22309999400749803
1.0,0.5,4.0,4.0,0.0025,0.005,5.0,1000,cond_mean,111,0.9998570101941654,2.0110483967585786,0.5047927364537032,0.002028826867047741,0,0.01744489116254153,0.22309999400749803
1.0,0.5,4.0,4.0,0.0025,0.005,10.0,2000,cond_mean,111,0.9999700732289702,1.9994402697222071,0.49250210811634104,0.0016303478899815152,0,0.01266379952952916,0.22309999400749803
1.0,0.5,4.0,4.0,0.0025,0.005,20.0,4000,cond_mean,111,1.000414971204659,1.9956607091186933,0.5009989904242217,0.0030671085307767704,0,0.0159705326945184,0.22309999400749803
1.0,0.5,4.0,4.0,0.0025,0.005,0.5,100,cond_mean,112,0.9999714558894052,2.010738880731016,0.4987690438313811,0.0018263424269250393,0,0.015377293501484033,0.2238723154379321
1.0,0.5,4.0,4.0,0.0025,0.005,1.0,200,cond_mean,112,0.9999491259347333,2.007276741296173,0.4978243295081894,0.00170455126211917,0,0.012179225475923596,0.2238723154379321
1.0,0.5,4.0,4.0,0.0025,0.005,2.0,400,cond_mean,112,1.00026443529007,1.9955887900702602,0.4990892347656654,0.0015890616946210511,0,0.009552764599692731,0.2238723154379321
1.0,0.5,4.0,4.0,0.0025,0.005,3.5,700,cond_mean,112,1.000046677798035,1.9949975536182778,0.5042768955500903,0.0021819187070986255,0,0.013325178050947099,0.2238723154379321
1.0,0.5,4.0,4.0,0.0025,0.005,5.0,1000,cond_mean,112,1.0001834905408324,2.0044401865869945,0.5061845176142105,0.0018682333537701152,0,0.01304901123979114,0.2238723154379321
1.0,0.5,4.0,4.0,0.0025,0.005,10.0,2000,cond_mean,112,1.000190631427043,1.9914853258385163,0.5019426007186827,0.0025826763767456324,0,0.016204768998358238,0.2238723154379321
1.0,0.5,4.0,4.0,0.0025,0.005,20.0,4000,cond_mean,112,0.999741956556005,2.0237783918369185,0.5008123059598523,0.0028526504342102706,0,0.030885253409022376,0.2238723154379321
1.0,0.5,4.0,4.0,0.0025,0.005,0.5,100,cond_mean,113,1.0002493308962888,2.0013161912840154,0.5086890606028448,0.0023259617102385395,0,0.01584609971124066,0.22456125600729138
1.0,0.5,4.0,4.0,0.0025,0.005,1.0,200,cond_mean,113,1.0002809859887205,2.0059374108619803,0.5113471339388204,0.002034908185429501,0,0.018684283869931238,0.22456125600729138
1.0,0.5,4.0,4.0,0.0025,0.005,2.0,400,cond_mean,113,0.9999723462827895,2.0000714497670717,0.5076336625171523,0.001959341137417952,0,0.013897238485937637,0.22456125600729138
1.0,0.5,4.0,4.0,0.0025,0.005,3.5,700,cond_mean,113,0.9997993345573017,1.9707000840905773,0.5006865562765195,0.001854795642642964,0,0.035059279675556956,0.22456125600729138
1.0,0.5,4.0,4.0,0.0025,0.005,5.0,1000,cond_mean,113,0.9997445024524022,1.9803051120781996,0.5036529644059928,0.0027868098839748945,0,0.027095135368719325,0.22456125600729138
1.0,0.5,4.0,4.0,0.0025,0.005,10.0,2000,cond_mean,113,0.9997407854688382,1.987002231227047,0.5029320240001095,0.002068430158942569,0,0.018660464032825952,0.22456125600729138
1.0,0.5,4.0,4.0,0.0025,0.005,20.0,4000,cond_mean,113,0.9998728424336444,2.035109405013287,0.4890332201825422,0.0024035681103073713,0,0.044840999466490374,0.22456125600729138
1.0,0.5,4.0,4.0,0.0025,0.005,0.5,100,cond_mean,114,1.0000531623456532,2.002913239616918,0.49846150496857144,0.001893908320228642,0,0.010108885765396734,0.22409993441708917
1.0,0.5,4.0,4.0,0.0025,0.005,1.0,200,cond_mean,114,0.9999042466855343,2.000100876587134,0.49388292452734694,0.0022874295957714132,0,0.013685173803037595,0.22409993441708917
1.0,0.5,4.0,4.0,0.0025,0.005,2.0,400,cond_mean,114,0.9999978678444994,2.0082390993664667,0.49770349194829927,0.0017922382504866094,0,0.013318213673579873,0.22409993441708917
1.0,0.5,4.0,4.0,0.0025,0.005,3.5,700,cond_mean,114,0.9997493857305751,2.006290150309099,0.5048420221667477,0.0015292352866325281,0,0.01253244238002976,0.22409993441708917
1.0,0.5,4.0,4.0,0.0025,0.005,5.0,1000,cond_mean,114,1.0000752185483277,2.003800087463491,0.503153240807596,0.0014125051856289437,0,0.009110765568853187,0.22409993441708917
1.0,0.5,4.0,4.0,0.0025,0.005,10.0,2000,cond_mean,114,0.9997042026860234,1.9709498423623777,0.4928122669723719,0.002505036498610772,0,0.036982787467569576,0.22409993441708917
1.0,0.5,4.0,4.0,0.0025,0.005,20.0,4000,cond_mean,114,1.0001288428136825,1.9608938285183706,0.5054424242626271,0.001261157693334187,0,0.04597249446180255,0.22409993441708917
1.0,0.5,4.0,4.0,0.0025,0.005,0.5,100,cond_mean,115,1.0001516539431416,1.9997979986512817,0.5034902632456693,0.0017276684941821764,0,0.009502664054148152,0.22409324999898672
1.0,0.5,4.0,4.0,0.0025,0.005,1.0,200,cond_mean,115,0.9999863174431837,2.0108493497333644,0.5015316804337927,0.002021849160245343,0,0.016105995076309762,0.22409324999898672
1.0,0.5,4.0,4.0,0.0025,0.005,2.0,400,cond_mean,115,1.0003599857793017,2.010910090593637,0.5092665266805224,0.001514913338092239,0,0.01851940932627894,0.22409324999898672
1.0,0.5,4.0,4.0,0.0025,0.005,3.5,700,cond_mean,115,1.0004342524377328,2.028775840401127,0.5032620749596838,0.0020183503254705445,0,0.034848350092799595,0.22409324999898672
1.0,0.5,4.0,4.0,0.0025,0.005,5.0,1000,cond_mean,115,1.000518990595644,2.0191700503762484,0.5026388237704882,0.003202464163981519,0,0.027343009852610723,0.22409324999898672
1.0,0.5,4.0,4.0,0.0025,0.005,10.0,2000,cond_mean,115,0.9998601980445669,2.0171106201169295,0.5006480485963207,0.0021964250105159194,0,0.022532359680502833,0.22409324999898672
1.0,0.5,4.0,4.0,0.0025,0.005,20.0,4000,cond_mean,115,0.9999429328860132,2.0198878028829954,0.5016647538451563,0.0016334150500553874,0,0.024409361667495938,0.22409324999898672
1.0,0.5,4.0,4.0,0.0025,0.005,0.5,100,cond_mean,116,1.0003515762961406,2.0031911033337253,0.5103235057095913,0.0017852418449348388,0,0.01597968409732221,0.22438318458651857
1.0,0.5,4.0,4.0,0.0025,0.005,1.0,200,cond_mean,116,1.0003911907761551,2.001532721724126,0.5130957285079978,0.002268679255281747,0,0.019864289590487885,0.22438318458651857
1.0,0.5,4.0,4.0,0.0025,0.005,2.0,400,cond_mean,116,1.0003820479291763,2.0068622014265283,0.5141460615196252,0.001601726596651169,0,0.02092554331304541,0.22438318458651857
1.0,0.5,4.0,4.0,0.0025,0.005,3.5,700,cond_mean,116,1.0001312412401295,2.038105665440038,0.5019471409369942,0.002359235500202421,0,0.045537693778860654,0.22438318458651857
1.0,0.5,4.0,4.0,0.0025,0.005,5.0,1000,cond_mean,116,1.0002517893186806,2.024819805603478,0.49596667936082445,0.0015707467838252487,0,0.030330432579036712,0.22438318458651857
1.0,0.5,4.0,4.0,0.0025,0.005,10.0,2000,cond_mean,116,1.0000131655850406,2.0455542188680336,0.4948528783260291,0.001913874201757883,0,0.05397151260134236,0.22438318458651857
1.0,0.5,4.0,4.0,0.0025,0.005,20.0,4000,cond_mean,116,1.000407708324626,2.050918019135827,0.5046623243250824,0.0019093080937226785,0,0.059661691818610134,0.22438318458651857
1.0,0.5,4.0,4.0,0.0025,0.005,0.5,100,cond_mean,117,0.9999180368024574,2.0065988089430933,0.49868944563002326,0.0020306601906834357,0,0.012636926438532559,0.2239777618586751
1.0,0.5,4.0,4.0,0.0025,0.005,1.0,200,cond_mean,117,1.0000043307905793,2.0089355727924083,0.5048174523504251,0.0016676460957773698,0,0.014584951063542627,0.2239777618586751
1.0,0.5,4.0,4.0,0.0025,0.005,2.0,400,cond_mean,117,0.999834109354641,2.016470767557641,0.5005412988842441,0.0019669953065638473,0,0.02136196714899584,0.2239777618586751
1.0,0.5,4.0,4.0,0.0025,0.005,3.5,700,cond_mean,117,1.0000802276182938,2.0085408078063725,0.5118917068210136,0.0013958093096386342,0,0.019462045305561733,0.2239777618586751
1.0,0.5,4.0,4.0,0.0025,0.005,5.0,1000,cond_mean,117,0.9997383116245749,2.010492482961843,0.5032059653257442,0.002472893259244728,0,0.017790728980639176,0.2239777618586751
1.0,0.5,4.0,4.0,0.0025,0.005,10.0,2000,cond_mean,117,1.0001117498896224,2.0315920346884617,0.5146622500063277,0.002431474093207851,0,0.04255150494218864,0.2239777618586751
1.0,0.5,4.0,4.0,0.0025,0.005,20.0,4000,cond_mean,117,1.0000521528011779,2.087736169693992,0.49117425884932503,0.0016333128977797189,0,0.10267886437803667,0.2239777618586751
1.0,0.5,4.0,4.0,0.0025,0.005,0.5,100,cond_mean,118,0.9999455874739978,1.9928989894488585,0.5013190066488487,0.001520753118291174,0,0.011234212880803935,0.22322447627915867
1.0,0.5,4.0,4.0,0.0025,0.005,1.0,200,cond_mean,118,1.0000599415862084,1.9926409628165267,0.5112895921275807,0.0017811915735719895,0,0.01900431622787727,0.22322447627915867
1.0,0.5,4.0,4.0,0.0025,0.005,2.0,400,cond_mean,118,1.00007087221105,1.9964508073305607,0.514702590497466,0.0022967876360198525,0,0.022493804102693388,0.22322447627915867
1.0,0.5,4.0,4.0,0.0025,0.005,3.5,700,cond_mean,118,1.000014655189073,1.9915112530006622,0.507707996379851,0.002076756320233386,0,0.01734723840092159,0.22322447627915867
1.0,0.5,4.0,4.0,0.0025,0.005,5.0,1000,cond_mean,118,0.9998614986548887,1.9874961051063786,0.5112565132015692,0.002039052023842711,0,0.02297051428668966,0.22322447627915867
1.0,0.5,4.0,4.0,0.0025,0.005,10.0,2000,cond_mean,118,0.9999125074135378,2.010876570867525,0.496805130837519,0.0018430656228766384,0,0.016003034744424622,0.22322447627915867
1.0,0.5,4.0,4.0,0.0025,0.005,20.0,4000,cond_mean,118,1.0001937543675021,1.972173177879518,0.5073329665559347,0.0038196108690555417,0,0.03809785163371681,0.22322447627915867
1.0,0.5,4.0,4.0,0.0025,0.005,0.5,100,cond_mean,119,1.0001762687469393,1.9924050944441967,0.5011851283322115,0.0019680281965620042,0,0.013116940176087763,0.22368086314028396
1.0,0.5,4.0,4.0,0.0025,0.005,1.0,200,cond_mean,119,0.9999234235900751,1.9854192212287074,0.5032368356319296,0.0021749637361195887,0,0.02041264650943657,0.22368086314028396
1.0,0.5,4.0,4.0,0.0025,0.005,2.0,400,cond_mean,119,0.9997903768432076,1.986914689834927,0.4999403137564038,0.00214933075898121,0,0.01844981585462094,0.22368086314028396
1.0,0.5,4.0,4.0,0.0025,0.005,3.5,700,cond_mean,119,1.000569188330541,1.9870162267587388,0.5088225144061526,0.002770578004036008,0,0.022811144268503825,0.22368086314028396
1.0,0.5,4.0,4.0,0.0025,0.005,5.0,1000,cond_mean,119,1.0001825996979508,1.9933583107196684,0.5030453431247797,0.001861062649110366,0,0.012468998197479127,0.22368086314028396
1.0,0.5,4.0,4.0,0.0025,0.005,10.0,2000,cond_mean,119,1.0000499578788677,1.9807946538815056,0.5092745178454002,0.003530476595848705,0,0.030409203010756357,0.22368086314028396
1.0,0.5,4.0,4.0,0.0025,0.005,20.0,4000,cond_mean,119,0.9999446097890305,1.9653034615464042,0.5061949236956597,0.0016471830910970181,0,0.041556183898319554,0.22368086314028396
1.0,0.5,4.0,4.0,0.0025,0.005,0.5,100,cond_mean,120,1.0002528806371105,2.000043377583632,0.5071842374961328,0.0019785920217600247,0,0.013194833006315194,0.22532389885080711
1.0,0.5,4.0,4.0,0.0025,0.005,1.0,200,cond_mean,120,1.0000699791653704,1.9902236490217156,0.507023130616565,0.0017720280865063684,0,0.01685005025018217,0.22532389885080711
1.0,0.5,4.0,4.0,0.0025,0.005,2.0,400,cond_mean,120,0.9999647498971941,2.0084632438796874,0.5082552491593587,0.001376604895910133,0,0.016051722761274433,0.22532389885080711
1.0,0.5,4.0,4.0,0.0025,0.005,3.5,700,cond_mean,120,1.0000374982119562,2.0079606084457824,0.5073117785858459,0.001523954244329103,0,0.015129771572592748,0.22532389885080711
1.0,0.5,4.0,4.0,0.0025,0.005,5.0,1000,cond_mean,120,0.999783394285234,2.0146118913611573,0.5012343049369514,0.002377782424706452,0,0.020634583601297562,0.22532389885080711
1.0,0.5,4.0,4.0,0.0025,0.005,10.0,2000,cond_mean,120,1.0000798079333169,2.02966416814226,0.5031551335675059,0.0022176775782980916,0,0.036119557518326115,0.22532389885080711
1.0,0.5,4.0,4.0,0.0025,0.005,20.0,4000,cond_mean,120,1.000224206562349,2.0260198520808936,0.512717181153097,0.0022729418207713815,0,0.03579159143025209,0.22532389885080711
1.0,0.5,4.0,4.0,0.0025,0.005,0.5,100,cond_mean,121,0.9998775912474991,2.0035001404561643,0.5015176157071258,0.0017012210781302034,0,0.009553418981188937,0.223581880846593
1.0,0.5,4.0,4.0,0.0025,0.005,1.0,200,cond_mean,121,0.9997902284145971,2.001931701214488,0.5004376690180277,0.0015330121131863772,0,0.007964746615269755,0.223581880846593
1.0,0.5,4.0,4.0,0.0025,0.005,2.0,400,cond_mean,121,1.0002202564043368,1.9915570932103466,0.5040888023567818,0.002197510336943389,0,0.015346939874098773,0.223581880846593
1.0,0.5,4.0,4.0,0.0025,0.005,3.5,700,cond_mean,121,0.9999091108874378,1.9975401580897303,0.49573150839798885,0.001733035181327509,0,0.01047641564203162,0.223581880846593
1.0,0.5,4.0,4.0,0.0025,0.005,5.0,1000,cond_mean,121,0.9998298735301542,1.976940462254092,0.49909585591604066,0.001456280480968726,0,0.027599496411713734,0.223581880846593
1.0,0.5,4.0,4.0,0.0025,0.005,10.0,2000,cond_mean,121,0.9998409008313349,1.97330735801315,0.49858557417769345,0.0023920778572729413,0,0.03304518049333201,0.223581880846593
1.0,0.5,4.0,4.0,0.0025,0.005,20.0,4000,cond_mean,121,0.9999063245956558,1.962367122738424,0.5067273381436409,0.0013469612131783628,0,0.04471445218709638,0.223581880846593
1.0,0.5,4.0,4.0,0.0025,0.005,0.5,100,cond_mean,122,0.9999695783899779,2.008062223250001,0.502861920679961,0.0018925798432253237,0,0.013683767016557314,0.22493334528657474
1.0,0.5,4.0,4.0,0.0025,0.005,1.0,200,cond_mean,122,0.9999344208177425,2.010397935086118,0.4966721715700921,0.0018732539566801683,0,0.01569937141070417,0.22493334528657474
1.0,0.5,4.0,4.0,0.0025,0.005,2.0,400,cond_mean,122,0.9999315794451765,2.004828530133063,0.5022457789604599,0.00222556984061152,0,0.0126533281145677,0.22493334528657474
1.0,0.5,4.0,4.0,0.0025,0.005,3.5,700,cond_mean,122,0.9999726725505194,2.01142775373086,0.5030010753306329,0.0028700843825724856,0,0.01967557153383613,0.22493334528657474
1.0,0.5,4.0,4.0,0.0025,0.005,5.0,1000,cond_mean,122,1.0005323424805588,2.0233704541294686,0.5025961494905631,0.00259927897533595,0,0.02999170438980116,0.22493334528657474
1.0,0.5,4.0,4.0,0.0025,0.005,10.0,2000,cond_mean,122,1.0004489952559292,2.0531995983072124,0.5133935982138073,0.0023262716799373508,0,0.06417657798482916,0.22493334528657474
1.0,0.5,4.0,4.0,0.0025,0.005,20.0,4000,cond_mean,122,1.0000729520765625,2.0712633991760523,0.5065050469889603,0.0020031365462477935,0,0.08297088497377209,0.22493334528657474
1.0,0.5,4.0,4.0,0.0025,0.005,0.5,100,cond_mean,123,0.9999523465942051,2.009514821532714,0.4951277418021855,0.002317114867778881,0,0.017002010778316753,0.222867994153473
1.0,0.5,4.0,4.0,0.0025,0.005,1.0,200,cond_mean,123,1.0002048917325568,2.0037396467126394,0.5017572147379862,0.002375697354973288,0,0.012602300525545432,0.222867994153473
1.0,0.5,4.0,4.0,0.0025,0.005,2.0,400,cond_mean,123,0.9999799292087828,2.0014971028524386,0.5025372164836668,0.0020255816139169132,0,0.010632703679217079,0.222867994153473
1.0,0.5,4.0,4.0,0.0025,0.005,3.5,700,cond_mean,123,0.9999850755221659,1.99357687151623,0.49897467529447936,0.0016182411261143786,0,0.01094207262782164,0.222867994153473
1.0,0.5,4.0,4.0,0.0025,0.005,5.0,1000,cond_mean,123,0.999919033253682,1.9780453827112014,0.5067702055425393,0.0016268045605812072,0,0.028010799532187887,0.222867994153473
1.0,0.5,4.0,4.0,0.0025,0.005,10.0,2000,cond_mean,123,1.0004214931987145,1.959924353979859,0.503264313496705,0.0030766108067921878,0,0.04871378647759834,0.222867994153473
1.0,0.5,4.0,4.0,0.0025,0.005,20.0,4000,cond_mean,123,1.0001769355888253,1.9323132342918348,0.5033500909427374,0.0014814922451022376,0,0.07844862087702795,0.222867994153473
1.0,0.5,4.0,4.0,0.0025,0.005,0.5,100,cond_mean,124,0.9998774667774684,1.9895066079883401,0.5004317459900894,0.0022285354072128115,0,0.016350086430113497,0.22423002972001477
1.0,0.5,4.0,4.0,0.0025,0.005,1.0,200,cond_mean,124,1.0001788087305001,1.9896952457295358,0.5015401133536754,0.0018735540875728818,0,0.015142497814774794,0.22423002972001477
1.0,0.5,4.0,4.0,0.0025,0.005,2.0,400,cond_mean,124,0.9999353271330929,1.9924835358681903,0.5016824858363697,0.001781497139921946,0,0.0125385291588129,0.22423002972001477
1.0,0.5,4.0,4.0,0.0025,0.005,3.5,700,cond_mean,124,1.0000390016374865,2.007985242042319,0.5035690042023514,0.0014699537395392844,0,0.012555546285201835,0.22423002972001477
1.0,0.5,4.0,4.0,0.0025,0.005,5.0,1000,cond_mean,124,0.9996328783048234,1.9967630337412965,0.4966946452102698,0.0019771151685839053,0,0.011099306510157234,0.22423002972001477
1.0,0.5,4.0,4.0,0.0025,0.005,10.0,2000,cond_mean,124,1.0004055182541334,2.0032495344808,0.49975007436295416,0.0022086221351217588,0,0.01166912546682148,0.22423002972001477
1.0,0.5,4.0,4.0,0.0025,0.005,20.0,4000,cond_mean,124,0.9999459444887601,2.024967826294225,0.49639933824099836,0.0017275229777487598,0,0.030464680995611653,0.22423002972001477
1.0,0.5,4.0,4.0,0.0025,0.005,0.5,100,cond_mean,125,1.00023787714114,2.000536045234856,0.5045245960700083,0.0018319866267625304,0,0.01056865749923044,0.22534567257389426
1.0,0.5,4.0,4.0,0.0025,0.005,1.0,200,cond_mean,125,1.0000084399326923,1.9995287677692504,0.5021573207018973,0.0016494463530553694,0,0.008582472125763525,0.22534567257389426
1.0,0.5,4.0,4.0,0.0025,0.005,2.0,400,cond_mean,125,1.0001777777480072,1.991700277653618,0.505292007717282,0.0020509367748321274,0,0.015344879015674957,0.22534567257389426
1.0,0.5,4.0,4.0,0.0025,0.005,3.5,700,cond_mean,125,0.9996606975576101,1.9769338633042224,0.48909383022371944,0.0024531202297471064,0,0.03235677529086774,0.22534567257389426
1.0,0.5,4.0,4.0,0.0025,0.005,5.0,1000,cond_mean,125,0.999967847793697,1.9635316909104636,0.49463609621697324,0.0014610801644270946,0,0.04336119641340499,0.22534567257389426
1.0,0.5,4.0,4.0,0.0025,0.005,10.0,2000,cond_mean,125,1.0000549428020185,1.9634990630323477,0.49407460896575317,0.0015587559307448033,0,0.04370244322765419,0.22534567257389426
1.0,0.5,4.0,4.0,0.0025,0.005,20.0,4000,cond_mean,125,0.999910100881474,1.9653099007774237,0.4904629178887249,0.00135226423190577,0,0.042601161670561945,0.22534567257389426
1.0,0.5,4.0,4.0,0.0025,0.005,0.5,100,cond_mean,126,0.9999076347728775,1.9994058440557452,0.49842252609374327,0.0019155796331468465,0,0.009613814533977546,0.2245153332894136
1.0,0.5,4.0,4.0,0.0025,0.005,1.0,200,cond_mean,126,1.0000334773090527,2.005318841794308,0.49792813587094226,0.0027292257650809496,0,0.014986147012536612,0.2245153332894136
1.0,0.5,4.0,4.0,0.0025,0.005,2.0,400,cond_mean,126,1.0001547250416616,2.001184533518314,0.5053295748531101,0.0022247356679508403,0,0.012879881072553343,0.2245153332894136
1.0,0.5,4.0,4.0,0.0025,0.005,3.5,700,cond_mean,126,1.0003349201062512,2.007923916390446,0.5072405788875349,0.0025521181964046646,0,0.01784162734993033,0.2245153332894136
1.0,0.5,4.0,4.0,0.0025,0.005,5.0,1000,cond_mean,126,1.000158677023972,1.9906057326509319,0.4919131521068572,0.0029863887585587514,0,0.021270536246557184,0.2245153332894136
1.0,0.5,4.0,4.0,0.0025,0.005,10.0,2000,cond_mean,126,1.000036743692921,2.033320380677447,0.49081617933234056,0.0014845642221033616,0,0.041159025862651584,0.2245153332894136
1.0,0.5,4.0,4.0,0.0025,0.005,20.0,4000,cond_mean,126,0.9997430737168786,2.0097648990667865,0.49576307335784536,0.0020855232190123175,0,0.016059919772290546,0.2245153332894136
1.0,0.5,4.0,4.0,0.0025,0.005,0.5,100,cond_mean,127,0.9998839961367928,2.0002631325974813,0.4974940759833396,0.0022411638319051034,0,0.011418879290450967,0.22345300000493548
1.0,0.5,4.0,4.0,0.0025,0.005,1.0,200,cond_mean,127,0.9997983979667431,2.008488527712012,0.4966596380562593,0.0017584637019687347,0,0.013679339823637759,0.22345300000493548
1.0,0.5,4.0,4.0,0.0025,0.005,2.0,400,cond_mean,127,0.9998276197869325,2.0033879688903213,0.5037180522816176,0.0025437288786983284,0,0.014112584620495696,0.22345300000493548
1.0,0.5,4.0,4.0,0.0025,0.005,3.5,700,cond_mean,127,0.9996268135338242,1.9827429786799955,0.5018382879965648,0.0024355967368007913,0,0.023507171728845658,0.22345300000493548
1.0,0.5,4.0,4.0,0.0025,0.005,5.0,1000,cond_mean,127,1.000236703861945,1.9927414320386545,0.5117161124116583,0.001520025893850458,0,0.018569163577481434,0.22345300000493548
1.0,0.5,4.0,4.0,0.0025,0.005,10.0,2000,cond_mean,127,1.0002432965151322,1.999720621023936,0.509115740933871,0.0021403522751274203,0,0.015559516861568007,0.22345300000493548
1.0,0.5,4.0,4.0,0.0025,0.005,20.0,4000,cond_mean,127,0.9999956131247149,1.9947803874968841,0.48803149889190095,0.0015835909597607361,0,0.0186103102668022,0.22345300000493548
1.0,0.5,4.0,4.0,0.0025,0.005,0.5,100,cond_mean,128,0.9998532447899862,2.0107163301064923,0.49832707120863484,0.0022443407233507877,0,0.0166887186577259,0.23509433343341307
1.0,0.5,4.0,4.0,0.0025,0.005,1.0,200,cond_mean,128,0.9998675037834532,2.010688643645893,0.5036048903303163,0.0024664057778287568,0,0.017989187149607334,0.23509433343341307
1.0,0.5,4.0,4.0,0.0025,0.005,2.0,400,cond_mean,128,0.9999387332926446,2.011365661617928,0.4990883267020615,0.001557912738201054,0,0.015233857660664466,0.23509433343341307
1.0,0.5,4.0,4.0,0.0025,0.005,3.5,700,cond_mean,128,0.9998935016622553,1.9966915611385914,0.4968240755160956,0.0015751180092674966,0,0.009486798542266377,0.23509433343341307
1.0,0.5,4.0,4.0,0.0025,0.005,5.0,1000,cond_mean,128,1.0003312345693272,1.9982168328023058,0.49552294041011496,0.0019108794157689497,0,0.011748410613558172,0.23509433343341307
1.0,0.5,4.0,4.0,0.0025,0.005,10.0,2000,cond_mean,128,0.9996614163987314,1.996890119987479,0.5014706480611351,0.0017731302079187447,0,0.009892073975789884,0.23509433343341307
1.0,0.5,4.0,4.0,0.0025,0.005,20.0,4000,cond_mean,128,0.9999912277288077,2.0081798766663517,0.49195663462906153,0.0020388860065141965,0,0.017393906031608973,0.23509433343341307
1.0,0.5,4.0,4.0,0.0025,0.005,0.5,100,cond_mean,129,1.0001070157488465,1.9940587693513319,0.4972016177206591,0.0017195627505162707,0,0.011562114328701627,0.22490866071478063
1.0,0.5,4.0,4.0,0.0025,0.005,1.0,200,cond_mean,129,1.0000624956966322,1.9971230412227174,0.4956077763049026,0.0014108604265750241,0,0.009696446006811889,0.22490866071478063
1.0,0.5,4.0,4.0,0.0025,0.005,2.0,400,cond_mean,129,1.0002174871085867,1.994984360651003,0.4980541110858108,0.001839649923395739,0,0.011192243316313985,0.22490866071478063
1.0,0.5,4.0,4.0,0.0025,0.005,3.5,700,cond_mean,129,1.0004929567892877,1.9763916959889118,0.4988105721047055,0.002060037105589593,0,0.029289104151737116,0.22490866071478063
1.0,0.5,4.0,4.0,0.0025,0.005,5.0,1000,cond_mean,129,1.000023431561353,1.9968773165736722,0.4939958702685063,0.0018127954933729218,0,0.012464874955059687,0.22490866071478063
1.0,0.5,4.0,4.0,0.0025,0.005,10.0,2000,cond_mean,129,1.0000457614084675,2.017983392824161,0.49971653302509866,0.001967526677284179,0,0.022906515647683954,0.22490866071478063
1.0,0.5,4.0,4.0,0.0025,0.005,20.0,4000,cond_mean,129,1.0000373484703475,1.9825176144274992,0.5117105249587574,0.0017126951713283612,0,0.026516195271291017,0.22490866071478063
1.0,0.5,4.0,4.0,0.0025,0.005,0.5,100,cond_mean,130,1.000073118591572,1.990939374669669,0.5017820505075391,0.0015615486475435189,0,0.013143714242385446,0.2232728750012549
1.0,0.5,4.0,4.0,0.0025,0.005,1.0,200,cond_mean,130,0.9999510274691087,1.9878033194463622,0.5047179073687114,0.0015327494433714994,0,0.01712601699983221,0.2232728750012549
1.0,0.5,4.0,4.0,0.0025,0.005,2.0,400,cond_mean,130,0.9995914600211201,1.9891919683882322,0.4996715812801425,0.001849403758957455,0,0.015543857649548246,0.2232728750012549
1.0,0.5,4.0,4.0,0.0025,0.005,3.5,700,cond_mean,130,1.0000780368604199,1.9789434223046145,0.4981160304757605,0.0016980321129522753,0,0.025843597623737377,0.2232728750012549
1.0,0.5,4.0,4.0,0.0025,0.005,5.0,1000,cond_mean,130,0.9997535209443232,1.9525963805050388,0.4944527204501518,0.0018235102316974507,0,0.056049621372178185,0.2232728750012549
1.0,0.5,4.0,4.0,0.0025,0.005,10.0,2000,cond_mean,130,1.0000668266659,2.0109498089281685,0.5110924036231377,0.0022910051699336293,0,0.02215034521100058,0.2232728750012549
1.0,0.5,4.0,4.0,0.0025,0.005,20.0,4000,cond_mean,130,1.0002395605748144,2.080640796985056,0.5027033294909042,0.002405260312635336,0,0.0937629723964741,0.2232728750012549
1.0,0.5,4.0,4.0,0.0025,0.005,0.5,100,cond_mean,131,1.0000691477173553,1.9912911660472599,0.4995386505903084,0.002525818439194466,0,0.015976668139058167,0.22340742857860668
1.0,0.5,4.0,4.0,0.0025,0.005,1.0,200,cond_mean,131,1.00001566036343,1.988706374100928,0.501100029207172,0.0020214879715040033,0,0.016443151510949192,0.22340742857860668
1.0,0.5,4.0,4.0,0.0025,0.005,2.0,400,cond_mean,131,1.0000034249953997,1.997926507039865,0.4999494933193361,0.001983536265514354,0,0.010020153662716264,0.22340742857860668
1.0,0.5,4.0,4.0,0.0025,0.005,3.5,700,cond_mean,131,1.0001972628309608,2.001110083525726,0.510724537235074,0.0015491614413272936,0,0.015611301271115834,0.22340742857860668
1.0,0.5,4.0,4.0,0.0025,0.005,5.0,1000,cond_mean,131,1.0002435987898035,2.0187421144609674,0.5106230425688365,0.0021143090537544436,0,0.027464114753427492,0.22340742857860668
1.0,0.5,4.0,4.0,0.0025,0.005,10.0,2000,cond_mean,131,1.0001653863345326,2.038660315690579,0.504990790899907,0.0013084796042355047,0,0.045411688380647935,0.22340742857860668
1.0,0.5,4.0,4.0,0.0025,0.005,20.0,4000,cond_mean,131,0.9999940716670346,2.0343058878764992,0.5059867711773338,0.0019882336948455794,0,0.04147286773192932,0.22340742857860668
1.0,0.5,4.0,4.0,0.0025,0.005,0.5,100,cond_mean,132,0.9999798484316301,1.9952726432502834,0.5009861773086844,0.0024014528770516406,0,0.013053338253284575,0.22314040485902556
1.0,0.5,4.0,4.0,0.0025,0.005,1.0,200,cond_mean,132,1.000021043477611,2.0082541829734986,0.5024026626366983,0.001484083237504896,0,0.012385092377227765,0.22314040485902556
1.0,0.5,4.0,4.0,0.0025,0.005,2.0,400,cond_mean,132,1.000286150836417,2.0123450470764563,0.5098638951619116,0.002486370651398592,0,0.022469117469143506,0.22314040485902556
1.0,0.5,4.0,4.0,0.0025,0.005,3.5,700,cond_mean,132,0.9998630856641536,2.02635224300273,0.49690827372929186,0.001654421131545319,0,0.03176234382224699,0.22314040485902556
1.0,0.5,4.0,4.0,0.0025,0.005,5.0,1000,cond_mean,132,1.000371698589402,2.0284451680471385,0.5112884441493439,0.001754688152325384,0,0.03664135126779918,0.22314040485902556
1.0,0.5,4.0,4.0,0.0025,0.005,10.0,2000,cond_mean,132,1.0004048076413479,2.0248834500580806,0.5091253184876943,0.002883892643721851,0,0.03378367473811414,0.22314040485902556
1.0,0.5,4.0,4.0,0.0025,0.005,20.0,4000,cond_mean,132,1.0001089285687714,2.0406011944495885,0.5187584751399001,0.0016338519199296227,0,0.05303368596794478,0.22314040485902556
1.0,0.5,4.0,4.0,0.0025,0.005,0.5,100,cond_mean,133,0.9999768006496157,1.9953046208659306,0.4964260448639468,0.0014034610404193503,0,0.009919474102104205,0.22429461314875102
1.0,0.5,4.0,4.0,0.0025,0.005,1.0,200,cond_mean,133,0.9999334078417653,1.9829162600993915,0.4977628846452142,0.0013457334928827342,0,0.021007659833972517,0.22429461314875102
1.0,0.5,4.0,4.0,0.0025,0.005,2.0,400,cond_mean,133,0.9997556313326503,1.9910819292621211,0.49838103916139775,0.0015523663636466218,0,0.012953560722542645,0.22429461314875102
1.0,0.5,4.0,4.0,0.0025,0.005,3.5,700,cond_mean,133,1.0001440980833312,1.9622038021855148,0.5019959823001185,0.0028269123607078347,0,0.04583264353364388,0.22429461314875102
1.0,0.5,4.0,4.0,0.0025,0.005,5.0,1000,cond_mean,133,1.000266562775532,1.9481285192709779,0.5030593244382959,0.002616234947241231,0,0.0612932587937661,0.22429461314875102
1.0,0.5,4.0,4.0,0.0025,0.005,10.0,2000,cond_mean,133,1.000076154908419,1.9553120140532374,0.5035443717063399,0.0021178391908373033,0,0.05270592762865014,0.22429461314875102
1.0,0.5,4.0,4.0,0.0025,0.005,20.0,4000,cond_mean,133,1.000180794204105,1.9172174347977649,0.5080232577493883,0.0019104155228237116,0,0.09621365330659909,0.22429461314875102
1.0,0.5,4.0,4.0,0.0025,0.005,0.5,100,cond_mean,134,1.0001338891178175,2.0027640139735805,0.5049093386188456,0.0021250743964370197,0,0.012522802860716793,0.22356370227810526
1.0,0.5,4.0,4.0,0.0025,0.005,1.0,200,cond_mean,134,1.0001394305546436,2.011953178441377,0.5057240641904532,0.0020697544780530694,0,0.018592005092700602,0.22356370227810526
1.0,0.5,4.0,4.0,0.0025,0.005,2.0,400,cond_mean,134,0.999973622374917,2.012359376112604,0.5053831398174428,0.0018424774046426977,0,0.018307397413084327,0.22356370227810526
1.0,0.5,4.0,4.0,0.0025,0.005,3.5,700,cond_mean,134,1.0000739980689104,2.0078196037415212,0.502392212238887,0.0022953113163980384,0,0.014738995293157605,0.22356370227810526
1.0,0.5,4.0,4.0,0.0025,0.005,5.0,1000,cond_mean,134,0.9998798528599171,2.001922196072312,0.5034831711623013,0.002533600790259009,0,0.013531434490148318,0.22356370227810526
1.0,0.5,4.0,4.0,0.0025,0.005,10.0,2000,cond_mean,134,1.0001072867161973,1.991494214646276,0.5068783599694974,0.0020726260642182446,0,0.016640221374761337,0.22356370227810526
1.0,0.5,4.0,4.0,0.0025,0.005,20.0,4000,cond_mean,134,1.0000548549263328,1.9676642436195777,0.490225105805319,0.002191571208300427,0,0.04124688420745654,0.22356370227810526
1.0,0.5,4.0,4.0,0.0025,0.005,0.5,100,cond_mean,135,0.9999567814812611,1.996754126986267,0.4945984339840061,0.0016952205146253062,0,0.011503842426059448,0.223438797585134
1.0,0.5,4.0,4.0,0.0025,0.005,1.0,200,cond_mean,135,0.9999789747780833,2.0026023304359812,0.4930798253605123,0.0016112770825606308,0,0.012379129911687046,0.223438797585134
1.0,0.5,4.0,4.0,0.0025,0.005,2.0,400,cond_mean,135,1.0004018880145542,2.0225895553190276,0.5051031374694173,0.0022428091321378663,0,0.028938869186406098,0.223438797585134
1.0,0.5,4.0,4.0,0.0025,0.005,3.5,700,cond_mean,135,1.0000715310431771,2.029449657418787,0.4989974209270791,0.001932422071820108,0,0.03534550712350834,0.223438797585134
1.0,0.5,4.0,4.0,0.0025,0.005,5.0,1000,cond_mean,135,0.9999326962723619,2.0395123852783845,0.4901839729208069,0.0021136003713454568,0,0.04879793411386509,0.223438797585134
1.0,0.5,4.0,4.0,0.0025,0.005,10.0,2000,cond_mean,135,0.999917451670498,2.05247516040456,0.49649863885105733,0.0017674814849141342,0,0.061496937678723364,0.223438797585134
1.0,0.5,4.0,4.0,0.0025,0.005,20.0,4000,cond_mean,135,0.9998094804883264,2.029198099929243,0.5012418717777919,0.003441509199667662,0,0.03773720375780846,0.223438797585134
1.0,0.5,4.0,4.0,0.0025,0.005,0.5,100,cond_mean,136,1.0002371573349995,2.0017532325418843,0.5032701247119474,0.001934804281660542,0,0.010463508958946157,0.2243573810140203
1.0,0.5,4.0,4.0,0.0025,0.005,1.0,200,cond_mean,136,1.0000464947311443,1.9860118507146203,0.5017497733717566,0.0023534639446372665,0,0.019977064954642267,0.2243573810140203
1.0,0.5,4.0,4.0,0.0025,0.005,2.0,400,cond_mean,136,0.9997787581973271,2.0013716919563103,0.4968852036361731,0.0024354195939192383,0,0.012611457413341458,0.2243573810140203
1.0,0.5,4.0,4.0,0.0025,0.005,3.5,700,cond_mean,136,0.9997693629030638,1.9782205136879523,0.4965129854888216,0.0020821820583509783,0,0.027522556828873886,0.2243573810140203
1.0,0.5,4.0,4.0,0.0025,0.005,5.0,1000,cond_mean,136,0.9997805798682179,1.9630198784780672,0.4959636495842029,0.002252129476616292,0,0.04442257214398409,0.2243573810140203
1.0,0.5,4.0,4.0,0.0025,0.005,10.0,2000,cond_mean,136,1.0002491496578745,2.0201521552109996,0.5044352376501724,0.002241089344116012,0,0.026283963849239773,0.2243573810140203
1.0,0.5,4.0,4.0,0.0025,0.005,20.0,4000,cond_mean,136,1.0005317013321706,1.9934318522823171,0.5136692798196713,0.00322380050652839,0,0.024410089163683698,0.2243573810140203
1.0,0.5,4.0,4.0,0.0025,0.005,0.5,100,cond_mean,137,0.9999365842463901,1.992155643602708,0.5034647926516257,0.0018440905687057564,0,0.01363762000765191,0.22512692856668895
1.0,0.5,4.0,4.0,0.0025,0.005,1.0,200,cond_mean,137,0.9998178973343116,1.9937261246226936,0.49403548980200424,0.0017675360363487872,0,0.013551899798508626,0.22512692856668895
1.0,0.5,4.0,4.0,0.0025,0.005,2.0,400,cond_mean,137,0.9998210774407321,1.998717223823393,0.5027990378434126,0.0025931702264001175,0,0.01345176997748911,0.22512692856668895
1.0,0.5,4.0,4.0,0.0025,0.005,3.5,700,cond_mean,137,1.000128249162269,2.006254481309369,0.504952787992033,0.0018781732149743006,0,0.013257868660151068,0.22512692856668895
1.0,0.5,4.0,4.0,0.0025,0.005,5.0,1000,cond_mean,137,0.9998625673109807,2.0020997562519476,0.5061513628569374,0.0018203946690935663,0,0.012469403994970601,0.22512692856668895
1.0,0.5,4.0,4.0,0.0025,0.005,10.0,2000,cond_mean,137,0.9998703287433737,1.9920718725759898,0.4987305162633934,0.0019814834763707302,0,0.013439839687477011,0.22512692856668895
1.0,0.5,4.0,4.0,0.0025,0.005,20.0,4000,cond_mean,137,1.0000822370510145,1.9893361327582908,0.5031934491258016,0.0019128572794597342,0,0.015997015812951668,0.22512692856668895
1.0,0.5,4.0,4.0,0.0025,0.005,0.5,100,cond_mean,138,1.0002685719990583,2.0030005052234894,0.5069757826713888,0.0018260429755800186,0,0.01290987595451055,0.22252173214552126
1.0,0.5,4.0,4.0,0.0025,0.005,1.0,200,cond_mean,138,1.0002910422754052,2.004762849325255,0.5074879277894795,0.001579290451634589,0,0.013254886202395372,0.22252173214552126
1.0,0.5,4.0,4.0,0.0025,0.005,2.0,400,cond_mean,138,1.000109879271381,2.021221445098679,0.5059767873668103,0.0014399220176574503,0,0.02655012974554606,0.22252173214552126
1.0,0.5,4.0,4.0,0.0025,0.005,3.5,700,cond_mean,138,0.9999542603487968,2.026914264239476,0.5008432386931064,0.0014557062690254538,0,0.03189665894249275,0.22252173214552126
1.0,0.5,4.0,4.0,0.0025,0.005,5.0,1000,cond_mean,138,1.0001132647585371,2.015947722328475,0.5031470962369685,0.0016572285590857232,0,0.02048787534498461,0.22252173214552126
1.0,0.5,4.0,4.0,0.0025,0.005,10.0,2000,cond_mean,138,1.0002761988735482,1.9743027731310339,0.5061696899859055,0.0015357873125336858,0,0.03143512057492832,0.22252173214552126
1.0,0.5,4.0,4.0,0.0025,0.005,20.0,4000,cond_mean,138,0.999533582476321,1.9937587032547623,0.494741800126893,0.002013548383128844,0,0.01373727585288011,0.22252173214552126
1.0,0.5,4.0,4.0,0.0025,0.005,0.5,100,cond_mean,139,1.0002530563171905,1.9980378064954678,0.507186999806107,0.001879147424277562,0,0.013027752927641491,0.2237818452828963
1.0,0.5,4.0,4.0,0.0025,0.005,1.0,200,cond_mean,139,1.000018533169566,2.007779463397019,0.504799367103739,0.0020095961798280697,0,0.014731940160231605,0.2237818452828963
1.0,0.5,4.0,4.0,0.0025,0.005,2.0,400,cond_mean,139,0.9999750399878257,2.0191309213213993,0.5057175177336483,0.00168519338030561,0,0.024720608120657805,0.2237818452828963
1.0,0.5,4.0,4.0,0.0025,0.005,3.5,700,cond_mean,139,1.0002093488240995,2.0229086119894313,0.5086664556765532,0.001676838472425558,0,0.029655424470512646,0.2237818452828963
1.0,0.5,4.0,4.0,0.0025,0.005,5.0,1000,cond_mean,139,1.0001108302021484,2.0331653081137757,0.507750611750729,0.0012417321628004888,0,0.0398707641321845,0.2237818452828963
1.0,0.5,4.0,4.0,0.0025,0.005,10.0,2000,cond_mean,139,1.0000027913832708,2.0345159342890073,0.5039367561255359,0.0018553178529088544,0,0.041153185701217385,0.2237818452828963
1.0,0.5,4.0,4.0,0.0025,0.005,20.0,4000,cond_mean,139,0.9997671354751035,1.997036927419367,0.5006239524758933,0.0024015827281413295,0,0.012383204846791031,0.2237818452828963
1.0,0.5,4.0,4.0,0.0025,0.005,0.5,100,cond_mean,140,1.0003393826106382,2.00505153143433,0.505911985877638,0.002397304579539057,0,0.014954795029817992,0.22334842257467763
1.0,0.5,4.0,4.0,0.0025,0.005,1.0,200,cond_mean,140,1.000411610084803,2.0007827871738177,0.5081673121383103,0.002852375826321277,0,0.01722371053866512,0.22334842257467763
1.0,0.5,4.0,4.0,0.0025,0.005,2.0,400,cond_mean,140,1.0001698514486814,2.0021025003440633,0.5092606216218886,0.002002666655197069,0,0.015542830680432041,0.22334842257467763
1.0,0.5,4.0,4.0,0.0025,0.005,3.5,700,cond_mean,140,0.9999335367478414,1.9860655168614185,0.4991666834353241,0.0015530893789672848,0,0.01783582936903942,0.22334842257467763
1.0,0.5,4.0,4.0,0.0025,0.005,5.0,1000,cond_mean,140,0.9997723073296503,1.9830361876698284,0.49268458957435735,0.0020193507979340405,0,0.02388606354419284,0.22334842257467763
1.0,0.5,4.0,4.0,0.0025,0.005,10.0,2000,cond_mean,140,0.9998270995034833,1.9971996451578597,0.49831161398032736,0.0016018987452567218,0,0.008727955957139022,0.22334842257467763
1.0,0.5,4.0,4.0,0.0025,0.005,20.0,4000,cond_mean,140,0.9998953726569674,1.9950216093115223,0.49734618985984347,0.0016873087672055575,0,0.010603889006644582,0.22334842257467763
1.0,0.5,4.0,4.0,0.0025,0.005,0.5,100,cond_mean,141,1.0000259930155362,1.9997474505190342,0.5052703594262541,0.0020110031985459582,0,0.011998450391194489,0.22430819642197872
1.0,0.5,4.0,4.0,0.0025,0.005,1.0,200,cond_mean,141,0.9999082818753947,2.0052824901513415,0.5051134333626541,0.0018922014324148548,0,0.013042903046924596,0.22430819642197872
1.0,0.5,4.0,4.0,0.0025,0.005,2.0,400,cond_mean,141,1.0000539055194118,2.0110653404139462,0.5124433168969491,0.0015743009598075395,0,0.021878415151973984,0.22430819642197872
1.0,0.5,4.0,4.0,0.0025,0.005,3.5,700,cond_mean,141,1.0000897158791209,2.0076882341427824,0.4963551767127163,0.001550536794602867,0,0.012710346699044849,0.22430819642197872
1.0,0.5,4.0,4.0,0.0025,0.005,5.0,1000,cond_mean,141,1.0001677593201772,2.006016323720182,0.505051617738769,0.0019299065733711814,0,0.013311811619618646,0.22430819642197872
1.0,0.5,4.0,4.0,0.0025,0.005,10.0,2000,cond_mean,141,0.9997977947884231,2.0014438168161037,0.5005978397581246,0.0016023381832745752,0,0.008176645185114573,0.22430819642197872
1.0,0.5,4.0,4.0,0.0025,0.005,20.0,4000,cond_mean,141,1.000052804924708,2.034638461095905,0.507073777814954,0.0019772712303651996,0,0.04205327519554105,0.22430819642197872
1.0,0.5,4.0,4.0,0.0025,0.005,0.5,100,cond_mean,142,0.9999361381024768,1.9979490759393332,0.5005242235901772,0.0018877006344474945,0,0.00959831206830689,0.22438666071476682
1.0,0.5,4.0,4.0,0.0025,0.005,1.0,200,cond_mean,142,1.0000334718896373,1.9924129765204053,0.49846769493911325,0.0016237814820852566,0,0.012026988387326283,0.22438666071476682
1.0,0.5,4.0,4.0,0.0025,0.005,2.0,400,cond_mean,142,1.0002315357015321,1.9707021090064882,0.4996878652985455,0.0017827386696510988,0,0.034973581666306194,0.22438666071476682
1.0,0.5,4.0,4.0,0.0025,0.005,3.5,700,cond_mean,142,1.0001428662942313,1.9660773938095941,0.5064579429622853,0.002104445269074404,0,0.04124657517916096,0.22438666071476682
1.0,0.5,4.0,4.0,0.0025,0.005,5.0,1000,cond_mean,142,1.0000202698472584,1.9577448685846228,0.5012130544111453,0.0013219939043622204,0,0.0492114794688277,0.22438666071476682
1.0,0.5,4.0,4.0,0.0025,0.005,10.0,2000,cond_mean,142,0.9996600220302814,1.9607666095353322,0.496521612282894,0.0019284558379887295,0,0.046550977116385554,0.22438666071476682
1.0,0.5,4.0,4.0,0.0025,0.005,20.0,4000,cond_mean,142,1.0000910537447105,1.9226235735691128,0.5082224873895032,0.0015847288509729357,0,0.0899209465775951,0.22438666071476682
1.0,0.5,4.0,4.0,0.0025,0.005,0.5,100,cond_mean,143,1.0000031520717476,1.995245391175749,0.4989195437095349,0.0015854216831177113,0,0.00962943124218569,0.22369221428276173
1.0,0.5,4.0,4.0,0.0025,0.005,1.0,200,cond_mean,143,1.000104877275982,1.9930746240814028,0.5038705841584097,0.0017421898631387398,0,0.012658202826258003,0.22369221428276173
1.0,0.5,4.0,4.0,0.0025,0.005,2.0,400,cond_mean,143,0.9997942638606244,1.9933470020675643,0.4946991821274427,0.0022753963193786774,0,0.015047557049007754,0.22369221428276173
1.0,0.5,4.0,4.0,0.0025,0.005,3.5,700,cond_mean,143,1.0002894612041782,2.004819210500443,0.5046295833733436,0.0017478333769993775,0,0.011649851124574454,0.22369221428276173
1.0,0.5,4.0,4.0,0.0025,0.005,5.0,1000,cond_mean,143,1.0000009206995433,2.0088317472260133,0.5045004150290783,0.002358262705313881,0,0.016478452264254127,0.22369221428276173
1.0,0.5,4.0,4.0,0.0025,0.005,10.0,2000,cond_mean,143,0.9998952568882679,2.054431707748472,0.5082284385497805,0.0015140366932450363,0,0.06398689319239972,0.22369221428276173
1.0,0.5,4.0,4.0,0.0025,0.005,20.0,4000,cond_mean,143,1.0000792057526446,2.0675831732679923,0.49803098950927377,0.00303234113100215,0,0.07954086592523191,0.22369221428276173
1.0,0.5,4.0,4.0,0.0025,0.005,0.5,100,cond_mean,144,1.0001351835166696,1.9988669481478516,0.49451406649683416,0.0027119952184214255,0,0.01534999681375335,0.2243809047088559
1.0,0.5,4.0,4.0,0.0025,0.005,1.0,200,cond_mean,144,0.999941075010606,2.0002856282434807,0.4901752428981111,0.0015218249347557953,0,0.014828767544411078,0.2243809047088559
1.0,0.5,4.0,4.0,0.0025,0.005,2.0,400,cond_mean,144,0.999783777926766,1.9980412598462565,0.48359063952399695,0.0016027949756104553,0,0.02270520192429266,0.2243809047088559
1.0,0.5,4.0,4.0,0.0025,0.005,3.5,700,cond_mean,144,1.0000997962542684,1.9842613592649148,0.4828458311581822,0.001477231728486392,0,0.030207660196683698,0.2243809047088559
1.0,0.5,4.0,4.0,0.0025,0.005,5.0,1000,cond_mean,144,1.0001496720794503,1.9925405225217256,0.4941161738430524,0.003172182097419141,0,0.019503213533103293,0.2243809047088559
1.0,0.5,4.0,4.0,0.0025,0.005,10.0,2000,cond_mean,144,1.0005179175416061,1.9855299013476342,0.5054837222609188,0.0021134109510351153,0,0.02065819249999419,0.2243809047088559
1.0,0.5,4.0,4.0,0.0025,0.005,20.0,4000,cond_mean,144,1.0001840311666843,1.952045211840375,0.503183588895862,0.00136881683937631,0,0.05581958640700888,0.2243809047088559
1.0,0.5,4.0,4.0,0.0025,0.005,0.5,100,cond_mean,145,0.9998677678495375,2.0009983015802244,0.5014895847867463,0.002156209577744637,0,0.010886061388351909,0.22577529156114906
1.0,0.5,4.0,4.0,0.0025,0.005,1.0,200,cond_mean,145,1.0000160373130236,2.0010527046626883,0.5043851229971726,0.002000847107487381,0,0.011412700116069001,0.22577529156114906
1.0,0.5,4.0,4.0,0.0025,0.005,2.0,400,cond_mean,145,1.0000111600512203,1.9992026754670307,0.5079336865754719,0.0016325389348578823,0,0.01311063421605705,0.22577529156114906
1.0,0.5,4.0,4.0,0.0025,0.005,3.5,700,cond_mean,145,0.9998468702483065,2.0217547514603442,0.510987347505288,0.0031512059948259597,0,0.03268173637912114,0.22577529156114906
1.0,0.5,4.0,4.0,0.0025,0.005,5.0,1000,cond_mean,145,0.9994643696000193,2.0303914978536315,0.4955331350272096,0.002666184104253645,0,0.037924303677361375,0.22577529156114906
1.0,0.5,4.0,4.0,0.0025,0.005,10.0,2000,cond_mean,145,1.0001320184549132,2.0682463244761498,0.4922972058496178,0.0015046207246378464,0,0.080120777992355,0.22577529156114906
1.0,0.5,4.0,4.0,0.0025,0.005,20.0,4000,cond_mean,145,1.0002122124765533,2.0497056158426536,0.5038645947017479,0.0035781198916279436,0,0.060022594834779876,0.22577529156114906
1.0,0.5,4.0,4.0,0.0025,0.005,0.5,100,cond_mean,146,1.0002515991886385,2.0059598108757983,0.5013529326092933,0.0020944728264825243,0,0.012473117086431222,0.2282561607093417
1.0,0.5,4.0,4.0,0.0025,0.005,1.0,200,cond_mean,146,0.9999341426685666,1.9984476934415685,0.49306942342994853,0.00243949020340923,0,0.015063731323716783,0.2282561607093417
1.0,0.5,4.0,4.0,0.0025,0.005,2.0,400,cond_mean,146,0.9999600100852162,1.9990142700061884,0.5000730640735916,0.0020421444938775826,0,0.010084751788054742,0.2282561607093417
1.0,0.5,4.0,4.0,0.0025,0.005,3.5,700,cond_mean,146,0.9999289130420639,1.9975650099711608,0.49727077353876875,0.0019324542744034773,0,0.010472549201754488,0.2282561607093417
1.0,0.5,4.0,4.0,0.0025,0.005,5.0,1000,cond_mean,146,0.9998530198185266,1.9977135801119572,0.49199161323857893,0.0015369646422423546,0,0.012993888169382585,0.2282561607093417
1.0,0.5,4.0,4.0,0.0025,0.005,10.0,2000,cond_mean,146,1.0001498322612459,2.011714029712774,0.49978083286007524,0.0021828419499069153,0,0.017277254560021604,0.2282561607093417
1.0,0.5,4.0,4.0,0.0025,0.005,20.0,4000,cond_mean,146,0.9997607927290039,1.988295653798816,0.4932681041825722,0.0014800160228345745,0,0.017543355317825717,0.2282561607093417
1.0,0.5,4.0,4.0,0.0025,0.005,0.5,100,cond_mean,147,1.0002289264363837,1.9908686998959828,0.5047276158483363,0.0017069248761951582,0,0.014622120602498184,0.2233473809901625
1.0,0.5,4.0,4.0,0.0025,0.005,1.0,200,cond_mean,147,1.000419455907437,1.976123128829009,0.510038309977783,0.0018033626569644453,0,0.03135441826910127,0.2233473809901625
1.0,0.5,4.0,4.0,0.0025,0.005,2.0,400,cond_mean,147,1.0002634444330747,1.9529759922042282,0.5070682712209463,0.0014638739928679572,0,0.05527301647603004,0.2233473809901625
1.0,0.5,4.0,4.0,0.0025,0.005,3.5,700,cond_mean,147,1.000199635619725,1.9362390992614555,0.5069876218148106,0.0022513300859826504,0,0.07469485345254717,0.2233473809901625
1.0,0.5,4.0,4.0,0.0025,0.005,5.0,1000,cond_mean,147,0.9999372895505897,1.939332070615045,0.5007543221819019,0.001283272714909119,0,0.07031416475451582,0.2233473809901625
1.0,0.5,4.0,4.0,0.0025,0.005,10.0,2000,cond_mean,147,0.9997060662507148,1.9564045828857235,0.4922903050757143,0.0015730995708511824,0,0.05202813070617095,0.2233473809901625
1.0,0.5,4.0,4.0,0.0025,0.005,20.0,4000,cond_mean,147,1.000004718555433,1.9391966109448864,0.5082573805433832,0.0019050605242960088,0,0.07136175893731582,0.2233473809901625
1.0,0.5,4.0,4.0,0.0025,0.005,0.5,100,cond_mean,148,1.0000633524934681,2.0016049456097367,0.4964816661541675,0.0021228592990020917,0,0.011610044515261844,0.22450077971110918
1.0,0.5,4.0,4.0,0.0025,0.005,1.0,200,cond_mean,148,0.99988253350413,1.9949035770026122,0.4911450016746956,0.0020141508577267856,0,0.016190402754794712,0.22450077971110918
1.0,0.5,4.0,4.0,0.0025,0.005,2.0,400,cond_mean,148,0.9996832725041007,1.9833385442113256,0.492343183231218,0.0020191859105073667,0,0.02364676577336584,0.22450077971110918
1.0,0.5,4.0,4.0,0.0025,0.005,3.5,700,cond_mean,148,0.9997686913222796,1.9773546788642424,0.4942830746691527,0.0021352909434193897,0,0.02907596818161735,0.22450077971110918
1.0,0.5,4.0,4.0,0.0025,0.005,5.0,1000,cond_mean,148,1.0001730032789864,1.9807155047601055,0.49975782255027773,0.0014817392740848082,0,0.023448135662773838,0.22450077971110918
1.0,0.5,4.0,4.0,0.0025,0.005,10.0,2000,cond_mean,148,1.0002705463970423,1.9656595955916367,0.511671952700896,0.002291444120058972,0,0.043598023531681074,0.22450077971110918
1.0,0.5,4.0,4.0,0.0025,0.005,20.0,4000,cond_mean,148,1.0003940714521575,1.9846015407188495,0.5056707363751535,0.0022613831919317583,0,0.02199133593747179,0.22450077971110918
1.0,0.5,4.0,4.0,0.0025,0.005,0.5,100,cond_mean,149,1.000033303589424,1.9972536272402712,0.5040402641986044,0.00205310249561926,0,0.011766428326211635,0.22377147028289204
1.0,0.5,4.0,4.0,0.0025,0.005,1.0,200,cond_mean,149,1.0002713124864542,1.9998697102999596,0.5067891503543663,0.0019568196199920415,0,0.012740229300174636,0.22377147028289204
1.0,0.5,4.0,4.0,0.0025,0.005,2.0,400,cond_mean,149,1.0001551105545659,1.9913933963046042,0.5013355002582992,0.002603010018013426,0,0.016261679750365885,0.22377147028289204
1.0,0.5,4.0,4.0,0.0025,0.005,3.5,700,cond_mean,149,0.9998990251263238,1.9956771101921835,0.495018544252487,0.003387774982058184,0,0.018453549387702668,0.22377147028289204
1.0,0.5,4.0,4.0,0.0025,0.005,5.0,1000,cond_mean,149,0.9998973118459803,1.977143904226134,0.4985555739848674,0.0020778626918530724,0,0.028346501817440313,0.22377147028289204
1.0,0.5,4.0,4.0,0.0025,0.005,10.0,2000,cond_mean,149,1.0002143917504915,1.9944640579379556,0.5004042523407338,0.0017236617945811377,0,0.010640366794563158,0.22377147028289204
1.0,0.5,4.0,4.0,0.0025,0.005,20.0,4000,cond_mean,149,1.0000132006295541,2.0028606276854206,0.4946199061066043,0.0019888084505242302,0,0.012518452067145901,0.22377147028289204
1.0,0.5,4.0,4.0,0.0025,0.005,0.5,100,cond_mean,150,0.9999699270239918,1.9970051717228727,0.49597498131149315,0.0015460511745305292,0,0.00983311629564403,0.2239335297074701
1.0,0.5,4.0,4.0,0.0025,0.005,1.0,200,cond_mean,150,1.0000479867961303,2.0005357580185374,0.49366064237185464,0.001900229589159975,0,0.012597114300574683,0.2239335297074701
1.0,0.5,4.0,4.0,0.0025,0.005,2.0,400,cond_mean,150,1.0001662424665565,2.001396268031142,0.500726018645724,0.00188484115155183,0,0.009433229439012517,0.2239335297074701
1.0,0.5,4.0,4.0,0.0025,0.005,3.5,700,cond_mean,150,1.0000645489025326,1.9935779522624448,0.49997195716432674,0.0019869349642661093,0,0.012252140536255346,0.2239335297074701
1.0,0.5,4.0,4.0,0.0025,0.005,5.0,1000,cond_mean,150,1.000180824567925,1.9922130683330581,0.503646799357094,0.0017310532803456419,0,0.013143652123626531,0.2239335297074701
1.0,0.5,4.0,4.0,0.0025,0.005,10.0,2000,cond_mean,150,0.9998605549456524,2.004223893381069,0.5061368082799289,0.0023282920032265493,0,0.014975533159724535,0.2239335297074701
1.0,0.5,4.0,4.0,0.0025,0.005,20.0,4000,cond_mean,150,1.0000282006515047,1.96125775929488,0.5000631627643116,0.0013095445474334223,0,0.045187455376622714,0.2239335297074701
1.0,0.5,4.0,4.0,0.0025,0.005,0.5,100,cond_mean,151,0.9999264644460496,1.995107254661711,0.49716847465699304,0.002359220183814489,0,0.013368919354386832,0.22390785715210118
1.0,0.5,4.0,4.0,0.0025,0.005,1.0,200,cond_mean,151,0.9998834561888299,1.9983023177385595,0.493726415302918,0.001865410121301495,0,0.012307983694285216,0.22390785715210118
1.0,0.5,4.0,4.0,0.0025,0.005,2.0,400,cond_mean,151,0.9997485686037052,1.9941343739528403,0.48939316014801904,0.0023210401258163286,0,0.018874266646838375,0.22390785715210118
1.0,0.5,4.0,4.0,0.0025,0.005,3.5,700,cond_mean,151,1.0001800182616054,2.0021878108777704,0.5002659347225219,0.0018641447716217041,0,0.00952017359577575,0.22390785715210118
1.0,0.5,4.0,4.0,0.0025,0.005,5.0,1000,cond_mean,151,0.9999806537907353,2.016228280174732,0.502620722379634,0.0016950910563914136,0,0.020772707075655195,0.22390785715210118
1.0,0.5,4.0,4.0,0.0025,0.005,10.0,2000,cond_mean,151,1.0001868597912764,2.0090479279353777,0.5090364995032239,0.002123166014813166,0,0.018605115837397303,0.22390785715210118
1.0,0.5,4.0,4.0,0.0025,0.005,20.0,4000,cond_mean,151,1.000030306425577,2.0435264396110133,0.4987367679516087,0.0022097728432401106,0,0.051489479138582914,0.22390785715210118
1.0,0.5,4.0,4.0,0.0025,0.005,0.5,100,cond_mean,152,0.9999994583868599,1.9950313107677549,0.49911180655443627,0.0019565341878731175,0,0.011247634771310393,0.225145047730101
1.0,0.5,4.0,4.0,0.0025,0.005,1.0,200,cond_mean,152,1.0001397998288284,1.9923531012796358,0.4979286990074253,0.0017581738757819906,0,0.012736843797363498,0.225145047730101
1.0,0.5,4.0,4.0,0.0025,0.005,2.0,400,cond_mean,152,1.000163678438234,1.9893774984264805,0.4989618883309873,0.0022338542868578404,0,0.01655901734473843,0.225145047730101
1.0,0.5,4.0,4.0,0.0025,0.005,3.5,700,cond_mean,152,0.9996455868779557,2.000326702834248,0.4919955211198384,0.0033725077221605265,0,0.01924207122207799,0.225145047730101
1.0,0.5,4.0,4.0,0.0025,0.005,5.0,1000,cond_mean,152,1.0000765492577044,2.0029972815587875,0.49784884594621565,0.0021353686872951187,0,0.011432919925644231,0.225145047730101
1.0,0.5,4.0,4.0,0.0025,0.005,10.0,2000,cond_mean,152,1.0001319203048398,1.9801144933231234,0.4933669280288062,0.0016061267353305573,0,0.025993988136981252,0.225145047730101
1.0,0.5,4.0,4.0,0.0025,0.005,20.0,4000,cond_mean,152,0.9999883220070824,1.966621769230544,0.503212786478068,0.001668362074879375,0,0.0395598339974735,0.225145047730101
1.0,0.5,4.0,4.0,0.0025,0.005,0.5,100,cond_mean,153,1.0001952515292198,2.0103510420564126,0.5059940882457269,0.002252646868959873,0,0.0179133703052023,0.22419198815311706
1.0,0.5,4.0,4.0,0.0025,0.005,1.0,200,cond_mean,153,1.0006411535075592,2.010838778635191,0.5114926881433955,0.0026421579832352523,0,0.022795306859202755,0.22419198815311706
1.0,0.5,4.0,4.0,0.0025,0.005,2.0,400,cond_mean,153,1.0004606828922404,2.0077994611756185,0.5087705431883681,0.002833177400669245,0,0.019728197488203463,0.22419198815311706
1.0,0.5,4.0,4.0,0.0025,0.005,3.5,700,cond_mean,153,0.9998344287553251,2.0008312234797665,0.4889855953082681,0.0017139471461405376,0,0.016501308052442494,0.22419198815311706
1.0,0.5,4.0,4.0,0.0025,0.005,5.0,1000,cond_mean,153,1.0000359602032294,2.0008192143979437,0.49382058507274523,0.0020047386666560392,0,0.012842012891487753,0.22419198815311706
1.0,0.5,4.0,4.0,0.0025,0.005,10.0,2000,cond_mean,153,0.9995356657889845,2.007659363612856,0.5061293047740005,0.003406235024664689,0,0.02098635195981264,0.22419198815311706
1.0,0.5,4.0,4.0,0.0025,0.005,20.0,4000,cond_mean,153,1.0003436108894852,2.0367482348269164,0.5156338331434905,0.0026965977470080633,0,0.04817552831851163,0.22419198815311706
1.0,0.5,4.0,4.0,0.0025,0.005,0.5,100,cond_mean,154,0.9998360027087575,2.0001468532534052,0.501425401576029,0.0019784063174962136,0,0.009982525822402787,0.22505661314685962
1.0,0.5,4.0,4.0,0.0025,0.005,1.0,200,cond_mean,154,1.0000734277483943,2.0027110004408883,0.5013402468287937,0.0011244510825681715,0,0.006548716762095826,0.22505661314685962
1.0,0.5,4.0,4.0,0.0025,0.005,2.0,400,cond_mean,154,0.9999628898329049,1.9976561770417567,0.49859465124785873,0.0018326455716452335,0,0.009553285657428474,0.22505661314685962
1.0,0.5,4.0,4.0,0.0025,0.005,3.5,700,cond_mean,154,0.9997387328060878,1.9938099759615675,0.4901856706905542,0.0020838397094293678,0,0.017551301799482204,0.22505661314685962
1.0,0.5,4.0,4.0,0.0025,0.005,5.0,1000,cond_mean,154,0.9996878939491406,1.98929212861871,0.49691234874628964,0.002149283167930186,0,0.016677314285377134,0.22505661314685962
1.0,0.5,4.0,4.0,0.0025,0.005,10.0,2000,cond_mean,154,0.9998957973232101,2.0195755396690136,0.4965089668943254,0.0026845343127870035,0,0.02652635213842864,0.22505661314685962
1.0,0.5,4.0,4.0,0.0025,0.005,20.0,4000,cond_mean,154,0.9995438236141236,2.00511065768038,0.5033933692716195,0.0017084407967279417,0,0.011766730482840649,0.22505661314685962
1.0,0.5,4.0,4.0,0.0025,0.005,0.5,100,cond_mean,155,1.0000643907981361,2.0011782748435776,0.5010573714725857,0.0018328866210117977,0,0.009181481560733055,0.26838383928406984
1.0,0.5,4.0,4.0,0.0025,0.005,1.0,200,cond_mean,155,1.0003829100501864,2.0009632254138587,0.5027101987724227,0.0018855245657975802,0,0.009852257540404684,0.26838383928406984
1.0,0.5,4.0,4.0,0.0025,0.005,2.0,400,cond_mean,155,1.0004571375876783,1.9877782070474261,0.5001474947854609,0.0026083939439791298,0,0.01917081829137638,0.26838383928406984
1.0,0.5,4.0,4.0,0.0025,0.005,3.5,700,cond_mean,155,1.0002015468397583,1.991193541278962,0.49668275972772397,0.002898735591415228,0,0.018132283957954975,0.26838383928406984
1.0,0.5,4.0,4.0,0.0025,0.005,5.0,1000,cond_mean,155,0.9997596435086928,1.9893104342372159,0.49087005765464525,0.0020514602622653515,0,0.019687212022528898,0.26838383928406984
1.0,0.5,4.0,4.0,0.0025,0.005,10.0,2000,cond_mean,155,0.9999288869639562,2.0355717493354506,0.4966836460908355,0.0013351765141115905,0,0.04185668460234098,0.26838383928406984
1.0,0.5,4.0,4.0,0.0025,0.005,20.0,4000,cond_mean,155,0.9997872504925108,2.0262675853378007,0.49632103380435755,0.001634569260252796,0,0.031748565881103946,0.26838383928406984
1.0,0.5,4.0,4.0,0.0025,0.005,0.5,100,cond_mean,156,0.999944171239048,1.992400353799928,0.4946773285611122,0.001981596247857499,0,0.014806664719883745,0.22507744043001107
1.0,0.5,4.0,4.0,0.0025,0.005,1.0,200,cond_mean,156,1.0000287275637305,1.989468858802808,0.4988925595619509,0.001973100378455804,0,0.0156275039212668,0.22507744043001107
1.0,0.5,4.0,4.0,0.0025,0.005,2.0,400,cond_mean,156,1.0002034077095932,1.9853886574068407,0.5019415550723894,0.002065282858985387,0,0.019790300146020415,0.22507744043001107
1.0,0.5,4.0,4.0,0.0025,0.005,3.5,700,cond_mean,156,1.0002120193935589,1.9788383432019443,0.5013265339068934,0.00213842087279038,0,0.026614590995836122,0.22507744043001107
1.0,0.5,4.0,4.0,0.0025,0.005,5.0,1000,cond_mean,156,1.0001376485296,1.9742485311692435,0.49044600958044254,0.0018199831015030356,0,0.03374218431270166,0.22507744043001107
1.0,0.5,4.0,4.0,0.0025,0.005,10.0,2000,cond_mean,156,1.0002769244781111,1.9674820608802848,0.5013994421261696,0.0027844425952863474,0,0.03996150035305084,0.22507744043001107
1.0,0.5,4.0,4.0,0.0025,0.005,20.0,4000,cond_mean,156,1.000253230296826,1.9450056254220407,0.516521027362443,0.001961432202252062,0,0.06713394547656457,0.22507744043001107
1.0,0.5,4.0,4.0,0.0025,0.005,0.5,100,cond_mean,157,1.0001699128818127,2.0029583910818225,0.5065928855577914,0.002004115267736321,0,0.013311790314811599,0.22413138684350997
1.0,0.5,4.0,4.0,0.0025,0.005,1.0,200,cond_mean,157,1.0001245273480486,1.9969706468509365,0.5113584099315684,0.0018150892481126142,0,0.017404977214091417,0.22413138684350997
1.0,0.5,4.0,4.0,0.0025,0.005,2.0,400,cond_mean,157,1.0002905084344018,1.9878770936308672,0.5126674230768979,0.0015033184431525466,0,0.022425775926145395,0.22413138684350997
1.0,0.5,4.0,4.0,0.0025,0.005,3.5,700,cond_mean,157,1.0001906256190478,1.982084229955995,0.5090932173012472,0.002221877018239972,0,0.026046921821688527,0.22413138684350997
1.0,0.5,4.0,4.0,0.0025,0.005,5.0,1000,cond_mean,157,0.9999696529582267,1.9715600227358157,0.5091663034634598,0.002200363800965201,0,0.03639722410373856,0.22413138684350997
1.0,0.5,4.0,4.0,0.0025,0.005,10.0,2000,cond_mean,157,1.0002064402328805,1.966696266830863,0.4942234164195279,0.002382870306363333,0,0.04114345212178299,0.22413138684350997
1.0,0.5,4.0,4.0,0.0025,0.005,20.0,4000,cond_mean,157,0.9998954484011583,1.946789548453813,0.48792092170336687,0.001550265524440333,0,0.064189438434917,0.22413138684350997
1.0,0.5,4.0,4.0,0.0025,0.005,0.5,100,cond_mean,158,1.0002102492260423,1.9983498065861942,0.4987379445960196,0.0017639608540700343,0,0.009157515421410441,0.2235009762890903
1.0,0.5,4.0,4.0,0.0025,0.005,1.0,200,cond_mean,158,1.0001587543227985,2.010101595845151,0.5016266197255361,0.002081164858978871,0,0.015608750216497812,0.2235009762890903
1.0,0.5,4.0,4.0,0.0025,0.005,2.0,400,cond_mean,158,0.9997568097623096,1.9922053430123883,0.4971953106834441,0.002138799248950526,0,0.014210401207029053,0.2235009762890903
1.0,0.5,4.0,4.0,0.0025,0.005,3.5,700,cond_mean,158,0.9995959080155008,1.9838123796856217,0.5023060407264688,0.0021069663956894205,0,0.02177882663989373,0.2235009762890903
1.0,0.5,4.0,4.0,0.0025,0.005,5.0,1000,cond_mean,158,0.999690711006588,1.9873051761638156,0.4951468636163619,0.0024573153548240138,0,0.019917823326838856,0.2235009762890903
1.0,0.5,4.0,4.0,0.0025,0.005,10.0,2000,cond_mean,158,0.9999189979915717,1.9895379536547333,0.5024272070134498,0.001386931563703309,0,0.014261794775222492,0.2235009762890903
1.0,0.5,4.0,4.0,0.0025,0.005,20.0,4000,cond_mean,158,0.999951191198476,1.9844859898796394,0.5024452915070707,0.0014102312059079546,0,0.019478489386611522,0.2235009762890903
1.0,0.5,4.0,4.0,0.0025,0.005,0.5,100,cond_mean,159,0.9996179562196152,2.001302978063927,0.49686439118953596,0.002137550007869781,0,0.011212394164086365,0.22366767857290273
1.0,0.5,4.0,4.0,0.0025,0.005,1.0,200,cond_mean,159,0.9999429642758221,1.9933134900975233,0.5052674074693598,0.001465336160414624,0,0.012666182580544074,0.22366767857290273
1.0,0.5,4.0,4.0,0.0025,0.005,2.0,400,cond_mean,159,0.9999840299486841,1.9842661493229805,0.5021067779764735,0.002038193317051531,0,0.020898274421001683,0.22366767857290273
1.0,0.5,4.0,4.0,0.0025,0.005,3.5,700,cond_mean,159,1.0001186444923438,1.9955256719801944,0.5059338366549607,0.0029286982878327025,0,0.016987230431220884,0.22366767857290273
1.0,0.5,4.0,4.0,0.0025,0.005,5.0,1000,cond_mean,159,0.9996757170099515,2.000140828717859,0.49934104613270847,0.0024983359847036966,0,0.012340891155675476,0.22366767857290273
1.0,0.5,4.0,4.0,0.0025,0.005,10.0,2000,cond_mean,159,1.000350640503821,2.021857832316374,0.4974993970253791,0.0020690441441556396,0,0.027572540949453068,0.22366767857290273
1.0,0.5,4.0,4.0,0.0025,0.005,20.0,4000,cond_mean,159,1.0002912144840934,2.037540532563774,0.5128952398870705,0.001962786457522534,0,0.046967279462411776,0.22366767857290273
1.0,0.5,4.0,4.0,0.0025,0.005,0.5,100,cond_mean,160,0.9999165168234486,2.00037924977202,0.4976764846248183,0.002263811303126398,0,0.011480127915517299,0.23442968458402902
1.0,0.5,4.0,4.0,0.0025,0.005,1.0,200,cond_mean,160,0.9999539091441548,2.0037233190643082,0.49935754053537373,0.0020183809787097,0,0.01082083436666791,0.23442968458402902
1.0,0.5,4.0,4.0,0.0025,0.005,2.0,400,cond_mean,160,1.000164646654269,2.017977664436366,0.5079318725760908,0.0016632863921118115,0,0.024427338659328977,0.23442968458402902
1.0,0.5,4.0,4.0,0.0025,0.005,3.5,700,cond_mean,160,1.0003460908188928,2.022369796134428,0.5157749383797628,0.0021927449577572923,0,0.03421589400884217,0.23442968458402902
1.0,0.5,4.0,4.0,0.0025,0.005,5.0,1000,cond_mean,160,1.0001046364882493,2.008042887539599,0.5232506402315136,0.0016869386768322797,0,0.032417048989674076,0.23442968458402902
1.0,0.5,4.0,4.0,0.0025,0.005,10.0,2000,cond_mean,160,0.9998364360676195,2.053109881319886,0.4991686281399394,0.0019545317777954845,0,0.06209301270645223,0.23442968458402902
1.0,0.5,4.0,4.0,0.0025,0.005,20.0,4000,cond_mean,160,1.0002625386983424,2.0673264337187676,0.4942089558185958,0.0022492416124231026,0,0.0791719449878375,0.23442968458402902
1.0,0.5,4.0,4.0,0.0025,0.005,0.5,100,cond_mean,161,0.9999847392406241,1.996329897845196,0.4961438421814644,0.0018829276180740637,0,0.011335547492489884,0.22530144642639374
1.0,0.5,4.0,4.0,0.0025,0.005,1.0,200,cond_mean,161,0.999900871527868,1.9937339735555675,0.4957525835665001,0.002250918627375581,0,0.014243173100649043,0.22530144642639374
1.0,0.5,4.0,4.0,0.0025,0.005,2.0,400,cond_mean,161,1.0000605001565792,1.9853438313924352,0.5024038938424203,0.0013516634591442655,0,0.018405984877677143,0.22530144642639374
1.0,0.5,4.0,4.0,0.0025,0.005,3.5,700,cond_mean,161,0.9998477206815096,1.9939455477403938,0.49581398131525384,0.002123270467929177,0,0.0136030275106543,0.22530144642639374
1.0,0.5,4.0,4.0,0.0025,0.005,5.0,1000,cond_mean,161,1.0000398109772357,1.9806631012031481,0.5088246105390278,0.0028830470123793334,0,0.028818792090946992,0.22530144642639374
1.0,0.5,4.0,4.0,0.0025,0.005,10.0,2000,cond_mean,161,0.9996857288056041,1.9975078080153683,0.4962112412465187,0.00265361478187878,0,0.01407648903741866,0.22530144642639374
1.0,0.5,4.0,4.0,0.0025,0.005,20.0,4000,cond_mean,161,0.9999973821960577,1.9871694117237202,0.5017509470057441,0.00207838523902322,0,0.018129506448330928,0.22530144642639374
1.0,0.5,4.0,4.0,0.0025,0.005,0.5,100,cond_mean,162,1.0002999740485106,2.001804007334221,0.501543526041954,0.002097356975421549,0,0.01067006851556247,0.22668151184916496
1.0,0.5,4.0,4.0,0.0025,0.005,1.0,200,cond_mean,162,1.0002121104590813,2.005256733507385,0.4961924687605983,0.0018496815320983313,0,0.012268963355339405,0.22668151184916496
1.0,0.5,4.0,4.0,0.0025,0.005,2.0,400,cond_mean,162,0.9996003033968751,2.026918889316882,0.48081463837037874,0.00247800292032451,0,0.04148192262922431,0.22668151184916496
1.0,0.5,4.0,4.0,0.0025,0.005,3.5,700,cond_mean,162,0.9998981571989147,2.040056177214037,0.49245265817805545,0.0018144405178834096,0,0.048212131277658825,0.22668151184916496
1.0,0.5,4.0,4.0,0.0025,0.005,5.0,1000,cond_mean,162,0.9998831996120622,2.053684689801869,0.4962126024844685,0.002421255198522535,0,0.06339555648806494,0.22668151184916496
1.0,0.5,4.0,4.0,0.0025,0.005,10.0,2000,cond_mean,162,1.0000540663897928,2.0765547867481424,0.5034054922962661,0.002117983915226211,0,0.08895259787223377,0.22668151184916496
1.0,0.5,4.0,4.0,0.0025,0.005,20.0,4000,cond_mean,162,1.0000251153070319,2.059553556895454,0.5026046008219616,0.0015674571648819453,0,0.06915657024760458,0.22668151184916496
1.0,0.5,4.0,4.0,0.0025,0.005,0.5,100,cond_mean,163,0.9999722774826393,1.9991249289565962,0.5036495541425597,0.0015127410092686364,0,0.008913074689732044,0.22430755958027607
1.0,0.5,4.0,4.0,0.0025,0.005,1.0,200,cond_mean,163,0.9999321276447057,2.006512765393405,0.4951458897949905,0.0021017071070721584,0,0.014216075365473396,0.22430755958027607
1.0,0.5,4.0,4.0,0.0025,0.005,2.0,400,cond_mean,163,1.0000283020983753,2.005914677212045,0.49879798903113365,0.001357635370078706,0,0.009683440631140884,0.22430755958027607
1.0,0.5,4.0,4.0,0.0025,0.005,3.5,700,cond_mean,163,1.000015500702096,2.0036696025449077,0.49666207052524275,0.0020165479041840957,0,0.01164234556709156,0.22430755958027607
1.0,0.5,4.0,4.0,0.0025,0.005,5.0,1000,cond_mean,163,1.000069275751108,2.0212669415964752,0.5023376825039672,0.0023597856288916728,0,0.0272725565656989,0.22430755958027607
1.0,0.5,4.0,4.0,0.0025,0.005,10.0,2000,cond_mean,163,0.9998479335113708,2.051737825254608,0.4974697709250385,0.002066908458980426,0,0.06073489747954875,0.22430755958027607
1.0,0.5,4.0,4.0,0.0025,0.005,20.0,4000,cond_mean,163,0.9995963039834812,2.074901684369477,0.503529853056054,0.002115512112045394,0,0.0871496921320211,0.22430755958027607
1.0,0.5,4.0,4.0,0.0025,0.005,0.5,100,cond_mean,164,0.999803428134776,1.9915347460655797,0.4976036854641989,0.0022406530267493723,0,0.014996564477382962,0.22378911314133024
1.0,0.5,4.0,4.0,0.0025,0.005,1.0,200,cond_mean,164,0.9999263576591575,1.986506469323388,0.4961902052776938,0.0020609804422162207,0,0.019230662255416652,0.22378911314133024
1.0,0.5,4.0,4.0,0.0025,0.005,2.0,400,cond_mean,164,1.0000013250389705,1.9844532292332897,0.5053988323925629,0.0016504300051817273,0,0.020854548609087514,0.22378911314133024
1.0,0.5,4.0,4.0,0.0025,0.005,3.5,700,cond_mean,164,0.9998220512594177,1.962775323034217,0.4983534446787899,0.0021553774768210306,0,0.04432012714713406,0.22378911314133024
1.0,0.5,4.0,4.0,0.0025,0.005,5.0,1000,cond_mean,164,0.9999187797431008,1.951475670154812,0.5027212762970569,0.002226725833207095,0,0.05710237590636592,0.22378911314133024
1.0,0.5,4.0,4.0,0.0025,0.005,10.0,2000,cond_mean,164,0.9997424224100102,1.9509062157583215,0.5051442997281961,0.0019635892279511735,0,0.05784183648513587,0.22378911314133024
1.0,0.5,4.0,4.0,0.0025,0.005,20.0,4000,cond_mean,164,1.0001614306641118,1.9589682687161722,0.5057570535384877,0.0022073961534554098,0,0.04904399300437405,0.22378911314133024
1.0,0.5,4.0,4.0,0.0025,0.005,0.5,100,cond_mean,165,0.9999395908546752,1.997945924655114,0.5010694179894527,0.0012695271206386496,0,0.006843614349237094,0.22545636899303645
1.0,0.5,4.0,4.0,0.0025,0.005,1.0,200,cond_mean,165,0.9999017466697623,2.000404161143012,0.49227004773522853,0.0017516955406205897,0,0.013170991732865137,0.22545636899303645
1.0,0.5,4.0,4.0,0.0025,0.005,2.0,400,cond_mean,165,0.999919815943464,2.0238099441731956,0.4890632255338984,0.0018585612700538073,0,0.03233094416910124,0.22545636899303645
1.0,0.5,4.0,4.0,0.0025,0.005,3.5,700,cond_mean,165,1.0000228004153338,2.0044731544327656,0.49453947279034893,0.001790786962988498,0,0.01248801645123801,0.22545636899303645
1.0,0.5,4.0,4.0,0.0025,0.005,5.0,1000,cond_mean,165,1.0002636095153215,2.0018366565894636,0.5017198811209652,0.0019364234023011787,0,0.009944472425737419,0.22545636899303645
1.0,0.5,4.0,4.0,0.0025,0.005,10.0,2000,cond_mean,165,1.0003380493448812,2.006503555000245,0.5064083596374462,0.0025971095491233334,0,0.01674824700032103,0.22545636899303645
1.0,0.5,4.0,4.0,0.0025,0.005,20.0,4000,cond_mean,165,1.000319291374468,1.9800145778026206,0.5118885982377989,0.002491266914500554,0,0.029968992116459613,0.22545636899303645
1.0,0.5,4.0,4.0,0.0025,0.005,0.5,100,cond_mean,166,0.9998769854853478,1.9851573994557161,0.5027277551680065,0.0016632792536462326,0,0.019356850818658296,0.22563198213798127
1.0,0.5,4.0,4.0,0.0025,0.005,1.0,200,cond_mean,166,0.9999249474067871,1.987235082953093,0.501398207300732,0.0018861406142868702,0,0.017520512691065544,0.22563198213798127
1.0,0.5,4.0,4.0,0.0025,0.005,2.0,400,cond_mean,166,1.0000401838667445,1.9898877160966428,0.5128038221326692,0.002249075736566844,0,0.02308315008618175,0.22563198213798127
1.0,0.5,4.0,4.0,0.0025,0.005,3.5,700,cond_mean,166,0.9998213599161229,1.9675862422537063,0.4966565862668814,0.0017701945741082229,0,0.03869118507716993,0.22563198213798127
1.0,0.5,4.0,4.0,0.0025,0.005,5.0,1000,cond_mean,166,1.0004401770172802,1.934091592158814,0.5117801363962475,0.0031174647349727445,0,0.07868511596173089,0.22563198213798127
1.0,0.5,4.0,4.0,0.0025,0.005,10.0,2000,cond_mean,166,1.0000066246983892,1.9351168542267876,0.509505685543288,0.0017137952650572736,0,0.07609710675659259,0.22563198213798127
1.0,0.5,4.0,4.0,0.0025,0.005,20.0,4000,cond_mean,166,0.9997808058696702,1.924857392994459,0.49116218505542825,0.0027591726947933893,0,0.08875244446638295,0.22563198213798127
1.0,0.5,4.0,4.0,0.0025,0.005,0.5,100,cond_mean,167,0.9998749978822427,2.004762035876905,0.49867370861447463,0.002256508350989855,0,0.012454646284818408,0.22400669056722627
1.0,0.5,4.0,4.0,0.0025,0.005,1.0,200,cond_mean,167,0.9996768902475435,2.0071339116432894,0.4948555462963502,0.002694204579233101,0,0.016754917142130062,0.22400669056722627
1.0,0.5,4.0,4.0,0.0025,0.005,2.0,400,cond_mean,167,0.9998551583253442,2.022600742838885,0.4977962566726298,0.0018819969048348452,0,0.02782289678431777,0.22400669056722627
1.0,0.5,4.0,4.0,0.0025,0.005,3.5,700,cond_mean,167,0.9998680129504425,2.011293749089672,0.49632361264523356,0.002858318979336793,0,0.01966970556427354,0.22400669056722627
1.0,0.5,4.0,4.0,0.0025,0.005,5.0,1000,cond_mean,167,1.0002763095597256,2.0367776924840277,0.5028983907410266,0.002473181532840932,0,0.04424713356991013,0.22400669056722627
1.0,0.5,4.0,4.0,0.0025,0.005,10.0,2000,cond_mean,167,1.0004172071233983,2.034232908042587,0.5066024205064721,0.002137538943583997,0,0.041520812186941564,0.22400669056722627
1.0,0.5,4.0,4.0,0.0025,0.005,20.0,4000,cond_mean,167,0.9997545423218829,2.060444419136653,0.49471439224639985,0.0018075837708977289,0,0.07082270028252684,0.22400669056722627
1.0,0.5,4.0,4.0,0.0025,0.005,0.5,100,cond_mean,168,1.0000174649745004,1.99336057390543,0.5062181928841339,0.0020785756681282143,0,0.015115411497407182,0.224666166568308
1.0,0.5,4.0,4.0,0.0025,0.005,1.0,200,cond_mean,168,0.9995704303811728,1.9921770220489343,0.498422532324512,0.002342430693470232,0,0.014791509180919841,0.224666166568308
1.0,0.5,4.0,4.0,0.0025,0.005,2.0,400,cond_mean,168,0.9999946758111493,1.9896827801935923,0.5069152247106831,0.001496265227866935,0,0.01665087226773418,0.224666166568308
1.0,0.5,4.0,4.0,0.0025,0.005,3.5,700,cond_mean,168,0.9998266411289781,2.0043035046193967,0.5092970184278162,0.002115078263717464,0,0.016994669686242737,0.224666166568308
1.0,0.5,4.0,4.0,0.0025,0.005,5.0,1000,cond_mean,168,0.9997031687915181,1.9817062267502226,0.5025897557207044,0.0029726894275240697,0,0.02597847319649105,0.224666166568308
1.0,0.5,4.0,4.0,0.0025,0.005,10.0,2000,cond_mean,168,0.9997637284427665,1.9840818192336558,0.5013164335623336,0.002153586625505615,0,0.021326172592077648,0.224666166568308
1.0,0.5,4.0,4.0,0.0025,0.005,20.0,4000,cond_mean,168,1.0000847589884954,1.9899078871515867,0.5114404322177537,0.0023015818751348817,0,0.021884266663404723,0.224666166568308
1.0,0.5,4.0,4.0,0.0025,0.005,0.5,100,cond_mean,169,0.9999860063136197,1.988535668278199,0.4927836095974143,0.0015647979711338543,0,0.018037943975301982,0.22498945843627943
1.0,0.5,4.0,4.0,0.0025,0.005,1.0,200,cond_mean,169,1.0000279343116458,1.9956351330281754,0.49478136202131434,0.00146741873653702,0,0.011188056501552626,0.22498945843627943
1.0,0.5,4.0,4.0,0.0025,0.005,2.0,400,cond_mean,169,1.0002647966182239,1.9905593134965684,0.49411030975641923,0.001311229642923005,0,0.015240681842696998,0.22498945843627943
1.0,0.5,4.0,4.0,0.0025,0.005,3.5,700,cond_mean,169,1.0000243857481965,1.9910218731078442,0.4945165392613005,0.002028777547612888,0,0.016108038889471907,0.22498945843627943
1.0,0.5,4.0,4.0,0.0025,0.005,5.0,1000,cond_mean,169,1.0003184863537957,2.0126960015580835,0.49965663982174413,0.0021211758894178626,0,0.01806799752104418,0.22498945843627943
1.0,0.5,4.0,4.0,0.0025,0.005,10.0,2000,cond_mean,169,1.0004870529041536,1.9466331374221983,0.5022086693441701,0.0022850822976766393,0,0.06263558173030064,0.22498945843627943
1.0,0.5,4.0,4.0,0.0025,0.005,20.0,4000,cond_mean,169,1.0002267573197052,1.924608743766271,0.5030320783803084,0.0025788817727020606,0,0.08786919592709248,0.22498945843627943
1.0,0.5,4.0,4.0,0.0025,0.005,0.5,100,cond_mean,170,0.9997621283911462,2.004158472621405,0.49349965633994347,0.001886089932580315,0,0.013202866244119411,0.22617776786708937
1.0,0.5,4.0,4.0,0.0025,0.005,1.0,200,cond_mean,170,0.9999748710859903,2.007925970488218,0.49812492862384167,0.0018337941008970304,0,0.013059238501715451,0.22617776786708937
1.0,0.5,4.0,4.0,0.0025,0.005,2.0,400,cond_mean,170,0.9999970765010946,1.9980757891165257,0.49629053918660093,0.002236767364833448,0,0.012213017351190911,0.22617776786708937
1.0,0.5,4.0,4.0,0.0025,0.005,3.5,700,cond_mean,170,0.999912705026117,2.003126952068569,0.49270183763543324,0.002893335059886887,0,0.017387073919413375,0.22617776786708937
1.0,0.5,4.0,4.0,0.0025,0.005,5.0,1000,cond_mean,170,0.9997726011210053,2.0052455710193002,0.4956058541332607,0.001479010997686329,0,0.010869724675875266,0.22617776786708937
1.0,0.5,4.0,4.0,0.0025,0.005,10.0,2000,cond_mean,170,1.000256488300587,2.010669951473538,0.5028001463806778,0.0028580602080433863,0,0.018924114533105826,0.22617776786708937
1.0,0.5,4.0,4.0,0.0025,0.005,20.0,4000,cond_mean,170,1.000172430856509,2.0407482847636307,0.4929987771068189,0.0017106385241696877,0,0.04891613495369494,0.22617776786708937
1.0,0.5,4.0,4.0,0.0025,0.005,0.5,100,cond_mean,171,1.0002303702167332,2.000826603814665,0.5048300535670466,0.0018545895935390896,0,0.010898874524435257,0.22808491071087442
1.0,0.5,4.0,4.0,0.0025,0.005,1.0,200,cond_mean,171,1.0000901612281732,1.9982124937388128,0.5026150527119857,0.001961409219175294,0,0.01035988039259147,0.22808491071087442
1.0,0.5,4.0,4.0,0.0025,0.005,2.0,400,cond_mean,171,1.0001507628279798,1.9998122675528316,0.5079357434713785,0.0018970764081064912,0,0.013706687004795604,0.22808491071087442
1.0,0.5,4.0,4.0,0.0025,0.005,3.5,700,cond_mean,171,1.0002742744285609,2.004977599664335,0.5089598607163982,0.001990384520084208,0,0.015915213421948862,0.22808491071087442
1.0,0.5,4.0,4.0,0.0025,0.005,5.0,1000,cond_mean,171,0.999725463904141,1.9976054104008945,0.48969829165452167,0.0018814027436860228,0,0.016166157773648663,0.22808491071087442
1.0,0.5,4.0,4.0,0.0025,0.005,10.0,2000,cond_mean,171,0.9996511341967335,1.9797348959774077,0.4999698303146969,0.0024707837758621344,0,0.026412127157583634,0.22808491071087442
1.0,0.5,4.0,4.0,0.0025,0.005,20.0,4000,cond_mean,171,0.9999626790824755,1.9817563673712084,0.4939422967546785,0.0019293902087978766,0,0.02446781288224994,0.22808491071087442
1.0,0.5,4.0,4.0,0.0025,0.005,0.5,100,cond_mean,172,0.9999002674255827,2.001150593387456,0.5040287395334253,0.0019716257517369425,0,0.011200624836038512,0.2240799107156428
1.0,0.5,4.0,4.0,0.0025,0.005,1.0,200,cond_mean,172,0.9999802139806349,2.0005862219704027,0.5034238088266664,0.0012834799074547588,0,0.007782249288634515,0.2240799107156428
1.0,0.5,4.0,4.0,0.0025,0.005,2.0,400,cond_mean,172,0.9999874923542276,1.9994643869815782,0.496255110175145,0.0031366613431945676,0,0.016159008040139956,0.2240799107156428
1.0,0.5,4.0,4.0,0.0025,0.005,3.5,700,cond_mean,172,1.0001106943058933,2.0051111992767265,0.4990720366120267,0.0015886347624906988,0,0.00989559564106846,0.2240799107156428
1.0,0.5,4.0,4.0,0.0025,0.005,5.0,1000,cond_mean,172,1.0004103905312163,2.0017804262559036,0.49851947936351465,0.002131685304014874,0,0.011178728606647604,0.2240799107156428
1.0,0.5,4.0,4.0,0.0025,0.005,10.0,2000,cond_mean,172,0.9999188086298579,2.0097624577122604,0.502180218401165,0.0021983893645896946,0,0.015887030867752932,0.2240799107156428
1.0,0.5,4.0,4.0,0.0025,0.005,20.0,4000,cond_mean,172,0.9999543504852976,1.9897268848085345,0.508844625286077,0.0019928828489267783,0,0.019290904097491846,0.2240799107156428
1.0,0.5,4.0,4.0,0.0025,0.005,0.5,100,cond_mean,173,1.000031637418355,1.99887967894076,0.5034503571735773,0.0020942516428453547,0,0.01126831978195215,0.22519157742083604
1.0,0.5,4.0,4.0,0.0025,0.005,1.0,200,cond_mean,173,1.0001187005519836,2.011615398802646,0.5047930281484856,0.0024548344020383457,0,0.019020438856178885,0.22519157742083604
1.0,0.5,4.0,4.0,0.0025,0.005,2.0,400,cond_mean,173,1.0000866115386986,2.007279000430735,0.4973922647269391,0.001623933427697241,0,0.012138197044444826,0.22519157742083604
1.0,0.5,4.0,4.0,0.0025,0.005,3.5,700,cond_mean,173,1.0004457950546972,2.025967467945782,0.5108293348818257,0.0016251094289449499,0,0.03362956136217967,0.22519157742083604
1.0,0.5,4.0,4.0,0.0025,0.005,5.0,1000,cond_mean,173,1.0001431593637313,2.003877626599684,0.5040079730042102,0.002596403855038437,0,0.014372709927686106,0.22519157742083604
1.0,0.5,4.0,4.0,0.0025,0.005,10.0,2000,cond_mean,173,1.0003085155802074,2.0215438218488506,0.5043978983789912,0.002557857681184853,0,0.028314657991195324,0.22519157742083604
1.0,0.5,4.0,4.0,0.0025,0.005,20.0,4000,cond_mean,173,1.0001128967082253,1.9957361280452057,0.4905512331079734,0.001771443390151482,0,0.01620067521320142,0.22519157742083604
1.0,0.5,4.0,4.0,0.0025,0.005,0.5,100,cond_mean,174,1.0000049814517047,1.9980994858418129,0.4990516900019289,0.0022604743530833258,0,0.01137095816706167,0.22515555941832385
1.0,0.5,4.0,4.0,0.0025,0.005,1.0,200,cond_mean,174,1.0002123344488472,1.9987382218422023,0.50454281596548,0.003333509068373773,0,0.01734524198726675,0.22515555941832385
1.0,0.5,4.0,4.0,0.0025,0.005,2.0,400,cond_mean,174,1.000094528475019,1.989750301342425,0.5015411679264038,0.0026338241866096603,0,0.017626823972622208,0.22515555941832385
1.0,0.5,4.0,4.0,0.0025,0.005,3.5,700,cond_mean,174,1.0003497963107917,2.0087244983339536,0.5071033924147893,0.0015664909194548799,0,0.015349787061059604,0.22515555941832385
1.0,0.5,4.0,4.0,0.0025,0.005,5.0,1000,cond_mean,174,1.000092540472525,1.986191766548764,0.5034201008975729,0.001997614903144816,0,0.019162689655507634,0.22515555941832385
1.0,0.5,4.0,4.0,0.0025,0.005,10.0,2000,cond_mean,174,1.0002416071815878,1.998567418634225,0.49531726869530435,0.0015955952608508557,0,0.0104927048506174,0.22515555941832385
1.0,0.5,4.0,4.0,0.0025,0.005,20.0,4000,cond_mean,174,0.9999951929702208,2.0296918105738175,0.5034559902885087,0.002444461963962188,0,0.03658079910291495,0.22515555941832385
1.0,0.5,4.0,4.0,0.0025,0.005,0.5,100,cond_mean,175,1.000164676859055,2.0027542558360687,0.4998789831355944,0.001870961590802108,0,0.009754212889259564,0.22706863086204976
1.0,0.5,4.0,4.0,0.0025,0.005,1.0,200,cond_mean,175,1.000193248763817,2.00045757094067,0.4945800937385544,0.002422775542775381,0,0.014119791649961584,0.22706863086204976
1.0,0.5,4.0,4.0,0.0025,0.005,2.0,400,cond_mean,175,1.0001417914018325,2.0110005230265697,0.49143178869607956,0.003174495864724826,0,0.023174788591172054,0.22706863086204976
1.0,0.5,4.0,4.0,0.0025,0.005,3.5,700,cond_mean,175,1.0004819788483434,2.0171858094253254,0.49490539373205267,0.0028405577637092925,0,0.025576927042814973,0.22706863086204976
1.0,0.5,4.0,4.0,0.0025,0.005,5.0,1000,cond_mean,175,1.0000721302085183,2.0046806545284683,0.4978326375613702,0.0026376331038112043,0,0.014334448931190293,0.22706863086204976
1.0,0.5,4.0,4.0,0.0025,0.005,10.0,2000,cond_mean,175,0.9996939583532608,1.980971135761128,0.4932603513805363,0.0016442600909069782,0,0.02488359160712294,0.22706863086204976
1.0,0.5,4.0,4.0,0.0025,0.005,20.0,4000,cond_mean,175,0.999825464737158,1.9487107203379785,0.4954066633436277,0.0022884479746316778,0,0.0606755150494525,0.22706863086204976
1.0,0.5,4.0,4.0,0.0025,0.005,0.5,100,cond_mean,176,1.0000391270587699,2.0056639599575847,0.5021625944603222,0.002275235437792584,0,0.013216858591554576,0.22437991670865035
1.0,0.5,4.0,4.0,0.0025,0.005,1.0,200,cond_mean,176,1.00019774324914,1.9934772310990603,0.49654605625431153,0.002038873201670005,0,0.013507878618911338,0.22437991670865035
1.0,0.5,4.0,4.0,0.0025,0.005,2.0,400,cond_mean,176,0.9999072498302711,1.9812192360548386,0.4975918290889105,0.001759293727956424,0,0.023543810214240103,0.22437991670865035
1.0,0.5,4.0,4.0,0.0025,0.005,3.5,700,cond_mean,176,1.0001650223512435,1.972968683963806,0.5061149508764742,0.0014846409074749582,0,0.032894302456660106,0.22437991670865035
1.0,0.5,4.0,4.0,0.0025,0.005,5.0,1000,cond_mean,176,1.0000258307674552,1.9910023432126855,0.5084753786000445,0.0015900947223686005,0,0.017001257174230993,0.22437991670865035
1.0,0.5,4.0,4.0,0.0025,0.005,10.0,2000,cond_mean,176,1.0002844815172307,1.9867035135647595,0.5043774026305965,0.002601796510100265,0,0.02059395155375445,0.22437991670865035
1.0,0.5,4.0,4.0,0.0025,0.005,20.0,4000,cond_mean,176,0.9999101509485011,1.988938018205486,0.5004683587179835,0.0016781026139819659,0,0.015224025115103467,0.22437991670865035
1.0,0.5,4.0,4.0,0.0025,0.005,0.5,100,cond_mean,177,1.0001545583471398,1.989044071889615,0.5026078542035963,0.0013413890092250007,0,0.0145950257705826,0.22320170229899564
1.0,0.5,4.0,4.0,0.0025,0.005,1.0,200,cond_mean,177,1.0002443346495016,1.99270213420845,0.5077100804151379,0.0012974593717522875,0,0.014277193462223881,0.22320170229899564
1.0,0.5,4.0,4.0,0.0025,0.005,2.0,400,cond_mean,177,1.0003274962270496,2.0046606711997277,0.5089694771594953,0.002571862845201321,0,0.017654048761512085,0.22320170229899564
1.0,0.5,4.0,4.0,0.0025,0.005,3.5,700,cond_mean,177,0.9999602696471329,2.0137128429868256,0.5022911867267584,0.002182232395086016,0,0.01936684570474439,0.22320170229899564
1.0,0.5,4.0,4.0,0.0025,0.005,5.0,1000,cond_mean,177,0.9998459616943202,2.0159137186883984,0.5008810701637401,0.0021683751120537016,0,0.021297377626946803,0.22320170229899564
1.0,0.5,4.0,4.0,0.0025,0.005,10.0,2000,cond_mean,177,1.0000857949434672,2.029509579707653,0.5101937012682716,0.0018572378279722531,0,0.03750215686796826,0.22320170229899564
1.0,0.5,4.0,4.0,0.0025,0.005,20.0,4000,cond_mean,177,0.9996923341440247,2.042992953581078,0.5050544881576056,0.002246046562497689,0,0.05125456989769869,0.22320170229899564
1.0,0.5,4.0,4.0,0.0025,0.005,0.5,100,cond_mean,178,1.0001060703435722,1.9896408727794406,0.4975171612366469,0.002093181107993058,0,0.0161503831821505,0.22620615486188658
1.0,0.5,4.0,4.0,0.0025,0.005,1.0,200,cond_mean,178,1.0000923179644323,2.0023681960708153,0.4980651572731824,0.0024561379957988416,0,0.01265737708881539,0.22620615486188658
1.0,0.5,4.0,4.0,0.0025,0.005,2.0,400,cond_mean,178,1.0001697341939884,2.0005765373511974,0.5006724799058136,0.0019059412742714382,0,0.009417038204194667,0.22620615486188658
1.0,0.5,4.0,4.0,0.0025,0.005,3.5,700,cond_mean,178,1.0004112390823612,2.001991023203404,0.503768657250862,0.0019548476578812478,0,0.01081497445107009,0.22620615486188658
1.0,0.5,4.0,4.0,0.0025,0.005,5.0,1000,cond_mean,178,1.000007230537032,2.0225249453307934,0.49827075672972426,0.00211371386824609,0,0.028105717330431934,0.22620615486188658
1.0,0.5,4.0,4.0,0.0025,0.005,10.0,2000,cond_mean,178,0.9999590609545954,1.9888454141803966,0.5031272318239629,0.002044515130300286,0,0.016832893437833365,0.22620615486188658
1.0,0.5,4.0,4.0,0.0025,0.005,20.0,4000,cond_mean,178,0.9998393852159215,1.919808237297311,0.4954896186736082,0.0019273016823798585,0,0.09341062608684585,0.22620615486188658
1.0,0.5,4.0,4.0,0.0025,0.005,0.5,100,cond_mean,179,0.9998297674771154,2.0048443170201438,0.49670046991526956,0.001312112300548312,0,0.009430585998501748,0.2240352916996926
1.0,0.5,4.0,4.0,0.0025,0.005,1.0,200,cond_mean,179,0.9997451325845905,2.0092358558364016,0.4942493051060437,0.002275163423257669,0,0.01697482963846414,0.2240352916996926
1.0,0.5,4.0,4.0,0.0025,0.005,2.0,400,cond_mean,179,1.0002066638917297,2.019456972817771,0.508357532527486,0.0021098284215169136,0,0.026856877148223095,0.2240352916996926
1.0,0.5,4.0,4.0,0.0025,0.005,3.5,700,cond_mean,179,1.0003139888433168,2.0202577341004226,0.49822651736658335,0.0018452403919454311,0,0.025314953317994972,0.2240352916996926
1.0,0.5,4.0,4.0,0.0025,0.005,5.0,1000,cond_mean,179,1.0001830063609507,2.011856701240657,0.499949516514852,0.001537071186814053,0,0.015659025543417127,0.2240352916996926
1.0,0.5,4.0,4.0,0.0025,0.005,10.0,2000,cond_mean,179,1.0000101786586484,1.9851958327963313,0.5076022678931471,0.00204840328594027,0,0.02215380697365212,0.2240352916996926
1.0,0.5,4.0,4.0,0.0025,0.005,20.0,4000,cond_mean,179,1.000035124698912,1.9694101698343645,0.5034293038100851,0.001957706269398511,0,0.03681208928557881,0.2240352916996926
1.0,0.5,4.0,4.0,0.0025,0.005,0.5,100,cond_mean,180,0.9997931265523398,2.014400189274881,0.4986495168147536,0.0016617635844740348,0,0.01859869536628916,0.22286645229905844
1.0,0.5,4.0,4.0,0.0025,0.005,1.0,200,cond_mean,180,0.9999515777488833,2.0230839802728333,0.505537476455416,0.0014673378122789901,0,0.028522051318654665,0.22286645229905844
1.0,0.5,4.0,4.0,0.0025,0.005,2.0,400,cond_mean,180,1.000015196899807,2.0202050006017727,0.5130875184114516,0.0022915128005449544,0,0.030926886511930922,0.22286645229905844
1.0,0.5,4.0,4.0,0.0025,0.005,3.5,700,cond_mean,180,0.999893299641776,2.0068195586692874,0.5095639827249187,0.0016574356825955474,0,0.0170218475354753,0.22286645229905844
1.0,0.5,4.0,4.0,0.0025,0.005,5.0,1000,cond_mean,180,0.9999630191002609,1.9940705219190593,0.5140873697724035,0.0018962465864380345,0,0.021722431219612502,0.22286645229905844
1.0,0.5,4.0,4.0,0.0025,0.005,10.0,2000,cond_mean,180,0.9999508433940885,1.966266673334366,0.5105899508432828,0.0019044932268954115,0,0.04226633525056887,0.22286645229905844
1.0,0.5,4.0,4.0,0.0025,0.005,20.0,4000,cond_mean,180,1.0002612289638773,1.9726290803300017,0.5036298630016081,0.002107418642593957,0,0.03349126505155881,0.22286645229905844
1.0,0.5,4.0,4.0,0.0025,0.005,0.5,100,cond_mean,181,0.99997525426044,1.9974174559204934,0.48913062301974247,0.002535555785842443,0,0.019146439791426,0.22312407727752412
1.0,0.5,4.0,4.0,0.0025,0.005,1.0,200,cond_mean,181,1.0001947286060826,1.9861416302159527,0.49332498791341983,0.0018960246810572486,0,0.020714199704489324,0.22312407727752412
1.0,0.5,4.0,4.0,0.0025,0.005,2.0,400,cond_mean,181,0.9998308660350148,1.9659121796083792,0.4899573430268732,0.0027599906184315663,0,0.04361984303002251,0.22312407727752412
1.0,0.5,4.0,4.0,0.0025,0.005,3.5,700,cond_mean,181,1.0000431611787557,1.9718364986807422,0.5016737153189902,0.0016431427156844553,0,0.033545971030426995,0.22312407727752412
1.0,0.5,4.0,4.0,0.0025,0.005,5.0,1000,cond_mean,181,1.000073229031248,1.9636265951381804,0.5003797207652948,0.0025534034514902207,0,0.04382250556190091,0.22312407727752412
1.0,0.5,4.0,4.0,0.0025,0.005,10.0,2000,cond_mean,181,1.0001473281607318,1.9799084733254595,0.5000396003570691,0.0027716776872087727,0,0.026894130421248823,0.22312407727752412
1.0,0.5,4.0,4.0,0.0025,0.005,20.0,4000,cond_mean,181,1.000103774425265,2.0050752458276975,0.5031372616084836,0.0015322254539474635,0,0.010304667052414123,0.22312407727752412
1.0,0.5,4.0,4.0,0.0025,0.005,0.5,100,cond_mean,182,0.9998273655685084,2.000004224562246,0.5027323890288039,0.002589135610886042,0,0.013319554036600453,0.22277582142435545
1.0,0.5,4.0,4.0,0.0025,0.005,1.0,200,cond_mean,182,0.9998909730159591,1.9997135492129556,0.4980725721502713,0.0020996115405678417,0,0.01056610171188229,0.22277582142435545
1.0,0.5,4.0,4.0,0.0025,0.005,2.0,400,cond_mean,182,0.999989871717845,2.0015591491827753,0.5092912880733726,0.0015035274574512884,0,0.014329403360979409,0.22277582142435545
1.0,0.5,4.0,4.0,0.0025,0.005,3.5,700,cond_mean,182,0.9999610183242466,1.9917389329285837,0.5025985508149128,0.0017110858413883624,0,0.013175337122055148,0.22277582142435545
1.0,0.5,4.0,4.0,0.0025,0.005,5.0,1000,cond_mean,182,0.9998050618432935,1.9877312314758935,0.4959398151492403,0.0017489306871525843,0,0.017337043336227362,0.22277582142435545
1.0,0.5,4.0,4.0,0.0025,0.005,10.0,2000,cond_mean,182,0.9997551269086895,1.9893180034891491,0.4964068870641646,0.00177151334106425,0,0.01570863557421039,0.22277582142435545
1.0,0.5,4.0,4.0,0.0025,0.005,20.0,4000,cond_mean,182,1.0001044261960677,2.035122399087055,0.49852551910714027,0.0016029596478455705,0,0.04140839281868544,0.22277582142435545
1.0,0.5,4.0,4.0,0.0025,0.005,0.5,100,cond_mean,183,1.0000036370935315,1.997659983754327,0.4996675436223157,0.0017029732876262826,0,0.008790093388792263,0.22454105357506446
1.0,0.5,4.0,4.0,0.0025,0.005,1.0,200,cond_mean,183,0.9999096231275882,1.9942267733921164,0.4933013631130824,0.0016815450719024137,0,0.013658927726524982,0.22454105357506446
1.0,0.5,4.0,4.0,0.0025,0.005,2.0,400,cond_mean,183,1.0001154580437286,1.9921303141629085,0.49770760031802785,0.0021464054505367673,0,0.014284515287375128,0.22454105357506446
1.0,0.5,4.0,4.0,0.0025,0.005,3.5,700,cond_mean,183,1.0000265228021206,2.0072296894399786,0.5078533332222489,0.0017916633140720817,0,0.015811247949059134,0.22454105357506446
1.0,0.5,4.0,4.0,0.0025,0.005,5.0,1000,cond_mean,183,0.9999037979607445,2.014065943583341,0.5129721580674166,0.002029702529119491,0,0.02553208830018928,0.22454105357506446
1.0,0.5,4.0,4.0,0.0025,0.005,10.0,2000,cond_mean,183,0.999870513073941,1.998633503808145,0.5022900769646891,0.001403762488281639,0,0.0078104158981646766,0.22454105357506446
1.0,0.5,4.0,4.0,0.0025,0.005,20.0,4000,cond_mean,183,1.0000554511295658,1.9757761002531067,0.5038650668544763,0.001611161945621584,0,0.029436640428226708,0.22454105357506446
1.0,0.5,4.0,4.0,0.0025,0.005,0.5,100,cond_mean,184,0.9999616440920386,2.001674874732937,0.5013942208732027,0.0022612758551727053,0,0.011423621717713939,0.22388799400401435
1.0,0.5,4.0,4.0,0.0025,0.005,1.0,200,cond_mean,184,0.9997488758255492,2.000574730716918,0.4971112296726492,0.0016339239065769487,0,0.008739108556339721,0.22388799400401435
1.0,0.5,4.0,4.0,0.0025,0.005,2.0,400,cond_mean,184,0.9996065760313454,1.9924430541045117,0.49940561466047373,0.002248794497606872,0,0.014176168646714109,0.22388799400401435
1.0,0.5,4.0,4.0,0.0025,0.005,3.5,700,cond_mean,184,0.9998781906621763,1.9816354924228576,0.5035539278977503,0.0012938210671260256,0,0.022639289143949897,0.22388799400401435
1.0,0.5,4.0,4.0,0.0025,0.005,5.0,1000,cond_mean,184,1.0003498428663642,1.9717544572070815,0.5079247195110523,0.0020272954726602817,0,0.03529683947672716,0.22388799400401435
1.0,0.5,4.0,4.0,0.0025,0.005,10.0,2000,cond_mean,184,0.9998364447673254,1.922053756993084,0.5049889084665669,0.0017930704663651628,0,0.09046881650037804,0.22388799400401435
1.0,0.5,4.0,4.0,0.0025,0.005,20.0,4000,cond_mean,184,0.9997506738885378,1.9302099117052065,0.4962259313220446,0.0013669215817661282,0,0.08112059276112894,0.22388799400401435
1.0,0.5,4.0,4.0,0.0025,0.005,0.5,100,cond_mean,185,0.9997794286303584,2.000300069493894,0.49552316232189786,0.0019028072679227782,0,0.010824206760891233,0.22388215471125608
1.0,0.5,4.0,4.0,0.0025,0.005,1.0,200,cond_mean,185,0.9997394034234055,2.016514793156977,0.49853522871574935,0.001651773245901231,0,0.02081499771588738,0.22388215471125608
1.0,0.5,4.0,4.0,0.0025,0.005,2.0,400,cond_mean,185,0.9997784186809654,2.016662598434264,0.5014349890841984,0.0017773172637884386,0,0.02125455211418844,0.22388215471125608
1.0,0.5,4.0,4.0,0.0025,0.005,3.5,700,cond_mean,185,0.9994164249795144,2.029481743442347,0.4947006255108139,0.0026459776863476626,0,0.03708031042586505,0.22388215471125608
1.0,0.5,4.0,4.0,0.0025,0.005,5.0,1000,cond_mean,185,1.000114104284256,2.0115521748004244,0.4912090520605701,0.002368029387039577,0,0.021349093641099506,0.22388215471125608
1.0,0.5,4.0,4.0,0.0025,0.005,10.0,2000,cond_mean,185,1.0001018554061858,2.012338946598818,0.4977094069300422,0.002294832602673048,0,0.018458558951425258,0.22388215471125608
1.0,0.5,4.0,4.0,0.0025,0.005,20.0,4000,cond_mean,185,1.0004011347739088,1.9852956144804104,0.5040118235750756,0.0020497001590450664,0,0.0202749179616344,0.22388215471125608
1.0,0.5,4.0,4.0,0.0025,0.005,0.5,100,cond_mean,186,1.0000242850089267,2.0075959737865205,0.5071200136827084,0.0016244415655410943,0,0.01504306168422695,0.22359306543200677
1.0,0.5,4.0,4.0,0.0025,0.005,1.0,200,cond_mean,186,0.999916415108708,2.0034150287765433,0.5035101484605443,0.0020171811422454835,0,0.011689182463800879,0.22359306543200677
1.0,0.5,4.0,4.0,0.0025,0.005,2.0,400,cond_mean,186,0.9996851430904827,1.999962779782125,0.49938395307820965,0.002101782486855094,0,0.010404642487593855,0.22359306543200677
1.0,0.5,4.0,4.0,0.0025,0.005,3.5,700,cond_mean,186,0.9998896162695404,1.975632926483575,0.48999623554314975,0.0016335153537106529,0,0.03216547254713246,0.22359306543200677
1.0,0.5,4.0,4.0,0.0025,0.005,5.0,1000,cond_mean,186,0.9998559420041995,1.9575015162505836,0.49138166134558897,0.0019317429676140435,0,0.05143293692230159,0.22359306543200677
1.0,0.5,4.0,4.0,0.0025,0.005,10.0,2000,cond_mean,186,1.000034024797336,1.9479902963569864,0.49691947730988856,0.0021289459821354204,0,0.061154484246363654,0.22359306543200677
1.0,0.5,4.0,4.0,0.0025,0.005,20.0,4000,cond_mean,186,1.000034756605577,1.9927869075436035,0.4910474290498866,0.0016031608864536,0,0.01650831981671839,0.22359306543200677
1.0,0.5,4.0,4.0,0.0025,0.005,0.5,100,cond_mean,187,0.9999225665424594,1.9894655490796986,0.5018736147968819,0.001984479910366123,0,0.015800605208236087,0.22296292269935034
1.0,0.5,4.0,4.0,0.0025,0.005,1.0,200,cond_mean,187,0.9999030296148218,1.9879148108030844,0.5071874704688023,0.001684869421973337,0,0.018830207998490698,0.22296292269935034
1.0,0.5,4.0,4.0,0.0025,0.005,2.0,400,cond_mean,187,0.9997919427785369,1.9944595138142949,0.5009544641776308,0.001932379372451842,0,0.011597377765813347,0.22296292269935034
1.0,0.5,4.0,4.0,0.0025,0.005,3.5,700,cond_mean,187,0.9995239130878703,1.9911990883416182,0.504371208581865,0.0031541458962811983,0,0.019775737237319457,0.22296292269935034
1.0,0.5,4.0,4.0,0.0025,0.005,5.0,1000,cond_mean,187,1.0003079223568954,1.9956191665023078,0.5163009243199381,0.002807002059255412,0,0.025382061896766762,0.22296292269935034
1.0,0.5,4.0,4.0,0.0025,0.005,10.0,2000,cond_mean,187,0.9994756871504973,2.0116481231400685,0.49211181719831265,0.0022798719672003902,0,0.019941226593500047,0.22296292269935034
1.0,0.5,4.0,4.0,0.0025,0.005,20.0,4000,cond_mean,187,1.0002814701568115,1.979707763608882,0.5065343339538373,0.003713867637357506,0,0.030603771412928443,0.22296292269935034
1.0,0.5,4.0,4.0,0.0025,0.005,0.5,100,cond_mean,188,1.0000082567860227,2.000735526730657,0.5019547533176754,0.0023577802563734514,0,0.011871696892615299,0.22438051185703703
1.0,0.5,4.0,4.0,0.0025,0.005,1.0,200,cond_mean,188,1.0000585906469177,2.0060606120541893,0.5022746622169986,0.0015508957376068437,0,0.010730668879730414,0.22438051185703703
1.0,0.5,4.0,4.0,0.0025,0.005,2.0,400,cond_mean,188,1.0001954232478434,2.0091033873852076,0.5040097855220281,0.0017468685054781196,0,0.014416976742919257,0.22438051185703703
1.0,0.5,4.0,4.0,0.0025,0.005,3.5,700,cond_mean,188,1.0001556155656623,1.9858425882097135,0.5040684965642872,0.0018916969772797812,0,0.019460675027973044,0.22438051185703703
1.0,0.5,4.0,4.0,0.0025,0.005,5.0,1000,cond_mean,188,1.0002640135913772,2.0010694072391617,0.5061747596896687,0.0018783779384414006,0,0.012015700670388407,0.22438051185703703
1.0,0.5,4.0,4.0,0.0025,0.005,10.0,2000,cond_mean,188,1.000020897279155,2.024251066041292,0.5056022050945526,0.001780432835007217,0,0.03018929951248139,0.22438051185703703
1.0,0.5,4.0,4.0,0.0025,0.005,20.0,4000,cond_mean,188,0.9999841277957022,2.032008162390821,0.5087948368778488,0.0016725998426215247,0,0.03942280237219581,0.22438051185703703
1.0,0.5,4.0,4.0,0.0025,0.005,0.5,100,cond_mean,189,0.9998106114645382,1.9987262225998357,0.49793444815055016,0.0018701868136503281,0,0.009605322779979813,0.2253512917086482
1.0,0.5,4.0,4.0,0.0025,0.005,1.0,200,cond_mean,189,1.0001765863781398,2.001033886300487,0.4984595469984807,0.0015897352371255188,0,0.008285441784600507,0.2253512917086482
1.0,0.5,4.0,4.0,0.0025,0.005,2.0,400,cond_mean,189,0.9999868679716194,1.9910785373465993,0.4911560155644061,0.0016387719081999187,0,0.01751093169945671,0.2253512917086482
1.0,0.5,4.0,4.0,0.0025,0.005,3.5,700,cond_mean,189,1.0002988615078217,1.9847689647092304,0.5009942428377837,0.002115669777644295,0,0.0204626604360328,0.2253512917086482
1.0,0.5,4.0,4.0,0.0025,0.005,5.0,1000,cond_mean,189,1.0001353624519187,1.9871574200957174,0.49906953699807144,0.0014640105149290124,0,0.016566392802130826,0.2253512917086482
1.0,0.5,4.0,4.0,0.0025,0.005,10.0,2000,cond_mean,189,1.000350242895333,1.9678903102617762,0.5053757443297088,0.0022653210304280696,0,0.03915850207843602,0.2253512917086482
1.0,0.5,4.0,4.0,0.0025,0.005,20.0,4000,cond_mean,189,0.9999505521982259,1.9746233945130458,0.49403782108852073,0.0015117360891915667,0,0.03125347188051198,0.2253512917086482
1.0,0.5,4.0,4.0,0.0025,0.005,0.5,100,cond_mean,190,1.000212312288841,2.0054010093096335,0.5023815307623601,0.0025034957847935454,0,0.014049768414645388,0.2232760118619938
1.0,0.5,4.0,4.0,0.0025,0.005,1.0,200,cond_mean,190,1.0000580360896048,2.01244787681168,0.5042746587514353,0.0014035742261386066,0,0.016841450690306264,0.2232760118619938
1.0,0.5,4.0,4.0,0.0025,0.005,2.0,400,cond_mean,190,0.9999646263967549,2.01205564099986,0.5089973859787212,0.0027230841281699852,0,0.02251625578595012,0.2232760118619938
1.0,0.5,4.0,4.0,0.0025,0.005,3.5,700,cond_mean,190,1.0000921249849417,2.0093250214250284,0.5056883739911378,0.002191293725544578,0,0.016820621514725263,0.2232760118619938
1.0,0.5,4.0,4.0,0.0025,0.005,5.0,1000,cond_mean,190,0.9999527413273364,2.011288056715352,0.5001386810773202,0.0023647001964378963,0,0.017449989931505653,0.2232760118619938
1.0,0.5,4.0,4.0,0.0025,0.005,10.0,2000,cond_mean,190,0.9999369889103582,2.006939262901664,0.49206065101136515,0.0023587089739909102,0,0.01742716180870189,0.2232760118619938
1.0,0.5,4.0,4.0,0.0025,0.005,20.0,4000,cond_mean,190,1.0003352795410954,2.0353613491129723,0.49943630149671875,0.001959094432918839,0,0.04201237773385609,0.2232760118619938
1.0,0.5,4.0,4.0,0.0025,0.005,0.5,100,cond_mean,191,1.0003087993368478,1.9933101796215829,0.5059982036172022,0.0022021402810781156,0,0.015171728445831261,0.22424598799885384
1.0,0.5,4.0,4.0,0.0025,0.005,1.0,200,cond_mean,191,1.0004393731943368,2.0046792345118356,0.5056496645826379,0.0025002799962504578,0,0.0149845743302926,0.22424598799885384
1.0,0.5,4.0,4.0,0.0025,0.005,2.0,400,cond_mean,191,1.000008993861211,2.02209228776755,0.5017169264492369,0.002347753883466608,0,0.028074920467641568,0.22424598799885384
1.0,0.5,4.0,4.0,0.0025,0.005,3.5,700,cond_mean,191,1.000149048831112,2.043278862911264,0.5049025745983834,0.0018916497050637403,0,0.05110833941301416,0.22424598799885384
1.0,0.5,4.0,4.0,0.0025,0.005,5.0,1000,cond_mean,191,1.000086257478318,2.031624331459538,0.5041963995200328,0.0030550723020973496,0,0.03970448854341263,0.22424598799885384
1.0,0.5,4.0,4.0,0.0025,0.005,10.0,2000,cond_mean,191,0.9999021616685729,2.039515579210808,0.5000192375241785,0.0015211790518978423,0,0.046233821068234086,0.22424598799885384
1.0,0.5,4.0,4.0,0.0025,0.005,20.0,4000,cond_mean,191,1.0000231615784787,2.0310916527393856,0.49192155072023536,0.002293363039093746,0,0.03922707868946895,0.22424598799885384
1.0,0.5,4.0,4.0,0.0025,0.005,0.5,100,cond_mean,192,1.000078604665983,2.003982660290837,0.5043169944518545,0.0015542098623111847,0,0.0104593630358935,0.22297425601365312
1.0,0.5,4.0,4.0,0.0025,0.005,1.0,200,cond_mean,192,1.0000597479380693,1.9922963638938063,0.5025182760503651,0.001512313450791384,0,0.011995731286747007,0.22297425601365312
1.0,0.5,4.0,4.0,0.0025,0.005,2.0,400,cond_mean,192,1.0001538965009065,2.0000527317961585,0.501519990621109,0.0015801813985015633,0,0.007956878002557226,0.22297425601365312
1.0,0.5,4.0,4.0,0.0025,0.005,3.5,700,cond_mean,192,1.0004120946863884,1.9983858579163514,0.5027611301384592,0.0020459608321453937,0,0.010725555001086759,0.22297425601365312
1.0,0.5,4.0,4.0,0.0025,0.005,5.0,1000,cond_mean,192,1.0000060971561284,2.0027104663819024,0.4943579104647326,0.0016771357935135278,0,0.011529781221925457,0.22297425601365312
1.0,0.5,4.0,4.0,0.0025,0.005,10.0,2000,cond_mean,192,1.0001808755252852,1.983577050595863,0.49883720909203105,0.00210386021469427,0,0.021689722174991394,0.22297425601365312
1.0,0.5,4.0,4.0,0.0025,0.005,20.0,4000,cond_mean,192,1.0003644007277408,1.9908285821337184,0.5133812410545248,0.002188493015317926,0,0.022479874570598,0.22297425601365312
1.0,0.5,4.0,4.0,0.0025,0.005,0.5,100,cond_mean,193,0.9997642048827027,2.0031271231593144,0.4990789145190527,0.001766167739135676,0,0.009470195831856598,0.22210792255853967
1.0,0.5,4.0,4.0,0.0025,0.005,1.0,200,cond_mean,193,0.9998483754780266,1.9962149972132193,0.49873113039128003,0.0020449264383730036,0,0.011043195093654591,0.22210792255853967
1.0,0.5,4.0,4.0,0.0025,0.005,2.0,400,cond_mean,193,0.9998815884747437,1.9994522079715547,0.5028457945134331,0.0025350945893912744,0,0.01308029207589688,0.22210792255853967
1.0,0.5,4.0,4.0,0.0025,0.005,3.5,700,cond_mean,193,0.9995021899839794,1.9945891296874376,0.5047009629485422,0.002680697178712065,0,0.01637939557303864,0.22210792255853967
1.0,0.5,4.0,4.0,0.0025,0.005,5.0,1000,cond_mean,193,1.0003651894650731,1.9870806515551103,0.5188012607477392,0.0017299549811429045,0,0.029263599400538867,0.22210792255853967
1.0,0.5,4.0,4.0,0.0025,0.005,10.0,2000,cond_mean,193,1.0005276820459772,1.9754094854462068,0.5126562462548169,0.0019149703167817484,0,0.03351939233778607,0.22210792255853967
1.0,0.5,4.0,4.0,0.0025,0.005,20.0,4000,cond_mean,193,0.9998248073814269,1.9712335864587731,0.5008802803268632,0.0024806512746834435,0,0.03538538805215631,0.22210792255853967
1.0,0.5,4.0,4.0,0.0025,0.005,0.5,100,cond_mean,194,0.9999550002808705,1.9948978618355595,0.49847699765007536,0.0015524584444660278,0,0.009815505438863977,0.22337342271514768
1.0,0.5,4.0,4.0,0.0025,0.005,1.0,200,cond_mean,194,1.0000146581982474,1.9930458749788564,0.49987908779255047,0.002533967097000827,0,0.014798138072364436,0.22337342271514768
1.0,0.5,4.0,4.0,0.0025,0.005,2.0,400,cond_mean,194,1.0000974265519953,1.979404788916995,0.502804409577543,0.0026507001631369933,0,0.027324127557158837,0.22337342271514768
1.0,0.5,4.0,4.0,0.0025,0.005,3.5,700,cond_mean,194,0.9997577712855695,1.9934405451232586,0.49776253479133237,0.0016195827521863504,0,0.011286585934087632,0.22337342271514768
1.0,0.5,4.0,4.0,0.0025,0.005,5.0,1000,cond_mean,194,1.000140094462121,1.9724583740921127,0.5078077971016401,0.001325130451011807,0,0.03384025525723097,0.22337342271514768
1.0,0.5,4.0,4.0,0.0025,0.005,10.0,2000,cond_mean,194,1.0000567148222737,1.9760093356858563,0.5081822327455119,0.0015325604309268923,0,0.03048284026025688,0.22337342271514768
1.0,0.5,4.0,4.0,0.0025,0.005,20.0,4000,cond_mean,194,1.0003987628149111,1.950507327613418,0.5042273779364604,0.002597399110894428,0,0.05863170439727349,0.22337342271514768
1.0,0.5,4.0,4.0,0.0025,0.005,0.5,100,cond_mean,195,1.000063154842179,2.0027951304299125,0.5042797170920716,0.0023039503185130396,0,0.012968761731540084,0.2237859524320811
1.0,0.5,4.0,4.0,0.0025,0.005,1.0,200,cond_mean,195,0.9997636947300775,2.0009191653459473,0.49908507108574324,0.0015939842804900373,0,0.007988962128656704,0.2237859524320811
1.0,0.5,4.0,4.0,0.0025,0.005,2.0,400,cond_mean,195,0.9998233892229429,2.0159388274753636,0.5023445489917396,0.00219731995771521,0,0.021609339103408207,0.2237859524320811
1.0,0.5,4.0,4.0,0.0025,0.005,3.5,700,cond_mean,195,0.9992255975119799,2.033964871109055,0.4862026128956049,0.004206853931112748,0,0.04744368716268246,0.2237859524320811
1.0,0.5,4.0,4.0,0.0025,0.005,5.0,1000,cond_mean,195,0.9997005796376736,2.0222082733608358,0.4952836312948263,0.002131135078210594,0,0.0282993227304351,0.2237859524320811
1.0,0.5,4.0,4.0,0.0025,0.005,10.0,2000,cond_mean,195,0.9998877768780041,1.9811880402062598,0.502800569256751,0.0018877230003315325,0,0.02389060699501347,0.2237859524320811
1.0,0.5,4.0,4.0,0.0025,0.005,20.0,4000,cond_mean,195,1.000020585234812,1.9306245055114362,0.5032668296623511,0.0018339225745271155,0,0.08056391501689668,0.2237859524320811
1.0,0.5,4.0,4.0,0.0025,0.005,0.5,100,cond_mean,196,0.999975069222016,1.9890053378674515,0.4989854232990707,0.0013422970479780836,0,0.014367198049788343,0.22362324399208383
1.0,0.5,4.0,4.0,0.0025,0.005,1.0,200,cond_mean,196,0.9998833457479048,2.0025727766316095,0.4962207608092682,0.0022259967656435395,0,0.012259051034331116,0.22362324399208383
1.0,0.5,4.0,4.0,0.0025,0.005,2.0,400,cond_mean,196,0.9998145221155575,1.99441592204503,0.48927943303035554,0.001428911017362469,0,0.01672857192275774,0.22362324399208383
1.0,0.5,4.0,4.0,0.0025,0.005,3.5,700,cond_mean,196,0.9998302206338157,1.9857140783990268,0.49302970962435183,0.0018355178497698806,0,0.020760511141281822,0.22362324399208383
1.0,0.5,4.0,4.0,0.0025,0.005,5.0,1000,cond_mean,196,0.9999710130214542,1.961647281524514,0.4978759485443086,0.0021769965545078845,0,0.04567566031292533,0.22362324399208383
1.0,0.5,4.0,4.0,0.0025,0.005,10.0,2000,cond_mean,196,1.0000192118327882,1.9822995496840239,0.49579938104305527,0.0018875823592001259,0,0.023157443091440896,0.22362324399208383
1.0,0.5,4.0,4.0,0.0025,0.005,20.0,4000,cond_mean,196,1.000163998511328,1.9439283186780552,0.510408046883183,0.002475668678533751,0,0.06695648486741591,0.22362324399208383
1.0,0.5,4.0,4.0,0.0025,0.005,0.5,100,cond_mean,197,0.999925213435769,1.9962555317380632,0.49557124886671094,0.001861045777466029,0,0.011573335295623648,0.2237181368649804
1.0,0.5,4.0,4.0,0.0025,0.005,1.0,200,cond_mean,197,1.0002789788524074,1.9951654031607189,0.5004873640995732,0.002318307459514772,0,0.012727222867999434,0.2237181368649804
1.0,0.5,4.0,4.0,0.0025,0.005,2.0,400,cond_mean,197,1.0003875217611506,1.9948332183973592,0.5075953815359843,0.0023896702766664094,0,0.016082874526950557,0.2237181368649804
1.0,0.5,4.0,4.0,0.0025,0.005,3.5,700,cond_mean,197,1.0002340664970235,2.003769323078896,0.5029336978534579,0.0020087254688811013,0,0.011321508565773967,0.2237181368649804
1.0,0.5,4.0,4.0,0.0025,0.005,5.0,1000,cond_mean,197,1.0003015784189595,1.9987913938948885,0.5058056409047026,0.0031720266359394327,0,0.017152148956048968,0.2237181368649804
1.0,0.5,4.0,4.0,0.0025,0.005,10.0,2000,cond_mean,197,1.0003801270074675,2.009413113340466,0.5011964043548113,0.0021877509512696638,0,0.01537802895168992,0.2237181368649804
1.0,0.5,4.0,4.0,0.0025,0.005,20.0,4000,cond_mean,197,1.0002032924105064,1.9363601665365735,0.5015873731009797,0.0018963351131940438,0,0.07401960567912505,0.2237181368649804
1.0,0.5,4.0,4.0,0.0025,0.005,0.5,100,cond_mean,198,1.0001949394304686,2.0013951157020475,0.5061430505473961,0.0027551283553338686,0,0.015610254428927,0.22341661900281906
1.0,0.5,4.0,4.0,0.0025,0.005,1.0,200,cond_mean,198,0.999879169060978,2.0011606632699634,0.506980775760434,0.0022977994719163117,0,0.014715864420461439,0.22341661900281906
1.0,0.5,4.0,4.0,0.0025,0.005,2.0,400,cond_mean,198,0.999998683996514,1.9994645245914744,0.5089338792189649,0.0020848085520883976,0,0.01553313219026299,0.22341661900281906
1.0,0.5,4.0,4.0,0.0025,0.005,3.5,700,cond_mean,198,0.9998107157716316,2.0253819730453233,0.5066590418342993,0.0020279983795113057,0,0.03220544471641125,0.22341661900281906
1.0,0.5,4.0,4.0,0.0025,0.005,5.0,1000,cond_mean,198,1.0000497834238253,2.0241836351921867,0.5087433816705881,0.0011393239455047928,0,0.03055151838858086,0.22341661900281906
1.0,0.5,4.0,4.0,0.0025,0.005,10.0,2000,cond_mean,198,0.9997556452252996,2.001016163498606,0.49958195176270004,0.0011229631002953632,0,0.005735315562366062,0.22341661900281906
1.0,0.5,4.0,4.0,0.0025,0.005,20.0,4000,cond_mean,198,0.9997085553925964,2.0246758518590773,0.5002329856998501,0.0030912610792632306,0,0.032319264816210884,0.22341661900281906
1.0,0.5,4.0,4.0,0.0025,0.005,0.5,100,cond_mean,199,0.9999395752883545,2.001514829175919,0.5038185724733706,0.002288934369707754,0,0.012465073935257571,0.22381664285369748
1.0,0.5,4.0,4.0,0.0025,0.005,1.0,200,cond_mean,199,0.9997249319845437,1.9909517379837256,0.5014854399120173,0.001650196479060583,0,0.013513270911851321,0.22381664285369748
1.0,0.5,4.0,4.0,0.0025,0.005,2.0,400,cond_mean,199,1.0001411610817614,1.983784720650098,0.5102299819900874,0.0023019261627697206,0,0.025454506794391478,0.22381664285369748
1.0,0.5,4.0,4.0,0.0025,0.005,3.5,700,cond_mean,199,0.9996760557777631,1.996682215423972,0.5064137312715271,0.00283581146310291,0,0.017079199720375693,0.22381664285369748
1.0,0.5,4.0,4.0,0.0025,0.005,5.0,1000,cond_mean,199,1.0000919446561811,1.993751964427449,0.5104161467910677,0.0019017936925738686,0,0.017833093336157395,0.22381664285369748
1.0,0.5,4.0,4.0,0.0025,0.005,10.0,2000,cond_mean,199,0.9999039186978699,1.9832280471787191,0.4969068186758054,0.0015231826043263317,0,0.021156517251237728,0.22381664285369748
1.0,0.5,4.0,4.0,0.0025,0.005,20.0,4000,cond_mean,199,1.0001050987501647,1.9769595689324992,0.5069970012203613,0.0013938239369888908,0,0.02879579388142503,0.22381664285369748
1.0,0.5,4.0,4.0,0.0025,0.005,0.5,100,cond_mean,200,1.0001041556971038,2.0066744797897385,0.5014973080502115,0.0025494659272972406,0,0.014787650026871883,0.22472107142675668
1.0,0.5,4.0,4.0,0.0025,0.005,1.0,200,cond_mean,200,1.000163246285193,1.9939973079860946,0.5032669752458876,0.0017914975440966924,0,0.011887864497223684,0.22472107142675668
1.0,0.5,4.0,4.0,0.0025,0.005,2.0,400,cond_mean,200,0.9998819220284851,1.9990528046438107,0.5018931356364572,0.002007788698997376,0,0.010294451783422465,0.22472107142675668
1.0,0.5,4.0,4.0,0.0025,0.005,3.5,700,cond_mean,200,1.0001332489804073,1.989342962518996,0.5045945363535794,0.0024843550122619603,0,0.018214061843627227,0.22472107142675668
1.0,0.5,4.0,4.0,0.0025,0.005,5.0,1000,cond_mean,200,1.0002847903480434,2.0036190440979387,0.5006187334732338,0.0021958754205835896,0,0.011625203687709688,0.22472107142675668
1.0,0.5,4.0,4.0,0.0025,0.005,10.0,2000,cond_mean,200,0.9998820587450898,2.016214613968885,0.4844338460897769,0.0015457797477181326,0,0.028742596448255844,0.22472107142675668
1.0,0.5,4.0,4.0,0.0025,0.005,20.0,4000,cond_mean,200,0.9999486222753966,2.0735094695411243,0.5031557842147663,0.0020866141603826014,0,0.0854517764438753,0.22472107142675668
1.0,0.5,4.0,4.0,0.0025,0.005,0.5,100,cond_mean,201,1.0001388575480157,2.004366741076291,0.5006277212418354,0.0029069884864825987,0,0.015147098650304336,0.2258702975731077
1.0,0.5,4.0,4.0,0.0025,0.005,1.0,200,cond_mean,201,1.0003005635739544,1.994960273907481,0.5028602619911592,0.0027345275095714315,0,0.015005862774886195,0.2258702975731077
1.0,0.5,4.0,4.0,0.0025,0.005,2.0,400,cond_mean,201,1.0002636539809793,1.992744694483356,0.5004872140980731,0.0018376818187233912,0,0.012360756760191764,0.2258702975731077
1.0,0.5,4.0,4.0,0.0025,0.005,3.5,700,cond_mean,201,1.0004125240000799,1.97936556793046,0.5047780732403782,0.0023096700970209132,0,0.02694517873020862,0.2258702975731077
1.0,0.5,4.0,4.0,0.0025,0.005,5.0,1000,cond_mean,201,0.999710923719561,1.991049935125458,0.49804413291830835,0.0020746380091291846,0,0.014700780957286332,0.2258702975731077
1.0,0.5,4.0,4.0,0.0025,0.005,10.0,2000,cond_mean,201,1.0000670827706224,1.9788222027332012,0.497296193811173,0.001621574343160748,0,0.026009988760534248,0.2258702975731077
1.0,0.5,4.0,4.0,0.0025,0.005,20.0,4000,cond_mean,201,1.0000441478873994,1.9396609036327173,0.49198784032835746,0.0024544605809800044,0,0.07172428840534821,0.2258702975731077
1.0,0.5,4.0,4.0,0.0025,0.005,0.5,100,cond_mean,202,1.0002319230957535,2.0010563145099427,0.5086805449600592,0.0016818929273730064,0,0.013731901118339104,0.22911381543547446
1.0,0.5,4.0,4.0,0.0025,0.005,1.0,200,cond_mean,202,1.0002050501322184,2.011845647462016,0.5056428005974489,0.002696656354564752,0,0.02026196927471575,0.22911381543547446
1.0,0.5,4.0,4.0,0.0025,0.005,2.0,400,cond_mean,202,1.0001691912604909,2.004067956926392,0.5035162224088507,0.0019366851203150531,0,0.011423448099954221,0.22911381543547446
1.0,0.5,4.0,4.0,0.0025,0.005,3.5,700,cond_mean,202,0.9999244087596287,1.9984867946734524,0.5026302824045432,0.002275486511644775,0,0.01186718604494921,0.22911381543547446
1.0,0.5,4.0,4.0,0.0025,0.005,5.0,1000,cond_mean,202,1.0000136922287368,2.008838913240724,0.5084591499957486,0.0011769729744888777,0,0.01604057405439845,0.22911381543547446
1.0,0.5,4.0,4.0,0.0025,0.005,10.0,2000,cond_mean,202,0.9997883234000656,2.0144544695865285,0.4990577243439509,0.0021107242761740676,0,0.019688658700247375,0.22911381543547446
1.0,0.5,4.0,4.0,0.0025,0.005,20.0,4000,cond_mean,202,0.9998908473920239,1.984771537443014,0.49143599410494904,0.001715847108923432,0,0.022511050132758132,0.22911381543547446
1.0,0.5,4.0,4.0,0.0025,0.005,0.5,100,cond_mean,203,1.0003560678447585,2.009353312637277,0.5074925645129257,0.002114187629122592,0,0.017543195844013867,0.2292739761427843
1.0,0.5,4.0,4.0,0.0025,0.005,1.0,200,cond_mean,203,1.0002849194001142,2.0036369010882296,0.511317218350075,0.001556928568589842,0,0.016691867634292604,0.2292739761427843
1.0,0.5,4.0,4.0,0.0025,0.005,2.0,400,cond_mean,203,0.9999337393904695,2.0030445495209497,0.5004978479033874,0.0016565113464206752,0,0.008893509877534704,0.2292739761427843
1.0,0.5,4.0,4.0,0.0025,0.005,3.5,700,cond_mean,203,1.0001665876149628,2.008465666716949,0.49887856742181663,0.0016131903941784835,0,0.012736188245451892,0.2292739761427843
1.0,0.5,4.0,4.0,0.0025,0.005,5.0,1000,cond_mean,203,0.9999259988544098,2.0169225409819127,0.49478593065196924,0.0016592043622992677,0,0.022243330819864213,0.2292739761427843
1.0,0.5,4.0,4.0,0.0025,0.005,10.0,2000,cond_mean,203,1.0002899317699356,2.0236822058032184,0.498865790868246,0.0019319209940523738,0,0.029065728725784508,0.2292739761427843
1.0,0.5,4.0,4.0,0.0025,0.005,20.0,4000,cond_mean,203,1.000236216483898,2.002425197819821,0.5045723496510642,0.0026526004013588235,0,0.014426724583738133,0.2292739761427843
1.0,0.5,4.0,4.0,0.0025,0.005,0.5,100,cond_mean,204,1.000168685620643,2.0037251861260037,0.4991460996404056,0.001624609734851421,0,0.009208316587193127,0.22539904771838337
1.0,0.5,4.0,4.0,0.0025,0.005,1.0,200,cond_mean,204,1.0002029872277425,2.00740704947888,0.505002457651522,0.0018081795823464764,0,0.013784804251535297,0.22539904771838337
1.0,0.5,4.0,4.0,0.0025,0.005,2.0,400,cond_mean,204,0.9998844300274086,2.0027327723135944,0.49875896641703465,0.0020398649706782953,0,0.0105922060694842,0.22539904771838337
1.0,0.5,4.0,4.0,0.0025,0.005,3.5,700,cond_mean,204,0.9998743215570836,2.0092407221169863,0.49495975342847076,0.0016856281693350113,0,0.014937735430046428,0.22539904771838337
1.0,0.5,4.0,4.0,0.0025,0.005,5.0,1000,cond_mean,204,0.9998331549962107,2.0033574618685726,0.5032346209572695,0.0017023963232115212,0,0.010320380107297359,0.22539904771838337
1.0,0.5,4.0,4.0,0.0025,0.005,10.0,2000,cond_mean,204,1.0001037169434046,1.9928409938079534,0.5109065266652986,0.002599154114882822,0,0.02060204428533698,0.22539904771838337
1.0,0.5,4.0,4.0,0.0025,0.005,20.0,4000,cond_mean,204,0.9998641812697618,2.00115220730864,0.5102040067116065,0.0019110175990775338,0,0.016597577996389976,0.22539904771838337
1.0,0.5,4.0,4.0,0.0025,0.005,0.5,100,cond_mean,205,1.000255433153873,2.0041382388482565,0.5063026762370525,0.0017024707516853086,0,0.012384939018520653,0.22279554758487002
1.0,0.5,4.0,4.0,0.0025,0.005,1.0,200,cond_mean,205,1.000171242556457,2.0036679157393618,0.5006915892297765,0.0018829732677384655,0,0.010202483569067142,0.22279554758487002
1.0,0.5,4.0,4.0,0.0025,0.005,2.0,400,cond_mean,205,0.9997495386975451,1.9877660322576407,0.49451683984816536,0.0024874401723578216,0,0.019863156669724682,0.22279554758487002
1.0,0.5,4.0,4.0,0.0025,0.005,3.5,700,cond_mean,205,1.000026437228839,1.9916138832855999,0.5010584026717277,0.001686314117473068,0,0.01280142015318263,0.22279554758487002
1.0,0.5,4.0,4.0,0.0025,0.005,5.0,1000,cond_mean,205,0.9999881387113013,1.9820667080618322,0.5003900020960106,0.0018255333380071386,0,0.022564444526131017,0.22279554758487002
1.0,0.5,4.0,4.0,0.0025,0.005,10.0,2000,cond_mean,205,1.0000660838059237,1.98533951350201,0.5078857647955685,0.001481658711171823,0,0.02101169501804903,0.22279554758487002
1.0,0.5,4.0,4.0,0.0025,0.005,20.0,4000,cond_mean,205,1.0003366599061458,1.9413613990510887,0.5180783137143585,0.001786977150015177,0,0.07153406273320817,0.22279554758487002
1.0,0.5,4.0,4.0,0.0025,0.005,0.5,100,cond_mean,206,0.9999992387942321,2.0021187635671165,0.4979845501189948,0.0015823659413988105,0,0.008557022843403794,0.22364706542742038
1.0,0.5,4.0,4.0,0.0025,0.005,1.0,200,cond_mean,206,0.9998666535117468,2.0079164104532747,0.49279396843353535,0.0014679901399033326,0,0.014851495048412867,0.22364706542742038
1.0,0.5,4.0,4.0,0.0025,0.005,2.0,400,cond_mean,206,0.9995560429857008,2.0259074201266785,0.4859240637789798,0.0028088062617307764,0,0.03739840239821815,0.22364706542742038
1.0,0.5,4.0,4.0,0.0025,0.005,3.5,700,cond_mean,206,1.0001112115675546,2.0212894695482784,0.4997199190335999,0.002291943519307346,0,0.027040878579068475,0.22364706542742038
1.0,0.5,4.0,4.0,0.0025,0.005,5.0,1000,cond_mean,206,0.9998801387553821,2.0316920641772445,0.49137419178524866,0.00180675225816253,0,0.0394314485727427,0.22364706542742038
1.0,0.5,4.0,4.0,0.0025,0.005,10.0,2000,cond_mean,206,1.0000514306355994,1.9936838671245558,0.4985655631406932,0.0026648811494409054,0,0.015095194550599308,0.22364706542742038
1.0,0.5,4.0,4.0,0.0025,0.005,20.0,4000,cond_mean,206,1.0002981134769595,1.958654724163633,0.505709453409826,0.002392943250071596,0,0.049566811937736016,0.22364706542742038
1.0,0.5,4.0,4.0,0.0025,0.005,0.5,100,cond_mean,207,1.0000884889084556,1.9973302203518286,0.5015586466465682,0.001984460629851851,0,0.010384750624736814,0.22287646429945848
1.0,0.5,4.0,4.0,0.0025,0.005,1.0,200,cond_mean,207,1.00002669931894,1.9930134596877087,0.49843684630672913,0.0014997770230860674,0,0.011122958954820338,0.22287646429945848
1.0,0.5,4.0,4.0,0.0025,0.005,2.0,400,cond_mean,207,1.0002342346264042,2.0042916343203947,0.5110639514291734,0.001734831155543885,0,0.017077373050123423,0.22287646429945848
1.0,0.5,4.0,4.0,0.0025,0.005,3.5,700,cond_mean,207,0.9999121508762457,2.002442589275839,0.5046828717703893,0.003956017862398698,0,0.020592715062243683,0.22287646429945848
1.0,0.5,4.0,4.0,0.0025,0.005,5.0,1000,cond_mean,207,0.9998528863770139,2.005784097412358,0.5095937244661064,0.0025354131290491614,0,0.019097934714899935,0.22287646429945848
1.0,0.5,4.0,4.0,0.0025,0.005,10.0,2000,cond_mean,207,0.9999866618684587,2.018873375770488,0.5012280313017952,0.002890832302345658,0,0.026057507589736538,0.22287646429945848
1.0,0.5,4.0,4.0,0.0025,0.005,20.0,4000,cond_mean,207,1.00032063902833,2.0029701743761175,0.49970125417655376,0.003861965242882143,0,0.019336274811115838,0.22287646429945848
1.0,0.5,4.0,4.0,0.0025,0.005,0.5,100,cond_mean,208,1.000451916045743,1.9922915557170549,0.5064168625004835,0.002501997955658137,0,0.016974310613677223,0.22336390471485043
1.0,0.5,4.0,4.0,0.0025,0.005,1.0,200,cond_mean,208,1.00015939765971,1.9950332066819918,0.5009974554795831,0.0021768454765387136,0,0.012174092312041578,0.22336390471485043
1.0,0.5,4.0,4.0,0.0025,0.005,2.0,400,cond_mean,208,0.9997657909102158,1.98859910140795,0.4858395969672877,0.00259130250222563,0,0.02592930821716857,0.22336390471485043
1.0,0.5,4.0,4.0,0.0025,0.005,3.5,700,cond_mean,208,1.0001768073510793,2.0011836845748725,0.4957694956546242,0.0013514384648585591,0,0.009051208961063614,0.22336390471485043
1.0,0.5,4.0,4.0,0.0025,0.005,5.0,1000,cond_mean,208,0.9999665588907034,2.008139053325374,0.4984194305010501,0.0014600242208788004,0,0.011989231446231938,0.22336390471485043
1.0,0.5,4.0,4.0,0.0025,0.005,10.0,2000,cond_mean,208,0.9998291128935627,1.9781246564227342,0.49896087730847377,0.001990015402438651,0,0.02711308402771692,0.22336390471485043
1.0,0.5,4.0,4.0,0.0025,0.005,20.0,4000,cond_mean,208,0.9998402617672814,1.989915545598706,0.4911927141047845,0.002439302829887692,0,0.020206545573398002,0.22336390471485043
1.0,0.5,4.0,4.0,0.0025,0.005,0.5,100,cond_mean,209,1.0002119538362493,2.006144973071785,0.5011663488778885,0.0018134715744069182,0,0.011464096772498213,0.22431731543370656
1.0,0.5,4.0,4.0,0.0025,0.005,1.0,200,cond_mean,209,1.0002565362595581,2.0121096989667477,0.503565736316509,0.0023206953656247694,0,0.0185315368211949,0.22431731543370656
1.0,0.5,4.0,4.0,0.0025,0.005,2.0,400,cond_mean,209,1.0003873496036646,2.009169222045854,0.5006071197641899,0.001954539834430124,0,0.014384704240622508,0.22431731543370656
1.0,0.5,4.0,4.0,0.0025,0.005,3.5,700,cond_mean,209,1.0005130116630891,2.0160848287056807,0.5049493536567224,0.0025972063941890325,0,0.02326598124119023,0.22431731543370656
1.0,0.5,4.0,4.0,0.0025,0.005,5.0,1000,cond_mean,209,1.0000179279612547,2.029020185597122,0.49904343368842535,0.0032662918305666625,0,0.0371605235408221,0.22431731543370656
1.0,0.5,4.0,4.0,0.0025,0.005,10.0,2000,cond_mean,209,1.0001103197057712,1.9923874964669446,0.5062589640437333,0.002090254087423327,0,0.015626917087090863,0.22431731543370656
1.0,0.5,4.0,4.0,0.0025,0.005,20.0,4000,cond_mean,209,1.0000352020276442,1.9954203909851056,0.5087651353784581,0.0027087702768473897,0,0.018291356939179187,0.22431731543370656
1.0,0.5,4.0,4.0,0.0025,0.005,0.5,100,cond_mean,210,0.9999328141564312,2.005387333384268,0.498621986131027,0.0016775034708243052,0,0.010455196996896366,0.22305235714052937
1.0,0.5,4.0,4.0,0.0025,0.005,1.0,200,cond_mean,210,1.0000177701275292,2.009244542869854,0.5026456442145174,0.0015749562390842114,0,0.013610126263175568,0.22305235714052937
1.0,0.5,4.0,4.0,0.0025,0.005,2.0,400,cond_mean,210,0.9998077828216068,2.0008123616365685,0.49526670955072327,0.002627359778968381,0,0.014177972548355604,0.22305235714052937
1.0,0.5,4.0,4.0,0.0025,0.005,3.5,700,cond_mean,210,0.9999784873771178,1.9813898269489039,0.499831868693477,0.0016674624542623055,0,0.022996273303411606,0.22305235714052937
1.0,0.5,4.0,4.0,0.0025,0.005,5.0,1000,cond_mean,210,1.0002484437756733,1.999084186039425,0.5084414675545263,0.001792367515619921,0,0.01378316461123361,0.22305235714052937
1.0,0.5,4.0,4.0,0.0025,0.005,10.0,2000,cond_mean,210,0.999914008448001,2.028843225959005,0.5013914034726284,0.00196519381182574,0,0.03470626233660665,0.22305235714052937
1.0,0.5,4.0,4.0,0.0025,0.005,20.0,4000,cond_mean,210,0.9996387215178759,2.036447483904809,0.4996380890285759,0.0030830682046014586,0,0.04475902116977122,0.22305235714052937
1.0,0.5,4.0,4.0,0.0025,0.005,0.5,100,cond_mean,211,1.000240304690677,2.0019781055766144,0.5049337906858924,0.0022142774217591196,0,0.012632989362019035,0.2232306667137891
1.0,0.5,4.0,4.0,0.0025,0.005,1.0,200,cond_mean,211,1.000114930679077,2.0047147362748823,0.5026544490696493,0.0018761529171505513,0,0.011187354112467197,0.2232306667137891
1.0,0.5,4.0,4.0,0.0025,0.005,2.0,400,cond_mean,211,1.000066284181047,2.003638083041844,0.4935785843178746,0.0016156081672520995,0,0.01242634627366923,0.2232306667137891
1.0,0.5,4.0,4.0,0.0025,0.005,3.5,700,cond_mean,211,0.9997096028721825,1.9962146416927455,0.49006753343836723,0.0017885771462035562,0,0.015887572415040744,0.2232306667137891
1.0,0.5,4.0,4.0,0.0025,0.005,5.0,1000,cond_mean,211,0.9997373201907336,1.9951691718991313,0.4929228132399709,0.0025186304305474553,0,0.016153225124502596,0.2232306667137891
1.0,0.5,4.0,4.0,0.0025,0.005,10.0,2000,cond_mean,211,1.000057143377215,2.0519396249751143,0.5088068433295985,0.0013282117484890979,0,0.06113566870198474,0.2232306667137891
1.0,0.5,4.0,4.0,0.0025,0.005,20.0,4000,cond_mean,211,0.9999187011260063,2.123034940537844,0.49984262961460846,0.001397055488749798,0,0.14217398304173848,0.2232306667137891
1.0,0.5,4.0,4.0,0.0025,0.005,0.5,100,cond_mean,212,1.000469986575615,1.9919921013804922,0.5023825872418716,0.0029844691422939227,0,0.01756770876531245,0.2248503987211734
1.0,0.5,4.0,4.0,0.0025,0.005,1.0,200,cond_mean,212,1.0002588555963163,1.9996956681965727,0.49821645512318063,0.0020438009018290864,0,0.010509535046566905,0.2248503987211734
1.0,0.5,4.0,4.0,0.0025,0.005,2.0,400,cond_mean,212,0.9999068753545548,1.9964102128571015,0.4900002312455389,0.0018259249731448597,0,0.01630459655653178,0.2248503987211734
1.0,0.5,4.0,4.0,0.0025,0.005,3.5,700,cond_mean,212,0.9998340856553436,2.0016584816353133,0.4889228755599972,0.0016480401129382312,0,0.016490889882695627,0.2248503987211734
1.0,0.5,4.0,4.0,0.0025,0.005,5.0,1000,cond_mean,212,0.9999046821140112,1.9931112528174644,0.4980524976466943,0.0013694189630368903,0,0.010679149037286909,0.2248503987211734
1.0,0.5,4.0,4.0,0.0025,0.005,10.0,2000,cond_mean,212,0.9999730293378468,1.9523095213190327,0.496124783473281,0.0019001839708032969,0,0.05613444333788494,0.2248503987211734
1.0,0.5,4.0,4.0,0.0025,0.005,20.0,4000,cond_mean,212,1.0000181898041887,1.9523972478172642,0.507722188129229,0.0023656715673312217,0,0.05691417754751433,0.2248503987211734
1.0,0.5,4.0,4.0,0.0025,0.005,0.5,100,cond_mean,213,1.0001905195159615,2.012984531326923,0.5080920985763305,0.0020646152486062147,0,0.020752450301094398,0.22472206541403597
1.0,0.5,4.0,4.0,0.0025,0.005,1.0,200,cond_mean,213,1.000124120764919,2.005745136942945,0.5085596886291591,0.0011136834106165374,0,0.013885166075869886,0.22472206541403597
1.0,0.5,4.0,4.0,0.0025,0.005,2.0,400,cond_mean,213,0.9998748854706812,2.004686988041575,0.5039723197188496,0.0013207968333450062,0,0.010073291713868721,0.22472206541403597
1.0,0.5,4.0,4.0,0.0025,0.005,3.5,700,cond_mean,213,1.00009503627088,2.0169184654855488,0.5066092622002607,0.0021939467106052843,0,0.023861052698718334,0.22472206541403597
1.0,0.5,4.0,4.0,0.0025,0.005,5.0,1000,cond_mean,213,1.0000342721809907,2.01346118422805,0.5006613501191637,0.002195624016522385,0,0.01892647494402683,0.22472206541403597
1.0,0.5,4.0,4.0,0.0025,0.005,10.0,2000,cond_mean,213,1.0002803666891877,1.9643065506729893,0.4990950900193244,0.0016832317346133067,0,0.04210852325562908,0.22472206541403597
1.0,0.5,4.0,4.0,0.0025,0.005,20.0,4000,cond_mean,213,0.9999709079256851,1.976824148710179,0.5007058611042752,0.00202117083795506,0,0.02854566966851181,0.22472206541403597
1.0,0.5,4.0,4.0,0.0025,0.005,0.5,100,cond_mean,214,1.0000530306131437,2.0067220544426205,0.5047978366223876,0.001865772501588875,0,0.01349067229366788,0.22353922628930636
1.0,0.5,4.0,4.0,0.0025,0.005,1.0,200,cond_mean,214,1.0000262829266937,2.0003122067122203,0.5034980547897786,0.0026797311289081475,0,0.01390570983280546,0.22353922628930636
1.0,0.5,4.0,4.0,0.0025,0.005,2.0,400,cond_mean,214,1.000097316479052,2.0204461797421027,0.5088331217991329,0.001953242462244366,0,0.027816602499616188,0.22353922628930636
1.0,0.5,4.0,4.0,0.0025,0.005,3.5,700,cond_mean,214,0.9999772686305398,2.0367949004512806,0.5084729975162343,0.0016305409586517255,0,0.04446000236690899,0.22353922628930636
1.0,0.5,4.0,4.0,0.0025,0.005,5.0,1000,cond_mean,214,1.000370100657293,2.052703587651783,0.5077327177910242,0.0023695715008866624,0,0.06243302079933933,0.22353922628930636
1.0,0.5,4.0,4.0,0.0025,0.005,10.0,2000,cond_mean,214,1.000180043380361,2.033043993346613,0.49938222053748554,0.002005432612941928,0,0.03943608346111505,0.22353922628930636
1.0,0.5,4.0,4.0,0.0025,0.005,20.0,4000,cond_mean,214,1.000183545573861,2.053577057771417,0.5008389042959941,0.002623341025279941,0,0.06316638822621286,0.22353922628930636
1.0,0.5,4.0,4.0,0.0025,0.005,0.5,100,cond_mean,215,1.000417834061863,1.9971665857855172,0.5086051926604712,0.0022674431504385454,0,0.01566885383389324,0.22572629157054638
1.0,0.5,4.0,4.0,0.0025,0.005,1.0,200,cond_mean,215,1.0001437906763655,2.010189518337874,0.49929087979133474,0.0015521523998746909,0,0.014092047215819557,0.22572629157054638
1.0,0.5,4.0,4.0,0.0025,0.005,2.0,400,cond_mean,215,1.0002351599802062,2.0082598171509978,0.49649698538097053,0.0015726531828307237,0,0.0133387334971901,0.22572629157054638
1.0,0.5,4.0,4.0,0.0025,0.005,3.5,700,cond_mean,215,1.0002821322737274,2.0116153939712507,0.5018990144483314,0.002039014820363885,0,0.016866239389893376,0.22572629157054638
1.0,0.5,4.0,4.0,0.0025,0.005,5.0,1000,cond_mean,215,1.0001434819738355,2.0193749860375654,0.5009198606916069,0.001853868790304451,0,0.024158580752956477,0.22572629157054638
1.0,0.5,4.0,4.0,0.0025,0.005,10.0,2000,cond_mean,215,1.0001791811060017,2.0600768645835164,0.5059003114005137,0.001705158047481346,0,0.0700229780949618,0.22572629157054638
1.0,0.5,4.0,4.0,0.0025,0.005,20.0,4000,cond_mean,215,0.9999916662986037,2.097645692781688,0.4958733931725442,0.001790828789707397,0,0.11344272325016383,0.22572629157054638
1.0,0.5,4.0,4.0,0.0025,0.005,0.5,100,cond_mean,216,0.9999914620129948,2.010120560710798,0.5014312625273005,0.0013855298421569212,0,0.013650478611233231,0.22747255356184073
1.0,0.5,4.0,4.0,0.0025,0.005,1.0,200,cond_mean,216,1.000177008982378,2.010799111803115,0.5044042104893075,0.001886558555198418,0,0.016437976796925644,0.22747255356184073
1.0,0.5,4.0,4.0,0.0025,0.005,2.0,400,cond_mean,216,1.0000222846266418,2.003262887689514,0.5029449540053231,0.002329609992323122,0,0.012621608050473592,0.22747255356184073
1.0,0.5,4.0,4.0,0.0025,0.005,3.5,700,cond_mean,216,1.0002342775807478,2.0152587887312996,0.5010621029973918,0.001779064889307399,0,0.01970552269198607,0.22747255356184073
1.0,0.5,4.0,4.0,0.0025,0.005,5.0,1000,cond_mean,216,1.000069710338749,2.010168423621544,0.49965504718815285,0.0015028061210679944,0,0.013881252935882075,0.22747255356184073
1.0,0.5,4.0,4.0,0.0025,0.005,10.0,2000,cond_mean,216,1.0002788386583683,2.055753883127968,0.4969103596559968,0.0015741017616306648,0,0.06511191679490015,0.22747255356184073
1.0,0.5,4.0,4.0,0.0025,0.005,20.0,4000,cond_mean,216,0.9998492662919792,2.094493689684309,0.49676217497024966,0.0017121085862737927,0,0.10966954456399268,0.22747255356184073
1.0,0.5,4.0,4.0,0.0025,0.005,0.5,100,cond_mean,217,0.9998140570553807,1.997830161322742,0.4933547148850223,0.0029340987837430813,0,0.01681845778133193,0.22261979158169456
1.0,0.5,4.0,4.0,0.0025,0.005,1.0,200,cond_mean,217,0.9998950810642826,2.005521450448515,0.49015080970777075,0.0015471181178468376,0,0.01615903179591851,0.22261979158169456
1.0,0.5,4.0,4.0,0.0025,0.005,2.0,400,cond_mean,217,0.9996879128942072,2.00657493534852,0.48906960591985593,0.0027601450791439356,0,0.02071637485780792,0.22261979158169456
1.0,0.5,4.0,4.0,0.0025,0.005,3.5,700,cond_mean,217,1.0003768067751713,1.9945597699905835,0.506496354593707,0.001983203741809387,0,0.013994883795625197,0.22261979158169456
1.0,0.5,4.0,4.0,0.0025,0.005,5.0,1000,cond_mean,217,0.9998016128997569,1.990506671389894,0.5090414513488488,0.002140416241637898,0,0.019448196933694328,0.22261979158169456
1.0,0.5,4.0,4.0,0.0025,0.005,10.0,2000,cond_mean,217,1.000239497324624,1.9944083879004786,0.4968155719908773,0.0022957871603828026,0,0.013870217689512618,0.22261979158169456
1.0,0.5,4.0,4.0,0.0025,0.005,20.0,4000,cond_mean,217,1.0001787968012643,1.9645099548615772,0.5058226567686962,0.0029665136689723255,0,0.043908501349411204,0.22261979158169456
1.0,0.5,4.0,4.0,0.0025,0.005,0.5,100,cond_mean,218,0.9999396960941199,1.992384337728034,0.5022790199978282,0.0026185421953662607,0,0.01588563965755227,0.22286477385620987
1.0,0.5,4.0,4.0,0.0025,0.005,1.0,200,cond_mean,218,0.9999400340499424,1.9901215196054327,0.4994545015886523,0.0027901365385077834,0,0.01783182708261222,0.22286477385620987
1.0,0.5,4.0,4.0,0.0025,0.005,2.0,400,cond_mean,218,0.9996083787398367,1.9856167698039904,0.4921823811858929,0.0033382358553064664,0,0.025253414392304722,0.22286477385620987
1.0,0.5,4.0,4.0,0.0025,0.005,3.5,700,cond_mean,218,1.0002413212947412,1.9836809332411527,0.5081864211570405,0.001833463476448704,0,0.023203918315757903,0.22286477385620987
1.0,0.5,4.0,4.0,0.0025,0.005,5.0,1000,cond_mean,218,1.0001138855614344,1.9699491983315967,0.5013308206184577,0.0014264935416285166,0,0.03540339326662596,0.22286477385620987
1.0,0.5,4.0,4.0,0.0025,0.005,10.0,2000,cond_mean,218,0.9999655663464158,1.9777202365974131,0.5009424903515878,0.00234805779610428,0,0.028215669504267186,0.22286477385620987
1.0,0.5,4.0,4.0,0.0025,0.005,20.0,4000,cond_mean,218,1.0001607156411634,1.9260507185237943,0.4984343346146276,0.0035366119865144117,0,0.08717300020812174,0.22286477385620987
1.0,0.5,4.0,4.0,0.0025,0.005,0.5,100,cond_mean,219,0.999900867231918,1.998124438982932,0.497505854072328,0.0017400951023849086,0,0.00933043912076727,0.22415623213497124
1.0,0.5,4.0,4.0,0.0025,0.005,1.0,200,cond_mean,219,0.9996685967893469,1.9898431725333556,0.4916604935870288,0.0021724266565965075,0,0.018937622532193797,0.22415623213497124
1.0,0.5,4.0,4.0,0.0025,0.005,2.0,400,cond_mean,219,0.9993553776553318,1.9774439111313613,0.49039302396006107,0.0025275293488870383,0,0.03111636916152989,0.22415623213497124
1.0,0.5,4.0,4.0,0.0025,0.005,3.5,700,cond_mean,219,0.9997148601108512,1.9722509726153525,0.5053544479463874,0.0023404512272376006,0,0.034857374799684704,0.22415623213497124
1.0,0.5,4.0,4.0,0.0025,0.005,5.0,1000,cond_mean,219,0.9995869711880035,1.9688591311096664,0.5020318739773603,0.0026829384093207498,0,0.03848505633522226,0.22415623213497124
1.0,0.5,4.0,4.0,0.0025,0.005,10.0,2000,cond_mean,219,1.000040704484697,1.9600676641579942,0.5109986127881853,0.002411383537815079,0,0.04933771164003991,0.22415623213497124
1.0,0.5,4.0,4.0,0.0025,0.005,20.0,4000,cond_mean,219,0.999809277059113,1.9701755071845473,0.5113162187556833,0.002014207368586329,0,0.038733396642860095,0.22415623213497124
1.0,0.5,4.0,4.0,0.0025,0.005,0.5,100,cond_mean,220,0.9998971021268995,1.995564701321402,0.4978607201968499,0.0014765625766746569,0,0.009250329196580689,0.2232679821484323
1.0,0.5,4.0,4.0,0.0025,0.005,1.0,200,cond_mean,220,1.0000457676474415,1.995877629860279,0.4998891921341419,0.0017190076926620484,0,0.009688528265132222,0.2232679821484323
1.0,0.5,4.0,4.0,0.0025,0.005,2.0,400,cond_mean,220,1.000022855297072,1.991594403826548,0.4988648026907789,0.0021093404185408816,0,0.014267616381413597,0.2232679821484323
1.0,0.5,4.0,4.0,0.0025,0.005,3.5,700,cond_mean,220,1.0003843329760738,1.9825835225054393,0.5003994402332625,0.0017349546724393131,0,0.02190322342859965,0.2232679821484323
1.0,0.5,4.0,4.0,0.0025,0.005,5.0,1000,cond_mean,220,1.0000426417736779,1.979936367643388,0.4941814316247041,0.001902181311915166,0,0.026186929932724336,0.2232679821484323
1.0,0.5,4.0,4.0,0.0025,0.005,10.0,2000,cond_mean,220,1.0000681496445134,1.9543889595791857,0.4961679958861231,0.002981030700753016,0,0.05493488037263801,0.2232679821484323
1.0,0.5,4.0,4.0,0.0025,0.005,20.0,4000,cond_mean,220,0.9999186903050643,1.9921275924085098,0.5030625196978634,0.002452848462785598,0,0.015670327529383674,0.2232679821484323
1.0,0.5,4.0,4.0,0.0025,0.005,0.5,100,cond_mean,221,0.9999384371627097,1.991521464274633,0.4991480287139482,0.0023041260566512966,0,0.014995265154980866,0.22276636299544147
1.0,0.5,4.0,4.0,0.0025,0.005,1.0,200,cond_mean,221,0.999907119449594,1.9923746873344128,0.4918961730072182,0.002436832466273754,0,0.018231848583487833,0.22276636299544147
1.0,0.5,4.0,4.0,0.0025,0.005,2.0,400,cond_mean,221,0.9999698945921435,1.9834311924825971,0.490712787243925,0.0019509039476128805,0,0.024731754116781933,0.22276636299544147
1.0,0.5,4.0,4.0,0.0025,0.005,3.5,700,cond_mean,221,0.9998491895620989,1.9612048404026061,0.48678617632996457,0.001833768782483823,0,0.04913124758581507,0.22276636299544147
1.0,0.5,4.0,4.0,0.0025,0.005,5.0,1000,cond_mean,221,0.9997981300518084,1.965987424527192,0.4931376671433675,0.002421783321633007,0,0.041984409468671394,0.22276636299544147
1.0,0.5,4.0,4.0,0.0025,0.005,10.0,2000,cond_mean,221,1.0003504513763812,1.9457514538360272,0.5113219412717454,0.0014596570819396222,0,0.06426120050478605,0.22276636299544147
1.0,0.5,4.0,4.0,0.0025,0.005,20.0,4000,cond_mean,221,0.9999988394586488,1.9275923776022816,0.500491484964439,0.0021997537050445267,0,0.08427010231772666,0.22276636299544147
1.0,0.5,4.0,4.0,0.0025,0.005,0.5,100,cond_mean,222,1.000001428754591,2.0001309733427317,0.5016871371420003,0.0018662301056873154,0,0.009418325735563097,0.22329677970680809
1.0,0.5,4.0,4.0,0.0025,0.005,1.0,200,cond_mean,222,1.0001179665682005,2.006506417592666,0.5050697227292548,0.0026344109360290965,0,0.016269665412176858,0.22329677970680809
1.0,0.5,4.0,4.0,0.0025,0.005,2.0,400,cond_mean,222,1.0002097500179348,1.9980390736758167,0.510581989965085,0.002459615244378865,0,0.018189576160541142,0.22329677970680809
1.0,0.5,4.0,4.0,0.0025,0.005,3.5,700,cond_mean,222,1.0001241962874972,2.0065698104181124,0.5013546412216353,0.0017932851273443492,0,0.011720979160214298,0.22329677970680809
1.0,0.5,4.0,4.0,0.0025,0.005,5.0,1000,cond_mean,222,1.0003674360972867,2.0162750044860953,0.5010352143542449,0.0023689094397905727,0,0.022149890191271428,0.22329677970680809
1.0,0.5,4.0,4.0,0.0025,0.005,10.0,2000,cond_mean,222,0.9998320041495202,2.02911576102662,0.4861586734885049,0.001582905603709047,0,0.03899646477412503,0.22329677970680809
1.0,0.5,4.0,4.0,0.0025,0.005,20.0,4000,cond_mean,222,0.9995255824685855,2.088262664683529,0.49627626103961475,0.0022681327761817404,0,0.10277535765623408,0.22329677970680809
1.0,0.5,4.0,4.0,0.0025,0.005,0.5,100,cond_mean,223,1.0001402525602523,2.000051645704379,0.49833556412568764,0.001918659016264031,0,0.00975513729589025,0.22474933342475975
1.0,0.5,4.0,4.0,0.0025,0.005,1.0,200,cond_mean,223,1.0000714579101475,2.010151281280649,0.5001943889595438,0.002077386629597952,0,0.01553754393545234,0.22474933342475975
1.0,0.5,4.0,4.0,0.0025,0.005,2.0,400,cond_mean,223,1.0000600616653639,2.005535910254896,0.5012610454986979,0.0017451770295340953,0,0.010797699465126482,0.22474933342475975
1.0,0.5,4.0,4.0,0.0025,0.005,3.5,700,cond_mean,223,1.0001234121932532,2.009925591599699,0.5019893951403698,0.001864421747763137,0,0.01483832134360411,0.22474933342475975
1.0,0.5,4.0,4.0,0.0025,0.005,5.0,1000,cond_mean,223,1.000071192951148,2.0152444779231455,0.5008448203605932,0.001890441583666873,0,0.019913010218119077,0.22474933342475975
1.0,0.5,4.0,4.0,0.0025,0.005,10.0,2000,cond_mean,223,1.0001943508779516,2.0177213591342427,0.4991676503589868,0.0017676614696764859,0,0.022298324354850144,0.22474933342475975
1.0,0.5,4.0,4.0,0.0025,0.005,20.0,4000,cond_mean,223,1.0001296716416692,2.0116891988815593,0.4960440499811054,0.00164764692482491,0,0.0166833583566329,0.22474933342475975
1.0,0.5,4.0,4.0,0.0025,0.005,0.5,100,cond_mean,224,1.0001434836343672,1.998549736692327,0.5019986356156625,0.0013696815213287946,0,0.007324378131548525,0.22323306541823382
1.0,0.5,4.0,4.0,0.0025,0.005,1.0,200,cond_mean,224,1.000152429309084,2.003107364520579,0.49877970327384613,0.0019899713025124137,0,0.010600270124424794,0.22323306541823382
1.0,0.5,4.0,4.0,0.0025,0.005,2.0,400,cond_mean,224,1.0002820568422193,2.002352514544833,0.5026582501281843,0.002284764406340401,0,0.01195544693324826,0.22323306541823382
1.0,0.5,4.0,4.0,0.0025,0.005,3.5,700,cond_mean,224,1.0003220773952277,1.981352713249674,0.5067236169591636,0.0020918119321862326,0,0.025156076994041085,0.22323306541823382
1.0,0.5,4.0,4.0,0.0025,0.005,5.0,1000,cond_mean,224,0.9999363600562183,1.9975767577147692,0.5077304666140526,0.0017911723731026058,0,0.01378779905207259,0.22323306541823382
1.0,0.5,4.0,4.0,0.0025,0.005,10.0,2000,cond_mean,224,1.0002158808779444,1.978507462674642,0.5198430416650052,0.0021404939496724442,0,0.036787570368225185,0.22323306541823382
1.0,0.5,4.0,4.0,0.0025,0.005,20.0,4000,cond_mean,224,0.9998745565549452,1.9640257551096632,0.4933335372722627,0.0019097852159191818,0,0.04352600506868232,0.22323306541823382
1.0,0.5,4.0,4.0,0.0025,0.005,0.5,100,cond_mean,225,0.9998107528143039,2.0039665720479705,0.50221698502682,0.0020658571976721715,0,0.01162286026498948,0.22505390472776657
1.0,0.5,4.0,4.0,0.0025,0.005,1.0,200,cond_mean,225,0.9996492928170472,1.9883570532562078,0.4944214862139113,0.0022292980141076515,0,0.01859436730981243,0.22505390472776657
1.0,0.5,4.0,4.0,0.0025,0.005,2.0,400,cond_mean,225,1.0002533936609255,1.9908595234490527,0.5097788840914997,0.0021746729026629118,0,0.019420167998772726,0.22505390472776657
1.0,0.5,4.0,4.0,0.0025,0.005,3.5,700,cond_mean,225,1.0000567737381838,2.0061040826807894,0.5027735597047432,0.0014809239057673783,0,0.010704758361783431,0.22505390472776657
1.0,0.5,4.0,4.0,0.0025,0.005,5.0,1000,cond_mean,225,0.9999230594097687,1.9896996980642936,0.49604711951812686,0.0015136856632772672,0,0.01491712453968799,0.22505390472776657
1.0,0.5,4.0,4.0,0.0025,0.005,10.0,2000,cond_mean,225,0.9997437871639795,1.9802085771782856,0.49125642500714034,0.001972467237753678,0,0.027224321306185868,0.22505390472776657
1.0,0.5,4.0,4.0,0.0025,0.005,20.0,4000,cond_mean,225,1.0006775459387693,1.9969279909980364,0.5121936439187285,0.00263130557576503,0,0.019981289217725354,0.22505390472776657
1.0,0.5,4.0,4.0,0.0025,0.005,0.5,100,cond_mean,226,1.0000695433359583,1.9993997625393214,0.503325177874638,0.0016054909084600964,0,0.00896017750049227,0.22337565471285156
1.0,0.5,4.0,4.0,0.0025,0.005,1.0,200,cond_mean,226,0.9999235030162335,2.0065542875667703,0.5022626989408108,0.0026354521371122893,0,0.015316078112591723,0.22337565471285156
1.0,0.5,4.0,4.0,0.0025,0.005,2.0,400,cond_mean,226,1.000079763612839,2.009703740866316,0.5002662033426394,0.001918671165495395,0,0.014639447672243226,0.22337565471285156
1.0,0.5,4.0,4.0,0.0025,0.005,3.5,700,cond_mean,226,1.000213842802848,2.015101814550951,0.502698835445718,0.002146808013523202,0,0.0206150744074597,0.22337565471285156
1.0,0.5,4.0,4.0,0.0025,0.005,5.0,1000,cond_mean,226,0.999795969329411,2.004447315411307,0.4988175609923831,0.002206225157996305,0,0.012068310825162578,0.22337565471285156
1.0,0.5,4.0,4.0,0.0025,0.005,10.0,2000,cond_mean,226,1.0002983786581872,2.0139226045317837,0.506885641585099,0.00218156712619513,0,0.021086090713779045,0.22337565471285156
1.0,0.5,4.0,4.0,0.0025,0.005,20.0,4000,cond_mean,226,0.9997204569698798,2.0431357893572732,0.5101432631838612,0.001897150654554945,0,0.052326211315276344,0.22337565471285156
1.0,0.5,4.0,4.0,0.0025,0.005,0.5,100,cond_mean,227,0.999873047973798,2.007571570009433,0.5000380096560381,0.0018896624554152394,0,0.012757430588004704,0.22355935714274114
1.0,0.5,4.0,4.0,0.0025,0.005,1.0,200,cond_mean,227,0.9997928176536264,2.000072051873675,0.49188133515356336,0.0016566851396079582,0,0.01308653022427076,0.22355935714274114
1.0,0.5,4.0,4.0,0.0025,0.005,2.0,400,cond_mean,227,1.00036476283458,1.9993461479570716,0.5009252951685279,0.0031313650047583136,0,0.015469640081097689,0.22355935714274114
1.0,0.5,4.0,4.0,0.0025,0.005,3.5,700,cond_mean,227,1.0004250445161278,1.987375838282374,0.5058212599416885,0.0025128810479788538,0,0.020292819223248604,0.22355935714274114
1.0,0.5,4.0,4.0,0.0025,0.005,5.0,1000,cond_mean,227,1.0002219647606143,1.978544950086071,0.5048830359229114,0.0024269416694125143,0,0.028068685876948975,0.22355935714274114
1.0,0.5,4.0,4.0,0.0025,0.005,10.0,2000,cond_mean,227,1.0002771751055681,1.9805188414176618,0.4978240666338377,0.004427863914812462,0,0.031462083235153385,0.22355935714274114
1.0,0.5,4.0,4.0,0.0025,0.005,20.0,4000,cond_mean,227,0.9996663321663815,1.975507127806841,0.49600497606941446,0.0025487856677152703,0,0.03137419444174014,0.22355935714274114
1.0,0.5,4.0,4.0,0.0025,0.005,0.5,100,cond_mean,228,0.9997998713045639,1.999126339662831,0.4978992103264654,0.0018589772229248883,0,0.009504460085030036,0.22434051186844176
1.0,0.5,4.0,4.0,0.0025,0.005,1.0,200,cond_mean,228,0.9996621627034948,1.9987915435769503,0.4993697802458985,0.0022705937940523386,0,0.011324352009245201,0.22434051186844176
1.0,0.5,4.0,4.0,0.0025,0.005,2.0,400,cond_mean,228,0.9994896172252393,2.001165161204941,0.4940055455978195,0.002960321407717332,0,0.01623122262707612,0.22434051186844176
1.0,0.5,4.0,4.0,0.0025,0.005,3.5,700,cond_mean,228,0.9998940845371647,2.0061491045763242,0.4992307531668254,0.0020573184469233033,0,0.012378111968504217,0.22434051186844176
1.0,0.5,4.0,4.0,0.0025,0.005,5.0,1000,cond_mean,228,1.0000013430072858,2.0239200882416983,0.4992234826993678,0.0022956202071525065,0,0.029854318731616186,0.22434051186844176
1.0,0.5,4.0,4.0,0.0025,0.005,10.0,2000,cond_mean,228,0.9999788005087283,2.036555097682515,0.5094592007836497,0.0018495122578208306,0,0.044804025234859754,0.22434051186844176
1.0,0.5,4.0,4.0,0.0025,0.005,20.0,4000,cond_mean,228,0.9999413299152509,1.988761679297931,0.4940134525157033,0.0016937116676370878,0,0.01724564310641349,0.22434051186844176
1.0,0.5,4.0,4.0,0.0025,0.005,0.5,100,cond_mean,229,1.0000052934919252,2.0022251948866256,0.4952670396012838,0.001375721148484993,0,0.009548128300100347,0.22338594642600842
1.0,0.5,4.0,4.0,0.0025,0.005,1.0,200,cond_mean,229,0.9999335908581102,2.0073390555288975,0.49917678946071514,0.0016115271636714698,0,0.011632350798700687,0.22338594642600842
1.0,0.5,4.0,4.0,0.0025,0.005,2.0,400,cond_mean,229,0.9998924193586672,2.0101913989732547,0.49661559702520547,0.0018243166587473497,0,0.015403266878856946,0.22338594642600842
1.0,0.5,4.0,4.0,0.0025,0.005,3.5,700,cond_mean,229,0.9997558591721994,2.0231992441787714,0.49564927628409183,0.00215233637772592,0,0.029297284354613876,0.22338594642600842
1.0,0.5,4.0,4.0,0.0025,0.005,5.0,1000,cond_mean,229,1.0002920788131862,2.015170597512272,0.4940469983247615,0.0025504590503899393,0,0.023240401569398366,0.22338594642600842
1.0,0.5,4.0,4.0,0.0025,0.005,10.0,2000,cond_mean,229,1.000207931536948,2.0241227392835457,0.5114660967978566,0.002007373417681327,0,0.03284581259863263,0.22338594642600842
1.0,0.5,4.0,4.0,0.0025,0.005,20.0,4000,cond_mean,229,0.9998508363643447,2.0224683937738166,0.49845369612937207,0.0022982618559827463,0,0.028379218855902655,0.22338594642600842
1.0,0.5,4.0,4.0,0.0025,0.005,0.5,100,cond_mean,230,1.0000868002140582,2.0079644130646397,0.5044977348541652,0.0016540280616216575,0,0.013498881035510885,0.2223993928471048
1.0,0.5,4.0,4.0,0.0025,0.005,1.0,200,cond_mean,230,1.000014178744321,2.0158751061941347,0.49921013690210336,0.0015502370937290546,0,0.019881970063310207,0.2223993928471048
1.0,0.5,4.0,4.0,0.0025,0.005,2.0,400,cond_mean,230,1.0002370181913844,2.0261247197113033,0.4927518653835717,0.0032611804028021903,0,0.0357746107239702,0.2223993928471048
1.0,0.5,4.0,4.0,0.0025,0.005,3.5,700,cond_mean,230,0.9998409422134483,2.045060484789735,0.491303911653212,0.0021933140714157297,0,0.05448660346146989,0.2223993928471048
1.0,0.5,4.0,4.0,0.0025,0.005,5.0,1000,cond_mean,230,0.99993369550935,2.065096254914017,0.5009830652673412,0.0019917281751596367,0,0.07577538484789093,0.2223993928471048
1.0,0.5,4.0,4.0,0.0025,0.005,10.0,2000,cond_mean,230,1.0002901201169463,2.067143662247197,0.5086180538331948,0.001938685492520559,0,0.07849607338161137,0.2223993928471048
1.0,0.5,4.0,4.0,0.0025,0.005,20.0,4000,cond_mean,230,1.0000654550991133,2.068888838316222,0.49874866974277826,0.001347721450340137,0,0.07987576704841583,0.2223993928471048
1.0,0.5,4.0,4.0,0.0025,0.005,0.5,100,cond_mean,231,1.0001956462052066,2.004088032677451,0.4979435362034707,0.0020181984019208765,0,0.011431824432655072,0.2232200535612979
1.0,0.5,4.0,4.0,0.0025,0.005,1.0,200,cond_mean,231,1.0001406094340413,2.009609557870658,0.4980430063895444,0.0018743775119371563,0,0.014715496521796403,0.2232200535612979
1.0,0.5,4.0,4.0,0.0025,0.005,2.0,400,cond_mean,231,1.0001952156435265,2.014169579125066,0.5046802712224769,0.0021951856719001307,0,0.02038095807391079,0.2232200535612979
1.0,0.5,4.0,4.0,0.0025,0.005,3.5,700,cond_mean,231,1.0000656532690255,2.0182481303321467,0.4956337683795782,0.002078364308415309,0,0.024203022082023837,0.2232200535612979
1.0,0.5,4.0,4.0,0.0025,0.005,5.0,1000,cond_mean,231,1.0000974040401065,1.9997153888697963,0.5076010086051652,0.002107018180723435,0,0.014213569156898332,0.2232200535612979
1.0,0.5,4.0,4.0,0.0025,0.005,10.0,2000,cond_mean,231,0.9998600338691118,1.9864190025020827,0.5038532119168073,0.0019492186613154236,0,0.019109882937164015,0.2232200535612979
1.0,0.5,4.0,4.0,0.0025,0.005,20.0,4000,cond_mean,231,1.00012653194738,1.9710802109339387,0.5040782775174542,0.002155883003929731,0,0.03536630215561871,0.2232200535612979
1.0,0.5,4.0,4.0,0.0025,0.005,0.5,100,cond_mean,232,0.9999334667577693,1.9959019449092767,0.49789860751891346,0.00212315582754723,0,0.011733219012473222,0.22406003572645464
1.0,0.5,4.0,4.0,0.0025,0.005,1.0,200,cond_mean,232,0.9999896731130771,1.997318976301761,0.5049750283737617,0.00159808109226096,0,0.010667521426879078,0.22406003572645464
1.0,0.5,4.0,4.0,0.0025,0.005,2.0,400,cond_mean,232,1.0001679832743946,2.0079750411326573,0.5114299727259579,0.0019251135209256544,0,0.01962662176046268,0.22406003572645464
1.0,0.5,4.0,4.0,0.0025,0.005,3.5,700,cond_mean,232,1.0001120190514785,2.0131068659341653,0.5055607273819799,0.0017897839638112353,0,0.01881266704941962,0.22406003572645464
1.0,0.5,4.0,4.0,0.0025,0.005,5.0,1000,cond_mean,232,0.9999755843963309,2.006084967463512,0.502071903262947,0.0014928160019435724,0,0.010510028902397595,0.22406003572645464
1.0,0.5,4.0,4.0,0.0025,0.005,10.0,2000,cond_mean,232,1.0000716710889794,1.9847439482598497,0.5006770488446193,0.0018087357955288573,0,0.019736387872360674,0.22406003572645464
1.0,0.5,4.0,4.0,0.0025,0.005,20.0,4000,cond_mean,232,1.0001848762174814,2.0099689710751307,0.4945541281455217,0.002417291434110228,0,0.01825309028620813,0.22406003572645464
1.0,0.5,4.0,4.0,0.0025,0.005,0.5,100,cond_mean,233,0.9998368942124084,2.0017119012068987,0.5050999099728588,0.0013753216970641329,0,0.009954971328007128,0.2226208451403571
1.0,0.5,4.0,4.0,0.0025,0.005,1.0,200,cond_mean,233,1.000035294898211,1.9997522986389382,0.5094816736667824,0.0015154351821074787,0,0.01437455694045294,0.2226208451403571
1.0,0.5,4.0,4.0,0.0025,0.005,2.0,400,cond_mean,233,1.0000900931966892,1.9826661044288518,0.513349935870868,0.0018253530718328498,0,0.02775855891848162,0.2226208451403571
1.0,0.5,4.0,4.0,0.0025,0.005,3.5,700,cond_mean,233,1.0000528855390312,1.9812093688824697,0.5085081375870221,0.001880358300309892,0,0.02595024421615173,0.2226208451403571
1.0,0.5,4.0,4.0,0.0025,0.005,5.0,1000,cond_mean,233,1.0001383197845095,1.9890514999158118,0.5158963149911052,0.0018325896975348204,0,0.02562002056444496,0.2226208451403571
1.0,0.5,4.0,4.0,0.0025,0.005,10.0,2000,cond_mean,233,0.99972525478851,2.007278148582821,0.5044448127703324,0.002407844613536284,0,0.01589017055774747,0.2226208451403571
1.0,0.5,4.0,4.0,0.0025,0.005,20.0,4000,cond_mean,233,1.0000217261838722,2.035678741083327,0.49815956010680984,0.0020609200080647437,0,0.04253488519254898,0.2226208451403571
1.0,0.5,4.0,4.0,0.0025,0.005,0.5,100,cond_mean,234,0.9999768475837774,1.9838585517096305,0.49410713069217044,0.0020066466417440927,0,0.022520028665378847,0.22610613100031124
1.0,0.5,4.0,4.0,0.0025,0.005,1.0,200,cond_mean,234,0.9997574968720206,1.9760719432452598,0.492157508941055,0.001991783276567646,0,0.0309880177347296,0.22610613100031124
1.0,0.5,4.0,4.0,0.0025,0.005,2.0,400,cond_mean,234,0.9999845483629293,1.9720282083699354,0.4992913898774928,0.0018781312019579206,0,0.03360758597174187,0.22610613100031124
1.0,0.5,4.0,4.0,0.0025,0.005,3.5,700,cond_mean,234,1.0000113539082496,1.9567896370198705,0.49502596078190436,0.0018367721149812294,0,0.05122532215268562,0.22610613100031124
1.0,0.5,4.0,4.0,0.0025,0.005,5.0,1000,cond_mean,234,0.99955490773432,1.963891156637646,0.5016790756176114,0.0019425214904079328,0,0.042894434827603335,0.22610613100031124
1.0,0.5,4.0,4.0,0.0025,0.005,10.0,2000,cond_mean,234,1.0000198697965599,1.9306832181104217,0.5004580336163217,0.0019161502096806562,0,0.08053666852690997,0.22610613100031124
1.0,0.5,4.0,4.0,0.0025,0.005,20.0,4000,cond_mean,234,1.0001264033847257,1.9168790419174444,0.49376992681759174,0.001962660393341484,0,0.09704757952740815,0.22610613100031124
1.0,0.5,4.0,4.0,0.0025,0.005,0.5,100,cond_mean,235,0.9998892476821996,1.9971444505411573,0.4932641962866811,0.0017658940143406784,0,0.012652352300520251,0.22466304156530117
1.0,0.5,4.0,4.0,0.0025,0.005,1.0,200,cond_mean,235,1.00004283103277,2.0011009208399986,0.4969288668109658,0.0024206816098528462,0,0.012638412594616908,0.22466304156530117
1.0,0.5,4.0,4.0,0.0025,0.005,2.0,400,cond_mean,235,0.9996956254468127,1.9926351498005548,0.49616964022151583,0.0028628108787265116,0,0.017022675397649747,0.22466304156530117
1.0,0.5,4.0,4.0,0.0025,0.005,3.5,700,cond_mean,235,1.0001933485874837,1.9960252636235754,0.501593738726123,0.002010815737897773,0,0.011043199958684415,0.22466304156530117
1.0,0.5,4.0,4.0,0.0025,0.005,5.0,1000,cond_mean,235,0.999967461159843,2.001482131400593,0.5070705211100278,0.0021050517433009036,0,0.014008465618974047,0.22466304156530117
1.0,0.5,4.0,4.0,0.0025,0.005,10.0,2000,cond_mean,235,0.9998008020937161,2.021359995994217,0.49247632627556703,0.0018814675268876684,0,0.02802866618374917,0.22466304156530117
1.0,0.5,4.0,4.0,0.0025,0.005,20.0,4000,cond_mean,235,0.9998021368536101,2.0100666667491636,0.4990893088233789,0.0025087011598714935,0,0.01697585867002877,0.22466304156530117
1.0,0.5,4.0,4.0,0.0025,0.005,0.5,100,cond_mean,236,0.999902428178403,1.9975117438244814,0.4990270257903405,0.002105739669610648,0,0.010783773083285734,0.22363947014257843
1.0,0.5,4.0,4.0,0.0025,0.005,1.0,200,cond_mean,236,0.9998417678788966,1.9920971546878454,0.49915413688572446,0.00157225863544524,0,0.011996923536238699,0.22363947014257843
1.0,0.5,4.0,4.0,0.0025,0.005,2.0,400,cond_mean,236,1.0001483784468959,2.001739243812946,0.5037216812045802,0.0015800964037612564,0,0.009232334836186525,0.22363947014257843
1.0,0.5,4.0,4.0,0.0025,0.005,3.5,700,cond_mean,236,1.000198162597471,1.9895744748237445,0.5045083883853433,0.003432845267638795,0,0.021460043600118207,0.22363947014257843
1.0,0.5,4.0,4.0,0.0025,0.005,5.0,1000,cond_mean,236,0.9999442935938765,1.9860584736997315,0.500276920725539,0.0037822071102803457,0,0.02457049758592255,0.22363947014257843
1.0,0.5,4.0,4.0,0.0025,0.005,10.0,2000,cond_mean,236,1.000196785798909,2.024512111399761,0.5011371396389094,0.0019982111425470403,0,0.02996787632360955,0.22363947014257843
1.0,0.5,4.0,4.0,0.0025,0.005,20.0,4000,cond_mean,236,1.0001528983868435,2.0015621136101824,0.5059860027474589,0.0015255101372408687,0,0.010771299601199122,0.22363947014257843
1.0,0.5,4.0,4.0,0.0025,0.005,0.5,100,cond_mean,237,0.9999626402813582,1.9994249110967477,0.49961128458464266,0.0016402591999496675,0,0.008086047774994363,0.2228441190007808
1.0,0.5,4.0,4.0,0.0025,0.005,1.0,200,cond_mean,237,0.9998986229330723,1.9932225773599113,0.49853906336220166,0.0016399101919644195,0,0.011366161333716178,0.2228441190007808
1.0,0.5,4.0,4.0,0.0025,0.005,2.0,400,cond_mean,237,0.9996784529802409,1.9886544424028147,0.49816421689177165,0.0022264643385669237,0,0.01720894753177378,0.2228441190007808
1.0,0.5,4.0,4.0,0.0025,0.005,3.5,700,cond_mean,237,0.9998179463539139,1.978243703163039,0.500239861576141,0.0023355838564073045,0,0.027634959164836475,0.2228441190007808
1.0,0.5,4.0,4.0,0.0025,0.005,5.0,1000,cond_mean,237,1.0000964549084026,1.9649880170796863,0.5011204428718978,0.0011570509983395618,0,0.04082344930644408,0.2228441190007808
1.0,0.5,4.0,4.0,0.0025,0.005,10.0,2000,cond_mean,237,1.000261732303345,1.9814541192841029,0.5008776060424417,0.0016328664781389284,0,0.022889099634969896,0.2228441190007808
1.0,0.5,4.0,4.0,0.0025,0.005,20.0,4000,cond_mean,237,0.9999120791279567,1.9846174744460372,0.5125754656318122,0.0023140815194802075,0,0.026647169799861207,0.2228441190007808
1.0,0.5,4.0,4.0,0.0025,0.005,0.5,100,cond_mean,238,1.0000264876838934,1.9904791626936627,0.49988859119439577,0.0017255964667658007,0,0.013877908918202854,0.2262548214223768
1.0,0.5,4.0,4.0,0.0025,0.005,1.0,200,cond_mean,238,0.9999677093720352,1.9839372031150644,0.49863897826953313,0.0016294108526522094,0,0.020283770305207015,0.2262548214223768
1.0,0.5,4.0,4.0,0.0025,0.005,2.0,400,cond_mean,238,0.9995756470182745,1.9785970734836644,0.49490957918545264,0.00190216998957771,0,0.027157698409117,0.2262548214223768
1.0,0.5,4.0,4.0,0.0025,0.005,3.5,700,cond_mean,238,0.9995745612458764,1.9881251439898855,0.5002654792763758,0.002431200525010965,0,0.01831581642646029,0.2262548214223768
1.0,0.5,4.0,4.0,0.0025,0.005,5.0,1000,cond_mean,238,0.9995825034436593,2.001395019775515,0.494169959585669,0.0017349920358158846,0,0.011121573608707384,0.2262548214223768
1.0,0.5,4.0,4.0,0.0025,0.005,10.0,2000,cond_mean,238,0.9998974240318312,2.0234195751125044,0.508890131134221,0.0020431657067177616,0,0.031145604363532777,0.2262548214223768
1.0,0.5,4.0,4.0,0.0025,0.005,20.0,4000,cond_mean,238,1.000049021196529,1.9862948069950996,0.5021191998035753,0.003178151680046035,0,0.022386771149700443,0.2262548214223768
1.0,0.5,4.0,4.0,0.0025,0.005,0.5,100,cond_mean,239,1.0000565655764284,1.997520153045385,0.506258497182345,0.0015940105726120163,0,0.011588206441542064,0.22458188686453337
1.0,0.5,4.0,4.0,0.0025,0.005,1.0,200,cond_mean,239,0.9999982694474501,1.9989519882075086,0.5034247522614257,0.00198638445593296,0,0.010793076321787876,0.22458188686453337
1.0,0.5,4.0,4.0,0.0025,0.005,2.0,400,cond_mean,239,0.9998084648026772,1.9848499562431177,0.5003347527040873,0.002281929392560884,0,0.02079735607613345,0.22458188686453337
1.0,0.5,4.0,4.0,0.0025,0.005,3.5,700,cond_mean,239,1.000103779683327,1.9785506704684517,0.5126482187919018,0.0022529549210991763,0,0.03160330027307933,0.22458188686453337
1.0,0.5,4.0,4.0,0.0025,0.005,5.0,1000,cond_mean,239,1.0002635568535319,1.9609849527103869,0.509183562228522,0.0023294480310546784,0,0.0477137213162778,0.22458188686453337
1.0,0.5,4.0,4.0,0.0025,0.005,10.0,2000,cond_mean,239,1.0003083400586346,1.9907700708464735,0.5086849234884532,0.0023790275928338967,0,0.019098740785431494,0.22458188686453337
1.0,0.5,4.0,4.0,0.0025,0.005,20.0,4000,cond_mean,239,0.9998701465162648,2.0364056573103264,0.4987347740160315,0.0021314668799880857,0,0.043386209502134315,0.22458188686453337
1.0,0.5,4.0,4.0,0.0025,0.005,0.5,100,cond_mean,240,0.9998679737474763,2.0054704335118116,0.5008472901121367,0.0023319936639669024,0,0.013156757706551196,0.2254733988582822
1.0,0.5,4.0,4.0,0.0025,0.005,1.0,200,cond_mean,240,0.999558583845467,1.9997219894065636,0.49478526091587427,0.002827410299977018,0,0.01517847217917051,0.2254733988582822
1.0,0.5,4.0,4.0,0.0025,0.005,2.0,400,cond_mean,240,1.0000966685211612,2.007568774291158,0.4999120467613563,0.0020766240039072183,0,0.013432143971083464,0.2254733988582822
1.0,0.5,4.0,4.0,0.0025,0.005,3.5,700,cond_mean,240,1.0002404366885407,2.0089860827444683,0.5089738209322919,0.0025375135228060254,0,0.019771885131888527,0.2254733988582822
1.0,0.5,4.0,4.0,0.0025,0.005,5.0,1000,cond_mean,240,0.9997043652036914,2.0164230048880105,0.5024584151395282,0.0021799526111468885,0,0.022117572672749188,0.2254733988582822
1.0,0.5,4.0,4.0,0.0025,0.005,10.0,2000,cond_mean,240,1.0004475247979696,2.051047005672135,0.5009529361898627,0.0029134879014047054,0,0.060644152222591736,0.2254733988582822
1.0,0.5,4.0,4.0,0.0025,0.005,20.0,4000,cond_mean,240,1.0001319482689477,2.0736785627660086,0.5012490341193474,0.002483571722523561,0,0.08586580088161512,0.2254733988582822
1.0,0.5,4.0,4.0,0.0025,0.005,0.5,100,cond_mean,241,0.9998197589097031,1.9896048471171943,0.4951447893299136,0.0016580264027581748,0,0.01571701845592068,0.2245780058604266
1.0,0.5,4.0,4.0,0.0025,0.005,1.0,200,cond_mean,241,1.0000343282772814,1.9815863228326018,0.49977202583622554,0.0018774306002737658,0,0.02317204253464031,0.2245780058604266
1.0,0.5,4.0,4.0,0.0025,0.005,2.0,400,cond_mean,241,1.0001711255348456,1.985905940233909,0.4944196919095591,0.001999669747906104,0,0.020521732859748926,0.2245780058604266
1.0,0.5,4.0,4.0,0.0025,0.005,3.5,700,cond_mean,241,0.9999939547920289,1.985000992995694,0.4921850292721474,0.0017075358933769673,0,0.021845657069556407,0.2245780058604266
1.0,0.5,4.0,4.0,0.0025,0.005,5.0,1000,cond_mean,241,1.0004749802882198,1.983698980181206,0.49700415080294835,0.002455172344466644,0,0.02301109482706907,0.2245780058604266
1.0,0.5,4.0,4.0,0.0025,0.005,10.0,2000,cond_mean,241,1.0000633180794403,1.9856222263304681,0.5005325306548879,0.0021268615959494225,0,0.019615743772656565,0.2245780058604266
1.0,0.5,4.0,4.0,0.0025,0.005,20.0,4000,cond_mean,241,1.000315415289893,1.9598495770909192,0.509085530294362,0.0016449443982676187,0,0.04816693243503248,0.2245780058604266
1.0,0.5,4.0,4.0,0.0025,0.005,0.5,100,cond_mean,242,0.9998064334892078,2.006427030124146,0.5009796968987539,0.0018541884158808114,0,0.011894957005858122,0.22432229170642262
1.0,0.5,4.0,4.0,0.0025,0.005,1.0,200,cond_mean,242,1.0000903228765923,2.0066898337781915,0.5011442763517733,0.0018622272964329619,0,0.012037911339076895,0.22432229170642262
1.0,0.5,4.0,4.0,0.0025,0.005,2.0,400,cond_mean,242,1.000139737479174,1.9924904336418054,0.4980392424754515,0.00138132039861934,0,0.01139870834380256,0.22432229170642262
1.0,0.5,4.0,4.0,0.0025,0.005,3.5,700,cond_mean,242,1.0004025723917467,1.986534385547924,0.502894066883681,0.002839329282224211,0,0.021113657178879006,0.22432229170642262
1.0,0.5,4.0,4.0,0.0025,0.005,5.0,1000,cond_mean,242,1.0000728229899425,1.9939790424410744,0.49833166401051643,0.002032589021986063,0,0.012384692810109635,0.22432229170642262
1.0,0.5,4.0,4.0,0.0025,0.005,10.0,2000,cond_mean,242,1.000377846557811,1.9775899482847619,0.49999631856464644,0.0026499697088970832,0,0.029011701594209113,0.22432229170642262
1.0,0.5,4.0,4.0,0.0025,0.005,20.0,4000,cond_mean,242,1.00023849050325,1.9605212484545933,0.5031703888205772,0.001563427213506794,0,0.04630004606895351,0.22432229170642262
1.0,0.5,4.0,4.0,0.0025,0.005,0.5,100,cond_mean,243,1.0000837706644075,2.00022770536929,0.506914710699304,0.001500082007921814,0,0.011529642646435021,0.22782200001113648
1.0,0.5,4.0,4.0,0.0025,0.005,1.0,200,cond_mean,243,1.0004169037452448,2.0014431838595472,0.5085979663348598,0.002452128193999821,0,0.0160883892499377,0.22782200001113648
1.0,0.5,4.0,4.0,0.0025,0.005,2.0,400,cond_mean,243,1.0005265891650281,2.0035708942187775,0.5089960545503547,0.002467757111254879,0,0.016810295476460187,0.22782200001113648
1.0,0.5,4.0,4.0,0.0025,0.005,3.5,700,cond_mean,243,1.0000071633003274,1.9999927481273894,0.5087994818475562,0.002914766447682084,0,0.018317296128645848,0.22782200001113648
1.0,0.5,4.0,4.0,0.0025,0.005,5.0,1000,cond_mean,243,1.0001836953787717,2.011195735055028,0.515011880914347,0.0030770159863741527,0,0.027658173821687847,0.22782200001113648
1.0,0.5,4.0,4.0,0.0025,0.005,10.0,2000,cond_mean,243,1.000359637079892,1.984845832664793,0.4961172630022545,0.002146774085644614,0,0.021344351464409054,0.22782200001113648
1.0,0.5,4.0,4.0,0.0025,0.005,20.0,4000,cond_mean,243,1.0002608602062326,2.011972466582065,0.5077517063255932,0.0018541165181491165,0,0.01908784336616135,0.22782200001113648
1.0,0.5,4.0,4.0,0.0025,0.005,0.5,100,cond_mean,244,1.000103551962283,1.998576770521277,0.4993937141750171,0.0015193726946251607,0,0.00771419175862368,0.2237999821414373
1.0,0.5,4.0,4.0,0.0025,0.005,1.0,200,cond_mean,244,0.9999701811430565,1.9874788386236901,0.501271815564893,0.0018121225016985289,0,0.017059926752645886,0.2237999821414373
1.0,0.5,4.0,4.0,0.0025,0.005,2.0,400,cond_mean,244,1.0002861327460113,1.9830429183350244,0.5027490944869487,0.0032015873297836957,0,0.02531841230895748,0.2237999821414373
1.0,0.5,4.0,4.0,0.0025,0.005,3.5,700,cond_mean,244,1.0002297893750822,2.0130159740363163,0.5043727634333857,0.002017744944020732,0,0.018738843395026517,0.2237999821414373
1.0,0.5,4.0,4.0,0.0025,0.005,5.0,1000,cond_mean,244,1.0000687535155928,2.0001967071247675,0.500492109297646,0.0022234112450051032,0,0.010923883760065095,0.2237999821414373
1.0,0.5,4.0,4.0,0.0025,0.005,10.0,2000,cond_mean,244,0.9999389741182501,1.993951153310726,0.4977035558493139,0.0017855956414895493,0,0.011568096481410854,0.2237999821414373
1.0,0.5,4.0,4.0,0.0025,0.005,20.0,4000,cond_mean,244,1.000304185689849,2.020616737941108,0.5056467504898637,0.0013932385443043223,0,0.025652390007812567,0.2237999821414373
1.0,0.5,4.0,4.0,0.0025,0.005,0.5,100,cond_mean,245,0.9999264969128302,1.9990900982367972,0.4989007481781052,0.002347930364093695,0,0.011639329859074536,0.23576945828140847
1.0,0.5,4.0,4.0,0.0025,0.005,1.0,200,cond_mean,245,1.0002405954268383,2.0081676506991126,0.5044348354325183,0.0016204988346156628,0,0.013457986017278213,0.23576945828140847
1.0,0.5,4.0,4.0,0.0025,0.005,2.0,400,cond_mean,245,1.0002774768599603,2.0052073249327482,0.5112494170623766,0.001791505506540826,0,0.017707930621021908,0.23576945828140847
1.0,0.5,4.0,4.0,0.0025,0.005,3.5,700,cond_mean,245,1.0002313310836277,2.0085203383955235,0.5155927551175175,0.0015406218542236162,0,0.023395803297731405,0.23576945828140847
1.0,0.5,4.0,4.0,0.0025,0.005,5.0,1000,cond_mean,245,0.9999690497849674,2.00095998610865,0.5041353690441576,0.0023303275731562942,0,0.012725223688530114,0.23576945828140847
1.0,0.5,4.0,4.0,0.0025,0.005,10.0,2000,cond_mean,245,1.0003793439869069,1.9942146065528366,0.49077159872691534,0.0016000677211901694,0,0.016707176928959993,0.23576945828140847
1.0,0.5,4.0,4.0,0.0025,0.005,20.0,4000,cond_mean,245,0.9999659372409682,1.9879938192725408,0.5014290054108396,0.0014460537836945388,0,0.01568816314656724,0.23576945828140847
1.0,0.5,4.0,4.0,0.0025,0.005,0.5,100,cond_mean,246,1.000062534641604,2.008196147141699,0.5058963411164006,0.001405424234851255,0,0.013939679047579279,0.22985301200034364
1.0,0.5,4.0,4.0,0.0025,0.005,1.0,200,cond_mean,246,1.0002544443977888,2.0100850837298174,0.5062922234069299,0.0020995820823832556,0,0.0173400860439533,0.22985301200034364
1.0,0.5,4.0,4.0,0.0025,0.005,2.0,400,cond_mean,246,1.0001634080470234,2.031624779857076,0.5015611487699622,0.0018182575106946168,0,0.037607744636914554,0.22985301200034364
1.0,0.5,4.0,4.0,0.0025,0.005,3.5,700,cond_mean,246,0.9998146730902636,2.017314233050442,0.4929153031235395,0.0020777828658584633,0,0.024200636455412105,0.22985301200034364
1.0,0.5,4.0,4.0,0.0025,0.005,5.0,1000,cond_mean,246,1.0002345729512137,2.0197014129012025,0.5014274132058179,0.0020519191856709184,0,0.02492390514337038,0.22985301200034364
1.0,0.5,4.0,4.0,0.0025,0.005,10.0,2000,cond_mean,246,1.0003610055373544,2.029840238420297,0.5141905803961894,0.002139427895511959,0,0.0399850139095442,0.22985301200034364
1.0,0.5,4.0,4.0,0.0025,0.005,20.0,4000,cond_mean,246,1.000405023348329,2.0280906907804312,0.4962690996921196,0.0034230236010193383,0,0.03708542869165816,0.22985301200034364
1.0,0.5,4.0,4.0,0.0025,0.005,0.5,100,cond_mean,247,0.9998154235884609,1.9909179012229103,0.5012149991359842,0.001784189827278398,0,0.013827104986492401,0.2343937440143366
1.0,0.5,4.0,4.0,0.0025,0.005,1.0,200,cond_mean,247,0.9999438833091737,1.9911859646800152,0.500614180367429,0.0016495435847845366,0,0.013033742460439784,0.2343937440143366
1.0,0.5,4.0,4.0,0.0025,0.005,2.0,400,cond_mean,247,1.0002475719457506,1.9932385296000443,0.5035290264458625,0.0017615836098807925,0,0.012369374148798995,0.2343937440143366
1.0,0.5,4.0,4.0,0.0025,0.005,3.5,700,cond_mean,247,1.000111039393841,1.9750509311052202,0.5032656986006954,0.0016055393977130801,0,0.030107580516034356,0.2343937440143366
1.0,0.5,4.0,4.0,0.0025,0.005,5.0,1000,cond_mean,247,0.999868136187897,1.9780237891798824,0.5034546809513276,0.0018121934027389938,0,0.027275947394222545,0.2343937440143366
1.0,0.5,4.0,4.0,0.0025,0.005,10.0,2000,cond_mean,247,1.000588885494217,1.9574884394675334,0.5030542420638717,0.0024609603647018094,0,0.05062470321478975,0.2343937440143366
1.0,0.5,4.0,4.0,0.0025,0.005,20.0,4000,cond_mean,247,0.9994471119242722,2.0175895146185483,0.48722612379040353,0.0032758253803763576,0,0.030340315912963288,0.2343937440143366
1.0,0.5,4.0,4.0,0.0025,0.005,0.5,100,cond_mean,248,0.9997579276083146,1.9875284225951988,0.49552149246212335,0.001734090882338039,0,0.01761123173209826,0.22483898814035846
1.0,0.5,4.0,4.0,0.0025,0.005,1.0,200,cond_mean,248,0.9997490496013087,2.0015684189572887,0.4970235006427745,0.002274861344333626,0,0.011839645576285092,0.22483898814035846
1.0,0.5,4.0,4.0,0.0025,0.005,2.0,400,cond_mean,248,0.9998353120884869,2.0218691900393013,0.4993239704356488,0.0014939701985707556,0,0.02632154345016306,0.22483898814035846
1.0,0.5,4.0,4.0,0.0025,0.005,3.5,700,cond_mean,248,0.9999967291195848,2.024799537423156,0.5014007362402526,0.0013320287551547973,0,0.02940453956365012,0.22483898814035846
1.0,0.5,4.0,4.0,0.0025,0.005,5.0,1000,cond_mean,248,1.0005266910459447,2.035112525126464,0.5098331100758979,0.0027959897766927796,0,0.044256836737965474,0.22483898814035846
1.0,0.5,4.0,4.0,0.0025,0.005,10.0,2000,cond_mean,248,1.0002623424268153,2.066289456581276,0.507710040119777,0.002368128863703402,0,0.0777498331809677,0.22483898814035846
1.0,0.5,4.0,4.0,0.0025,0.005,20.0,4000,cond_mean,248,1.0002964685103628,2.046964036445563,0.5074289389044655,0.0015432024833506586,0,0.055326933563989614,0.22483898814035846
1.0,0.5,4.0,4.0,0.0025,0.005,0.5,100,cond_mean,249,1.0000298745500182,1.9991615872875184,0.5021304084917505,0.0012701504087159511,0,0.006869194230654589,0.226467220278989
1.0,0.5,4.0,4.0,0.0025,0.005,1.0,200,cond_mean,249,1.000144645980358,2.006849732585522,0.5073350950737842,0.0021253028818532306,0,0.016019523102757845,0.226467220278989
1.0,0.5,4.0,4.0,0.0025,0.005,2.0,400,cond_mean,249,1.000085564853651,2.0069786008894215,0.5089855976582258,0.0014236735203983768,0,0.015715837375613752,0.226467220278989
1.0,0.5,4.0,4.0,0.0025,0.005,3.5,700,cond_mean,249,0.9998279082121413,2.0113678203977488,0.5052986894137357,0.00167474950603926,0,0.017101484374041596,0.226467220278989
1.0,0.5,4.0,4.0,0.0025,0.005,5.0,1000,cond_mean,249,1.0001311664457322,2.02242349486085,0.5027070427353078,0.0021660851720819744,0,0.028159964741669062,0.226467220278989
1.0,0.5,4.0,4.0,0.0025,0.005,10.0,2000,cond_mean,249,1.0000966306337715,2.0351139368213147,0.5060028032892148,0.0016273476138311293,0,0.04190469145099214,0.226467220278989
1.0,0.5,4.0,4.0,0.0025,0.005,20.0,4000,cond_mean,249,0.9998657698899581,2.0547944689793747,0.5069985856407044,0.00217657672268975,0,0.06462306404464323,0.226467220278989
1.0,0.5,4.0,4.0,0.0025,0.005,0.5,100,cond_mean,250,0.9999440896243591,1.9936646355490752,0.4974962678607579,0.0015424888069888497,0,0.011005707377238714,0.22443898800494416
1.0,0.5,4.0,4.0,0.0025,0.005,1.0,200,cond_mean,250,0.999940138890129,2.0036870654532337,0.4939162562526813,0.0021668595328271467,0,0.013880427237404635,0.22443898800494416
1.0,0.5,4.0,4.0,0.0025,0.005,2.0,400,cond_mean,250,0.9999574951254857,2.00888202975782,0.4904859012205895,0.0019171774820247508,0,0.018678934220478786,0.22443898800494416
1.0,0.5,4.0,4.0,0.0025,0.005,3.5,700,cond_mean,250,1.0000540016459734,2.0127202281419683,0.5024183732752446,0.0022671014095933424,0,0.018641370961594225,0.22443898800494416
1.0,0.5,4.0,4.0,0.0025,0.005,5.0,1000,cond_mean,250,1.0000656510001293,2.0079186446380732,0.5074644965422597,0.0018022647714694055,0,0.01591707595013073,0.22443898800494416
1.0,0.5,4.0,4.0,0.0025,0.005,10.0,2000,cond_mean,250,1.0001921541110164,2.0127408668777753,0.49417724644407196,0.0023726205195680355,0,0.020447086748552095,0.22443898800494416
1.0,0.5,4.0,4.0,0.0025,0.005,20.0,4000,cond_mean,250,1.0000554924588796,2.068614086270379,0.5043307403702263,0.0016319580958143222,0,0.07962990980883934,0.22443898800494416
1.0,0.5,4.0,4.0,0.0025,0.005,0.5,100,cond_mean,251,0.9999522912671532,2.003596161818486,0.49755601274252753,0.002965027945701522,0,0.01544486127020463,0.22374158928037755
1.0,0.5,4.0,4.0,0.0025,0.005,1.0,200,cond_mean,251,1.0002612602550736,2.007052186577834,0.5011944711418889,0.002830317756537733,0,0.016169064439826242,0.22374158928037755
1.0,0.5,4.0,4.0,0.0025,0.005,2.0,400,cond_mean,251,0.9997147984893164,1.9994539908594973,0.49034090859969526,0.002505034761805454,0,0.017288943235122627,0.22374158928037755
1.0,0.5,4.0,4.0,0.0025,0.005,3.5,700,cond_mean,251,0.9998363807361014,2.007995227826899,0.4996290430064485,0.002151813506620641,0,0.014045322577905783,0.22374158928037755
1.0,0.5,4.0,4.0,0.0025,0.005,5.0,1000,cond_mean,251,1.0000533184551137,2.017000504313766,0.49807918074612356,0.0017739425883223584,0,0.021654089742104622,0.22374158928037755
1.0,0.5,4.0,4.0,0.0025,0.005,10.0,2000,cond_mean,251,1.0002686505469158,1.9965597279021978,0.49767890568887396,0.0018351365615869035,0,0.010564778443424896,0.22374158928037755
1.0,0.5,4.0,4.0,0.0025,0.005,20.0,4000,cond_mean,251,1.0000505386220457,1.9693211728111024,0.5061091994776802,0.0020879243525011508,0,0.03757165013951951,0.22374158928037755
1.0,0.5,4.0,4.0,0.0025,0.005,0.5,100,cond_mean,252,1.0000237584524505,1.9981610644726193,0.4989436251892651,0.001761722466644492,0,0.009013152233412145,0.2237474821408146
1.0,0.5,4.0,4.0,0.0025,0.005,1.0,200,cond_mean,252,0.9999770252780832,1.9906955792034022,0.4991615442171774,0.0017130281838754126,0,0.013682916593631314,0.2237474821408146
1.0,0.5,4.0,4.0,0.0025,0.005,2.0,400,cond_mean,252,0.9998826792214347,1.9973407386696567,0.4976632681001089,0.0021095941464915158,0,0.0111687247994358,0.2237474821408146
1.0,0.5,4.0,4.0,0.0025,0.005,3.5,700,cond_mean,252,0.9996907455579321,1.9859958019514963,0.4978239758382957,0.0016318613550381782,0,0.018244804253568878,0.2237474821408146
1.0,0.5,4.0,4.0,0.0025,0.005,5.0,1000,cond_mean,252,0.9997671129170524,1.9685477063113421,0.5014940916527867,0.002096844381862913,0,0.037801618534298656,0.2237474821408146
1.0,0.5,4.0,4.0,0.0025,0.005,10.0,2000,cond_mean,252,0.9999260833419185,1.9608841770240621,0.49884868063836657,0.0018109663861934702,0,0.0460692572735246,0.2237474821408146
1.0,0.5,4.0,4.0,0.0025,0.005,20.0,4000,cond_mean,252,1.0000895276821344,1.96595619964147,0.5066719762941776,0.0018772435340970225,0,0.041128116653082185,0.2237474821408146
1.0,0.5,4.0,4.0,0.0025,0.005,0.5,100,cond_mean,253,1.0002802298491669,2.013268303470285,0.49938264381690955,0.0018392665050381556,0,0.01787981856799726,0.224116434426313
1.0,0.5,4.0,4.0,0.0025,0.005,1.0,200,cond_mean,253,1.0001400695063107,2.004670219493398,0.50266488823282,0.0016072153961755426,0,0.010080468672029101,0.224116434426313
1.0,0.5,4.0,4.0,0.0025,0.005,2.0,400,cond_mean,253,1.0001347370636664,2.0017635515232137,0.5049824823401496,0.0020753134816877024,0,0.012125288806243868,0.224116434426313
1.0,0.5,4.0,4.0,0.0025,0.005,3.5,700,cond_mean,253,0.9998619504022145,2.0025374000136207,0.4950159634115233,0.0030341111040819253,0,0.016401021005918753,0.224116434426313
1.0,0.5,4.0,4.0,0.0025,0.005,5.0,1000,cond_mean,253,1.000007446824562,2.010220913862894,0.4963870840265223,0.001640719452381889,0,0.01506272710056881,0.224116434426313
1.0,0.5,4.0,4.0,0.0025,0.005,10.0,2000,cond_mean,253,0.9997816207922742,2.0225907065826574,0.5014884038978318,0.0016462367052426218,0,0.027414941081689174,0.224116434426313
1.0,0.5,4.0,4.0,0.0025,0.005,20.0,4000,cond_mean,253,0.9998164301040907,2.039921609203103,0.49688360390207414,0.0014002600611691205,0,0.04682130365570558,0.224116434426313
1.0,0.5,4.0,4.0,0.0025,0.005,0.5,100,cond_mean,254,0.9999975269896569,2.0040278743095596,0.5031461807179287,0.0029052317303386605,0,0.01555612688999425,0.22392766071217401
1.0,0.5,4.0,4.0,0.0025,0.005,1.0,200,cond_mean,254,1.0001491606494013,2.004622117305774,0.5059328319486249,0.0018812954032179383,0,0.01302068757936327,0.22392766071217401
1.0,0.5,4.0,4.0,0.0025,0.005,2.0,400,cond_mean,254,0.9999218887172624,2.014779663844727,0.5032136810421433,0.0029332002540236853,0,0.022764747299541213,0.22392766071217401
1.0,0.5,4.0,4.0,0.0025,0.005,3.5,700,cond_mean,254,0.9999603350869463,1.9909374760364977,0.5064918842221671,0.0019832378548902793,0,0.016645184948015757,0.22392766071217401
1.0,0.5,4.0,4.0,0.0025,0.005,5.0,1000,cond_mean,254,0.9999070514151759,2.004473312863898,0.5155583660920621,0.001900251644971741,0,0.023010152987477956,0.22392766071217401
1.0,0.5,4.0,4.0,0.0025,0.005,10.0,2000,cond_mean,254,0.9999480340606367,2.0029243448185263,0.4950050333865516,0.0019453476217238148,0,0.012018190503899656,0.22392766071217401
1.0,0.5,4.0,4.0,0.0025,0.005,20.0,4000,cond_mean,254,1.0002224129306492,2.0095442654291746,0.5009818789684598,0.002401313260238804,0,0.01617293595931635,0.22392766071217401
1.0,0.5,4.0,4.0,0.0025,0.005,0.5,100,cond_mean,255,1.0002357451946822,2.000921877414728,0.503466399593343,0.0013791798274079394,0,0.008015732621643729,0.22407907741476915
1.0,0.5,4.0,4.0,0.0025,0.005,1.0,200,cond_mean,255,0.9999161831978576,2.0022955484686875,0.49956475227729596,0.0021791171312697433,0,0.011025154562892613,0.22407907741476915
1.0,0.5,4.0,4.0,0.0025,0.005,2.0,400,cond_mean,255,1.000155515528311,2.0052543977659743,0.5017003555696955,0.0017478936099660058,0,0.010696479731439614,0.22407907741476915
1.0,0.5,4.0,4.0,0.0025,0.005,3.5,700,cond_mean,255,1.0003615757089055,1.9975432336826562,0.5078487359436991,0.002434606419811282,0,0.015604389071181075,0.22407907741476915
1.0,0.5,4.0,4.0,0.0025,0.005,5.0,1000,cond_mean,255,1.0000438021814742,2.022902763376322,0.5139949919501284,0.0021139732860458458,0,0.033527856839027856,0.22407907741476915
1.0,0.5,4.0,4.0,0.0025,0.005,10.0,2000,cond_mean,255,1.0000717497294802,2.026195631313821,0.4999730478247093,0.0034127933325878448,0,0.034564797946434175,0.22407907741476915
1.0,0.5,4.0,4.0,0.0025,0.005,20.0,4000,cond_mean,255,0.9999714447195273,2.011809608395207,0.4992815306986003,0.0016837416504503588,0,0.015969752295740183,0.22407907741476915
1.0,0.5,4.0,4.0,0.0025,0.005,0.5,100,cond_mean,256,0.999860658003776,2.004711861264822,0.498276310627764,0.0019925381066287677,0,0.011377296828499259,0.22361588085602438
1.0,0.5,4.0,4.0,0.0025,0.005,1.0,200,cond_mean,256,0.9996471222947372,2.0046480851670765,0.49873038361997674,0.0023690526734867936,0,0.012927437917050467,0.22361588085602438
1.0,0.5,4.0,4.0,0.0025,0.005,2.0,400,cond_mean,256,1.0003935976451457,2.0152080903473517,0.5098346462929152,0.001836736284014744,0,0.023107472651738088,0.22361588085602438
1.0,0.5,4.0,4.0,0.0025,0.005,3.5,700,cond_mean,256,1.0001516085810649,2.01116658004698,0.5055229964017081,0.0023958190689251984,0,0.01878421960235185,0.22361588085602438
1.0,0.5,4.0,4.0,0.0025,0.005,5.0,1000,cond_mean,256,1.000127188202117,2.0054465184473433,0.5000039012577093,0.0013457403004814234,0,0.009138647647935344,0.22361588085602438
1.0,0.5,4.0,4.0,0.0025,0.005,10.0,2000,cond_mean,256,1.0000703563981184,2.031519169969546,0.4941550159425643,0.0018271004326541494,0,0.03842689756059053,0.22361588085602438
1.0,0.5,4.0,4.0,0.0025,0.005,20.0,4000,cond_mean,256,1.0000046328181074,2.021740681976769,0.5065887662748739,0.0022484949844524347,0,0.028726394526936712,0.22361588085602438
1.0,0.5,4.0,4.0,0.0025,0.005,0.5,100,cond_mean,257,0.9999917306657485,1.9927866795526303,0.5031797766886387,0.0016792601953234728,0,0.01243179272225281,0.22382786314535355
1.0,0.5,4.0,4.0,0.0025,0.005,1.0,200,cond_mean,257,1.0002936987191244,1.9902644810196017,0.5085000170631577,0.0018434753717867707,0,0.017868566169738684,0.22382786314535355
1.0,0.5,4.0,4.0,0.0025,0.005,2.0,400,cond_mean,257,1.0005164276117615,1.9957711268239493,0.5005718720869645,0.002560638774059256,0,0.013674264939580101,0.22382786314535355
1.0,0.5,4.0,4.0,0.0025,0.005,3.5,700,cond_mean,257,1.0003102636045869,1.9936489664890609,0.5019846469260704,0.002037564944107256,0,0.012612826767092472,0.22382786314535355
1.0,0.5,4.0,4.0,0.0025,0.005,5.0,1000,cond_mean,257,0.999907000150358,1.9966824916168346,0.4887208285839175,0.0020845463168526735,0,0.018298160307846686,0.22382786314535355
1.0,0.5,4.0,4.0,0.0025,0.005,10.0,2000,cond_mean,257,0.9997805429735637,2.004225850930724,0.5003114036817254,0.002101830718808937,0,0.01148109439891317,0.22382786314535355
1.0,0.5,4.0,4.0,0.0025,0.005,20.0,4000,cond_mean,257,0.9998423230257477,1.9924935388094946,0.5012922911457119,0.0017345778581348908,0,0.012325630055119625,0.22382786314535355
1.0,0.5,4.0,4.0,0.0025,0.005,0.5,100,cond_mean,258,0.9997862738097253,2.0002610051827685,0.50090624454188,0.002529644917305573,0,0.012557544147356188,0.22402716657545949
1.0,0.5,4.0,4.0,0.0025,0.005,1.0,200,cond_mean,258,0.9997614223731318,2.0038717249252085,0.4964369503156435,0.001601193381933943,0,0.010009854545900726,0.22402716657545949
1.0,0.5,4.0,4.0,0.0025,0.005,2.0,400,cond_mean,258,0.9999962782886118,2.002348613834403,0.496970234543249,0.0013625686181681985,0,0.008234456762449414,0.22402716657545949
1.0,0.5,4.0,4.0,0.0025,0.005,3.5,700,cond_mean,258,0.9997574418780674,2.0159440847357173,0.4928868893026199,0.0015461628724712034,0,0.02188136537502513,0.22402716657545949
1.0,0.5,4.0,4.0,0.0025,0.005,5.0,1000,cond_mean,258,0.9996590675071283,2.01502567338916,0.49249553613176567,0.001731326936484997,0,0.02146944571533397,0.22402716657545949
1.0,0.5,4.0,4.0,0.0025,0.005,10.0,2000,cond_mean,258,1.0001600885718323,2.0078472637762816,0.4995544427011353,0.001764248585337538,0,0.012587804809434213,0.22402716657545949
1.0,0.5,4.0,4.0,0.0025,0.005,20.0,4000,cond_mean,258,0.9999319168755145,2.040906961213293,0.5022578986425317,0.0018100734348995811,0,0.048109837143400544,0.22402716657545949
1.0,0.5,4.0,4.0,0.0025,0.005,0.5,100,cond_mean,259,0.999957981174022,2.004560791396213,0.49869715556725597,0.001448475098927677,0,0.008993685314605338,0.22500433328761055
1.0,0.5,4.0,4.0,0.0025,0.005,1.0,200,cond_mean,259,1.0001120947706783,1.9969268600319208,0.5015305736265885,0.0023374616215340064,0,0.012142023626503778,0.22500433328761055
1.0,0.5,4.0,4.0,0.0025,0.005,2.0,400,cond_mean,259,0.9999904470840828,1.9895108725046575,0.5028078430566384,0.002751333545357378,0,0.01852065855890732,0.22500433328761055
1.0,0.5,4.0,4.0,0.0025,0.005,3.5,700,cond_mean,259,0.9998672776418104,1.988613589455753,0.4991909266120291,0.0023826764946569914,0,0.017618756864512742,0.22500433328761055
1.0,0.5,4.0,4.0,0.0025,0.005,5.0,1000,cond_mean,259,0.9996795383257067,1.9997924225125268,0.4945680045077715,0.0023247848436143384,0,0.013158543272527069,0.22500433328761055
1.0,0.5,4.0,4.0,0.0025,0.005,10.0,2000,cond_mean,259,1.0001648350534857,2.046758832732609,0.49904128218933946,0.0021132986279271153,0,0.055021017278439305,0.22500433328761055
1.0,0.5,4.0,4.0,0.0025,0.005,20.0,4000,cond_mean,259,1.0002113265473862,2.017817434540291,0.503218676793677,0.0015345756488309992,0,0.022230671744519825,0.22500433328761055
1.0,0.5,4.0,4.0,0.0025,0.005,0.5,100,cond_mean,260,0.9998889312526564,2.0063570328954974,0.497783894898222,0.001480392182093879,0,0.01067749328801289,0.2235049582751734
1.0,0.5,4.0,4.0,0.0025,0.005,1.0,200,cond_mean,260,1.0000172642200684,2.008199317669799,0.5027329559151897,0.0019216945845816557,0,0.01381308193848891,0.2235049582751734
1.0,0.5,4.0,4.0,0.0025,0.005,2.0,400,cond_mean,260,0.9996865155252229,2.0085089295007545,0.49556308500878204,0.0023478932166316182,0,0.016046825396611602,0.2235049582751734
1.0,0.5,4.0,4.0,0.0025,0.005,3.5,700,cond_mean,260,0.9998332033544163,2.0204090958478726,0.4969700567307143,0.0013262133103440744,0,0.024754076306077573,0.2235049582751734
1.0,0.5,4.0,4.0,0.0025,0.005,5.0,1000,cond_mean,260,0.9999632126693024,2.0055599653567424,0.49662377403360325,0.0017315318895668953,0,0.01150275473146417,0.2235049582751734
1.0,0.5,4.0,4.0,0.0025,0.005,10.0,2000,cond_mean,260,0.9997191801065027,1.999745493998963,0.4930947400737474,0.0019037294108384863,0,0.01265953089242061,0.2235049582751734
1.0,0.5,4.0,4.0,0.0025,0.005,20.0,4000,cond_mean,260,0.9994669727939665,1.9948192808534098,0.4967296663265455,0.003915914812501712,0,0.020514724997057053,0.2235049582751734
1.0,0.5,4.0,4.0,0.0025,0.005,0.5,100,cond_mean,261,0.9999993430476837,2.0023583362286406,0.49810144648750926,0.0015230877732939575,0,0.008333124868242735,0.2253854761365801
1.0,0.5,4.0,4.0,0.0025,0.005,1.0,200,cond_mean,261,1.0000018739116892,1.9920056888375637,0.49649421804997546,0.0018910227076496253,0,0.013892209583315971,0.2253854761365801
1.0,0.5,4.0,4.0,0.0025,0.005,2.0,400,cond_mean,261,0.9999179710381795,1.990893580993043,0.4988396063043854,0.0017674618054691722,0,0.013701613692419885,0.2253854761365801
1.0,0.5,4.0,4.0,0.0025,0.005,3.5,700,cond_mean,261,1.0001280112494186,2.0052784830860553,0.49613416245611336,0.0019319013444219421,0,0.012491611242714367,0.2253854761365801
1.0,0.5,4.0,4.0,0.0025,0.005,5.0,1000,cond_mean,261,0.9998957039637901,2.0285663039175597,0.49735828372499435,0.0021163862625438318,0,0.034752990032386605,0.2253854761365801
1.0,0.5,4.0,4.0,0.0025,0.005,10.0,2000,cond_mean,261,1.000384463574463,2.0520156316702804,0.4963064537166243,0.00206644945470681,0,0.061306295457621056,0.2253854761365801
1.0,0.5,4.0,4.0,0.0025,0.005,20.0,4000,cond_mean,261,1.0000712341565965,2.0558778350699103,0.4945387020521247,0.0014428749026429131,0,0.06549269524440814,0.2253854761365801
1.0,0.5,4.0,4.0,0.0025,0.005,0.5,100,cond_mean,262,0.9998439249397181,2.0005265802913486,0.502102565643279,0.0016353562910148044,0,0.008646519458059523,0.22518013698780642
1.0,0.5,4.0,4.0,0.0025,0.005,1.0,200,cond_mean,262,1.0000891611788971,1.9931616619914116,0.5053888949748722,0.0019825739502251465,0,0.014296638290422327,0.22518013698780642
1.0,0.5,4.0,4.0,0.0025,0.005,2.0,400,cond_mean,262,0.9996676737781021,1.9869637026659182,0.49850677814050576,0.0028223006558182238,0,0.020549602131137067,0.22518013698780642
1.0,0.5,4.0,4.0,0.0025,0.005,3.5,700,cond_mean,262,0.9997825680616236,1.9807127556798505,0.49574196955109895,0.002518758685632515,0,0.026052811901804685,0.22518013698780642
1.0,0.5,4.0,4.0,0.0025,0.005,5.0,1000,cond_mean,262,0.9998228991257588,1.9726281178510747,0.4921581384823717,0.0023152584608474515,0,0.03520696966146252,0.22518013698780642
1.0,0.5,4.0,4.0,0.0025,0.005,10.0,2000,cond_mean,262,1.0000767644658883,1.9606177827958493,0.5015095265784435,0.0023089192316244635,0,0.0468648985982892,0.22518013698780642
1.0,0.5,4.0,4.0,0.0025,0.005,20.0,4000,cond_mean,262,1.0001331606787065,1.992429101584578,0.4992658419156455,0.002318970499690059,0,0.014413430749597176,0.22518013698780642
1.0,0.5,4.0,4.0,0.0025,0.005,0.5,100,cond_mean,263,1.000187161406727,2.000467045573177,0.5002798910900336,0.001898181038992931,0,0.009363441764336245,0.223545113146039
1.0,0.5,4.0,4.0,0.0025,0.005,1.0,200,cond_mean,263,1.000332747381222,1.9921043344984704,0.5053283630984318,0.0021316641695677038,0,0.015285624427973942,0.223545113146039
1.0,0.5,4.0,4.0,0.0025,0.005,2.0,400,cond_mean,263,1.000098056374462,1.99847645103361,0.5014445469618897,0.0017324138300145056,0,0.008850262351614074,0.223545113146039
1.0,0.5,4.0,4.0,0.0025,0.005,3.5,700,cond_mean,263,1.0000895003625705,2.0054644604652756,0.5027951235642814,0.0024048282678094386,0,0.013814461019025332,0.223545113146039
1.0,0.5,4.0,4.0,0.0025,0.005,5.0,1000,cond_mean,263,1.0002017359429791,2.0050530271135405,0.5082247060599501,0.0016991901550149394,0,0.01448237919215738,0.223545113146039
1.0,0.5,4.0,4.0,0.0025,0.005,10.0,2000,cond_mean,263,0.9999648189571302,2.0260568845032356,0.5025679753302309,0.002236041482802376,0,0.03215774630595482,0.223545113146039
1.0,0.5,4.0,4.0,0.0025,0.005,20.0,4000,cond_mean,263,1.0001105612245726,1.994136858993193,0.49068390382472027,0.002065103162695525,0,0.017500194243258285,0.223545113146039
1.0,0.5,4.0,4.0,0.0025,0.005,0.5,100,cond_mean,264,0.9999907004894601,2.003361992788203,0.4980259467780583,0.0018804699420167082,0,0.010339750673461453,0.2233178035655458
1.0,0.5,4.0,4.0,0.0025,0.005,1.0,200,cond_mean,264,1.0000879172043597,1.9987001831747024,0.5011629500779496,0.0023037595595689878,0,0.01148469457499417,0.2233178035655458
1.0,0.5,4.0,4.0,0.0025,0.005,2.0,400,cond_mean,264,0.9996735003146248,2.0077802699672027,0.48981168617958537,0.0022820094963947476,0,0.019196687450944903,0.2233178035655458
1.0,0.5,4.0,4.0,0.0025,0.005,3.5,700,cond_mean,264,1.0001598355786416,2.0145914264384124,0.49630884138390985,0.0018899774156286337,0,0.019957822561412916,0.2233178035655458
1.0,0.5,4.0,4.0,0.0025,0.005,5.0,1000,cond_mean,264,1.0000452371573256,1.9967861506626006,0.490318609574996,0.0015478459277288162,0,0.015366041330453079,0.2233178035655458
1.0,0.5,4.0,4.0,0.0025,0.005,10.0,2000,cond_mean,264,0.9997725267816836,1.9766834496021086,0.49432388738277555,0.0026616285030051094,0,0.03073338859252784,0.2233178035655458
1.0,0.5,4.0,4.0,0.0025,0.005,20.0,4000,cond_mean,264,1.0003754544686558,2.012000536758495,0.49745605984738567,0.002157517858871705,0,0.0180382195830866,0.2233178035655458
1.0,0.5,4.0,4.0,0.0025,0.005,0.5,100,cond_mean,265,1.0001528125292953,2.0015968165555984,0.5084782182636626,0.0014743432325350645,0,0.013098711005782202,0.22502997614044165
1.0,0.5,4.0,4.0,0.0025,0.005,1.0,200,cond_mean,265,1.0000316388391588,1.9912799705919753,0.5016691849528438,0.0018870081708402384,0,0.0138424876441097,0.22502997614044165
1.0,0.5,4.0,4.0,0.0025,0.005,2.0,400,cond_mean,265,1.0000214495558415,1.9891786147153752,0.5022457582103222,0.0021497737148588806,0,0.016599397723161876,0.22502997614044165
1.0,0.5,4.0,4.0,0.0025,0.005,3.5,700,cond_mean,265,1.0003933520980628,1.99695706780372,0.5126812353272461,0.0033910231977613077,0,0.023272898704338383,0.22502997614044165
1.0,0.5,4.0,4.0,0.0025,0.005,5.0,1000,cond_mean,265,0.9997566586214024,1.998756536938296,0.49496087287943297,0.0018356657787148725,0,0.011009469092716152,0.22502997614044165
1.0,0.5,4.0,4.0,0.0025,0.005,10.0,2000,cond_mean,265,1.0003106620111755,2.0145435230329416,0.5085879267647357,0.0019282800054360814,0,0.021947638007967927,0.22502997614044165
1.0,0.5,4.0,4.0,0.0025,0.005,20.0,4000,cond_mean,265,1.000015806551521,2.016912549165397,0.5048409198468915,0.002167001157188598,0,0.02308002035018797,0.22502997614044165
1.0,0.5,4.0,4.0,0.0025,0.005,0.5,100,cond_mean,266,0.9996708232241466,1.9988059851837754,0.499938937541812,0.0016069307151099174,0,0.008159346471523516,0.22436007742570446
1.0,0.5,4.0,4.0,0.0025,0.005,1.0,200,cond_mean,266,0.9995260084599722,2.0003710810932116,0.500746213734343,0.0025835967306211084,0,0.013009458130042785,0.22436007742570446
1.0,0.5,4.0,4.0,0.0025,0.005,2.0,400,cond_mean,266,1.0000824912786457,1.9896364514981457,0.5058955613100252,0.0019441522857774997,0,0.017061575554690147,0.22436007742570446
1.0,0.5,4.0,4.0,0.0025,0.005,3.5,700,cond_mean,266,1.0002166058020145,1.9974582293217586,0.4989121054655398,0.002752567334867301,0,0.013983160904667728,0.22436007742570446
1.0,0.5,4.0,4.0,0.0025,0.005,5.0,1000,cond_mean,266,1.0002235640060548,1.9820978752279612,0.49717873275070995,0.00195458317544767,0,0.023201636489844323,0.22436007742570446
1.0,0.5,4.0,4.0,0.0025,0.005,10.0,2000,cond_mean,266,1.000094348241345,2.0044908190366395,0.5023956154718505,0.0016321676425051287,0,0.009989181886437166,0.22436007742570446
1.0,0.5,4.0,4.0,0.0025,0.005,20.0,4000,cond_mean,266,1.0005908352116937,1.9704100569562355,0.5077191047342071,0.003376150210987167,0,0.03904422863916547,0.22436007742570446
1.0,0.5,4.0,4.0,0.0025,0.005,0.5,100,cond_mean,267,0.9999687998630201,2.0048799855827295,0.5022606309772825,0.0012256150073628835,0,0.008775721148370975,0.22486802972187953
1.0,0.5,4.0,4.0,0.0025,0.005,1.0,200,cond_mean,267,1.00019182015316,2.0054443568574425,0.5044503575617187,0.002429136324291952,0,0.01454861992226854,0.22486802972187953
1.0,0.5,4.0,4.0,0.0025,0.005,2.0,400,cond_mean,267,1.0001430835508016,2.0113683663308186,0.49786746529161935,0.00202125749459997,0,0.016758019061818355,0.22486802972187953
1.0,0.5,4.0,4.0,0.0025,0.005,3.5,700,cond_mean,267,0.9998819033130679,2.023268057826953,0.4964487320023938,0.001326881644751248,0,0.0280275589447032,0.22486802972187953
1.0,0.5,4.0,4.0,0.0025,0.005,5.0,1000,cond_mean,267,0.9998208213191659,2.0191505840984516,0.49597745709589924,0.0015835676762087972,0,0.02398309066229506,0.22486802972187953
1.0,0.5,4.0,4.0,0.0025,0.005,10.0,2000,cond_mean,267,0.9999453578988474,1.9930274148000355,0.49961556504296867,0.0015507205730825543,0,0.011088087512025476,0.22486802972187953
1.0,0.5,4.0,4.0,0.0025,0.005,20.0,4000,cond_mean,267,1.0003210688688224,1.9704422719807528,0.5099369491520819,0.002861785877039031,0,0.0388490825114984,0.22486802972187953
1.0,0.5,4.0,4.0,0.0025,0.005,0.5,100,cond_mean,268,1.000294877524105,2.000321186892951,0.5064012567597375,0.002054445979453699,0,0.012794598421552688,0.22353337500576995
1.0,0.5,4.0,4.0,0.0025,0.005,1.0,200,cond_mean,268,1.0000736872498515,2.0019416346352568,0.5050197310998826,0.001579808096775137,0,0.010309964820283835,0.22353337500576995
1.0,0.5,4.0,4.0,0.0025,0.005,2.0,400,cond_mean,268,1.000043863908834,2.0199400491677943,0.5050617039213486,0.0024161630135564947,0,0.02669449793663281,0.22353337500576995
1.0,0.5,4.0,4.0,0.0025,0.005,3.5,700,cond_mean,268,0.9997597130708837,2.0050789312006194,0.4979701277808893,0.0027406843126512527,0,0.014852345696897976,0.22353337500576995
1.0,0.5,4.0,4.0,0.0025,0.005,5.0,1000,cond_mean,268,1.000082063326024,2.0084954395196353,0.5058286919026765,0.002796975798612274,0,0.018449019286510163,0.22353337500576995
1.0,0.5,4.0,4.0,0.0025,0.005,10.0,2000,cond_mean,268,0.999877404611092,2.033123831582511,0.4936638607910762,0.00199768995095908,0,0.04036092625319657,0.22353337500576995
1.0,0.5,4.0,4.0,0.0025,0.005,20.0,4000,cond_mean,268,1.000347312295616,2.0365778146111504,0.5134228493041749,0.001535744980895506,0,0.045846620052605876,0.22353337500576995
1.0,0.5,4.0,4.0,0.0025,0.005,0.5,100,cond_mean,269,1.000204034116004,2.012227536259545,0.5078941399776538,0.00171247812801971,0,0.019155584141327404,0.22288333928944276
1.0,0.5,4.0,4.0,0.0025,0.005,1.0,200,cond_mean,269,1.0001379235587178,2.01242010338902,0.511875954373579,0.002224175303773762,0,0.023454928674369484,0.22288333928944276
1.0,0.5,4.0,4.0,0.0025,0.005,2.0,400,cond_mean,269,0.9999394275422846,2.0052220249951476,0.5140021884338892,0.0025449315352417045,0,0.02297374302379549,0.22288333928944276
1.0,0.5,4.0,4.0,0.0025,0.005,3.5,700,cond_mean,269,0.999732570364444,1.9969689553824843,0.5076329407368664,0.0018552658896735532,0,0.014386302526515632,0.22288333928944276
1.0,0.5,4.0,4.0,0.0025,0.005,5.0,1000,cond_mean,269,0.9997746767073608,2.005214225841916,0.5069132744091195,0.0021965197477683608,0,0.015612658252566332,0.22288333928944276
1.0,0.5,4.0,4.0,0.0025,0.005,10.0,2000,cond_mean,269,0.9998443311786964,2.0252811303483056,0.5141321077734753,0.0024085618079354204,0,0.0366145588586261,0.22288333928944276
1.0,0.5,4.0,4.0,0.0025,0.005,20.0,4000,cond_mean,269,1.0002230468182833,2.005510922139263,0.5003733654380255,0.0015138729292083208,0,0.009828293020900514,0.22288333928944276
1.0,0.5,4.0,4.0,0.0025,0.005,0.5,100,cond_mean,270,0.9999588360664072,1.9941114738022347,0.49854225463591567,0.002230715531255181,0,0.013007891154720789,0.22447396428989513
1.0,0.5,4.0,4.0,0.0025,0.005,1.0,200,cond_mean,270,1.0001056968673825,1.9948305818632617,0.5047161254827025,0.0019641187571017176,0,0.012815148184831643,0.22447396428989513
1.0,0.5,4.0,4.0,0.0025,0.005,2.0,400,cond_mean,270,1.0001813880241108,2.002382163091077,0.5088925945223992,0.001338656996138043,0,0.013325312078663118,0.22447396428989513
1.0,0.5,4.0,4.0,0.0025,0.005,3.5,700,cond_mean,270,0.9999913351786717,2.01165042829685,0.5037712332861598,0.00221265912624948,0,0.017994844889014053,0.22447396428989513
1.0,0.5,4.0,4.0,0.0025,0.005,5.0,1000,cond_mean,270,1.0002399083651476,1.994771699269872,0.508582052140782,0.0028065951004355564,0,0.01851183229122667,0.22447396428989513
1.0,0.5,4.0,4.0,0.0025,0.005,10.0,2000,cond_mean,270,0.9997599121041949,2.0246458523627053,0.49438806328952584,0.001815519567702476,0,0.03065712526604735,0.22447396428989513
1.0,0.5,4.0,4.0,0.0025,0.005,20.0,4000,cond_mean,270,0.9996570374708469,2.040620886449767,0.4961072929602822,0.00266797481850891,0,0.049050225148531974,0.22447396428989513
1.0,0.5,4.0,4.0,0.0025,0.005,0.5,100,cond_mean,271,0.9997685516281483,2.001154531323796,0.4974683465837196,0.002231006963729988,0,0.011424026866843413,0.22394549414249404
1.0,0.5,4.0,4.0,0.0025,0.005,1.0,200,cond_mean,271,0.9997465464493647,1.9942169717230287,0.498625509462831,0.0019911701549834705,0,0.011950898798039731,0.22394549414249404
1.0,0.5,4.0,4.0,0.0025,0.005,2.0,400,cond_mean,271,0.999991538406318,2.0109469387160654,0.5067033053627149,0.0025153462704401446,0,0.019730423491283934,0.22394549414249404
1.0,0.5,4.0,4.0,0.0025,0.005,3.5,700,cond_mean,271,1.000156248373353,2.0010912500219407,0.5058912990984284,0.0013835501428344998,0,0.010115110118384391,0.22394549414249404
1.0,0.5,4.0,4.0,0.0025,0.005,5.0,1000,cond_mean,271,0.9999612983685947,2.0237605343158434,0.49553713129440924,0.002753152083270418,0,0.031140817521686997,0.22394549414249404
1.0,0.5,4.0,4.0,0.0025,0.005,10.0,2000,cond_mean,271,1.000203966101549,1.9847701944105907,0.4983025961770985,0.0014037110595460135,0,0.019108821101578664,0.22394549414249404
1.0,0.5,4.0,4.0,0.0025,0.005,20.0,4000,cond_mean,271,1.0001102935978883,2.0044729104181354,0.49710249948609836,0.0016448745876835378,0,0.010413743561307653,0.22394549414249404
1.0,0.5,4.0,4.0,0.0025,0.005,0.5,100,cond_mean,272,0.9999829919062297,1.9895087789123773,0.5007188329210799,0.0012801366610979553,0,0.013676080042758058,0.2237938452911164
1.0,0.5,4.0,4.0,0.0025,0.005,1.0,200,cond_mean,272,1.0000659295672647,1.9908796247947627,0.5067368598527355,0.0014903972533926411,0,0.015466953349240174,0.2237938452911164
1.0,0.5,4.0,4.0,0.0025,0.005,2.0,400,cond_mean,272,1.0000549244799903,1.9919206576544752,0.5089766233715193,0.0020376174031604246,0,0.01792375761511683,0.2237938452911164
1.0,0.5,4.0,4.0,0.0025,0.005,3.5,700,cond_mean,272,1.0002320477857767,1.9967750830937405,0.5077987166210481,0.002160431718716449,0,0.014879873020934927,0.2237938452911164
1.0,0.5,4.0,4.0,0.0025,0.005,5.0,1000,cond_mean,272,1.0001367796179639,1.9781431226218233,0.4988808190772741,0.0024758481040905406,0,0.028089421643656014,0.2237938452911164
1.0,0.5,4.0,4.0,0.0025,0.005,10.0,2000,cond_mean,272,1.0002701396856548,1.9537067099064753,0.5115888219852148,0.002731960119533808,0,0.056592129303979825,0.2237938452911164
1.0,0.5,4.0,4.0,0.0025,0.005,20.0,4000,cond_mean,272,0.9997258368973583,1.96260103850443,0.4999865054189201,0.002015470389282111,0,0.04432197253742991,0.2237938452911164
1.0,0.5,4.0,4.0,0.0025,0.005,0.5,100,cond_mean,273,1.000051496497652,2.001967651952792,0.4963286984365522,0.0015500339337860746,0,0.009350444821587348,0.22390296428264783
1.0,0.5,4.0,4.0,0.0025,0.005,1.0,200,cond_mean,273,0.9999573988325656,2.006871845500827,0.495483053171972,0.001710020195031671,0,0.012948751094755044,0.22390296428264783
1.0,0.5,4.0,4.0,0.0025,0.005,2.0,400,cond_mean,273,1.000032043195939,2.0123287959048803,0.503276030862213,0.0017609467344913631,0,0.01716125333699465,0.22390296428264783
1.0,0.5,4.0,4.0,0.0025,0.005,3.5,700,cond_mean,273,0.9997645948719633,2.025734982599922,0.4919482493351416,0.002536869752248041,0,0.03380616210945823,0.22390296428264783
1.0,0.5,4.0,4.0,0.0025,0.005,5.0,1000,cond_mean,273,0.999927819646463,2.0162356976229923,0.4939538092826209,0.0019445616338754116,0,0.022525753303288463,0.22390296428264783
1.0,0.5,4.0,4.0,0.0025,0.005,10.0,2000,cond_mean,273,1.000110270659637,2.0389637985972757,0.5019635644301144,0.0013013988629857526,0,0.045452544989899014,0.22390296428264783
1.0,0.5,4.0,4.0,0.0025,0.005,20.0,4000,cond_mean,273,0.9997259435080479,2.056447334850005,0.5007476412819588,0.002176124219368766,0,0.06606153098187903,0.22390296428264783
1.0,0.5,4.0,4.0,0.0025,0.005,0.5,100,cond_mean,274,0.9998664456157722,1.9968509595285646,0.4954530932653899,0.002414543622473293,0,0.013649913296011552,0.22276466072071344
1.0,0.5,4.0,4.0,0.0025,0.005,1.0,200,cond_mean,274,0.999925153218254,1.9888584123145912,0.49782587745061674,0.0027347025939442027,0,0.018812430071433798,0.22276466072071344
1.0,0.5,4.0,4.0,0.0025,0.005,2.0,400,cond_mean,274,1.0000739245265717,2.015540526590967,0.49159304484326993,0.0032508372195376996,0,0.026473211606220813,0.22276466072071344
1.0,0.5,4.0,4.0,0.0025,0.005,3.5,700,cond_mean,274,1.000059403786706,2.0288434033975458,0.49337830637768915,0.0030287587178132696,0,0.03752893942086532,0.22276466072071344
1.0,0.5,4.0,4.0,0.0025,0.005,5.0,1000,cond_mean,274,0.9997603098295821,2.0353586637471994,0.49586559545674375,0.002254473470078228,0,0.04265367935864337,0.22276466072071344
1.0,0.5,4.0,4.0,0.0025,0.005,10.0,2000,cond_mean,274,1.000332894599278,2.026035814779616,0.5089726884984568,0.001938028985860121,0,0.033353670792534235,0.22276466072071344
1.0,0.5,4.0,4.0,0.0025,0.005,20.0,4000,cond_mean,274,1.0000066545748467,2.010989318297302,0.5058218551837524,0.0019155227030461831,0,0.01746695025859988,0.22276466072071344
1.0,0.5,4.0,4.0,0.0025,0.005,0.5,100,cond_mean,275,0.9997066989178363,2.012383368583227,0.49640146803067414,0.0029720111596327017,0,0.020851396846355893,0.22534861901242817
1.0,0.5,4.0,4.0,0.0025,0.005,1.0,200,cond_mean,275,0.9996617708762368,2.000264095502025,0.5007240849365817,0.0032733261853045504,0,0.016216382126267487,0.22534861901242817
1.0,0.5,4.0,4.0,0.0025,0.005,2.0,400,cond_mean,275,1.0000625550768025,2.004674546496688,0.5046808245534544,0.0023280821225598524,0,0.013990203016362664,0.22534861901242817
1.0,0.5,4.0,4.0,0.0025,0.005,3.5,700,cond_mean,275,0.9998590566681815,2.0155016204623166,0.49846885448183853,0.002327134314465044,0,0.021303166848267698,0.22534861901242817
1.0,0.5,4.0,4.0,0.0025,0.005,5.0,1000,cond_mean,275,1.0002733002970123,2.0102958014976546,0.5013178493258491,0.0018880544936130713,0,0.0151550359512335,0.22534861901242817
1.0,0.5,4.0,4.0,0.0025,0.005,10.0,2000,cond_mean,275,0.9997404810306765,2.0433812859282225,0.4873906999627664,0.002359215835698583,0,0.054241370908614014,0.22534861901242817
1.0,0.5,4.0,4.0,0.0025,0.005,20.0,4000,cond_mean,275,1.0004221348275146,2.028125906903481,0.5107455141350639,0.0023466219044608453,0,0.03673259205150025,0.22534861901242817
1.0,0.5,4.0,4.0,0.0025,0.005,0.5,100,cond_mean,276,1.0003099709529943,2.006096236005837,0.505260760358452,0.0027723715830173263,0,0.016588673582291692,0.223979767844347
1.0,0.5,4.0,4.0,0.0025,0.005,1.0,200,cond_mean,276,1.000096070052801,2.001198103096851,0.5001014450132745,0.0019944282972890405,0,0.009889715855534473,0.223979767844347
1.0,0.5,4.0,4.0,0.0025,0.005,2.0,400,cond_mean,276,1.000189386950101,2.006496595614591,0.50264241548157,0.0035785567995903407,0,0.01936440390595361,0.223979767844347
1.0,0.5,4.0,4.0,0.0025,0.005,3.5,700,cond_mean,276,1.0002363044245706,1.9968494892266824,0.495075802791993,0.0019018023906013939,0,0.01225606480345098,0.223979767844347
1.0,0.5,4.0,4.0,0.0025,0.005,5.0,1000,cond_mean,276,1.0000426858214666,2.0114449499347073,0.49196255238747755,0.001671727904967871,0,0.018891839529324515,0.223979767844347
1.0,0.5,4.0,4.0,0.0025,0.005,10.0,2000,cond_mean,276,1.0005706253996298,1.9829968789151982,0.5059151305231216,0.002243057184183937,0,0.023522638973599543,0.223979767844347
1.0,0.5,4.0,4.0,0.0025,0.005,20.0,4000,cond_mean,276,1.0001168040724104,1.968499714469132,0.4909950716237072,0.0017030039148958989,0,0.03945495090163638,0.223979767844347
1.0,0.5,4.0,4.0,0.0025,0.005,0.5,100,cond_mean,277,1.0000882069951968,1.9997797803970696,0.500686128349741,0.0019276632699751005,0,0.009493432858691078,0.22400899999774992
1.0,0.5,4.0,4.0,0.0025,0.005,1.0,200,cond_mean,277,1.000124348277814,1.9947609452084165,0.5017586268229196,0.002668722966049275,0,0.014568831866812668,0.22400899999774992
1.0,0.5,4.0,4.0,0.0025,0.005,2.0,400,cond_mean,277,0.9999959560041437,2.0003937194661137,0.4999523547541553,0.002328441243821163,0,0.011430435325013758,0.22400899999774992
1.0,0.5,4.0,4.0,0.0025,0.005,3.5,700,cond_mean,277,0.9997290178590632,1.9826906478377928,0.4959097243089878,0.0018398104009653418,0,0.022532715487608605,0.22400899999774992
1.0,0.5,4.0,4.0,0.0025,0.005,5.0,1000,cond_mean,277,0.9996629945407783,1.978885417291493,0.4929981126834203,0.0019810848830349717,0,0.027667272087889015,0.22400899999774992
1.0,0.5,4.0,4.0,0.0025,0.005,10.0,2000,cond_mean,277,0.9997833715919464,1.984841422084397,0.5001483432793555,0.0013150088318871428,0,0.0186870014843835,0.22400899999774992
1.0,0.5,4.0,4.0,0.0025,0.005,20.0,4000,cond_mean,277,1.0001218835457653,1.9813622993174882,0.5025967816900387,0.0015677256566621021,0,0.02305088035763771,0.22400899999774992
1.0,0.5,4.0,4.0,0.0025,0.005,0.5,100,cond_mean,278,0.9997865861404426,2.013768478843799,0.5019811565167592,0.0013767785568050523,0,0.017545447347826884,0.22375708929861762
1.0,0.5,4.0,4.0,0.0025,0.005,1.0,200,cond_mean,278,0.9998350321237413,2.0129445917193802,0.49536892679029404,0.0025177463604713663,0,0.02029053347369231,0.22375708929861762
1.0,0.5,4.0,4.0,0.0025,0.005,2.0,400,cond_mean,278,0.9998226595697759,2.0063939902306713,0.4881716885544394,0.0016987157031123658,0,0.018871638263717443,0.22375708929861762
1.0,0.5,4.0,4.0,0.0025,0.005,3.5,700,cond_mean,278,0.9997434779012936,1.99635450079545,0.4887760842968778,0.001940825115760891,0,0.01766414472986769,0.22375708929861762
1.0,0.5,4.0,4.0,0.0025,0.005,5.0,1000,cond_mean,278,0.9998966823907123,1.9771373290622556,0.5014431276607942,0.001843433283136983,0,0.027973733931410474,0.22375708929861762
1.0,0.5,4.0,4.0,0.0025,0.005,10.0,2000,cond_mean,278,1.0001707792352306,1.955595574113516,0.5070973728127564,0.0014437938493163894,0,0.05233705822654413,0.22375708929861762
1.0,0.5,4.0,4.0,0.0025,0.005,20.0,4000,cond_mean,278,1.00059849230144,1.9240020680729577,0.5107075084067212,0.0032343088913401995,0,0.08977054170513077,0.22375708929861762
1.0,0.5,4.0,4.0,0.0025,0.005,0.5,100,cond_mean,279,0.9999867038897062,1.9962854958896843,0.4992193071053118,0.0022252521540338096,0,0.011770987993577177,0.22293109528254718
1.0,0.5,4.0,4.0,0.0025,0.005,1.0,200,cond_mean,279,1.0000045907087665,2.006112602572818,0.49765407577207144,0.001964214650615453,0,0.012341472977393918,0.22293109528254718
1.0,0.5,4.0,4.0,0.0025,0.005,2.0,400,cond_mean,279,1.0002687881355266,2.011498385416815,0.5018364937200464,0.0019896891790773916,0,0.016616531442739432,0.22293109528254718
1.0,0.5,4.0,4.0,0.0025,0.005,3.5,700,cond_mean,279,1.0002040376141237,2.019407672493408,0.5009048214310994,0.0018208962353816215,0,0.02414197314927385,0.22293109528254718
1.0,0.5,4.0,4.0,0.0025,0.005,5.0,1000,cond_mean,279,1.0001296552900698,2.019069912461872,0.5051260474774162,0.0016280679904390506,0,0.024239715822828654,0.22293109528254718
1.0,0.5,4.0,4.0,0.0025,0.005,10.0,2000,cond_mean,279,1.0001527428086685,2.0529428201964928,0.5146033908280496,0.0034980843303384283,0,0.06557492847708223,0.22293109528254718
1.0,0.5,4.0,4.0,0.0025,0.005,20.0,4000,cond_mean,279,0.9997343976954771,2.074598769408528,0.49410523264793854,0.003927325054533994,0,0.08893178405982413,0.22293109528254718
1.0,0.5,4.0,4.0,0.0025,0.005,0.5,100,cond_mean,280,1.000100613832846,2.0022011296941358,0.5045979764374608,0.0013305161285199854,0,0.009104421880244632,0.22483747613815858
1.0,0.5,4.0,4.0,0.0025,0.005,1.0,200,cond_mean,280,1.0001728904519298,2.0064693090807055,0.5084722370670021,0.001394978792983397,0,0.014744549972027397,0.22483747613815858
1.0,0.5,4.0,4.0,0.0025,0.005,2.0,400,cond_mean,280,1.000040693673563,2.001838527500396,0.5123298827733821,0.0021265296883024635,0,0.019160709554676445,0.22483747613815858
1.0,0.5,4.0,4.0,0.0025,0.005,3.5,700,cond_mean,280,0.9999447699565365,1.9893481450270607,0.502903993996723,0.0013210118525064062,0,0.014431891969052296,0.22483747613815858
1.0,0.5,4.0,4.0,0.0025,0.005,5.0,1000,cond_mean,280,0.9997006690299141,1.9821321300304449,0.5108036014101852,0.0015550114605353558,0,0.026423005827937305,0.22483747613815858
1.0,0.5,4.0,4.0,0.0025,0.005,10.0,2000,cond_mean,280,1.0000622149080867,1.97812621371296,0.5019570271866105,0.0018408121869121085,0,0.026906086726068534,0.22483747613815858
1.0,0.5,4.0,4.0,0.0025,0.005,20.0,4000,cond_mean,280,0.9999231277331024,1.953451543639621,0.5021170620473691,0.0017033874515599015,0,0.05440599751677868,0.22483747613815858
1.0,0.5,4.0,4.0,0.0025,0.005,0.5,100,cond_mean,281,0.9997533612116142,2.0130679499307638,0.4987979634457239,0.0022908765462212807,0,0.018879571394180356,0.2283486725729225
1.0,0.5,4.0,4.0,0.0025,0.005,1.0,200,cond_mean,281,0.9999903924628899,1.998801399903693,0.49820949695543937,0.0011535158001497142,0,0.006273196056518935,0.2283486725729225
1.0,0.5,4.0,4.0,0.0025,0.005,2.0,400,cond_mean,281,1.0000763179527767,1.9887946960083436,0.4953356946976678,0.0014686218536135896,0,0.01609909848584263,0.2283486725729225
1.0,0.5,4.0,4.0,0.0025,0.005,3.5,700,cond_mean,281,1.0003581445193979,2.005248181198398,0.5040849008848355,0.0015978837583177144,0,0.011030210046769115,0.2283486725729225
1.0,0.5,4.0,4.0,0.0025,0.005,5.0,1000,cond_mean,281,1.0000588977293043,2.0007917428220487,0.5002543598128439,0.002202077901759987,0,0.010845193383997167,0.2283486725729225
1.0,0.5,4.0,4.0,0.0025,0.005,10.0,2000,cond_mean,281,1.0000973594835674,2.0166753464010436,0.49315836884157344,0.0017831997785098242,0,0.023122893060212122,0.2283486725729225
1.0,0.5,4.0,4.0,0.0025,0.005,20.0,4000,cond_mean,281,1.0000384270959228,2.0049502447298595,0.5138636604528685,0.0022985639710688655,0,0.02190670404363161,0.2283486725729225
1.0,0.5,4.0,4.0,0.0025,0.005,0.5,100,cond_mean,282,1.0002734382960803,2.010184129587774,0.5038582294001726,0.001552919351783959,0,0.014737331513830474,0.2224019165649744
1.0,0.5,4.0,4.0,0.0025,0.005,1.0,200,cond_mean,282,1.0002778269434631,2.0104268003921217,0.507225044243036,0.0017355723119667802,0,0.01718676987915865,0.2224019165649744
1.0,0.5,4.0,4.0,0.0025,0.005,2.0,400,cond_mean,282,0.9998446548008912,2.026705359650528,0.49936800009983623,0.0012760265987470517,0,0.03148995772601233,0.2224019165649744
1.0,0.5,4.0,4.0,0.0025,0.005,3.5,700,cond_mean,282,0.9999987403514283,2.024384676270398,0.5013739437410759,0.0017287825928523884,0,0.02944161240823971,0.2224019165649744
1.0,0.5,4.0,4.0,0.0025,0.005,5.0,1000,cond_mean,282,0.9999678795762476,2.034626084537216,0.4969379334500872,0.002156366244018312,0,0.04162442725558334,0.2224019165649744
1.0,0.5,4.0,4.0,0.0025,0.005,10.0,2000,cond_mean,282,0.9999529020538085,2.0257377192734642,0.5058994177348607,0.0018426666356715674,0,0.03198675388451042,0.2224019165649744
1.0,0.5,4.0,4.0,0.0025,0.005,20.0,4000,cond_mean,282,1.000003428376125,2.005685357916001,0.5091483064169983,0.0025457278240930644,0,0.018418158912924403,0.2224019165649744
1.0,0.5,4.0,4.0,0.0025,0.005,0.5,100,cond_mean,283,0.9998816341426533,2.0041827641948107,0.4984290564597627,0.002446019530174008,0,0.013066299757704191,0.22441858927985386
1.0,0.5,4.0,4.0,0.0025,0.005,1.0,200,cond_mean,283,0.9997781399272342,1.9987522754813372,0.4981834344346649,0.002450643370943442,0,0.012291985080275184,0.22441858927985386
1.0,0.5,4.0,4.0,0.0025,0.005,2.0,400,cond_mean,283,1.0002015229625159,1.9967178799985628,0.49917375722094387,0.0018961943601019267,0,0.010196336024975156,0.22441858927985386
1.0,0.5,4.0,4.0,0.0025,0.005,3.5,700,cond_mean,283,0.9998188397285904,2.0055193035889314,0.4935261503889155,0.0026931292870734525,0,0.01676765140236021,0.22441858927985386
1.0,0.5,4.0,4.0,0.0025,0.005,5.0,1000,cond_mean,283,0.9995444849310433,2.010503514927909,0.48342375946584504,0.002361278185484192,0,0.02684001208448081,0.22441858927985386
1.0,0.5,4.0,4.0,0.0025,0.005,10.0,2000,cond_mean,283,1.0001690817089182,1.9916495406126997,0.4980505154226897,0.0027173117159144155,0,0.016715978289629077,0.22441858927985386
1.0,0.5,4.0,4.0,0.0025,0.005,20.0,4000,cond_mean,283,1.0003162601047482,2.0343612816713477,0.5086251897850262,0.001765174504478738,0,0.041872652427848885,0.22441858927985386
1.0,0.5,4.0,4.0,0.0025,0.005,0.5,100,cond_mean,284,0.9998032881326632,2.0067164920908596,0.5001050403379382,0.002167590374131281,0,0.013200904390269563,0.2243343035723748
1.0,0.5,4.0,4.0,0.0025,0.005,1.0,200,cond_mean,284,0.9996493080058256,2.006431167947662,0.49737699347839165,0.0018354116734833846,0,0.012082658410238152,0.2243343035723748
1.0,0.5,4.0,4.0,0.0025,0.005,2.0,400,cond_mean,284,0.9995813570357921,2.022485294921671,0.4943926200226888,0.0021587291837069844,0,0.028890807743559375,0.2243343035723748
1.0,0.5,4.0,4.0,0.0025,0.005,3.5,700,cond_mean,284,0.9995294638480242,2.0265921884749787,0.49988836261456926,0.0029552462368734236,0,0.03404223603958708,0.2243343035723748
1.0,0.5,4.0,4.0,0.0025,0.005,5.0,1000,cond_mean,284,0.9998662155477546,2.0379039455839427,0.5061033200392713,0.0018012009790768977,0,0.04527293598328618,0.2243343035723748
1.0,0.5,4.0,4.0,0.0025,0.005,10.0,2000,cond_mean,284,0.9999645573268882,2.019091056085602,0.49659435743101293,0.0019061558698769538,0,0.024404573696127398,0.2243343035723748
1.0,0.5,4.0,4.0,0.0025,0.005,20.0,4000,cond_mean,284,1.0001798993883622,2.044668619318714,0.4951142793010064,0.001477441009378658,0,0.05264383571924317,0.2243343035723748
1.0,0.5,4.0,4.0,0.0025,0.005,0.5,100,cond_mean,285,0.9998415165239575,2.0098018316064903,0.49861649064364233,0.0022697204686043682,0,0.015962318636214542,0.2243316191514688
1.0,0.5,4.0,4.0,0.0025,0.005,1.0,200,cond_mean,285,1.0002927003127715,2.005150869918694,0.504259304088089,0.0018780799140430118,0,0.012081699098400091,0.2243316191514688
1.0,0.5,4.0,4.0,0.0025,0.005,2.0,400,cond_mean,285,1.0002439006728767,2.00520597593632,0.511494226772666,0.0012383217986998742,0,0.016842025412278333,0.2243316191514688
1.0,0.5,4.0,4.0,0.0025,0.005,3.5,700,cond_mean,285,1.0000030223307292,1.9955646774761167,0.4994354738963979,0.0019523237265458334,0,0.010884859628133845,0.2243316191514688
1.0,0.5,4.0,4.0,0.0025,0.005,5.0,1000,cond_mean,285,1.000253816217549,1.9927360975616282,0.5038151212290952,0.002365952921646716,0,0.015045700659344952,0.2243316191514688
1.0,0.5,4.0,4.0,0.0025,0.005,10.0,2000,cond_mean,285,0.9997314979685368,1.963576293419401,0.48775382050573585,0.0016761385654965408,0,0.04577156791351329,0.2243316191514688
1.0,0.5,4.0,4.0,0.0025,0.005,20.0,4000,cond_mean,285,1.0002555650455096,1.952200984873141,0.5092273543106082,0.0014867076348249989,0,0.056592313007917075,0.2243316191514688
1.0,0.5,4.0,4.0,0.0025,0.005,0.5,100,cond_mean,286,1.0000576715675307,1.9993681006901498,0.5077447264596103,0.001167696015357546,0,0.011541247838775318,0.22225725000524627
1.0,0.5,4.0,4.0,0.0025,0.005,1.0,200,cond_mean,286,1.000381840499072,1.9921021127061553,0.5184417597611759,0.002010186630805379,0,0.026856846482886176,0.22225725000524627
1.0,0.5,4.0,4.0,0.0025,0.005,2.0,400,cond_mean,286,1.0000678782362808,1.9796913117047101,0.5059276913413612,0.0019392912996727346,0,0.02640501626674114,0.22225725000524627
1.0,0.5,4.0,4.0,0.0025,0.005,3.5,700,cond_mean,286,0.9999434479944747,1.9895564349942227,0.5065215145163873,0.002054462173979754,0,0.017874014999179705,0.22225725000524627
1.0,0.5,4.0,4.0,0.0025,0.005,5.0,1000,cond_mean,286,1.0000618446163387,1.9650463310323756,0.5098924925534213,0.002289336315524145,0,0.043652690009861765,0.22225725000524627
1.0,0.5,4.0,4.0,0.0025,0.005,10.0,2000,cond_mean,286,1.0003669716846864,1.9185374008855676,0.49455943689918397,0.0020600382960861857,0,0.09518646918137755,0.22225725000524627
1.0,0.5,4.0,4.0,0.0025,0.005,20.0,4000,cond_mean,286,1.000025484720839,1.930128811764826,0.49412849821087723,0.002538222506469034,0,0.08229163566117167,0.22225725000524627
1.0,0.5,4.0,4.0,0.0025,0.005,0.5,100,cond_mean,287,1.0003063164681745,1.994854599735528,0.5050423383396312,0.001920873287994488,0,0.01270108212243153,0.22486709528935275
1.0,0.5,4.0,4.0,0.0025,0.005,1.0,200,cond_mean,287,1.0003312431912121,2.004417745321656,0.5053336142600416,0.0020456241970557088,0,0.012963739339888914,0.22486709528935275
1.0,0.5,4.0,4.0,0.0025,0.005,2.0,400,cond_mean,287,0.9999630285086889,1.990783938546028,0.505100153189784,0.0012916583618035502,0,0.014074886197332404,0.22486709528935275
1.0,0.5,4.0,4.0,0.0025,0.005,3.5,700,cond_mean,287,1.000179991095314,1.9742559377396507,0.5029905870531067,0.0016717507981026869,0,0.031014095537636555,0.22486709528935275
1.0,0.5,4.0,4.0,0.0025,0.005,5.0,1000,cond_mean,287,1.000098297575393,1.977273606992741,0.5071713962378845,0.0022560153020322166,0,0.029865419084849344,0.22486709528935275
1.0,0.5,4.0,4.0,0.0025,0.005,10.0,2000,cond_mean,287,1.0000643196378285,1.9232409147804244,0.49606608261646784,0.002025377563242874,0,0.08954682485429763,0.22486709528935275
1.0,0.5,4.0,4.0,0.0025,0.005,20.0,4000,cond_mean,287,1.00021600289262,1.9802515195334307,0.5160909994657775,0.0021360353121728484,0,0.03240969129662188,0.22486709528935275
1.0,0.5,4.0,4.0,0.0025,0.005,0.5,100,cond_mean,288,0.9997721312460688,1.995965407447787,0.49591396079345185,0.0021056199635316754,0,0.01237961669053902,0.22496644643667554
1.0,0.5,4.0,4.0,0.0025,0.005,1.0,200,cond_mean,288,0.9999469419149415,1.9982990390210973,0.5001671396845732,0.0014476089490405998,0,0.0073784689758369035,0.22496644643667554
1.0,0.5,4.0,4.0,0.0025,0.005,2.0,400,cond_mean,288,0.9998956170652946,1.982370112328027,0.5046000488790157,0.0022467079764824072,0,0.02397595603505843,0.22496644643667554
1.0,0.5,4.0,4.0,0.0025,0.005,3.5,700,cond_mean,288,0.9998717335532439,1.9842584104141416,0.5112533126065343,0.0016608864428088843,0,0.02483245660167849,0.22496644643667554
1.0,0.5,4.0,4.0,0.0025,0.005,5.0,1000,cond_mean,288,0.9995635080503353,1.9801986372543376,0.5046330719388629,0.0028603327907490038,0,0.02779530490191566,0.22496644643667554
1.0,0.5,4.0,4.0,0.0025,0.005,10.0,2000,cond_mean,288,1.0000606367423288,1.9878770811540205,0.5036356158734627,0.0018474830097541001,0,0.017283023362157878,0.22496644643667554
1.0,0.5,4.0,4.0,0.0025,0.005,20.0,4000,cond_mean,288,0.9999890705352708,1.9627365310131373,0.4919482405828645,0.0018714970910735937,0,0.04538798184756392,0.22496644643667554
1.0,0.5,4.0,4.0,0.0025,0.005,0.5,100,cond_mean,289,0.999958505965605,1.9980522379804495,0.49804556193383637,0.001853934841095113,0,0.009693474658343543,0.22616989870688745
1.0,0.5,4.0,4.0,0.0025,0.005,1.0,200,cond_mean,289,0.9998209261675005,1.9978748153820627,0.49739747435081,0.0018570036212307093,0,0.009935608142661334,0.22616989870688745
1.0,0.5,4.0,4.0,0.0025,0.005,2.0,400,cond_mean,289,0.9998494944184456,2.0182327980628245,0.503282056889185,0.0018271811391325028,0,0.023332183485189582,0.22616989870688745
1.0,0.5,4.0,4.0,0.0025,0.005,3.5,700,cond_mean,289,0.9998029820739364,2.009097414505278,0.5042618388718072,0.0015760516201603107,0,0.014362874919668216,0.22616989870688745
1.0,0.5,4.0,4.0,0.0025,0.005,5.0,1000,cond_mean,289,0.9996949201164801,1.9992684692240439,0.5129344951432131,0.002753693294519449,0,0.022138190414304596,0.22616989870688745
1.0,0.5,4.0,4.0,0.0025,0.005,10.0,2000,cond_mean,289,0.9998055251828583,2.0056562048333144,0.5035754182047515,0.002014732742635764,0,0.012925680939177921,0.22616989870688745
1.0,0.5,4.0,4.0,0.0025,0.005,20.0,4000,cond_mean,289,1.0000241005655242,1.9903501591211445,0.5052865517728165,0.003106530133212109,0,0.020030680856597316,0.22616989870688745
1.0,0.5,4.0,4.0,0.0025,0.005,0.5,100,cond_mean,290,0.9999600438939252,2.0004231951417024,0.49388118722424934,0.001615911854503699,0,0.011237056657484833,0.2247395238539736
1.0,0.5,4.0,4.0,0.0025,0.005,1.0,200,cond_mean,290,1.0001847301905118,1.9887397675927811,0.5010902319693129,0.002471067781591123,0,0.017826227155381815,0.2247395238539736
1.0,0.5,4.0,4.0,0.0025,0.005,2.0,400,cond_mean,290,1.0000427141801487,1.9950596044477737,0.502294677329856,0.001682681331609534,0,0.010440040535279844,0.2247395238539736
1.0,0.5,4.0,4.0,0.0025,0.005,3.5,700,cond_mean,290,1.0001562615683093,1.9800118644297868,0.50703436009424,0.0022452459895104583,0,0.027048660828992543,0.2247395238539736
1.0,0.5,4.0,4.0,0.0025,0.005,5.0,1000,cond_mean,290,1.0001187488373673,1.9950167942555395,0.5129899966920548,0.0014037198877333353,0,0.01895913230127766,0.2247395238539736
1.0,0.5,4.0,4.0,0.0025,0.005,10.0,2000,cond_mean,290,0.9998138777724744,2.0078692739592126,0.5059028782367303,0.0018688230126501196,0,0.015255660253170948,0.2247395238539736
1.0,0.5,4.0,4.0,0.0025,0.005,20.0,4000,cond_mean,290,0.9997565293919022,1.9927621042614365,0.50456611084252,0.002316052458364541,0,0.01553512972611487,0.2247395238539736
1.0,0.5,4.0,4.0,0.0025,0.005,0.5,100,cond_mean,291,0.9996946010573441,2.0025856255051635,0.4958717265846938,0.0019934803666602067,0,0.011361079718917843,0.2251629404324506
1.0,0.5,4.0,4.0,0.0025,0.005,1.0,200,cond_mean,291,0.9997799512927468,1.9960669958561132,0.4992947274247463,0.002223077483943991,0,0.011859850274032866,0.2251629404324506
1.0,0.5,4.0,4.0,0.0025,0.005,2.0,400,cond_mean,291,1.0001773054916996,2.0015133563942973,0.5068273107838064,0.0017148703433670976,0,0.012153390561185784,0.2251629404324506
1.0,0.5,4.0,4.0,0.0025,0.005,3.5,700,cond_mean,291,1.0005255272067854,2.007573289847089,0.508667848512847,0.0022587365596702133,0,0.017559570247990316,0.2251629404324506
1.0,0.5,4.0,4.0,0.0025,0.005,5.0,1000,cond_mean,291,0.9997487720595472,2.01143657782238,0.5009883416244989,0.0027599123577247255,0,0.01901990230714268,0.2251629404324506
1.0,0.5,4.0,4.0,0.0025,0.005,10.0,2000,cond_mean,291,1.000158740836067,1.9859430045113204,0.5092717729365033,0.0018185270392561837,0,0.021916533551557763,0.2251629404324506
1.0,0.5,4.0,4.0,0.0025,0.005,20.0,4000,cond_mean,291,0.999463656454054,2.011244497310071,0.4914457552316421,0.002049887760181259,0,0.019410869131491176,0.2251629404324506
1.0,0.5,4.0,4.0,0.0025,0.005,0.5,100,cond_mean,292,1.0001628237201603,1.9990379256940458,0.5023552861891096,0.0027009780103465345,0,0.01359337931436143,0.22588395842883205
1.0,0.5,4.0,4.0,0.0025,0.005,1.0,200,cond_mean,292,1.000145078907845,2.0006778897650364,0.5091757508407581,0.002203655643665754,0,0.015958989909730832,0.22588395842883205
1.0,0.5,4.0,4.0,0.0025,0.005,2.0,400,cond_mean,292,1.0002590323107772,1.9969583655298995,0.5121519903779435,0.0025640999119669813,0,0.02018535982213076,0.22588395842883205
1.0,0.5,4.0,4.0,0.0025,0.005,3.5,700,cond_mean,292,1.0001687606300296,1.9874959849503393,0.4990432125112265,0.002086325511859033,0,0.017789442725959274,0.22588395842883205
1.0,0.5,4.0,4.0,0.0025,0.005,5.0,1000,cond_mean,292,1.0003329460640604,1.989234612608439,0.5052691949128801,0.0018486312205598207,0,0.016608779448762045,0.22588395842883205
1.0,0.5,4.0,4.0,0.0025,0.005,10.0,2000,cond_mean,292,1.000039889992203,1.9688770550232886,0.502791007490708,0.0018347674529073268,0,0.03718025055281234,0.22588395842883205
1.0,0.5,4.0,4.0,0.0025,0.005,20.0,4000,cond_mean,292,1.0001017222890107,1.9605916310370017,0.503272631557575,0.002095897994296592,0,0.04677336695737505,0.22588395842883205
1.0,0.5,4.0,4.0,0.0025,0.005,0.5,100,cond_mean,293,1.0000441305934267,2.011561109831715,0.503352416312955,0.0021728247224810605,0,0.017619216255198817,0.22660406555847398
1.0,0.5,4.0,4.0,0.0025,0.005,1.0,200,cond_mean,293,0.9995170681072861,2.008229418003078,0.49162479946546833,0.0030750233144710964,0,0.02048661648465969,0.22660406555847398
1.0,0.5,4.0,4.0,0.0025,0.005,2.0,400,cond_mean,293,0.9998561038061209,1.994208197981195,0.49563495089514154,0.0013868365982665585,0,0.011006631249414067,0.22660406555847398
1.0,0.5,4.0,4.0,0.0025,0.005,3.5,700,cond_mean,293,0.999910538308933,1.9775729035155138,0.49914285470363856,0.001701835678892317,0,0.027240793145098367,0.22660406555847398
1.0,0.5,4.0,4.0,0.0025,0.005,5.0,1000,cond_mean,293,0.9998863313942493,1.9749064981122062,0.4980575832160923,0.0019675476528840095,0,0.03067359731428065,0.22660406555847398
1.0,0.5,4.0,4.0,0.0025,0.005,10.0,2000,cond_mean,293,1.0002323927922048,1.9732069773439047,0.49783098350352706,0.0018044248135513001,0,0.03241051251367659,0.22660406555847398
1.0,0.5,4.0,4.0,0.0025,0.005,20.0,4000,cond_mean,293,0.999994983426615,1.9605750618918403,0.4986205603282008,0.0014684228460162612,0,0.04615220129863646,0.22660406555847398
1.0,0.5,4.0,4.0,0.0025,0.005,0.5,100,cond_mean,294,1.0000476819193735,1.9889422153862597,0.5032950070373458,0.001895660494794459,0,0.016348775821695177,0.22610821428575686
1.0,0.5,4.0,4.0,0.0025,0.005,1.0,200,cond_mean,294,1.0000481362849103,2.000673101230122,0.5017027213513431,0.001932795348248548,0,0.009749677291859007,0.22610821428575686
1.0,0.5,4.0,4.0,0.0025,0.005,2.0,400,cond_mean,294,1.0000986046388236,2.001074597947776,0.5064747760569541,0.001892826858913145,0,0.012480761267666705,0.22610821428575686
1.0,0.5,4.0,4.0,0.0025,0.005,3.5,700,cond_mean,294,1.0003773827338716,2.005575411650138,0.5095011102469154,0.0019972619278116202,0,0.01656061603009774,0.22610821428575686
1.0,0.5,4.0,4.0,0.0025,0.005,5.0,1000,cond_mean,294,1.0002720170715682,2.0054838994504336,0.5043582393061509,0.001492765825634284,0,0.01101430836511954,0.22610821428575686
1.0,0.5,4.0,4.0,0.0025,0.005,10.0,2000,cond_mean,294,1.00025829922318,2.0296174929316133,0.5010477423765995,0.002539680865779671,0,0.0364196552532552,0.22610821428575686
1.0,0.5,4.0,4.0,0.0025,0.005,20.0,4000,cond_mean,294,0.9998168158331829,2.0498328761741273,0.4929562321008435,0.0033121739552393775,0,0.06052468092189978,0.22610821428575686
1.0,0.5,4.0,4.0,0.0025,0.005,0.5,100,cond_mean,295,1.000006547228511,1.9956986067855853,0.5002529540804628,0.00140188840133309,0,0.00848829156436402,0.22439775000592427
1.0,0.5,4.0,4.0,0.0025,0.005,1.0,200,cond_mean,295,0.9997563227250622,1.9970709768906454,0.49788918268260857,0.0025437525476771665,0,0.013159017769976387,0.22439775000592427
1.0,0.5,4.0,4.0,0.0025,0.005,2.0,400,cond_mean,295,0.9996733724309297,2.000838562424689,0.5041692283384278,0.0032689240302195893,0,0.017265353441670885,0.22439775000592427
1.0,0.5,4.0,4.0,0.0025,0.005,3.5,700,cond_mean,295,0.9998406023688199,1.9936338838485417,0.506703923856842,0.001628669996550569,0,0.01418886729808725,0.22439775000592427
1.0,0.5,4.0,4.0,0.0025,0.005,5.0,1000,cond_mean,295,0.9997061388512805,2.0007918939155602,0.4963623098364381,0.0030383061148501356,0,0.015546086830626756,0.22439775000592427
1.0,0.5,4.0,4.0,0.0025,0.005,10.0,2000,cond_mean,295,0.9998173679821375,2.0277705188058692,0.4877555445659901,0.0024345795216323607,0,0.037942233412693385,0.22439775000592427
1.0,0.5,4.0,4.0,0.0025,0.005,20.0,4000,cond_mean,295,1.0004008631321946,2.0649660343308875,0.5130332683932656,0.0030477567278058516,0,0.07782519856766013,0.22439775000592427
1.0,0.5,4.0,4.0,0.0025,0.005,0.5,100,cond_mean,296,1.000275538160651,2.000237799065847,0.5022140382401299,0.0017866894688135552,0,0.009149811255786351,0.2250720297119447
1.0,0.5,4.0,4.0,0.0025,0.005,1.0,200,cond_mean,296,1.0000404090836312,1.996822766551631,0.49665599406872174,0.0016985501761473784,0,0.010149131062362529,0.2250720297119447
1.0,0.5,4.0,4.0,0.0025,0.005,2.0,400,cond_mean,296,0.99965583508058,1.9849232534614871,0.4936324732723822,0.0026312190888010726,0,0.023121262195379418,0.2250720297119447
1.0,0.5,4.0,4.0,0.0025,0.005,3.5,700,cond_mean,296,1.0001166483951462,1.9903071907927263,0.4977681877184596,0.003115018149507691,0,0.01924370551296611,0.2250720297119447
1.0,0.5,4.0,4.0,0.0025,0.005,5.0,1000,cond_mean,296,1.0000230679024582,1.9946837382755047,0.5040674095242715,0.0027491023847433507,0,0.015728588158330493,0.2250720297119447
1.0,0.5,4.0,4.0,0.0025,0.005,10.0,2000,cond_mean,296,1.0000772148539916,1.9917650512180756,0.5153583101596584,0.0019437259132226358,0,0.02398841396283669,0.2250720297119447
1.0,0.5,4.0,4.0,0.0025,0.005,20.0,4000,cond_mean,296,1.0000429549625538,2.0017137524068724,0.5009276768725767,0.0031131279411698415,0,0.015438435095303828,0.2250720297119447
1.0,0.5,4.0,4.0,0.0025,0.005,0.5,100,cond_mean,297,0.9999731784160312,2.0066995311628695,0.5057131022599287,0.0014748870432885323,0,0.012982203890676811,0.22335549414024822
1.0,0.5,4.0,4.0,0.0025,0.005,1.0,200,cond_mean,297,0.9999543716938729,1.9999538822098657,0.5027883622152649,0.0016569501261616785,0,0.008953012590005355,0.22335549414024822
1.0,0.5,4.0,4.0,0.0025,0.005,2.0,400,cond_mean,297,0.9999675170119403,2.021566196774575,0.5050878229590113,0.002602857986837172,0,0.028780945028071287,0.22335549414024822
1.0,0.5,4.0,4.0,0.0025,0.005,3.5,700,cond_mean,297,0.9997607981127639,2.0263007767137133,0.5024134816565518,0.0025413755161762083,0,0.03300988295446264,0.22335549414024822
1.0,0.5,4.0,4.0,0.0025,0.005,5.0,1000,cond_mean,297,0.9999105923036365,2.017849369404489,0.5032210708397512,0.0015613143158890624,0,0.02240457098810201,0.22335549414024822
1.0,0.5,4.0,4.0,0.0025,0.005,10.0,2000,cond_mean,297,1.000136818976646,1.9808536048302436,0.4968543916720403,0.0018550266108056867,0,0.02433733026051716,0.22335549414024822
1.0,0.5,4.0,4.0,0.0025,0.005,20.0,4000,cond_mean,297,0.9996603471379434,1.9600469393404918,0.5062498323495731,0.0023335199111137865,0,0.048195221392282515,0.22335549414024822
1.0,0.5,4.0,4.0,0.0025,0.005,0.5,100,cond_mean,298,1.0000168595064562,1.9945540537653446,0.4986098707443368,0.0018295061324704524,0,0.011116062532080103,0.2270001071405464
1.0,0.5,4.0,4.0,0.0025,0.005,1.0,200,cond_mean,298,0.9999235881418664,1.9940610094030804,0.503879827345181,0.0026445361322519896,0,0.015587715254882157,0.2270001071405464
1.0,0.5,4.0,4.0,0.0025,0.005,2.0,400,cond_mean,298,1.0001898467455563,2.005895655977527,0.5013510688503807,0.001359223990911021,0,0.009661822095672621,0.2270001071405464
1.0,0.5,4.0,4.0,0.0025,0.005,3.5,700,cond_mean,298,0.9998572162314509,1.9836937760721205,0.4896352098634819,0.0019184018486731254,0,0.02498325632500103,0.2270001071405464
1.0,0.5,4.0,4.0,0.0025,0.005,5.0,1000,cond_mean,298,0.9999722336705127,1.970493629019403,0.4919248015108918,0.0020392408248995717,0,0.037129405487968295,0.2270001071405464
1.0,0.5,4.0,4.0,0.0025,0.005,10.0,2000,cond_mean,298,0.9997458865048603,1.9856184468035833,0.5038522077262593,0.0018439785622950291,0,0.019748345033182988,0.2270001071405464
1.0,0.5,4.0,4.0,0.0025,0.005,20.0,4000,cond_mean,298,0.9996712646377096,2.0035469308205833,0.5019126772566291,0.002443360059238283,0,0.013145186026771232,0.2270001071405464
1.0,0.5,4.0,4.0,0.0025,0.005,0.5,100,cond_mean,299,0.9998642992943896,2.0005602764709907,0.4935583746050775,0.001986796137358987,0,0.01274956283310483,0.2252759702803035
1.0,0.5,4.0,4.0,0.0025,0.005,1.0,200,cond_mean,299,1.0000777598262616,2.0014596342950552,0.49713902987670205,0.0023848819158119633,0,0.012463239914348346,0.2252759702803035
1.0,0.5,4.0,4.0,0.0025,0.005,2.0,400,cond_mean,299,1.0000040458414141,1.9875002373294344,0.5003664426996621,0.002560438533271656,0,0.019139826586798858,0.2252759702803035
1.0,0.5,4.0,4.0,0.0025,0.005,3.5,700,cond_mean,299,1.0002164756239982,2.004231831599762,0.5054177623620363,0.0026914689483807704,0,0.015557494707894208,0.2252759702803035
1.0,0.5,4.0,4.0,0.0025,0.005,5.0,1000,cond_mean,299,1.0003050165092546,2.0074098609270967,0.5098307505814732,0.003331586525668637,0,0.02210687007629569,0.2252759702803035
1.0,0.5,4.0,4.0,0.0025,0.005,10.0,2000,cond_mean,299,0.9998249183642515,2.0037491969786987,0.5064022565007439,0.0017849932364046802,0,0.013127049809290093,0.2252759702803035
1.0,0.5,4.0,4.0,0.0025,0.005,20.0,4000,cond_mean,299,1.0000265070064607,1.9874077933182421,0.49681491172256154,0.0013361525034861288,0,0.0165151393453088,0.2252759702803035
1.0,0.5,4.0,4.0,0.0025,0.005,0.5,100,cond_mean,300,0.9996869110015311,1.9990453342828118,0.4922844681794314,0.0029254014784835425,0,0.017250574052836243,0.22365404770243913
1.0,0.5,4.0,4.0,0.0025,0.005,1.0,200,cond_mean,300,1.0001859597179232,2.0004961151081146,0.4966034337111493,0.0016074761253794072,0,0.00932864412085067,0.22365404770243913
1.0,0.5,4.0,4.0,0.0025,0.005,2.0,400,cond_mean,300,1.000235488391038,1.991557431416743,0.4997103169213228,0.0020967771868708775,0,0.014240152910150797,0.22365404770243913
1.0,0.5,4.0,4.0,0.0025,0.005,3.5,700,cond_mean,300,1.0000357481438436,2.000990212939274,0.4986887776544106,0.0020686813219332905,0,0.010368069388626142,0.22365404770243913
1.0,0.5,4.0,4.0,0.0025,0.005,5.0,1000,cond_mean,300,0.9999507315115632,1.9755400281287594,0.49402510568027813,0.002066874874697661,0,0.031043634768382913,0.22365404770243913
1.0,0.5,4.0,4.0,0.0025,0.005,10.0,2000,cond_mean,300,0.9999936302252862,2.0064277882937698,0.5012433161507719,0.0014552573443402102,0,0.010426751218853718,0.22365404770243913
1.0,0.5,4.0,4.0,0.0025,0.005,20.0,4000,cond_mean,300,1.0003468290158264,2.0525906244745804,0.5057895932397091,0.003920381793446542,0,0.06379992288654211,0.22365404770243913
1.0,0.5,4.0,4.0,0.0025,0.005,0.5,100,cond_mean,301,1.0001959828457725,1.9990953166319914,0.5047250340805847,0.0020377416895907066,0,0.011621111884946186,0.22460711915378592
1.0,0.5,4.0,4.0,0.0025,0.005,1.0,200,cond_mean,301,1.0001916487229996,2.0025464388512813,0.4990310418082672,0.002075686430028594,0,0.01076530213807867,0.22460711915378592
1.0,0.5,4.0,4.0,0.0025,0.005,2.0,400,cond_mean,301,1.0003509922862712,1.9993967028109876,0.5110019349546254,0.0022012725414804536,0,0.017472867851732528,0.22460711915378592
1.0,0.5,4.0,4.0,0.0025,0.005,3.5,700,cond_mean,301,0.9999023461112342,2.0094485067733308,0.5050339642800747,0.0019210453310770917,0,0.015947029699074987,0.22460711915378592
1.0,0.5,4.0,4.0,0.0025,0.005,5.0,1000,cond_mean,301,1.0000414511910989,2.0029596491709123,0.498761255890969,0.0014815718666221858,0,0.008215467833888584,0.22460711915378592
1.0,0.5,4.0,4.0,0.0025,0.005,10.0,2000,cond_mean,301,0.9998484664027956,1.982046170060105,0.49296921508530983,0.0019272805544315564,0,0.024574389255046656,0.22460711915378592
1.0,0.5,4.0,4.0,0.0025,0.005,20.0,4000,cond_mean,301,1.0001170376263089,1.9834584597455513,0.5050356014107759,0.0016211678486482517,0,0.02158689246257522,0.22460711915378592
1.0,0.5,4.0,4.0,0.0025,0.005,0.5,100,cond_mean,302,1.0000582229953845,1.9890022198135509,0.5011504488593777,0.0017479302889314666,0,0.015386054195719607,0.22479029756505042
1.0,0.5,4.0,4.0,0.0025,0.005,1.0,200,cond_mean,302,0.9999556229821587,1.9979989267315523,0.5013587024975804,0.0017846018473002918,0,0.009247954869668423,0.22479029756505042
1.0,0.5,4.0,4.0,0.0025,0.005,2.0,400,cond_mean,302,1.0001768358853549,1.9925839409228565,0.5103071225530208,0.001628055420062298,0,0.017508065881667017,0.22479029756505042
1.0,0.5,4.0,4.0,0.0025,0.005,3.5,700,cond_mean,302,0.9996828419299919,1.9978862012905279,0.5020515716250955,0.002050155826344776,0,0.010971374713615997,0.22479029756505042
1.0,0.5,4.0,4.0,0.0025,0.005,5.0,1000,cond_mean,302,0.9996784788965046,1.9720917055296192,0.501270873095115,0.0020948258611143424,0,0.03392411802880464,0.22479029756505042
1.0,0.5,4.0,4.0,0.0025,0.005,10.0,2000,cond_mean,302,1.000203854235496,1.9751696864205168,0.49406989203279295,0.0021621660808689223,0,0.03175386394211194,0.22479029756505042
1.0,0.5,4.0,4.0,0.0025,0.005,20.0,4000,cond_mean,302,1.000234110794317,2.0033820311545045,0.49714095226003396,0.0023301139710296364,0,0.012848573690959202,0.22479029756505042
1.0,0.5,4.0,4.0,0.0025,0.005,0.5,100,cond_mean,303,0.9999733666751376,1.9911930291585462,0.5011623424525257,0.00152604177861226,0,0.01272307108489171,0.22428770842296736
1.0,0.5,4.0,4.0,0.0025,0.005,1.0,200,cond_mean,303,0.9997809533826344,1.9899346874295616,0.4988693390942,0.0015871611948615636,0,0.014058688645624085,0.22428770842296736
1.0,0.5,4.0,4.0,0.0025,0.005,2.0,400,cond_mean,303,0.9998590634630282,1.9995415130423924,0.5017231829341278,0.0024562557042109015,0,0.012344359068120885,0.22428770842296736
1.0,0.5,4.0,4.0,0.0025,0.005,3.5,700,cond_mean,303,0.999997451395081,1.9865659475887298,0.5086744257118361,0.001579612568977652,0,0.02062370515527695,0.22428770842296736
1.0,0.5,4.0,4.0,0.0025,0.005,5.0,1000,cond_mean,303,1.0001152468494843,1.9850985730661335,0.5132141582212498,0.0015470974068266341,0,0.025264139938463853,0.22428770842296736
1.0,0.5,4.0,4.0,0.0025,0.005,10.0,2000,cond_mean,303,0.9999495165239816,1.9515609842863002,0.5105978855891775,0.0021239885652754487,0,0.05831028186597783,0.22428770842296736
1.0,0.5,4.0,4.0,0.0025,0.005,20.0,4000,cond_mean,303,1.000231974361568,1.9299079575929456,0.5065052237728778,0.0019185039000655015,0,0.08162157851324092,0.22428770842296736
1.0,0.5,4.0,4.0,0.0025,0.005,0.5,100,cond_mean,304,1.0001768534675541,1.999578239486437,0.49592632511028023,0.002665839858704957,0,0.014316737270910377,0.22585845243052713
1.0,0.5,4.0,4.0,0.0025,0.005,1.0,200,cond_mean,304,0.9998949513533387,2.0090396731592444,0.4995822376551518,0.0020080860228643303,0,0.014363003008978654,0.22585845243052713
1.0,0.5,4.0,4.0,0.0025,0.005,2.0,400,cond_mean,304,0.999745289561002,2.017132559152413,0.4934833352302114,0.001831435386998618,0,0.023263177176518234,0.22585845243052713
1.0,0.5,4.0,4.0,0.0025,0.005,3.5,700,cond_mean,304,1.0003258664727093,2.0252175631964033,0.5073484266307748,0.002088033590052042,0,0.03205619717237852,0.22585845243052713
1.0,0.5,4.0,4.0,0.0025,0.005,5.0,1000,cond_mean,304,1.0003346436485474,2.015056941246547,0.509329641947036,0.00250370588931028,0,0.024149962767296695,0.22585845243052713
1.0,0.5,4.0,4.0,0.0025,0.005,10.0,2000,cond_mean,304,0.9998969101463748,1.999791659539685,0.5068357046123719,0.0015924491163641615,0,0.012057192926117875,0.22585845243052713
1.0,0.5,4.0,4.0,0.0025,0.005,20.0,4000,cond_mean,304,0.9998689254645546,1.981827572169404,0.4915401578844626,0.0017489507520812198,0,0.02517172521983916,0.22585845243052713
1.0,0.5,4.0,4.0,0.0025,0.005,0.5,100,cond_mean,305,1.000022219318746,1.9950134769593884,0.498972694313839,0.0019814755814590453,0,0.011380241705079666,0.22354050000597323
1.0,0.5,4.0,4.0,0.0025,0.005,1.0,200,cond_mean,305,1.0001317102263487,1.9923633143831498,0.5002317307436722,0.0025712773845227555,0,0.01539955813572265,0.22354050000597323
1.0,0.5,4.0,4.0,0.0025,0.005,2.0,400,cond_mean,305,0.9998486505267401,2.0035013170020664,0.49969232696577404,0.0019293087591473416,0,0.010312890940895823,0.22354050000597323
1.0,0.5,4.0,4.0,0.0025,0.005,3.5,700,cond_mean,305,0.9999129777044069,1.9994349035825845,0.4960845574675747,0.0015311336418309344,0,0.009027351069947355,0.22354050000597323
1.0,0.5,4.0,4.0,0.0025,0.005,5.0,1000,cond_mean,305,1.0001309252645378,1.9942893707747538,0.496101362173869,0.0019159859160279348,0,0.01272097128928015,0.22354050000597323
1.0,0.5,4.0,4.0,0.0025,0.005,10.0,2000,cond_mean,305,1.0002047459992038,1.9618788517651187,0.49908993338849766,0.0023338394265609926,0,0.04555468631699818,0.22354050000597323
1.0,0.5,4.0,4.0,0.0025,0.005,20.0,4000,cond_mean,305,1.0000068215384392,1.9349491618780297,0.49941645448211663,0.0018473527437688406,0,0.07566248958261074,0.22354050000597323
1.0,0.5,4.0,4.0,0.0025,0.005,0.5,100,cond_mean,306,1.0000425000086122,1.9948150717892614,0.5040461468436702,0.0021375517934086414,0,0.013139993804559446,0.22554375000098453
1.0,0.5,4.0,4.0,0.0025,0.005,1.0,200,cond_mean,306,1.0000928893505128,1.9978756960425825,0.5057330802591119,0.002914637297266246,0,0.016240066009295503,0.22554375000098453
1.0,0.5,4.0,4.0,0.0025,0.005,2.0,400,cond_mean,306,1.0001175841555672,1.9909559687429879,0.5126832780184627,0.0021791425637541777,0,0.022053028919164188,0.22554375000098453
1.0,0.5,4.0,4.0,0.0025,0.005,3.5,700,cond_mean,306,0.9998639632830583,1.9950217005437352,0.5054336525380283,0.0020908827304347366,0,0.013894019115396549,0.22554375000098453
1.0,0.5,4.0,4.0,0.0025,0.005,5.0,1000,cond_mean,306,0.9996942273075033,2.011952635535506,0.4979962225606041,0.0018319521031091226,0,0.01664934703255175,0.22554375000098453
1.0,0.5,4.0,4.0,0.0025,0.005,10.0,2000,cond_mean,306,1.0002507346762923,1.9948277179451033,0.5068952282731093,0.0018947561531985199,0,0.013966252472174848,0.22554375000098453
1.0,0.5,4.0,4.0,0.0025,0.005,20.0,4000,cond_mean,306,1.0003514792748138,1.9550053643914305,0.4949804187391122,0.0022307074542674116,0,0.05373452434526048,0.22554375000098453
1.0,0.5,4.0,4.0,0.0025,0.005,0.5,100,cond_mean,307,1.0000520761962086,1.9927255669614192,0.5050710645352414,0.0022043706159648574,0,0.015181867341118352,0.22991259529122285
1.0,0.5,4.0,4.0,0.0025,0.005,1.0,200,cond_mean,307,1.0000792621042758,1.9909240113729718,0.5020934504949554,0.0018051618014757892,0,0.013957525890161724,0.22991259529122285
1.0,0.5,4.0,4.0,0.0025,0.005,2.0,400,cond_mean,307,1.0000129018756858,1.998396195524569,0.501805385633524,0.0023198901179425782,0,0.011760371747208427,0.22991259529122285
1.0,0.5,4.0,4.0,0.0025,0.005,3.5,700,cond_mean,307,1.000254734545293,1.976507146364468,0.5054794803116344,0.0020980701762914927,0,0.029720958120545142,0.22991259529122285
1.0,0.5,4.0,4.0,0.0025,0.005,5.0,1000,cond_mean,307,0.9997940207847203,1.9748091735454028,0.4950126433049913,0.002417600990128808,0,0.03207228523048913,0.22991259529122285
1.0,0.5,4.0,4.0,0.0025,0.005,10.0,2000,cond_mean,307,1.0002045439714882,1.9996805935247446,0.49478855603982214,0.0019210328977525824,0,0.01197373394297784,0.22991259529122285
1.0,0.5,4.0,4.0,0.0025,0.005,20.0,4000,cond_mean,307,0.9997261953858699,2.022102940316176,0.49919567688872196,0.0016109997366282414,0,0.02676108288130294,0.22991259529122285
1.0,0.5,4.0,4.0,0.0025,0.005,0.5,100,cond_mean,308,1.0001022580222023,1.9986184049148663,0.5006654674583874,0.001721963308835227,0,0.00863182707879271,0.22555137500499509
1.0,0.5,4.0,4.0,0.0025,0.005,1.0,200,cond_mean,308,1.0004298636793156,1.998839142618525,0.5055259855397597,0.0026237182624991606,0,0.014531660763199648,0.22555137500499509
1.0,0.5,4.0,4.0,0.0025,0.005,2.0,400,cond_mean,308,0.9998453078694919,1.9964536246699984,0.4917418898970805,0.002205262408218339,0,0.015629712098508,0.22555137500499509
1.0,0.5,4.0,4.0,0.0025,0.005,3.5,700,cond_mean,308,0.9999070734809908,1.994301027043486,0.4943027718378634,0.0012226561914722392,0,0.011527139517333623,0.22555137500499509
1.0,0.5,4.0,4.0,0.0025,0.005,5.0,1000,cond_mean,308,0.9998238776288885,2.005151577156994,0.4904140789537886,0.0025891394206091246,0,0.018683050161348292,0.22555137500499509
1.0,0.5,4.0,4.0,0.0025,0.005,10.0,2000,cond_mean,308,1.0003102307486942,1.9897710754398357,0.5038043733269786,0.0022331492028636562,0,0.01669208335046839,0.22555137500499509
1.0,0.5,4.0,4.0,0.0025,0.005,20.0,4000,cond_mean,308,1.000216764632109,1.9799742338074477,0.5102346700491684,0.001521355467829739,0,0.02744150512530761,0.22555137500499509
1.0,0.5,4.0,4.0,0.0025,0.005,0.5,100,cond_mean,309,1.000172958758706,2.0048354961529267,0.505231267613932,0.001469780040759759,0,0.011210167581269996,0.22323533929219203
1.0,0.5,4.0,4.0,0.0025,0.005,1.0,200,cond_mean,309,1.000197407769748,2.001102374770448,0.49880581864879453,0.001238031326541238,0,0.006578176648076253,0.22323533929219203
1.0,0.5,4.0,4.0,0.0025,0.005,2.0,400,cond_mean,309,0.9999744632359095,2.0062803479671016,0.49662848500875106,0.0017179341160738846,0,0.011944808016716203,0.22323533929219203
1.0,0.5,4.0,4.0,0.0025,0.005,3.5,700,cond_mean,309,1.0001617594496581,2.014374099092196,0.5067254109405597,0.0015721485449970913,0,0.020144049811029685,0.22323533929219203
1.0,0.5,4.0,4.0,0.0025,0.005,5.0,1000,cond_mean,309,1.0001479026829971,2.006633359736476,0.5032678545545161,0.0024700773515416393,0,0.014883537396605296,0.22323533929219203
1.0,0.5,4.0,4.0,0.0025,0.005,10.0,2000,cond_mean,309,1.0001575922930714,2.012706711644129,0.4913538680761378,0.0014632842769824596,0,0.020185848203622105,0.22323533929219203
1.0,0.5,4.0,4.0,0.0025,0.005,20.0,4000,cond_mean,309,0.9997835440094394,2.0200587483189874,0.49681876930246416,0.0018246271916767397,0,0.025131901992101004,0.22323533929219203
1.0,0.5,4.0,4.0,0.0025,0.005,0.5,100,cond_mean,310,1.0001546709911813,1.999446008117038,0.5001762416527583,0.0023992724419725337,0,0.011806616084099502,0.22432031557296536
1.0,0.5,4.0,4.0,0.0025,0.005,1.0,200,cond_mean,310,1.0000219140849185,2.005563528747672,0.5006709113905702,0.0022942137937603945,0,0.012981229731519463,0.22432031557296536
1.0,0.5,4.0,4.0,0.0025,0.005,2.0,400,cond_mean,310,0.9999811707852806,2.0065093874968296,0.49849001145011146,0.002951472019329533,0,0.016421543226186035,0.22432031557296536
1.0,0.5,4.0,4.0,0.0025,0.005,3.5,700,cond_mean,310,0.9995992170254587,2.0132596714553324,0.48814016864099097,0.002524084659373767,0,0.02461179164830493,0.22432031557296536
1.0,0.5,4.0,4.0,0.0025,0.005,5.0,1000,cond_mean,310,1.0000674739739839,2.0004058264824316,0.5031890705281634,0.0017159102266257726,0,0.009349632211976173,0.22432031557296536
1.0,0.5,4.0,4.0,0.0025,0.005,10.0,2000,cond_mean,310,0.9996484646240243,1.9894748146673642,0.4977525189863431,0.0022984272687200068,0,0.016803499387942913,0.22432031557296536
1.0,0.5,4.0,4.0,0.0025,0.005,20.0,4000,cond_mean,310,1.0002298348362124,2.005404874547845,0.5024472783408449,0.002081320752601954,0,0.012299044123338246,0.22432031557296536
1.0,0.5,4.0,4.0,0.0025,0.005,0.5,100,cond_mean,311,0.9997875305818505,2.009174397860805,0.4912589650978469,0.002220319569616988,0,0.018817062487961653,0.22669338100656336
1.0,0.5,4.0,4.0,0.0025,0.005,1.0,200,cond_mean,311,1.0000310942555959,2.0203457116111934,0.49688390078459094,0.002954568543889519,0,0.02790443599129309,0.22669338100656336
1.0,0.5,4.0,4.0,0.0025,0.005,2.0,400,cond_mean,311,1.0000654437246412,2.0238063720126975,0.5112262240278035,0.002520932218456524,0,0.03341299573260767,0.22669338100656336
1.0,0.5,4.0,4.0,0.0025,0.005,3.5,700,cond_mean,311,0.9996880959881269,2.022750907566277,0.49733705042105647,0.002472730943014356,0,0.029123405799528417,0.22669338100656336
1.0,0.5,4.0,4.0,0.0025,0.005,5.0,1000,cond_mean,311,0.9997874156035726,2.011131214106174,0.49515921371105737,0.0018876181161989838,0,0.01694934839252946,0.22669338100656336
1.0,0.5,4.0,4.0,0.0025,0.005,10.0,2000,cond_mean,311,1.0003517501456114,2.0150044133725897,0.500388504629474,0.0017046315599860953,0,0.019299540115522405,0.22669338100656336
1.0,0.5,4.0,4.0,0.0025,0.005,20.0,4000,cond_mean,311,0.999966672699014,1.9896641525663654,0.5007698906917664,0.0015446387754885947,0,0.014177570969071114,0.22669338100656336
1.0,0.5,4.0,4.0,0.0025,0.005,0.5,100,cond_mean,312,1.0003496501080702,1.9864967365270654,0.5024803895756346,0.001917298343508934,0,0.01843367026394613,0.2245202737062105
1.0,0.5,4.0,4.0,0.0025,0.005,1.0,200,cond_mean,312,1.0003437936582724,1.9842473020239935,0.5002427583209639,0.002341331772077981,0,0.021569384865303513,0.2245202737062105
1.0,0.5,4.0,4.0,0.0025,0.005,2.0,400,cond_mean,312,1.0000225119514239,1.9962758948471773,0.49692059144994055,0.0030224835144577423,0,0.015980957213123887,0.2245202737062105
1.0,0.5,4.0,4.0,0.0025,0.005,3.5,700,cond_mean,312,0.9999904935404342,1.988377350864862,0.4936176127734456,0.0018726335521248587,0,0.01831199481950724,0.2245202737062105
1.0,0.5,4.0,4.0,0.0025,0.005,5.0,1000,cond_mean,312,1.0001744309623555,2.0043975875551934,0.495616554475419,0.002088871514586482,0,0.0129955472641545,0.2245202737062105
1.0,0.5,4.0,4.0,0.0025,0.005,10.0,2000,cond_mean,312,0.9998274410425788,2.023202031798816,0.502433558949031,0.002577863840482297,0,0.02980713097097465,0.2245202737062105
1.0,0.5,4.0,4.0,0.0025,0.005,20.0,4000,cond_mean,312,0.9998612854198606,1.9969637943707326,0.505317641235799,0.0023478162624733703,0,0.014048980740212706,0.2245202737062105
1.0,0.5,4.0,4.0,0.0025,0.005,0.5,100,cond_mean,313,1.0000258189718352,1.9856716285743925,0.4998830493154342,0.0019238609378408218,0,0.019050613679801903,0.2238388451348458
1.0,0.5,4.0,4.0,0.0025,0.005,1.0,200,cond_mean,313,1.0001518185806193,1.97928981342987,0.5061498457021275,0.0018161765906711948,0,0.02663654051206196,0.2238388451348458
1.0,0.5,4.0,4.0,0.0025,0.005,2.0,400,cond_mean,313,1.0001282092305415,1.9843831554078224,0.5012955648820033,0.0017589252471958393,0,0.020042922409207978,0.2238388451348458
1.0,0.5,4.0,4.0,0.0025,0.005,3.5,700,cond_mean,313,1.000164172505651,1.9667616856207426,0.49766683237617365,0.001963858506557993,0,0.03975244515167885,0.2238388451348458
1.0,0.5,4.0,4.0,0.0025,0.005,5.0,1000,cond_mean,313,0.9999973888768878,1.9777921427664797,0.49510125389282195,0.0016552027738657648,0,0.02769867246123263,0.2238388451348458
1.0,0.5,4.0,4.0,0.0025,0.005,10.0,2000,cond_mean,313,1.000040770892533,2.000138016945625,0.4982665430966189,0.002031114484732524,0,0.010243099917896391,0.2238388451348458
1.0,0.5,4.0,4.0,0.0025,0.005,20.0,4000,cond_mean,313,0.9997483643843497,2.003536153290686,0.49140740584441217,0.002845430960750836,0,0.018094253395344935,0.2238388451348458
1.0,0.5,4.0,4.0,0.0025,0.005,0.5,100,cond_mean,314,1.0001034756669849,1.9929110352060666,0.5009761616886778,0.0014434062390097015,0,0.010881104037289842,0.22214117257057556
1.0,0.5,4.0,4.0,0.0025,0.005,1.0,200,cond_mean,314,1.0003610935253877,1.9793038096298745,0.5060144975735543,0.001915513153735597,0,0.026627774244374264,0.22214117257057556
1.0,0.5,4.0,4.0,0.0025,0.005,2.0,400,cond_mean,314,0.9999544618448472,1.9775856962277172,0.4984960848500204,0.0024214116981245387,0,0.028542277476769726,0.22214117257057556
1.0,0.5,4.0,4.0,0.0025,0.005,3.5,700,cond_mean,314,1.000458648648592,1.9945163239736734,0.5086999344630971,0.0024143438741380504,0,0.01712492778528537,0.22214117257057556
1.0,0.5,4.0,4.0,0.0025,0.005,5.0,1000,cond_mean,314,1.0003302331133432,2.000925057154468,0.5037534847988251,0.0013697925852027757,0,0.008128932176687751,0.22214117257057556
1.0,0.5,4.0,4.0,0.0025,0.005,10.0,2000,cond_mean,314,0.999905754378253,1.994130799342368,0.4994250382229716,0.0019382514720847745,0,0.01169580905935977,0.22214117257057556
1.0,0.5,4.0,4.0,0.0025,0.005,20.0,4000,cond_mean,314,1.0003600912880686,1.9452647196887844,0.5106781205017361,0.0020093877936961865,0,0.06493209683893489,0.22214117257057556
1.0,0.5,4.0,4.0,0.0025,0.005,0.5,100,cond_mean,315,1.0001319049004898,1.9919722727683973,0.5005735642808897,0.0020758680797192466,0,0.013791554855360091,0.22630888685983205
1.0,0.5,4.0,4.0,0.0025,0.005,1.0,200,cond_mean,315,1.0000148281759536,1.985866049125985,0.500319457303402,0.0030690388116384943,0,0.02220773038362998,0.22630888685983205
1.0,0.5,4.0,4.0,0.0025,0.005,2.0,400,cond_mean,315,0.9996353395064473,1.9933482187493994,0.49571554174983795,0.003064640628914815,0,0.017611471251633624,0.22630888685983205
1.0,0.5,4.0,4.0,0.0025,0.005,3.5,700,cond_mean,315,0.9999667798966663,1.9864013137820664,0.5023616714180988,0.002203463112206113,0,0.01931672406770029,0.22630888685983205
1.0,0.5,4.0,4.0,0.0025,0.005,5.0,1000,cond_mean,315,0.9994484692217868,1.985649018305938,0.49776457395441215,0.0030970566133680074,0,0.022676338385807744,0.22630888685983205
1.0,0.5,4.0,4.0,0.0025,0.005,10.0,2000,cond_mean,315,1.0001422520202916,1.973076755016309,0.49865661365559966,0.0022456550894573313,0,0.03307430796294268,0.22630888685983205
1.0,0.5,4.0,4.0,0.0025,0.005,20.0,4000,cond_mean,315,1.0000818577778183,1.9498734142624727,0.5049094639570595,0.0022957994615184943,0,0.05919886055641811,0.22630888685983205
1.0,0.5,4.0,4.0,0.0025,0.005,0.5,100,cond_mean,316,0.9998930747925234,1.9975133837972172,0.49346953266613147,0.0017161214558435317,0,0.012209883710842839,0.22530832143300877
1.0,0.5,4.0,4.0,0.0025,0.005,1.0,200,cond_mean,316,0.9997870876778956,2.003286388117915,0.49140001875461614,0.00242022770740817,0,0.016528425268553124,0.22530832143300877
1.0,0.5,4.0,4.0,0.0025,0.005,2.0,400,cond_mean,316,0.9999563790022566,2.0013499936746175,0.4989467186946822,0.0016942972218238284,0,0.008555499943539584,0.22530832143300877
1.0,0.5,4.0,4.0,0.0025,0.005,3.5,700,cond_mean,316,0.9998841112889514,2.0018575203513467,0.4928041478545964,0.00294218769141952,0,0.01724022668526113,0.22530832143300877
1.0,0.5,4.0,4.0,0.0025,0.005,5.0,1000,cond_mean,316,0.9998229530955512,1.9808188639480089,0.49569545555201366,0.0017754361733956748,0,0.024433175381097613,0.22530832143300877
1.0,0.5,4.0,4.0,0.0025,0.005,10.0,2000,cond_mean,316,1.0000236671665177,1.9682460787384666,0.5026143322809716,0.0014730071501325133,0,0.037492263621768156,0.22530832143300877
1.0,0.5,4.0,4.0,0.0025,0.005,20.0,4000,cond_mean,316,0.999822455545116,1.9369626119953025,0.5004524861723,0.002609328756340602,0,0.07392126235054863,0.22530832143300877
1.0,0.5,4.0,4.0,0.0025,0.005,0.5,100,cond_mean,317,0.9997099095497947,1.994831364942086,0.49719617260709087,0.002694343786364595,0,0.014863671519656924,0.22334275600899542
1.0,0.5,4.0,4.0,0.0025,0.005,1.0,200,cond_mean,317,0.9998148013564645,1.9867486045499736,0.49811082800710116,0.0026163857861469762,0,0.02010089057882569,0.22334275600899542
1.0,0.5,4.0,4.0,0.0025,0.005,2.0,400,cond_mean,317,0.9999375014051624,1.9853077082176418,0.5034856421347438,0.001406637764395159,0,0.018899153332187377,0.22334275600899542
1.0,0.5,4.0,4.0,0.0025,0.005,3.5,700,cond_mean,317,1.0000239533598207,1.998347821126272,0.5022264070965189,0.002138334482151555,0,0.011036280140841811,0.22334275600899542
1.0,0.5,4.0,4.0,0.0025,0.005,5.0,1000,cond_mean,317,1.0002582159069153,1.98925271001212,0.5124193309045882,0.0018290474840388993,0,0.021909929389281994,0.22334275600899542
1.0,0.5,4.0,4.0,0.0025,0.005,10.0,2000,cond_mean,317,1.0001919862939672,2.0129321991875946,0.5077370493800637,0.0015311226601738938,0,0.019331122934774982,0.22334275600899542
1.0,0.5,4.0,4.0,0.0025,0.005,20.0,4000,cond_mean,317,0.999751664270192,1.9121123991261404,0.5010397708448999,0.0020429868420827587,0,0.10193190842082127,0.22334275600899542
1.0,0.5,4.0,4.0,0.0025,0.005,0.5,100,cond_mean,318,1.000295275860391,1.9948197918176318,0.5030038329700753,0.0018794604487400812,0,0.011535443482634845,0.22494472629789794
1.0,0.5,4.0,4.0,0.0025,0.005,1.0,200,cond_mean,318,1.0002312171093404,1.9954218037846303,0.5014228437053126,0.0017901980521974892,0,0.010389445468138211,0.22494472629789794
1.0,0.5,4.0,4.0,0.0025,0.005,2.0,400,cond_mean,318,1.000286863550914,2.0004971583598934,0.5078187555030925,0.003535190818840408,0,0.01987742979392461,0.22494472629789794
1.0,0.5,4.0,4.0,0.0025,0.005,3.5,700,cond_mean,318,1.000144715861022,1.9957391112997036,0.5030378510116517,0.002184826103328531,0,0.012360994634986812,0.22494472629789794
1.0,0.5,4.0,4.0,0.0025,0.005,5.0,1000,cond_mean,318,1.0001656754806836,2.0078445291286515,0.5040980780345464,0.0018481639758305352,0,0.013759388389582789,0.22494472629789794
1.0,0.5,4.0,4.0,0.0025,0.005,10.0,2000,cond_mean,318,1.0001690401188037,2.0499304421921716,0.4976960076613029,0.0019633612487269026,0,0.058596488640755756,0.22494472629789794
1.0,0.5,4.0,4.0,0.0025,0.005,20.0,4000,cond_mean,318,1.0001073264374436,2.0815075722739875,0.49065124271639654,0.0021511563736100023,0,0.09598844718044756,0.22494472629789794
1.0,0.5,4.0,4.0,0.0025,0.005,0.5,100,cond_mean,319,0.9999857153945882,1.9770777067800152,0.501787494240806,0.0018538325237396126,0,0.028079895523706433,0.22768800599234446
1.0,0.5,4.0,4.0,0.0025,0.005,1.0,200,cond_mean,319,0.999851324487076,1.9805735813356136,0.4921490199242098,0.001484595176406686,0,0.02570760278790287,0.22768800599234446
1.0,0.5,4.0,4.0,0.0025,0.005,2.0,400,cond_mean,319,1.0001557549218267,1.9835867401857872,0.49290733991728575,0.001193513554713494,0,0.022126425623604652,0.22768800599234446
1.0,0.5,4.0,4.0,0.0025,0.005,3.5,700,cond_mean,319,1.0001857035996091,1.9987387378266184,0.4948675995888891,0.002652008921403022,0,0.01493507878982947,0.22768800599234446
1.0,0.5,4.0,4.0,0.0025,0.005,5.0,1000,cond_mean,319,0.9999208553823816,2.0047715628247356,0.49400677260628983,0.002147556937296634,0,0.014185692450949989,0.22768800599234446
1.0,0.5,4.0,4.0,0.0025,0.005,10.0,2000,cond_mean,319,1.0000386221377897,2.0070289386857256,0.5074803919724235,0.001798355660473202,0,0.015400869150897282,0.22768800599234446
1.0,0.5,4.0,4.0,0.0025,0.005,20.0,4000,cond_mean,319,0.9997921696551929,2.0159919149966443,0.500620413485866,0.002290336360945787,0,0.02167272028445596,0.22768800599234446
1.0,0.5,4.0,4.0,0.0025,0.005,0.5,100,cond_mean,320,0.9996930158573296,2.007710777259043,0.4958158970999809,0.0020594845320698477,0,0.014363846769969301,0.22431067856294767
1.0,0.5,4.0,4.0,0.0025,0.005,1.0,200,cond_mean,320,0.9998596988600188,2.0152456354871497,0.49667230938809853,0.0021503713430461057,0,0.020935255692133174,0.22431067856294767
1.0,0.5,4.0,4.0,0.0025,0.005,2.0,400,cond_mean,320,0.9999524127692362,2.0083390744879335,0.5050461421452093,0.0021413222783857972,0,0.01574392090775725,0.22431067856294767
1.0,0.5,4.0,4.0,0.0025,0.005,3.5,700,cond_mean,320,0.9997100465907266,2.0154481982820065,0.5030349197527402,0.0023730125483684018,0,0.02178934255429145,0.22431067856294767
1.0,0.5,4.0,4.0,0.0025,0.005,5.0,1000,cond_mean,320,0.9999658892478647,2.0168684945303874,0.49083998978933674,0.0013845274725228674,0,0.02394747617483393,0.22431067856294767
1.0,0.5,4.0,4.0,0.0025,0.005,10.0,2000,cond_mean,320,1.0002331243461882,2.0182015151608264,0.5043507029647618,0.002283776510430093,0,0.024381711270838723,0.22431067856294767
1.0,0.5,4.0,4.0,0.0025,0.005,20.0,4000,cond_mean,320,0.9997009624069326,1.971722273709551,0.4966437689532553,0.001894346506228266,0,0.034204880697795516,0.22431067856294767
1.0,0.5,4.0,4.0,0.0025,0.005,0.5,100,cond_mean,321,0.9998788512840135,1.9998696635075879,0.4957130319466841,0.0022369604951893818,0,0.012223601753665752,0.22489064284932933
1.0,0.5,4.0,4.0,0.0025,0.005,1.0,200,cond_mean,321,1.000021932308988,1.9894083722107694,0.5001520101700276,0.0024317414804385044,0,0.017081625918040296,0.22489064284932933
1.0,0.5,4.0,4.0,0.0025,0.005,2.0,400,cond_mean,321,0.9999523987041137,1.9892943431709005,0.501177558182156,0.0018291314013109015,0,0.015358969482641096,0.22489064284932933
1.0,0.5,4.0,4.0,0.0025,0.005,3.5,700,cond_mean,321,0.9998681505436111,1.984524925091279,0.49630897927335466,0.001715005921312292,0,0.020325505675127257,0.22489064284932933
1.0,0.5,4.0,4.0,0.0025,0.005,5.0,1000,cond_mean,321,1.0000441858941183,1.9849172299643885,0.4929681629737181,0.002530392771678325,0,0.023450485503615566,0.22489064284932933
1.0,0.5,4.0,4.0,0.0025,0.005,10.0,2000,cond_mean,321,0.9998121345766778,2.0074983617897417,0.5038494510007814,0.002017153884277078,0,0.01425497484360013,0.22489064284932933
1.0,0.5,4.0,4.0,0.0025,0.005,20.0,4000,cond_mean,321,0.9995995128423525,2.0035052666512705,0.500747108871639,0.0027044566780586986,0,0.014107170091179119,0.22489064284932933
1.0,0.5,4.0,4.0,0.0025,0.005,0.5,100,cond_mean,322,1.0001566164870876,1.9977880161170933,0.4995139759050952,0.0013497508932899455,0,0.0071978428476138214,0.2252650595702497
1.0,0.5,4.0,4.0,0.0025,0.005,1.0,200,cond_mean,322,1.000074987835014,1.9985765503484887,0.501210644730236,0.0017314090063301805,0,0.00877246614790702,0.2252650595702497
1.0,0.5,4.0,4.0,0.0025,0.005,2.0,400,cond_mean,322,1.000223698148116,1.9856485493839502,0.49449381105547763,0.0016239735217618587,0,0.01998723610451693,0.2252650595702497
1.0,0.5,4.0,4.0,0.0025,0.005,3.5,700,cond_mean,322,0.9999578638663521,1.992516196076256,0.49078140411705246,0.0020058426006820352,0,0.01781486119044981,0.2252650595702497
1.0,0.5,4.0,4.0,0.0025,0.005,5.0,1000,cond_mean,322,0.9996932628329768,1.9996798149532693,0.4870866596820568,0.00205679225152558,0,0.019229732076367096,0.2252650595702497
1.0,0.5,4.0,4.0,0.0025,0.005,10.0,2000,cond_mean,322,1.0002591711101196,2.0074885968993494,0.5105979455262091,0.0020252933577798848,0,0.018707258918899943,0.2252650595702497
1.0,0.5,4.0,4.0,0.0025,0.005,20.0,4000,cond_mean,322,0.9998370276884936,2.052733420575112,0.4898444006049962,0.0030744605718161563,0,0.06420406699850141,0.2252650595702497
1.0,0.5,4.0,4.0,0.0025,0.005,0.5,100,cond_mean,323,0.9997397580420195,2.0082514199428685,0.49679962231518154,0.003012648868303363,0,0.017976852253165473,0.2230068274241473
1.0,0.5,4.0,4.0,0.0025,0.005,1.0,200,cond_mean,323,1.0000889534339468,1.990329641426143,0.49204535296108687,0.0018130795354905432,0,0.017900072701862137,0.2230068274241473
1.0,0.5,4.0,4.0,0.0025,0.005,2.0,400,cond_mean,323,1.0000980197443907,1.9821807778991396,0.5044359452447029,0.0017026936495522708,0,0.022860192057448245,0.2230068274241473
1.0,0.5,4.0,4.0,0.0025,0.005,3.5,700,cond_mean,323,1.0002051920736006,1.9952704729180053,0.5025127339599992,0.0015090256264363709,0,0.009665761972767566,0.2230068274241473
1.0,0.5,4.0,4.0,0.0025,0.005,5.0,1000,cond_mean,323,1.000032453691099,2.0027368041012514,0.49866672519855204,0.0017494135834420163,0,0.00932306996784571,0.2230068274241473
1.0,0.5,4.0,4.0,0.0025,0.005,10.0,2000,cond_mean,323,0.9998076016920721,2.037367302401019,0.5101477767380528,0.0019270786249172569,0,0.04607990062091473,0.2230068274241473
1.0,0.5,4.0,4.0,0.0025,0.005,20.0,4000,cond_mean,323,1.0001038911778461,2.037422586567366,0.5000542307178197,0.0013727688765334087,0,0.0437360379366764,0.2230068274241473
1.0,0.5,4.0,4.0,0.0025,0.005,0.5,100,cond_mean,324,1.0001929845293551,2.0030672155110025,0.5039145403605083,0.0016833240803279703,0,0.010183396871645645,0.22408897614306106
1.0,0.5,4.0,4.0,0.0025,0.005,1.0,200,cond_mean,324,1.0000509353032931,2.012400657686832,0.4991733222333955,0.001759226741439107,0,0.01676082849843873,0.22408897614306106
1.0,0.5,4.0,4.0,0.0025,0.005,2.0,400,cond_mean,324,1.0000556836864727,2.0330616992575905,0.502819421703243,0.002238904434694608,0,0.039856504011916545,0.22408897614306106
1.0,0.5,4.0,4.0,0.0025,0.005,3.5,700,cond_mean,324,1.0000683363734408,2.058173269371962,0.5092478509261,0.0018523593424607388,0,0.068556324323436,0.22408897614306106
1.0,0.5,4.0,4.0,0.0025,0.005,5.0,1000,cond_mean,324,1.0000622121529965,2.0610027630123935,0.5004453061200365,0.0020618303475933115,0,0.07115311565200144,0.22408897614306106
1.0,0.5,4.0,4.0,0.0025,0.005,10.0,2000,cond_mean,324,0.9998878934322676,2.0292981653255255,0.5008315156504198,0.00221091733174117,0,0.03554024922096992,0.22408897614306106
1.0,0.5,4.0,4.0,0.0025,0.005,20.0,4000,cond_mean,324,0.9998439436673089,2.016743002937034,0.5085759966106738,0.0028158369966351823,0,0.026264455059037014,0.22408897614306106
1.0,0.5,4.0,4.0,0.0025,0.005,0.5,100,cond_mean,325,1.0000996444068557,2.00129459290507,0.502408373735884,0.0020456726455060016,0,0.010570183610041577,0.2249057857219928
1.0,0.5,4.0,4.0,0.0025,0.005,1.0,200,cond_mean,325,1.000258181068953,2.004718054874052,0.5032751304018434,0.0016961365498070963,0,0.010686894250837665,0.2249057857219928
1.0,0.5,4.0,4.0,0.0025,0.005,2.0,400,cond_mean,325,1.000171032692799,1.9954394359027743,0.4988303723529002,0.0018812185531217162,0,0.010818848218382174,0.2249057857219928
1.0,0.5,4.0,4.0,0.0025,0.005,3.5,700,cond_mean,325,1.0001180225028232,1.9996085258221439,0.5053093839589032,0.0021012390642023305,0,0.01231024919582801,0.2249057857219928
1.0,0.5,4.0,4.0,0.0025,0.005,5.0,1000,cond_mean,325,1.0000789408466504,1.99175413247071,0.50095833374982,0.0024437155899743115,0,0.015341730211983784,0.2249057857219928
1.0,0.5,4.0,4.0,0.0025,0.005,10.0,2000,cond_mean,325,1.0002050533599105,1.9732136749655191,0.5098650041968082,0.0020616669539617704,0,0.03466614411672469,0.2249057857219928
1.0,0.5,4.0,4.0,0.0025,0.005,20.0,4000,cond_mean,325,1.0003799288579156,1.9470620206810032,0.5126676965251635,0.0022818183798841893,0,0.06382154685076373,0.2249057857219928
1.0,0.5,4.0,4.0,0.0025,0.005,0.5,100,cond_mean,326,1.0001601197842942,1.9930427832085549,0.5028298242865791,0.0023346671214255553,0,0.014404917994097686,0.22515974400032843
1.0,0.5,4.0,4.0,0.0025,0.005,1.0,200,cond_mean,326,1.0000801433269435,1.994068553115796,0.5014130496511626,0.0013593874673049214,0,0.009704926593040803,0.22515974400032843
1.0,0.5,4.0,4.0,0.0025,0.005,2.0,400,cond_mean,326,0.9999726941730368,2.0100915289639683,0.5000408849474438,0.0015347074702409928,0,0.013872989138825493,0.22515974400032843
1.0,0.5,4.0,4.0,0.0025,0.005,3.5,700,cond_mean,326,1.0000960070610785,1.998624673511806,0.5058029897315195,0.0027127313808120333,0,0.015320353594110806,0.22515974400032843
1.0,0.5,4.0,4.0,0.0025,0.005,5.0,1000,cond_mean,326,0.9999919540498186,2.0046917864913416,0.49730696180565676,0.001382094555938044,0,0.009375637400436893,0.22515974400032843
1.0,0.5,4.0,4.0,0.0025,0.005,10.0,2000,cond_mean,326,1.0000674480957408,2.04494804383091,0.5013046948009603,0.0017953226465757587,0,0.05263412738193932,0.22515974400032843
1.0,0.5,4.0,4.0,0.0025,0.005,20.0,4000,cond_mean,326,1.0003976079476729,2.014638402558298,0.5105792779892352,0.001728676758874694,0,0.02296616646496956,0.22515974400032843
1.0,0.5,4.0,4.0,0.0025,0.005,0.5,100,cond_mean,327,0.9999577968865057,1.9962048316077359,0.49935890507120184,0.0017877273869355383,0,0.009833263637553092,0.2257882618578151
1.0,0.5,4.0,4.0,0.0025,0.005,1.0,200,cond_mean,327,1.0000115219309516,2.0038123785329995,0.4957245985423237,0.0015616280305456639,0,0.010483046542313874,0.2257882618578151
1.0,0.5,4.0,4.0,0.0025,0.005,2.0,400,cond_mean,327,1.0000611445241143,1.9895791552683189,0.49998681047581134,0.002141943477104711,0,0.01597866980607867,0.2257882618578151
1.0,0.5,4.0,4.0,0.0025,0.005,3.5,700,cond_mean,327,0.999737069462946,1.9939557672268806,0.5011516043660761,0.002095935592247582,0,0.012645095881510695,0.2257882618578151
1.0,0.5,4.0,4.0,0.0025,0.005,5.0,1000,cond_mean,327,0.9999274532396948,1.989342395833829,0.4984078396440772,0.0015910596362747156,0,0.014717652076924631,0.2257882618578151
1.0,0.5,4.0,4.0,0.0025,0.005,10.0,2000,cond_mean,327,0.9995869294334243,1.9395193344016513,0.4888569712192604,0.0021572925378508284,0,0.07226301631803096,0.2257882618578151
1.0,0.5,4.0,4.0,0.0025,0.005,20.0,4000,cond_mean,327,1.000024617446288,1.9955770940018855,0.49836080737938004,0.0023478642727677596,0,0.012786403145481249,0.2257882618578151
1.0,0.5,4.0,4.0,0.0025,0.005,0.5,100,cond_mean,328,1.0000628579306627,1.9972643426050045,0.4980302891610653,0.0017949640048190033,0,0.00974255277561984,0.2243056727207399
1.0,0.5,4.0,4.0,0.0025,0.005,1.0,200,cond_mean,328,1.0001030716630976,1.9953609051195151,0.4980849355043995,0.001752335136035586,0,0.010505437493459818,0.2243056727207399
1.0,0.5,4.0,4.0,0.0025,0.005,2.0,400,cond_mean,328,1.0005461934209752,1.9888009625563714,0.5086163247207975,0.002731409426383987,0,0.021321153846535802,0.2243056727207399
1.0,0.5,4.0,4.0,0.0025,0.005,3.5,700,cond_mean,328,1.0002711200177705,1.9709592923794985,0.507100390694831,0.0026492816761437515,0,0.03698300966218861,0.2243056727207399
1.0,0.5,4.0,4.0,0.0025,0.005,5.0,1000,cond_mean,328,1.000074388617056,1.9760909346087177,0.505604631763887,0.001406817785602192,0,0.02929839332924813,0.2243056727207399
1.0,0.5,4.0,4.0,0.0025,0.005,10.0,2000,cond_mean,328,1.0002318670508912,1.986220875398148,0.5075558829773048,0.0018062283027970732,0,0.02050096235171338,0.2243056727207399
1.0,0.5,4.0,4.0,0.0025,0.005,20.0,4000,cond_mean,328,0.9999899037218123,1.9977347476065042,0.5144366621313539,0.0019942453439919287,0,0.021398115762888043,0.2243056727207399
1.0,0.5,4.0,4.0,0.0025,0.005,0.5,100,cond_mean,329,1.0002080679504788,2.001177762558593,0.505611640886337,0.001855235611588265,0,0.011537185748063358,0.22339226185743297
1.0,0.5,4.0,4.0,0.0025,0.005,1.0,200,cond_mean,329,1.0001506345938318,2.006122141598806,0.5055482702191041,0.0021011814258864747,0,0.01432005421108016,0.22339226185743297
1.0,0.5,4.0,4.0,0.0025,0.005,2.0,400,cond_mean,329,0.9998800231304718,1.9951801594325573,0.4990093061092822,0.001550173530511955,0,0.009497172901622941,0.22339226185743297
1.0,0.5,4.0,4.0,0.0025,0.005,3.5,700,cond_mean,329,0.9999598898603459,1.975881393955516,0.5035256977742832,0.0020495467648002468,0,0.029942365200918804,0.22339226185743297
1.0,0.5,4.0,4.0,0.0025,0.005,5.0,1000,cond_mean,329,1.000415991019734,1.9900259324960852,0.501479083433977,0.002217097867638213,0,0.015973563952002477,0.22339226185743297
1.0,0.5,4.0,4.0,0.0025,0.005,10.0,2000,cond_mean,329,0.9999530058207113,1.989338943331558,0.4974405221630614,0.0018352262792168232,0,0.015615208136487126,0.22339226185743297
1.0,0.5,4.0,4.0,0.0025,0.005,20.0,4000,cond_mean,329,1.0004854733296105,1.960535475143218,0.5020735668207177,0.0020844341059109792,0,0.046733287644114406,0.22339226185743297
1.0,0.5,4.0,4.0,0.0025,0.005,0.5,100,cond_mean,330,1.000149683397733,2.0005340802935043,0.5012057987641222,0.0025571411607526787,0,0.012638870588536943,0.22485562500410847
1.0,0.5,4.0,4.0,0.0025,0.005,1.0,200,cond_mean,330,1.0002171174463943,2.00507028227416,0.5033160358371135,0.0018697801307735724,0,0.011578171504870168,0.22485562500410847
1.0,0.5,4.0,4.0,0.0025,0.005,2.0,400,cond_mean,330,1.000060113482627,2.0072601774655716,0.5026569988160734,0.0016023540831233889,0,0.011959782995015059,0.22485562500410847
1.0,0.5,4.0,4.0,0.0025,0.005,3.5,700,cond_mean,330,1.0001421777105806,2.0309851235694536,0.5001705174385201,0.0028470574487425037,0,0.03840900507360412,0.22485562500410847
1.0,0.5,4.0,4.0,0.0025,0.005,5.0,1000,cond_mean,330,1.0000359960566794,2.0242850114399413,0.49405114393778665,0.0028690518006693998,0,0.032352473968934904,0.22485562500410847
1.0,0.5,4.0,4.0,0.0025,0.005,10.0,2000,cond_mean,330,0.9997534060925373,2.0222284962926222,0.494710933820747,0.0024777101451531106,0,0.029244408359097574,0.22485562500410847
1.0,0.5,4.0,4.0,0.0025,0.005,20.0,4000,cond_mean,330,0.9995327361607664,1.9922933640542704,0.4899517693028996,0.0025823423026443103,0,0.019781984611047864,0.22485562500410847
1.0,0.5,4.0,4.0,0.0025,0.005,0.5,100,cond_mean,331,1.0005108448917788,1.9985495702808578,0.5067808390299694,0.002584796653641817,0,0.015157874689368352,0.22559520828404597
1.0,0.5,4.0,4.0,0.0025,0.005,1.0,200,cond_mean,331,1.0002237794201445,1.9926507431046188,0.5070209532488086,0.0020155908428689177,0,0.015696756923653403,0.22559520828404597
1.0,0.5,4.0,4.0,0.0025,0.005,2.0,400,cond_mean,331,0.9994603594104832,1.9984675696917542,0.48802806107424157,0.0025687778548965133,0,0.019444689920965257,0.22559520828404597
1.0,0.5,4.0,4.0,0.0025,0.005,3.5,700,cond_mean,331,1.0004550736600808,2.007340193165802,0.5012927311517119,0.002274527342494671,0,0.014169352136105444,0.22559520828404597
1.0,0.5,4.0,4.0,0.0025,0.005,5.0,1000,cond_mean,331,1.0003633486485548,2.0076746663595806,0.5028507856996416,0.0027106731389297213,0,0.01631950481063995,0.22559520828404597
1.0,0.5,4.0,4.0,0.0025,0.005,10.0,2000,cond_mean,331,0.999900742922733,1.9828650962083252,0.5059609431981673,0.00299060629123204,0,0.025781116381637086,0.22559520828404597
1.0,0.5,4.0,4.0,0.0025,0.005,20.0,4000,cond_mean,331,1.000202202543056,1.9632361801512312,0.49859262429588425,0.0016768208212406403,0,0.043325905305179845,0.22559520828404597
1.0,0.5,4.0,4.0,0.0025,0.005,0.5,100,cond_mean,332,0.9998771747297706,1.9931593052560288,0.5022038922284523,0.0014756619929324304,0,0.011174416057391176,0.22732714871277235
1.0,0.5,4.0,4.0,0.0025,0.005,1.0,200,cond_mean,332,0.9997841963769623,1.9893475428945426,0.4986033053639839,0.0020574489345185003,0,0.016001960994783737,0.22732714871277235
1.0,0.5,4.0,4.0,0.0025,0.005,2.0,400,cond_mean,332,0.9999629638820933,1.9852449210796383,0.5053150599626693,0.00128118998798841,0,0.0194358283305264,0.22732714871277235
1.0,0.5,4.0,4.0,0.0025,0.005,3.5,700,cond_mean,332,1.000131156420242,1.9738589957693384,0.5094100695348516,0.00331554310970968,0,0.03609564094748828,0.22732714871277235
1.0,0.5,4.0,4.0,0.0025,0.005,5.0,1000,cond_mean,332,1.0003809272088235,1.968933532694222,0.5160136512557139,0.0025419714837549095,0,0.04284566948078539,0.22732714871277235
1.0,0.5,4.0,4.0,0.0025,0.005,10.0,2000,cond_mean,332,1.0001899236437193,1.9824131327406112,0.5106194487467606,0.002614615730858625,0,0.027396747635309013,0.22732714871277235
1.0,0.5,4.0,4.0,0.0025,0.005,20.0,4000,cond_mean,332,1.0003400172068069,1.9430200063268666,0.49818849597692155,0.0022161781290885845,0,0.06680665903271574,0.22732714871277235
1.0,0.5,4.0,4.0,0.0025,0.005,0.5,100,cond_mean,333,0.9996883533142853,1.9957939250569434,0.49664655223376447,0.002991044257134748,0,0.015944001088184206,0.22589809529017657
1.0,0.5,4.0,4.0,0.0025,0.005,1.0,200,cond_mean,333,0.999858194528925,2.0008125891293926,0.49727749328839455,0.0021886060278451538,0,0.011280634511425204,0.22589809529017657
1.0,0.5,4.0,4.0,0.0025,0.005,2.0,400,cond_mean,333,1.0001473183956726,2.0058441611656512,0.4932412165179612,0.002355776730231252,0,0.016263761119100915,0.22589809529017657
1.0,0.5,4.0,4.0,0.0025,0.005,3.5,700,cond_mean,333,1.0000367499200282,2.0025488058235705,0.49257470593067226,0.0031889034557540876,0,0.018703130708519478,0.22589809529017657
1.0,0.5,4.0,4.0,0.0025,0.005,5.0,1000,cond_mean,333,0.9997930988614323,2.006756393095758,0.4950548541724663,0.0036226858715183367,0,0.020316486740154946,0.22589809529017657
1.0,0.5,4.0,4.0,0.0025,0.005,10.0,2000,cond_mean,333,1.0001305313304152,1.9768160641354406,0.5111871423556755,0.0022559407537848836,0,0.032148577550285086,0.22589809529017657
1.0,0.5,4.0,4.0,0.0025,0.005,20.0,4000,cond_mean,333,1.0001520238022528,1.9704285505105754,0.5032079096463699,0.0013535822238004297,0,0.03496011178537493,0.22589809529017657
1.0,0.5,4.0,4.0,0.0025,0.005,0.5,100,cond_mean,334,0.9998735863095404,2.0054860922452957,0.4943455149532598,0.0020737010466511216,0,0.013955186700322975,0.22573440485367818
1.0,0.5,4.0,4.0,0.0025,0.005,1.0,200,cond_mean,334,0.9999181102711874,2.003060185073601,0.49257393476908906,0.0018679614975465298,0,0.013722861318283416,0.22573440485367818
1.0,0.5,4.0,4.0,0.0025,0.005,2.0,400,cond_mean,334,0.9999981583709258,2.0021310986319674,0.4962169152818039,0.0018006715043487568,0,0.010428952987875516,0.22573440485367818
1.0,0.5,4.0,4.0,0.0025,0.005,3.5,700,cond_mean,334,0.9998792983417089,1.990923417724194,0.49330217655242814,0.0024422752674765503,0,0.018058691144859237,0.22573440485367818
1.0,0.5,4.0,4.0,0.0025,0.005,5.0,1000,cond_mean,334,1.000015418637057,2.0092133284580935,0.49564155222173417,0.0017817922574530727,0,0.01493402706462012,0.22573440485367818
1.0,0.5,4.0,4.0,0.0025,0.005,10.0,2000,cond_mean,334,0.9998596932083134,1.9756405243080288,0.508096246411907,0.0023234719425017625,0,0.03217711675444926,0.22573440485367818
1.0,0.5,4.0,4.0,0.0025,0.005,20.0,4000,cond_mean,334,1.0000816060990312,1.9890214941349518,0.5047784107703591,0.0019200260579991107,0,0.01687586191508071,0.22573440485367818
1.0,0.5,4.0,4.0,0.0025,0.005,0.5,100,cond_mean,335,1.0001273135803508,2.001234303606665,0.5021709001314036,0.0016243098786534026,0,0.00850873204607062,0.22404998800318157
1.0,0.5,4.0,4.0,0.0025,0.005,1.0,200,cond_mean,335,1.0002007194307183,2.0059678010795348,0.5066397092436782,0.0020737293808861276,0,0.014842107535377031,0.22404998800318157
1.0,0.5,4.0,4.0,0.0025,0.005,2.0,400,cond_mean,335,1.0000382447224825,2.0062428310518015,0.5098972455187678,0.0023336150670128907,0,0.0186819572923805,0.22404998800318157
1.0,0.5,4.0,4.0,0.0025,0.005,3.5,700,cond_mean,335,0.9999863164901465,1.9899875253194974,0.5102810862037886,0.0015502811332792103,0,0.019223586770726723,0.22404998800318157
1.0,0.5,4.0,4.0,0.0025,0.005,5.0,1000,cond_mean,335,1.0002782528127256,1.9884932782972446,0.5146538277730908,0.0023352165144188753,0,0.02546791878177244,0.22404998800318157
1.0,0.5,4.0,4.0,0.0025,0.005,10.0,2000,cond_mean,335,0.9996296866642748,1.975685770411499,0.502281876922167,0.002314682854408919,0,0.030537305598470187,0.22404998800318157
1.0,0.5,4.0,4.0,0.0025,0.005,20.0,4000,cond_mean,335,1.0001010690035042,1.9370058718528533,0.5063341177899956,0.002850294790454378,0,0.07433495551661927,0.22404998800318157
1.0,0.5,4.0,4.0,0.0025,0.005,0.5,100,cond_mean,336,1.0001685226886121,1.9951064892060975,0.49917054430574165,0.0018973301590092975,0,0.0110134400400679,0.22692090472472565
1.0,0.5,4.0,4.0,0.0025,0.005,1.0,200,cond_mean,336,0.9997610615913628,1.9967160143651903,0.49080595667401034,0.0015966616220243488,0,0.01451365039772534,0.22692090472472565
1.0,0.5,4.0,4.0,0.0025,0.005,2.0,400,cond_mean,336,0.9999564901718868,1.994150806933936,0.49407463763324044,0.0017986611229193934,0,0.013513197245010907,0.22692090472472565
1.0,0.5,4.0,4.0,0.0025,0.005,3.5,700,cond_mean,336,0.9998357976680284,1.997452760810234,0.49362169677736123,0.0018033365619400078,0,0.012305137685442693,0.22692090472472565
1.0,0.5,4.0,4.0,0.0025,0.005,5.0,1000,cond_mean,336,0.9998696430734102,1.9986779572142357,0.4988492328909041,0.002145136053335134,0,0.010718063385546385,0.22692090472472565
1.0,0.5,4.0,4.0,0.0025,0.005,10.0,2000,cond_mean,336,0.9999817361748282,2.032165734306801,0.49945979441214405,0.0025973104095691115,0,0.03927865596204455,0.22692090472472565
1.0,0.5,4.0,4.0,0.0025,0.005,20.0,4000,cond_mean,336,1.000321882588964,2.04293492905136,0.49901301125585656,0.0022767925414954164,0,0.05089014545273671,0.22692090472472565
1.0,0.5,4.0,4.0,0.0025,0.005,0.5,100,cond_mean,337,1.0000831817720035,2.0097931555638446,0.5011856217263203,0.0017805930282303861,0,0.01434997609086959,0.22434869042730757
1.0,0.5,4.0,4.0,0.0025,0.005,1.0,200,cond_mean,337,1.0001486177095298,2.022769250468891,0.5005155087207998,0.0018904675210051319,0,0.02787631923821728,0.22434869042730757
1.0,0.5,4.0,4.0,0.0025,0.005,2.0,400,cond_mean,337,1.0003367631602127,2.024204911867636,0.4995554974064656,0.0031499514968605638,0,0.03200393590741517,0.22434869042730757
1.0,0.5,4.0,4.0,0.0025,0.005,3.5,700,cond_mean,337,1.0001523457978505,2.032276777721141,0.5002530334047799,0.0025491599001240474,0,0.03930797508960354,0.22434869042730757
1.0,0.5,4.0,4.0,0.0025,0.005,5.0,1000,cond_mean,337,0.999590752065377,2.054163299867327,0.5001095993209206,0.0017320179774468073,0,0.06314095053358731,0.22434869042730757
1.0,0.5,4.0,4.0,0.0025,0.005,10.0,2000,cond_mean,337,0.9999045131824604,2.027850621729449,0.5061487812995182,0.002584962671653856,0,0.035379875455924234,0.22434869042730757
1.0,0.5,4.0,4.0,0.0025,0.005,20.0,4000,cond_mean,337,0.9994442123780894,2.066135721043171,0.48927283171125685,0.0022830570212134123,0,0.0786036780490935,0.22434869042730757
1.0,0.5,4.0,4.0,0.0025,0.005,0.5,100,cond_mean,338,0.9997421040702745,1.997934174841709,0.5011010690444752,0.0017754299345601012,0,0.009318135221373555,0.22688229771197907
1.0,0.5,4.0,4.0,0.0025,0.005,1.0,200,cond_mean,338,0.9996659322280436,1.9926142296266836,0.49784323243794015,0.001702828457800547,0,0.012219089093610976,0.22688229771197907
1.0,0.5,4.0,4.0,0.0025,0.005,2.0,400,cond_mean,338,0.9997351472955127,1.990983193351302,0.49751496196035583,0.002147097328288984,0,0.015091218268918086,0.22688229771197907
1.0,0.5,4.0,4.0,0.0025,0.005,3.5,700,cond_mean,338,0.9999878924097192,1.9890568004901865,0.4989082372941557,0.0016855190343728387,0,0.015176360377227062,0.22688229771197907
1.0,0.5,4.0,4.0,0.0025,0.005,5.0,1000,cond_mean,338,1.000239517835356,1.9719284348740571,0.5082564312571616,0.002426655860385117,0,0.035924862702618396,0.22688229771197907
1.0,0.5,4.0,4.0,0.0025,0.005,10.0,2000,cond_mean,338,1.000112393934219,1.9802887591494602,0.5054148893967837,0.002521368953637707,0,0.02679542347173365,0.22688229771197907
1.0,0.5,4.0,4.0,0.0025,0.005,20.0,4000,cond_mean,338,1.0000645171373976,2.00050187043486,0.5053125096803921,0.0027101735593235347,0,0.014964266230966904,0.22688229771197907
1.0,0.5,4.0,4.0,0.0025,0.005,0.5,100,cond_mean,339,1.00010757677763,2.003069279888183,0.4989694850184194,0.002176947509099875,0,0.011372989425235926,0.2224375477027414
1.0,0.5,4.0,4.0,0.0025,0.005,1.0,200,cond_mean,339,1.0001951907799826,1.9996763692788064,0.5045862325334166,0.001764385642013594,0,0.0103464095287682,0.2224375477027414
1.0,0.5,4.0,4.0,0.0025,0.005,2.0,400,cond_mean,339,0.9998770096491136,1.9930575621116882,0.49511064263971427,0.0018172724885991652,0,0.013477017314117275,0.2224375477027414
1.0,0.5,4.0,4.0,0.0025,0.005,3.5,700,cond_mean,339,1.0003426359608942,1.9966553891325276,0.5068398404693322,0.002686663855431773,0,0.016088005822591178,0.2224375477027414
1.0,0.5,4.0,4.0,0.0025,0.005,5.0,1000,cond_mean,339,0.9999177482606277,1.9999660443740392,0.5034086793414914,0.003620005180794622,0,0.018360355050777693,0.2224375477027414
1.0,0.5,4.0,4.0,0.0025,0.005,10.0,2000,cond_mean,339,1.0002885620157345,1.9851441997631238,0.5116060329129478,0.0020700143306872326,0,0.024679781990920215,0.2224375477027414
1.0,0.5,4.0,4.0,0.0025,0.005,20.0,4000,cond_mean,339,1.0000477519439237,2.0085007571682025,0.49120229308738605,0.0030271687191028404,0,0.021246376488562983,0.2224375477027414
1.0,0.5,4.0,4.0,0.0025,0.005,0.5,100,cond_mean,340,1.0002935250091636,2.0052234489698155,0.5031041033816173,0.001667214352679824,0,0.01079999862282833,0.22378614884135978
1.0,0.5,4.0,4.0,0.0025,0.005,1.0,200,cond_mean,340,0.9999429596237275,2.0071179857125214,0.4950526757923713,0.0022939816768210567,0,0.0153093934817074,0.22378614884135978
1.0,0.5,4.0,4.0,0.0025,0.005,2.0,400,cond_mean,340,0.999703888610675,2.008684297997479,0.49295101338022734,0.002873376914489629,0,0.019328531582413128,0.22378614884135978
1.0,0.5,4.0,4.0,0.0025,0.005,3.5,700,cond_mean,340,1.0002950585543313,2.0004842568510504,0.5038981603635848,0.0018396224905865774,0,0.010170990716471123,0.22378614884135978
1.0,0.5,4.0,4.0,0.0025,0.005,5.0,1000,cond_mean,340,0.9998446888975465,1.9951294677414824,0.49436976033383406,0.002315553101811994,0,0.014548344380330433,0.22378614884135978
1.0,0.5,4.0,4.0,0.0025,0.005,10.0,2000,cond_mean,340,1.0000181947039508,1.9989970052120423,0.5019039074092134,0.0015866042064789014,0,0.008243323320199869,0.22378614884135978
1.0,0.5,4.0,4.0,0.0025,0.005,20.0,4000,cond_mean,340,1.0002771368881227,2.0164472191248017,0.4990776053059639,0.0017857392031707209,0,0.021042864159298034,0.22378614884135978
1.0,0.5,4.0,4.0,0.0025,0.005,0.5,100,cond_mean,341,1.0003138725905307,1.998113966195419,0.5065749359975765,0.002368885543108218,0,0.014315870403767845,0.22324510128237307
1.0,0.5,4.0,4.0,0.0025,0.005,1.0,200,cond_mean,341,1.0002699958534433,1.9914361324458998,0.5065487502159698,0.0017197784210450334,0,0.015284239101692063,0.22324510128237307
1.0,0.5,4.0,4.0,0.0025,0.005,2.0,400,cond_mean,341,1.0000636291787108,2.004642256254937,0.5114030727889368,0.002036300142669201,0,0.01858614207236063,0.22324510128237307
1.0,0.5,4.0,4.0,0.0025,0.005,3.5,700,cond_mean,341,0.9999968864747333,2.0061923135280866,0.498221069454643,0.0015099014800536588,0,0.010563828161496888,0.22324510128237307
1.0,0.5,4.0,4.0,0.0025,0.005,5.0,1000,cond_mean,341,0.999843961792218,1.9861944443449233,0.48584491360445714,0.0021330729334420677,0,0.026486739210046597,0.22324510128237307
1.0,0.5,4.0,4.0,0.0025,0.005,10.0,2000,cond_mean,341,1.0003258761439486,2.002121822168509,0.5125360852745181,0.0014473502715173744,0,0.017433313774702735,0.22324510128237307
1.0,0.5,4.0,4.0,0.0025,0.005,20.0,4000,cond_mean,341,1.0000202062676,1.9422192901339579,0.5074598484760886,0.0022199291131005847,0,0.06809903830608702,0.22324510128237307
1.0,0.5,4.0,4.0,0.0025,0.005,0.5,100,cond_mean,342,1.0001908137150324,1.9935182144703543,0.5045884698195319,0.002486276555815827,0,0.015389740473255384,0.22464654757641256
1.0,0.5,4.0,4.0,0.0025,0.005,1.0,200,cond_mean,342,0.9997809122544841,1.9952245068125432,0.4976765043072228,0.002176490455798301,0,0.012323651998616167,0.22464654757641256
1.0,0.5,4.0,4.0,0.0025,0.005,2.0,400,cond_mean,342,0.9996359789142549,1.9874992007328198,0.5038306253349151,0.0020602581566966714,0,0.018597397236064458,0.22464654757641256
1.0,0.5,4.0,4.0,0.0025,0.005,3.5,700,cond_mean,342,0.9994206807843303,1.984017147592328,0.49297485111122163,0.0023910210118926853,0,0.023436712723595887,0.22464654757641256
1.0,0.5,4.0,4.0,0.0025,0.005,5.0,1000,cond_mean,342,0.9997887290502895,1.9925537502238382,0.4932862803304159,0.0018402110926038877,0,0.015047688663912137,0.22464654757641256
1.0,0.5,4.0,4.0,0.0025,0.005,10.0,2000,cond_mean,342,0.9998226406819793,2.0066254490539768,0.49986342939742506,0.0024015656690774432,0,0.014070322992004869,0.22464654757641256
1.0,0.5,4.0,4.0,0.0025,0.005,20.0,4000,cond_mean,342,0.999904952718614,2.0265256798281612,0.4939958759329123,0.002115436261709336,0,0.03336454801307513,0.22464654757641256
1.0,0.5,4.0,4.0,0.0025,0.005,0.5,100,cond_mean,343,0.9998635146087715,1.9961323767965666,0.4982471035135511,0.001564216573482271,0,0.009124076995848765,0.22423029157133506
1.0,0.5,4.0,4.0,0.0025,0.005,1.0,200,cond_mean,343,0.9998673973038901,1.9962938707748024,0.5043220646950258,0.0016896395163793466,0,0.011060309629296147,0.22423029157133506
1.0,0.5,4.0,4.0,0.0025,0.005,2.0,400,cond_mean,343,0.9998522945354602,1.989863121881778,0.5010736601533734,0.002319070093416733,0,0.016427178806202362,0.22423029157133506
1.0,0.5,4.0,4.0,0.0025,0.005,3.5,700,cond_mean,343,0.9993228571104469,1.9764626752677508,0.4977691611095102,0.0034587578268733864,0,0.032215691223261574,0.22423029157133506
1.0,0.5,4.0,4.0,0.0025,0.005,5.0,1000,cond_mean,343,0.9997793011787234,1.9553403169576156,0.5031490206742141,0.0027909555600585216,0,0.05349138104687511,0.22423029157133506
1.0,0.5,4.0,4.0,0.0025,0.005,10.0,2000,cond_mean,343,0.999872495673948,1.9237627869406186,0.5043969827871178,0.0027423003543072667,0,0.08908137302622791,0.22423029157133506
1.0,0.5,4.0,4.0,0.0025,0.005,20.0,4000,cond_mean,343,0.9996652347235665,1.904989879000671,0.5053564976260558,0.0022630246110861402,0,0.11017881385956309,0.22423029157133506
1.0,0.5,4.0,4.0,0.0025,0.005,0.5,100,cond_mean,344,0.9999692981972619,1.991384070904233,0.5034688262943132,0.0017513492705104516,0,0.013935388407684041,0.23504138099295752
1.0,0.5,4.0,4.0,0.0025,0.005,1.0,200,cond_mean,344,0.9999708614721892,1.9921662733232819,0.5040365686267536,0.003196979710510983,0,0.018894268646750915,0.23504138099295752
1.0,0.5,4.0,4.0,0.0025,0.005,2.0,400,cond_mean,344,1.0000519180348797,1.9845086335123114,0.5016224327757239,0.002025570143841616,0,0.020559574925863716,0.23504138099295752
1.0,0.5,4.0,4.0,0.0025,0.005,3.5,700,cond_mean,344,1.000183651523673,2.0076864893338953,0.5104889961833948,0.0024716541417052046,0,0.020124162375277418,0.23504138099295752
1.0,0.5,4.0,4.0,0.0025,0.005,5.0,1000,cond_mean,344,0.9999821699222016,2.007631338386388,0.5006118544989991,0.0022057221519033677,0,0.01397913193007421,0.23504138099295752
1.0,0.5,4.0,4.0,0.0025,0.005,10.0,2000,cond_mean,344,0.9997837147635451,2.0304272339579144,0.5139940940994311,0.0015561167394338104,0,0.04031680069590253,0.23504138099295752
1.0,0.5,4.0,4.0,0.0025,0.005,20.0,4000,cond_mean,344,1.0002010669588346,2.0466711387340326,0.5074459155086456,0.002271986478983479,0,0.055626376919606736,0.23504138099295752
1.0,0.5,4.0,4.0,0.0025,0.005,0.5,100,cond_mean,345,1.0000188103381111,2.002379324233977,0.5008620627505773,0.0021352046993174728,0,0.01088142717286362,0.23521721427927592
1.0,0.5,4.0,4.0,0.0025,0.005,1.0,200,cond_mean,345,0.9999674431411381,2.0035708879067413,0.5022109493495703,0.001732509534841832,0,0.009900053247145048,0.23521721427927592
1.0,0.5,4.0,4.0,0.0025,0.005,2.0,400,cond_mean,345,0.9999348290184789,1.9976470008915796,0.5018593548162172,0.002305764350023473,0,0.011915173781458536,0.23521721427927592
1.0,0.5,4.0,4.0,0.0025,0.005,3.5,700,cond_mean,345,0.9997090080586399,2.0184319349249535,0.5096025751826446,0.002884707388145919,0,0.02870824510545783,0.23521721427927592
1.0,0.5,4.0,4.0,0.0025,0.005,5.0,1000,cond_mean,345,0.999906863132529,2.013660663210269,0.5130076510913323,0.0026609577057931304,0,0.02672535716959441,0.23521721427927592
1.0,0.5,4.0,4.0,0.0025,0.005,10.0,2000,cond_mean,345,0.999981783715237,2.023501471421175,0.5106153259382968,0.0018314459121529345,0,0.031648873638906096,0.23521721427927592
1.0,0.5,4.0,4.0,0.0025,0.005,20.0,4000,cond_mean,345,1.0000155840977918,2.028945684880698,0.48743539382421974,0.0023183816390612015,0,0.039133682847397586,0.23521721427927592
1.0,0.5,4.0,4.0,0.0025,0.005,0.5,100,cond_mean,346,0.9999652287519947,1.9903176990958356,0.4966248937569846,0.0015784151721718448,0,0.01429277768344513,0.22485961314357286
1.0,0.5,4.0,4.0,0.0025,0.005,1.0,200,cond_mean,346,1.0000106683945693,1.9908205596419901,0.4962346847330902,0.0014805012920547573,0,0.013783783198946669,0.22485961314357286
1.0,0.5,4.0,4.0,0.0025,0.005,2.0,400,cond_mean,346,1.0002383257139693,1.990858055215911,0.5020221267957068,0.001895643345769495,0,0.01426445660278212,0.22485961314357286
1.0,0.5,4.0,4.0,0.0025,0.005,3.5,700,cond_mean,346,1.0002121675311864,1.985201130448339,0.5084151327472073,0.0017460585045616362,0,0.021820631704234657,0.22485961314357286
1.0,0.5,4.0,4.0,0.0025,0.005,5.0,1000,cond_mean,346,1.0000661862152358,1.9758835401325108,0.5008463071032536,0.0017852930846980603,0,0.02920178708302839,0.22485961314357286
1.0,0.5,4.0,4.0,0.0025,0.005,10.0,2000,cond_mean,346,1.0001503333211867,1.9629206643333068,0.5031920497192205,0.001824934789936513,0,0.04384501205961156,0.22485961314357286
1.0,0.5,4.0,4.0,0.0025,0.005,20.0,4000,cond_mean,346,0.9998690319377653,1.935168957649469,0.4974444097173321,0.002356177810744771,0,0.07589751271192698,0.22485961314357286
1.0,0.5,4.0,4.0,0.0025,0.005,0.5,100,cond_mean,347,1.000259123668855,2.0076373056245287,0.508913336892653,0.0024319806306834506,0,0.01859524948554523,0.22391741657962225
1.0,0.5,4.0,4.0,0.0025,0.005,1.0,200,cond_mean,347,1.0000239305521441,2.003013459115249,0.5013509333582847,0.002053425449348227,0,0.010797639847207574,0.22391741657962225
1.0,0.5,4.0,4.0,0.0025,0.005,2.0,400,cond_mean,347,0.9999500484455793,2.010788265982194,0.5014411687951016,0.001914281169758723,0,0.015730299209084458,0.22391741657962225
1.0,0.5,4.0,4.0,0.0025,0.005,3.5,700,cond_mean,347,1.0001544110643048,2.028563933999812,0.4953315270110944,0.0015015873297684365,0,0.03449807850487604,0.22391741657962225
1.0,0.5,4.0,4.0,0.0025,0.005,5.0,1000,cond_mean,347,1.0001122659663966,2.0373799395768297,0.4987799465760402,0.0018121638305678186,0,0.04413613376594934,0.22391741657962225
1.0,0.5,4.0,4.0,0.0025,0.005,10.0,2000,cond_mean,347,0.9999167413742104,2.0495677648561306,0.5074591588139095,0.002558697441061434,0,0.059205687664083934,0.22391741657962225
1.0,0.5,4.0,4.0,0.0025,0.005,20.0,4000,cond_mean,347,0.9999074337922762,2.0868228447826964,0.4934279305555615,0.002292789315096195,0,0.10151699064199877,0.22391741657962225
1.0,0.5,4.0,4.0,0.0025,0.005,0.5,100,cond_mean,348,1.000185430763865,2.0030802259908325,0.5007242275965683,0.0012599453098807542,0,0.007197949477573767,0.22393000599861676
1.0,0.5,4.0,4.0,0.0025,0.005,1.0,200,cond_mean,348,1.0000264991900871,2.002082092401345,0.5016238191472547,0.0018700690580119056,0,0.009705708713756624,0.22393000599861676
1.0,0.5,4.0,4.0,0.0025,0.005,2.0,400,cond_mean,348,0.9999027655776984,2.0006460062294074,0.5077103304991004,0.002832067507202651,0,0.017291134235205077,0.22393000599861676
1.0,0.5,4.0,4.0,0.0025,0.005,3.5,700,cond_mean,348,0.9999757261247222,2.0045043144657817,0.5059792468128582,0.0011400303529745678,0,0.010972639306290596,0.22393000599861676
1.0,0.5,4.0,4.0,0.0025,0.005,5.0,1000,cond_mean,348,1.000263511384483,2.0073001722408432,0.5065977670621605,0.0017863817643941026,0,0.014617605650087986,0.22393000599861676
1.0,0.5,4.0,4.0,0.0025,0.005,10.0,2000,cond_mean,348,1.0005753450556851,2.0380149940005046,0.49660907397488124,0.002771724386917979,0,0.04647994778692603,0.22393000599861676
1.0,0.5,4.0,4.0,0.0025,0.005,20.0,4000,cond_mean,348,1.000191012540295,2.0953571177934327,0.5010629473079415,0.0020285193209552805,0,0.1104602366521843,0.22393000599861676
1.0,0.5,4.0,4.0,0.0025,0.005,0.5,100,cond_mean,349,0.9997890081342289,2.0123896789761764,0.4940003642271575,0.001358524752156335,0,0.017483694709716467,0.22599342856223562
1.0,0.5,4.0,4.0,0.0025,0.005,1.0,200,cond_mean,349,0.9996836195292997,2.0120374020914205,0.4936527450020523,0.002028802733577706,0,0.018805691491337585,0.22599342856223562
1.0,0.5,4.0,4.0,0.0025,0.005,2.0,400,cond_mean,349,0.9997606791402291,2.0111486302965282,0.499647811358682,0.0024806832473849073,0,0.017744334046947086,0.22599342856223562
1.0,0.5,4.0,4.0,0.0025,0.005,3.5,700,cond_mean,349,0.9998794511230245,2.008180010656214,0.4983617806206784,0.002464395193165242,0,0.015481174836056388,0.22599342856223562
1.0,0.5,4.0,4.0,0.0025,0.005,5.0,1000,cond_mean,349,0.9998668792928013,2.0169478166774284,0.5011912028680352,0.002261678223761688,0,0.022558313835152593,0.22599342856223562
1.0,0.5,4.0,4.0,0.0025,0.005,10.0,2000,cond_mean,349,0.9998814224864391,2.0425158052058454,0.4975247114716442,0.0024856283653033784,0,0.05071632734972773,0.22599342856223562
1.0,0.5,4.0,4.0,0.0025,0.005,20.0,4000,cond_mean,349,1.0002724806921455,2.0635436420802398,0.5142335411735081,0.0019505873529513532,0,0.07569907216602118,0.22599342856223562
1.0,0.5,4.0,4.0,0.0025,0.005,0.5,100,cond_mean,350,1.0000835980430816,2.0000295763362663,0.5011638719289816,0.0023336825806598203,0,0.011531682805423533,0.22908620843996427
1.0,0.5,4.0,4.0,0.0025,0.005,1.0,200,cond_mean,350,0.9999724656423513,1.9928200836374483,0.49910591169479857,0.0023928104273581736,0,0.014409769305430795,0.22908620843996427
1.0,0.5,4.0,4.0,0.0025,0.005,2.0,400,cond_mean,350,1.0002295378421278,1.9789607629848878,0.5091042029866523,0.002334789868791321,0,0.029192599229236164,0.22908620843996427
1.0,0.5,4.0,4.0,0.0025,0.005,3.5,700,cond_mean,350,1.0000210624653112,1.9944532907526533,0.5175239995447221,0.001626037538124121,0,0.024967525365789844,0.22908620843996427
1.0,0.5,4.0,4.0,0.0025,0.005,5.0,1000,cond_mean,350,0.9999800772784447,2.0023894215270404,0.5153849036523692,0.0020716672412161405,0,0.022676574913291836,0.22908620843996427
1.0,0.5,4.0,4.0,0.0025,0.005,10.0,2000,cond_mean,350,1.0001559122965231,2.021614394455135,0.5019990274486421,0.0024011624100143403,0,0.02767244942802358,0.22908620843996427
1.0,0.5,4.0,4.0,0.0025,0.005,20.0,4000,cond_mean,350,1.0000126068678934,2.008918272125764,0.5053849324811563,0.001756481175817351,0,0.015143843967091427,0.22908620843996427
1.0,0.5,4.0,4.0,0.0025,0.005,0.5,100,cond_mean,351,1.0000117377739397,2.0090045474651763,0.5015909673699964,0.0017784315123492293,0,0.013719900626675954,0.22479347028170846
1.0,0.5,4.0,4.0,0.0025,0.005,1.0,200,cond_mean,351,0.9998157535477763,1.997759040279213,0.49733492741884616,0.0016917053981978791,0,0.009262016979654992,0.22479347028170846
1.0,0.5,4.0,4.0,0.0025,0.005,2.0,400,cond_mean,351,0.9999678952365825,1.9900643352100822,0.4960347125076676,0.0019779346524398207,0,0.01590979473560947,0.22479347028170846
1.0,0.5,4.0,4.0,0.0025,0.005,3.5,700,cond_mean,351,0.9999204024401411,1.972960947156128,0.49627643742659655,0.001304900283646984,0,0.032275341268322155,0.22479347028170846
1.0,0.5,4.0,4.0,0.0025,0.005,5.0,1000,cond_mean,351,1.0003492028081247,1.971782118038866,0.5015521840127584,0.0016795210676985792,0,0.033646423183725266,0.22479347028170846
1.0,0.5,4.0,4.0,0.0025,0.005,10.0,2000,cond_mean,351,0.9998843264490476,1.9918015062532721,0.5036669389818097,0.0016169645153439368,0,0.013348428111031096,0.22479347028170846
1.0,0.5,4.0,4.0,0.0025,0.005,20.0,4000,cond_mean,351,1.0003299602323263,1.9915168735858166,0.5080194504756004,0.002345181752420474,0,0.018056424908398337,0.22479347028170846
1.0,0.5,4.0,4.0,0.0025,0.005,0.5,100,cond_mean,352,0.9999503839884594,1.9914132020683493,0.5013895750738901,0.0015306205604865577,0,0.01258016675979517,0.22834399399081512
1.0,0.5,4.0,4.0,0.0025,0.005,1.0,200,cond_mean,352,1.0000824037316909,1.9853723449308578,0.5017186719638749,0.0025190143935907693,0,0.021029580352214017,0.22834399399081512
1.0,0.5,4.0,4.0,0.0025,0.005,2.0,400,cond_mean,352,1.0000643175646673,1.9822077319824176,0.5130609413621956,0.0024198097959563718,0,0.029093018014508004,0.22834399399081512
1.0,0.5,4.0,4.0,0.0025,0.005,3.5,700,cond_mean,352,0.9995480921411671,1.9787922192348888,0.5013830077366368,0.0019505271755682206,0,0.02650443735360848,0.22834399399081512
1.0,0.5,4.0,4.0,0.0025,0.005,5.0,1000,cond_mean,352,1.0002918320054168,1.9667674707715916,0.5067623352775128,0.00440619293754923,0,0.04481888143574465,0.22834399399081512
1.0,0.5,4.0,4.0,0.0025,0.005,10.0,2000,cond_mean,352,0.9995773740347564,1.9932026853838862,0.4971779492703496,0.0020144811110958984,0,0.013068450494359682,0.22834399399081512
1.0,0.5,4.0,4.0,0.0025,0.005,20.0,4000,cond_mean,352,0.9995861242078373,1.9913239908631217,0.49307798156175103,0.0020397435461024013,0,0.016454188844770005,0.22834399399081512
1.0,0.5,4.0,4.0,0.0025,0.005,0.5,100,cond_mean,353,1.0003199337804074,1.995047700998,0.5016625973705434,0.0019839899220169474,0,0.01147231102239506,0.2250855535800968
1.0,0.5,4.0,4.0,0.0025,0.005,1.0,200,cond_mean,353,1.0003508716170109,1.992253796869685,0.5021405728288054,0.0017937529563149283,0,0.012806567431486914,0.2250855535800968
1.0,0.5,4.0,4.0,0.0025,0.005,2.0,400,cond_mean,353,1.0000219077190722,1.9983582864201324,0.49056645607304744,0.0012525678681225459,0,0.014034198087917445,0.2250855535800968
1.0,0.5,4.0,4.0,0.0025,0.005,3.5,700,cond_mean,353,1.0001179293588558,2.0001272880722607,0.4955596073564961,0.0019787035618777597,0,0.011473586828549154,0.2250855535800968
1.0,0.5,4.0,4.0,0.0025,0.005,5.0,1000,cond_mean,353,0.9999715842268612,1.9993619875650737,0.5017320346167369,0.0019424991028358831,0,0.009838143792182513,0.2250855535800968
1.0,0.5,4.0,4.0,0.0025,0.005,10.0,2000,cond_mean,353,1.000419090049227,2.000494549442731,0.5014641717685914,0.0035949688239378143,0,0.01777092053637919,0.2250855535800968
1.0,0.5,4.0,4.0,0.0025,0.005,20.0,4000,cond_mean,353,0.9997851763089937,1.9973650237810263,0.49708159412588304,0.0012433140433686515,0,0.007661793643476462,0.2250855535800968
1.0,0.5,4.0,4.0,0.0025,0.005,0.5,100,cond_mean,354,1.0001891993960108,1.9914123311700653,0.504347181629126,0.0020161923272207466,0,0.015001220514477831,0.22454580942368402
1.0,0.5,4.0,4.0,0.0025,0.005,1.0,200,cond_mean,354,1.0003079929031085,2.0008637820573956,0.5052188279546356,0.0019379152800184606,0,0.011462879214215262,0.22454580942368402
1.0,0.5,4.0,4.0,0.0025,0.005,2.0,400,cond_mean,354,1.0000852031354746,2.0094523667704904,0.5059527719635801,0.0020461044439820655,0,0.016613832641814763,0.22454580942368402
1.0,0.5,4.0,4.0,0.0025,0.005,3.5,700,cond_mean,354,1.0000550903134628,2.0221281420122663,0.5045454304517774,0.0029529459962719055,0,0.029850187299238468,0.22454580942368402
1.0,0.5,4.0,4.0,0.0025,0.005,5.0,1000,cond_mean,354,1.0001804748881418,2.04139776523621,0.5119866419423925,0.0015793729148783696,0,0.050458217689217114,0.22454580942368402
1.0,0.5,4.0,4.0,0.0025,0.005,10.0,2000,cond_mean,354,1.0000598141356547,2.0162948807442254,0.49231599659249486,0.0016873198068612697,0,0.023023034581285868,0.22454580942368402
1.0,0.5,4.0,4.0,0.0025,0.005,20.0,4000,cond_mean,354,1.000420208260972,2.0023210181427253,0.5105326968927625,0.0027015548271926656,0,0.01877924653512883,0.22454580942368402
1.0,0.5,4.0,4.0,0.0025,0.005,0.5,100,cond_mean,355,1.0000792318280616,1.9985698645299916,0.4999188196525656,0.00247393777045866,0,0.012255214313432069,0.2237744762928092
1.0,0.5,4.0,4.0,0.0025,0.005,1.0,200,cond_mean,355,1.0000273502911874,1.9990262762307403,0.4945616555129357,0.0018306738159960638,0,0.011583553479823896,0.2237744762928092
1.0,0.5,4.0,4.0,0.0025,0.005,2.0,400,cond_mean,355,1.0001315891491533,2.01361639467109,0.4941057986227034,0.0015616933075083038,0,0.01927426087096973,0.2237744762928092
1.0,0.5,4.0,4.0,0.0025,0.005,3.5,700,cond_mean,355,1.0005517158561923,2.016573202101304,0.5041160345804869,0.0036730496935250784,0,0.02671089357738997,0.2237744762928092
1.0,0.5,4.0,4.0,0.0025,0.005,5.0,1000,cond_mean,355,1.0003662743034476,1.9952187691787895,0.5076160572791983,0.002475039012997948,0,0.01626378352359828,0.2237744762928092
1.0,0.5,4.0,4.0,0.0025,0.005,10.0,2000,cond_mean,355,0.999809341492328,1.9774887843453681,0.48404563903529846,0.0026854978187211597,0,0.03598876885011625,0.2237744762928092
1.0,0.5,4.0,4.0,0.0025,0.005,20.0,4000,cond_mean,355,1.0001070839181543,1.9885886543931452,0.5020585314297881,0.0024627649496159233,0,0.01805514425986151,0.2237744762928092
1.0,0.5,4.0,4.0,0.0025,0.005,0.5,100,cond_mean,356,0.9998440248132298,1.9983317553419222,0.49517839329640106,0.002213817325786019,0,0.012570850975228205,0.22482085715247585
1.0,0.5,4.0,4.0,0.0025,0.005,1.0,200,cond_mean,356,0.9998973464016024,2.0024959855930735,0.5030132897284229,0.0018531099067051861,0,0.010416806975275377,0.22482085715247585
1.0,0.5,4.0,4.0,0.0025,0.005,2.0,400,cond_mean,356,0.9999716181592779,2.0074459194461585,0.5088614564926608,0.002321003994759503,0,0.01838828118572393,0.22482085715247585
1.0,0.5,4.0,4.0,0.0025,0.005,3.5,700,cond_mean,356,1.000159014115125,2.001274835316616,0.51521479721531,0.00434033808782656,0,0.028978475447747974,0.22482085715247585
1.0,0.5,4.0,4.0,0.0025,0.005,5.0,1000,cond_mean,356,0.9997564519622466,2.009860705286677,0.4991203487838089,0.003118545927183288,0,0.01911989749945246,0.22482085715247585
1.0,0.5,4.0,4.0,0.0025,0.005,10.0,2000,cond_mean,356,1.0003544899738117,2.002664097174394,0.5204117823023198,0.002112591646838007,0,0.027977754302763152,0.22482085715247585
1.0,0.5,4.0,4.0,0.0025,0.005,20.0,4000,cond_mean,356,1.0001630171632936,1.9564300643649717,0.5026681927271206,0.002110722722404427,0,0.05139045048517734,0.22482085715247585
1.0,0.5,4.0,4.0,0.0025,0.005,0.5,100,cond_mean,357,0.9998393510048387,1.999732735014388,0.5014826265180833,0.0018858555109164685,0,0.00956128537772879,0.22607463701362057
1.0,0.5,4.0,4.0,0.0025,0.005,1.0,200,cond_mean,357,0.9998788931757732,2.0017446768802003,0.5038699542407048,0.0019453255154323037,0,0.011125855797354325,0.22607463701362057
1.0,0.5,4.0,4.0,0.0025,0.005,2.0,400,cond_mean,357,1.000082087123475,1.9946192598929184,0.5098935030690203,0.0020221275513039373,0,0.017296152205389773,0.22607463701362057
1.0,0.5,4.0,4.0,0.0025,0.005,3.5,700,cond_mean,357,0.9998148385296752,1.9948172296115785,0.4978541980238239,0.0021570872223857307,0,0.0124254209703357,0.22607463701362057
1.0,0.5,4.0,4.0,0.0025,0.005,5.0,1000,cond_mean,357,1.000050019488851,2.0151267570160725,0.4984578209988056,0.002092991167885302,0,0.020376468680431154,0.22607463701362057
1.0,0.5,4.0,4.0,0.0025,0.005,10.0,2000,cond_mean,357,0.999932699525621,2.024390553760525,0.49279217503504397,0.0019052439704476346,0,0.031155492219466657,0.22607463701362057
1.0,0.5,4.0,4.0,0.0025,0.005,20.0,4000,cond_mean,357,1.0001091328218874,2.0076932866625596,0.501819625921466,0.001924879337240339,0,0.013141649879955659,0.22607463701362057
1.0,0.5,4.0,4.0,0.0025,0.005,0.5,100,cond_mean,358,1.0001284388736553,2.0067429102969516,0.5071982858582103,0.0015459523848989278,0,0.014199989069302988,0.22581276186143182
1.0,0.5,4.0,4.0,0.0025,0.005,1.0,200,cond_mean,358,0.9999706040034715,2.0080103918427548,0.5036262883853782,0.0019506516254611402,0,0.014147625495766057,0.22581276186143182
1.0,0.5,4.0,4.0,0.0025,0.005,2.0,400,cond_mean,358,0.999987655337506,1.984329155321565,0.503041633734353,0.002049442463984928,0,0.021066099411829728,0.22581276186143182
1.0,0.5,4.0,4.0,0.0025,0.005,3.5,700,cond_mean,358,1.0003180958344722,1.9745574346600565,0.5062484086985212,0.0017033078217214674,0,0.031406389862627386,0.22581276186143182
1.0,0.5,4.0,4.0,0.0025,0.005,5.0,1000,cond_mean,358,1.0002847358688505,1.985411133491346,0.5046574060730117,0.002075055778019419,0,0.02040948095239436,0.22581276186143182
1.0,0.5,4.0,4.0,0.0025,0.005,10.0,2000,cond_mean,358,1.000182294875738,1.9713295453595339,0.5157218340876584,0.0020250949693035687,0,0.039867345113015325,0.22581276186143182
1.0,0.5,4.0,4.0,0.0025,0.005,20.0,4000,cond_mean,358,1.0003354152425243,1.9752438545938242,0.49787096405011383,0.00152093693757257,0,0.0298247516448673,0.22581276186143182
1.0,0.5,4.0,4.0,0.0025,0.005,0.5,100,cond_mean,359,0.9999925518047968,2.001533085506758,0.4950609298948655,0.001387573933812451,0,0.009562104195828413,0.2347865118478824
1.0,0.5,4.0,4.0,0.0025,0.005,1.0,200,cond_mean,359,1.0000318387025284,1.9955486144440784,0.4918012789136125,0.002327115627177852,0,0.016576106950630883,0.2347865118478824
1.0,0.5,4.0,4.0,0.0025,0.005,2.0,400,cond_mean,359,0.9999813799862425,1.9935769120646554,0.4976912031257373,0.0014763703082273797,0,0.010792868542698855,0.2347865118478824
1.0,0.5,4.0,4.0,0.0025,0.005,3.5,700,cond_mean,359,1.0004167421648984,1.9762449585975082,0.5017141385740511,0.0017287618178829151,0,0.028777259841646533,0.2347865118478824
1.0,0.5,4.0,4.0,0.0025,0.005,5.0,1000,cond_mean,359,1.000294569642124,1.9697423374211906,0.49915468217630793,0.0020347870214083535,0,0.03640585694504344,0.2347865118478824
1.0,0.5,4.0,4.0,0.0025,0.005,10.0,2000,cond_mean,359,0.9998342044637436,1.9740468537650717,0.5014983748898743,0.00212755895337258,0,0.03180290803353344,0.2347865118478824
1.0,0.5,4.0,4.0,0.0025,0.005,20.0,4000,cond_mean,359,1.0000958847306771,1.965824674958761,0.5015936418951007,0.002522934933415487,0,0.041374971154483665,0.2347865118478824
1.0,0.5,4.0,4.0,0.0025,0.005,0.5,100,cond_mean,360,0.9999526968973632,1.9919203393647296,0.49688568573691894,0.0015957361104561806,0,0.012811915261048117,0.22499917858346766
1.0,0.5,4.0,4.0,0.0025,0.005,1.0,200,cond_mean,360,0.9998858440281928,2.00573231895945,0.4936542591832398,0.0017031347244064652,0,0.013384132154776277,0.22499917858346766
1.0,0.5,4.0,4.0,0.0025,0.005,2.0,400,cond_mean,360,1.000090053762577,2.0112731811470015,0.49134818952077614,0.0021924838805647976,0,0.02047650638305461,0.22499917858346766
1.0,0.5,4.0,4.0,0.0025,0.005,3.5,700,cond_mean,360,0.9998099396693785,2.023160596698345,0.4938927336691641,0.0033321156568336557,0,0.03224250255291755,0.22499917858346766
1.0,0.5,4.0,4.0,0.0025,0.005,5.0,1000,cond_mean,360,1.000049408991064,2.031068518432206,0.4996341326659876,0.0021154976500365776,0,0.03734865133207296,0.22499917858346766
1.0,0.5,4.0,4.0,0.0025,0.005,10.0,2000,cond_mean,360,1.0000179866727592,2.00534914886777,0.5054157747529231,0.002765105184748512,0,0.016497889739461973,0.22499917858346766
1.0,0.5,4.0,4.0,0.0025,0.005,20.0,4000,cond_mean,360,1.00038695099586,2.0216872896188454,0.505236902300934,0.00211279013076276,0,0.027751684930242763,0.22499917858346766
1.0,0.5,4.0,4.0,0.0025,0.005,0.5,100,cond_mean,361,0.9998735973151615,1.9986491182423838,0.4976259571988897,0.0019085479859930682,0,0.009924612225681495,0.22622832142016186
1.0,0.5,4.0,4.0,0.0025,0.005,1.0,200,cond_mean,361,0.9999659701929106,2.0016820222788696,0.5006115760488691,0.00242824777680443,0,0.012102038583316287,0.22622832142016186
1.0,0.5,4.0,4.0,0.0025,0.005,2.0,400,cond_mean,361,0.9997890868364276,1.9969352468972035,0.4978877711393412,0.002491327900172862,0,0.012968731726251908,0.22622832142016186
1.0,0.5,4.0,4.0,0.0025,0.005,3.5,700,cond_mean,361,0.9997806402946745,2.0021113806954283,0.4964616326337278,0.002009979284119468,0,0.011023625388794285,0.22622832142016186
1.0,0.5,4.0,4.0,0.0025,0.005,5.0,1000,cond_mean,361,1.0001499733430053,2.0025312397894734,0.5089400398976567,0.0021995031202060884,0,0.01596117777873485,0.22622832142016186
1.0,0.5,4.0,4.0,0.0025,0.005,10.0,2000,cond_mean,361,0.9998069642614124,1.9815787455396991,0.5002868117633785,0.0024608230814851394,0,0.024476972884274417,0.22622832142016186
1.0,0.5,4.0,4.0,0.0025,0.005,20.0,4000,cond_mean,361,1.0001475794182462,2.0031834214113373,0.4983655283572988,0.001773072428981241,0,0.009778935263983463,0.22622832142016186
1.0,0.5,4.0,4.0,0.0025,0.005,0.5,100,cond_mean,362,0.999756557376828,2.006686965397117,0.4954086456541433,0.00334179130512012,0,0.01894747222803167,0.22403610128510212
1.0,0.5,4.0,4.0,0.0025,0.005,1.0,200,cond_mean,362,1.0000019670059213,2.007319124700409,0.4964948941269221,0.002033256305387547,0,0.01385068233865912,0.22403610128510212
1.0,0.5,4.0,4.0,0.0025,0.005,2.0,400,cond_mean,362,0.9998466389752241,2.018184534443326,0.49151211693880387,0.002391308646531354,0,0.02640686294860634,0.22403610128510212
1.0,0.5,4.0,4.0,0.0025,0.005,3.5,700,cond_mean,362,1.0001760097711268,2.0450933639432494,0.5001308207611131,0.0016812096630844234,0,0.05270906476641165,0.22403610128510212
1.0,0.5,4.0,4.0,0.0025,0.005,5.0,1000,cond_mean,362,1.0001873599029063,2.032742730772685,0.5028521751363231,0.002977667457254868,0,0.04058655637115906,0.22403610128510212
1.0,0.5,4.0,4.0,0.0025,0.005,10.0,2000,cond_mean,362,0.9998878486326325,2.046852249312103,0.5017490602064745,0.001831901667560882,0,0.054844181335167295,0.22403610128510212
1.0,0.5,4.0,4.0,0.0025,0.005,20.0,4000,cond_mean,362,1.0000784535620522,1.9742310394779283,0.49679947299124516,0.002827226833179017,0,0.033113757714809976,0.22403610128510212
1.0,0.5,4.0,4.0,0.0025,0.005,0.5,100,cond_mean,363,0.999984057331464,2.0032752467654897,0.49857514483114135,0.002162762587094594,0,0.01141309733937342,0.22606322012974747
1.0,0.5,4.0,4.0,0.0025,0.005,1.0,200,cond_mean,363,1.000150570575871,1.9962219574096747,0.5014372363808808,0.0019074067755770134,0,0.010460477429788532,0.22606322012974747
1.0,0.5,4.0,4.0,0.0025,0.005,2.0,400,cond_mean,363,1.0005113335052258,1.997225436680375,0.5115282885002448,0.0022492508355215386,0,0.01825250478279829,0.22606322012974747
1.0,0.5,4.0,4.0,0.0025,0.005,3.5,700,cond_mean,363,0.9996929740523256,1.9897896233625867,0.49985691630090506,0.002295275316522066,0,0.0163686522400146,0.22606322012974747
1.0,0.5,4.0,4.0,0.0025,0.005,5.0,1000,cond_mean,363,0.9998263994361603,1.9961973087911498,0.4962323724015113,0.0013477907157861907,0,0.009188239055601299,0.22606322012974747
1.0,0.5,4.0,4.0,0.0025,0.005,10.0,2000,cond_mean,363,0.9998478048528767,1.966421343225226,0.49603758254464464,0.001668454734788797,0,0.040001608115116084,0.22606322012974747
1.0,0.5,4.0,4.0,0.0025,0.005,20.0,4000,cond_mean,363,1.000262687280893,1.9437200306918048,0.502834973936953,0.00286111833771015,0,0.06649396756226661,0.22606322012974747
1.0,0.5,4.0,4.0,0.0025,0.005,0.5,100,cond_mean,364,0.9997090783974916,2.0107244288090556,0.49241689422060936,0.002120207711735089,0,0.018745846666426317,0.22506250000359224
1.0,0.5,4.0,4.0,0.0025,0.005,1.0,200,cond_mean,364,0.9999088129097695,2.025514588480619,0.4967930252555205,0.0023985676598798494,0,0.03199330696193502,0.22506250000359224
1.0,0.5,4.0,4.0,0.0025,0.005,2.0,400,cond_mean,364,1.0001578451772055,2.0219263924221273,0.5035879553814668,0.0024721146552589266,0,0.028410274840088828,0.22506250000359224
1.0,0.5,4.0,4.0,0.0025,0.005,3.5,700,cond_mean,364,1.000039490913646,2.0102141881375917,0.49871783726956326,0.002643945269571467,0,0.01763450259506738,0.22506250000359224
1.0,0.5,4.0,4.0,0.0025,0.005,5.0,1000,cond_mean,364,1.000291807770857,2.0185137684446266,0.5045027777302183,0.0021106992391482365,0,0.02432000372735783,0.22506250000359224
1.0,0.5,4.0,4.0,0.0025,0.005,10.0,2000,cond_mean,364,0.9998201086290285,2.0416457147981117,0.4977512912093633,0.0015546565970069428,0,0.04880548452186668,0.22506250000359224
1.0,0.5,4.0,4.0,0.0025,0.005,20.0,4000,cond_mean,364,0.9999052102915446,2.0475442041641365,0.4854839328717236,0.001339236102365578,0,0.058780782164253496,0.22506250000359224
1.0,0.5,4.0,4.0,0.0025,0.005,0.5,100,cond_mean,365,1.0000647506488145,1.9998287729354847,0.5047891383008148,0.001719570653702827,0,0.01043435650006431,0.23378552972073002
1.0,0.5,4.0,4.0,0.0025,0.005,1.0,200,cond_mean,365,1.0002134764559962,1.9843654269808673,0.505553004966541,0.0019590617571194828,0,0.021556893914408595,0.23378552972073002
1.0,0.5,4.0,4.0,0.0025,0.005,2.0,400,cond_mean,365,1.000205711524626,1.992570890987473,0.5033119799016454,0.0023796852864305922,0,0.015013215201344254,0.23378552972073002
1.0,0.5,4.0,4.0,0.0025,0.005,3.5,700,cond_mean,365,1.0000223874538317,1.9892829932121683,0.504903720746729,0.001346908358463442,0,0.015380641240534867,0.23378552972073002
1.0,0.5,4.0,4.0,0.0025,0.005,5.0,1000,cond_mean,365,1.0002378303867105,2.0188568606499073,0.5073105517258715,0.0021755519696509814,0,0.02586673958012126,0.23378552972073002
1.0,0.5,4.0,4.0,0.0025,0.005,10.0,2000,cond_mean,365,1.0001040624503068,2.0014935313932023,0.49189343415108827,0.0029503403768755617,0,0.01823758573751219,0.23378552972073002
1.0,0.5,4.0,4.0,0.0025,0.005,20.0,4000,cond_mean,365,0.999656944632151,1.9819283130285925,0.5124733417375205,0.0014804174007167017,0,0.027769723007759723,0.23378552972073002
1.0,0.5,4.0,4.0,0.0025,0.005,0.5,100,cond_mean,366,0.9998878976442117,1.9948493817072817,0.4985454543102629,0.0019275846109075808,0,0.01130801686885638,0.22720983928801225
1.0,0.5,4.0,4.0,0.0025,0.005,1.0,200,cond_mean,366,1.0001779492136995,1.993640123448819,0.5006916995625167,0.0019544375968325238,0,0.012111734191675126,0.22720983928801225
1.0,0.5,4.0,4.0,0.0025,0.005,2.0,400,cond_mean,366,1.000589102759892,1.9996289564612861,0.5106596072577889,0.0031294351534838266,0,0.020130834875978016,0.22720983928801225
1.0,0.5,4.0,4.0,0.0025,0.005,3.5,700,cond_mean,366,1.0000601550142387,2.0062254087823734,0.502849377288017,0.0023515253964663204,0,0.014064069036923959,0.22720983928801225
1.0,0.5,4.0,4.0,0.0025,0.005,5.0,1000,cond_mean,366,0.999487472625786,2.0136549365484457,0.4914251319695585,0.00289326762917812,0,0.023608786809866104,0.22720983928801225
1.0,0.5,4.0,4.0,0.0025,0.005,10.0,2000,cond_mean,366,0.9998316014457944,1.9795476078708159,0.49784156855813816,0.0027021542473904116,0,0.027249123210398945,0.22720983928801225
1.0,0.5,4.0,4.0,0.0025,0.005,20.0,4000,cond_mean,366,0.9999831463375859,1.9910941901295633,0.49368782716938286,0.0037108275185607003,0,0.022560905860876425,0.22720983928801225
1.0,0.5,4.0,4.0,0.0025,0.005,0.5,100,cond_mean,367,1.000166458158124,1.9919967112611536,0.5012566307643544,0.0015536974223597166,0,0.012064934469001922,0.23641864872271462
1.0,0.5,4.0,4.0,0.0025,0.005,1.0,200,cond_mean,367,0.9998765261279685,2.003177290497989,0.49887623714538,0.0016189836253781168,0,0.00884614162127815,0.23641864872271462
1.0,0.5,4.0,4.0,0.0025,0.005,2.0,400,cond_mean,367,1.0000516350253768,1.993386430782486,0.49680983670276097,0.0015802010388175469,0,0.011701394775425351,0.23641864872271462
1.0,0.5,4.0,4.0,0.0025,0.005,3.5,700,cond_mean,367,1.0001623760351857,1.9907282364891188,0.4980858419711331,0.002798601816016339,0,0.017650345911779722,0.23641864872271462
1.0,0.5,4.0,4.0,0.0025,0.005,5.0,1000,cond_mean,367,0.9998055586634197,1.9743789370839706,0.5012861400619139,0.0025355305924367423,0,0.03216435656885933,0.23641864872271462
1.0,0.5,4.0,4.0,0.0025,0.005,10.0,2000,cond_mean,367,0.9998100546923067,1.9794270771528513,0.5013966730074595,0.0013242024112231168,0,0.0247273237681295,0.23641864872271462
1.0,0.5,4.0,4.0,0.0025,0.005,20.0,4000,cond_mean,367,1.0000392550234196,2.0069928941883775,0.49969011771662647,0.0021549668901593593,0,0.013315022587059175,0.23641864872271462
1.0,0.5,4.0,4.0,0.0025,0.005,0.5,100,cond_mean,368,1.000237244323697,2.0099831282654357,0.5014863030660233,0.0016458184360481653,0,0.0141770261962737,0.22373053571209311
1.0,0.5,4.0,4.0,0.0025,0.005,1.0,200,cond_mean,368,1.0001856043092217,2.002710316062099,0.4979632534002822,0.0020993126984644645,0,0.01123112984343124,0.22373053571209311
1.0,0.5,4.0,4.0,0.0025,0.005,2.0,400,cond_mean,368,1.0004753903763903,2.013757034863064,0.49915965930527384,0.0024457375364802534,0,0.020135577850569412,0.22373053571209311
1.0,0.5,4.0,4.0,0.0025,0.005,3.5,700,cond_mean,368,0.9999175666255167,2.0189447052460636,0.4939922800049644,0.0019275614029455187,0,0.025096584482454293,0.22373053571209311
1.0,0.5,4.0,4.0,0.0025,0.005,5.0,1000,cond_mean,368,0.9997595737188811,2.0251481027150806,0.49242748493143135,0.002608482405308004,0,0.0331373782137687,0.22373053571209311
1.0,0.5,4.0,4.0,0.0025,0.005,10.0,2000,cond_mean,368,1.0000991099027678,1.985673349607218,0.4968113579677058,0.001662537983889836,0,0.018996883151709085,0.22373053571209311
1.0,0.5,4.0,4.0,0.0025,0.005,20.0,4000,cond_mean,368,1.0000172906133664,1.9398340196415562,0.4951276580725902,0.0014296522098284359,0,0.07027176327249875,0.22373053571209311
1.0,0.5,4.0,4.0,0.0025,0.005,0.5,100,cond_mean,369,1.0002277582904484,2.011423298965932,0.5036761337261016,0.0020451976331259496,0,0.01715606878281134,0.22339542857038655
1.0,0.5,4.0,4.0,0.0025,0.005,1.0,200,cond_mean,369,1.0000360449729508,2.0124124179519502,0.49332967300751546,0.002276388790422759,0,0.020218854508171027,0.22339542857038655
1.0,0.5,4.0,4.0,0.0025,0.005,2.0,400,cond_mean,369,1.0000733201168541,2.0106059067128204,0.49425210865921515,0.0022546351666133217,0,0.018205130033343342,0.22339542857038655
1.0,0.5,4.0,4.0,0.0025,0.005,3.5,700,cond_mean,369,1.0000527372804737,2.0020816592856776,0.4963427572994434,0.0021326525979616933,0,0.011813539182289393,0.22339542857038655
1.0,0.5,4.0,4.0,0.0025,0.005,5.0,1000,cond_mean,369,1.0001125040204444,2.017006085024166,0.4890707068867937,0.0016863306318786863,0,0.02597664648666282,0.22339542857038655
1.0,0.5,4.0,4.0,0.0025,0.005,10.0,2000,cond_mean,369,1.0003478244473607,2.0093857612991397,0.49874178880530234,0.002789809125654925,0,0.01768368260397291,0.22339542857038655
1.0,0.5,4.0,4.0,0.0025,0.005,20.0,4000,cond_mean,369,0.9996730182411693,1.9396197701313356,0.48858264282981484,0.0015851149280389394,0,0.07202505639013632,0.22339542857038655
1.0,0.5,4.0,4.0,0.0025,0.005,0.5,100,cond_mean,370,0.9999592084622803,2.0115250268730565,0.49707069635202844,0.0021211194724058543,0,0.01732044816928652,0.22913202985988132
1.0,0.5,4.0,4.0,0.0025,0.005,1.0,200,cond_mean,370,1.0000699591923368,2.014203374281365,0.500694008232215,0.0014877296006577832,0,0.01796674530031388,0.22913202985988132
1.0,0.5,4.0,4.0,0.0025,0.005,2.0,400,cond_mean,370,0.9998339442762708,2.0078227845147936,0.497508746735105,0.0024986215307008374,0,0.015523913511916393,0.22913202985988132
1.0,0.5,4.0,4.0,0.0025,0.005,3.5,700,cond_mean,370,0.9998427744206598,1.990002056285523,0.4938915026271031,0.0020886814524460366,0,0.017238810623192408,0.22913202985988132
1.0,0.5,4.0,4.0,0.0025,0.005,5.0,1000,cond_mean,370,1.0002496894363049,1.9763548776591535,0.4975967307178917,0.002448050717294336,0,0.030126564678073092,0.22913202985988132
1.0,0.5,4.0,4.0,0.0025,0.005,10.0,2000,cond_mean,370,1.0003850249522015,1.947294412324971,0.49154645569067346,0.002608284017145043,0,0.06363261567665457,0.22913202985988132
1.0,0.5,4.0,4.0,0.0025,0.005,20.0,4000,cond_mean,370,0.9996352911325167,1.9989390163676894,0.4962035171573025,0.0027562559623491253,0,0.014290103135742933,0.22913202985988132
1.0,0.5,4.0,4.0,0.0025,0.005,0.5,100,cond_mean,371,0.9999867185787953,2.0004918793034543,0.49761140198611403,0.0012676969188642306,0,0.006975097249316774,0.22270444042182394
1.0,0.5,4.0,4.0,0.0025,0.005,1.0,200,cond_mean,371,0.9998544251605817,1.99857802136213,0.49449956069715073,0.0014651771096202287,0,0.010117526415926685,0.22270444042182394
1.0,0.5,4.0,4.0,0.0025,0.005,2.0,400,cond_mean,371,1.0002019128999158,1.9907498493587297,0.5008559717913947,0.002482558276589379,0,0.016240438159164757,0.22270444042182394
1.0,0.5,4.0,4.0,0.0025,0.005,3.5,700,cond_mean,371,1.000217207411793,1.9869024693651072,0.5016499585340918,0.0017139974497888874,0,0.017397660509076564,0.22270444042182394
1.0,0.5,4.0,4.0,0.0025,0.005,5.0,1000,cond_mean,371,1.0000453028333254,1.9841808836057655,0.49513102518336866,0.0014790352933577264,0,0.02073520499969123,0.22270444042182394
1.0,0.5,4.0,4.0,0.0025,0.005,10.0,2000,cond_mean,371,1.0005204961249585,1.9593040201667105,0.517566349759349,0.0018513609303195371,0,0.052233976757307114,0.22270444042182394
1.0,0.5,4.0,4.0,0.0025,0.005,20.0,4000,cond_mean,371,0.9999713041673058,1.9896486036520766,0.5072567887816114,0.0017398265647079697,0,0.017461969971950677,0.22270444042182394
1.0,0.5,4.0,4.0,0.0025,0.005,0.5,100,cond_mean,372,0.9999148195605387,2.0089971979899084,0.49936132923758586,0.001192524805001081,0,0.011948272599820682,0.22476719642457152
1.0,0.5,4.0,4.0,0.0025,0.005,1.0,200,cond_mean,372,0.9999585498738183,2.0099287964868866,0.5029073738578228,0.0038069139212674017,0,0.02222385591693079,0.22476719642457152
1.0,0.5,4.0,4.0,0.0025,0.005,2.0,400,cond_mean,372,1.000130887701572,2.0108350162015345,0.5021243967606893,0.0013215783513685993,0,0.01430503782755467,0.22476719642457152
1.0,0.5,4.0,4.0,0.0025,0.005,3.5,700,cond_mean,372,0.999805832125864,2.0105162857075314,0.49025708195531786,0.0019869724551686884,0,0.019989642641878514,0.22476719642457152
1.0,0.5,4.0,4.0,0.0025,0.005,5.0,1000,cond_mean,372,0.9999307626879147,2.0219220361399732,0.5025498472768568,0.0017400847746352854,0,0.026898050560967307,0.22476719642457152
1.0,0.5,4.0,4.0,0.0025,0.005,10.0,2000,cond_mean,372,1.0002172147980521,2.025786156102349,0.500472343153924,0.0014342717920021225,0,0.030601951287823274,0.22476719642457152
1.0,0.5,4.0,4.0,0.0025,0.005,20.0,4000,cond_mean,372,1.0001588513338389,2.076510041160784,0.4995733246764051,0.0022521798115274923,0,0.0890250559505622,0.22476719642457152
1.0,0.5,4.0,4.0,0.0025,0.005,0.5,100,cond_mean,373,0.9998501567669786,1.988563620750692,0.4963349931950701,0.001602769800727393,0,0.016031670241409012,0.22507647629494645
1.0,0.5,4.0,4.0,0.0025,0.005,1.0,200,cond_mean,373,0.9999508072335611,1.989850048626257,0.49879370914627624,0.0017856756665794373,0,0.01471295862859918,0.22507647629494645
1.0,0.5,4.0,4.0,0.0025,0.005,2.0,400,cond_mean,373,0.9998833199469666,2.008967767997539,0.49474282528740743,0.002165741048703692,0,0.016263791605284184,0.22507647629494645
1.0,0.5,4.0,4.0,0.0025,0.005,3.5,700,cond_mean,373,0.9994651352003128,1.9954675839369416,0.49225868980670384,0.002374633816451235,0,0.01577712118882775,0.22507647629494645
1.0,0.5,4.0,4.0,0.0025,0.005,5.0,1000,cond_mean,373,0.99970948513015,2.005677644176618,0.4923430776691701,0.002909757494822109,0,0.01832132159259124,0.22507647629494645
1.0,0.5,4.0,4.0,0.0025,0.005,10.0,2000,cond_mean,373,1.000065183654451,2.022738508111234,0.5027100684635994,0.0023133604548978494,0,0.028796715467508376,0.22507647629494645
1.0,0.5,4.0,4.0,0.0025,0.005,20.0,4000,cond_mean,373,1.0001389107127865,1.9831264084008473,0.5068890432121902,0.002132236470947015,0,0.023769747987597515,0.22507647629494645
1.0,0.5,4.0,4.0,0.0025,0.005,0.5,100,cond_mean,374,1.0001915760284783,2.0012735259196197,0.5018305966254338,0.0017943264361722333,0,0.009180144975733905,0.22455638685330218
1.0,0.5,4.0,4.0,0.0025,0.005,1.0,200,cond_mean,374,1.0004149533874067,2.005173421822224,0.5013628529258504,0.0027634731522378285,0,0.014948990360556908,0.22455638685330218
1.0,0.5,4.0,4.0,0.0025,0.005,2.0,400,cond_mean,374,1.0004463019310894,1.9977843258874832,0.5024114491962622,0.0021411297959441585,0,0.01120858511260359,0.22455638685330218
1.0,0.5,4.0,4.0,0.0025,0.005,3.5,700,cond_mean,374,0.999971330425267,1.9814482005138865,0.5015223128340087,0.0016437312306535148,0,0.022972358262168726,0.22455638685330218
1.0,0.5,4.0,4.0,0.0025,0.005,5.0,1000,cond_mean,374,1.0000377240479015,1.957964793672029,0.5106660442702354,0.001548099269243441,0,0.05077548419955672,0.22455638685330218
1.0,0.5,4.0,4.0,0.0025,0.005,10.0,2000,cond_mean,374,1.0000624034570655,1.983717176902112,0.5054607493630799,0.001900988953413888,0,0.02204888091154206,0.22455638685330218
1.0,0.5,4.0,4.0,0.0025,0.005,20.0,4000,cond_mean,374,1.0001157222213484,1.9875181031620546,0.4964855779486126,0.0016075545880482797,0,0.01716392671551545,0.22455638685330218
1.0,0.5,4.0,4.0,0.0025,0.005,0.5,100,cond_mean,375,1.0001795758271774,1.9935297634094002,0.49880146970556327,0.001384019586154232,0,0.01031857822014595,0.225472392863594
1.0,0.5,4.0,4.0,0.0025,0.005,1.0,200,cond_mean,375,0.9999362481315317,2.000945085271077,0.4916948320740031,0.0019482946452663004,0,0.014450123075411233,0.225472392863594
1.0,0.5,4.0,4.0,0.0025,0.005,2.0,400,cond_mean,375,0.9997883623913016,2.009242373339648,0.4945516020843754,0.0015760827964929078,0,0.01483080266554133,0.225472392863594
1.0,0.5,4.0,4.0,0.0025,0.005,3.5,700,cond_mean,375,1.0002272234508198,2.023345291017995,0.48981907801704216,0.001469506829939473,0,0.031316272063339985,0.225472392863594
1.0,0.5,4.0,4.0,0.0025,0.005,5.0,1000,cond_mean,375,1.0000288868259986,2.030441600912658,0.4861824111813418,0.001704843937364751,0,0.04071463956545742,0.225472392863594
1.0,0.5,4.0,4.0,0.0025,0.005,10.0,2000,cond_mean,375,1.0000781760908515,2.022020124345908,0.5135797676365896,0.0016838984670830934,0,0.031838281900052806,0.225472392863594
1.0,0.5,4.0,4.0,0.0025,0.005,20.0,4000,cond_mean,375,1.0001321473942355,2.028432877020518,0.5003896472750268,0.003146712995120005,0,0.036271526343403665,0.225472392863594
1.0,0.5,4.0,4.0,0.0025,0.005,0.5,100,cond_mean,376,1.000408564958132,2.003262567609192,0.5044105207965155,0.002850121320195764,0,0.015380405769716351,0.22592057743375854
1.0,0.5,4.0,4.0,0.0025,0.005,1.0,200,cond_mean,376,1.0000671777283827,2.007693565570076,0.5023569550876452,0.0013095351819284093,0,0.011349381913250887,0.22592057743375854
1.0,0.5,4.0,4.0,0.0025,0.005,2.0,400,cond_mean,376,1.0000780142710701,2.025234731377639,0.5121118992541239,0.001657485342098911,0,0.033852459465430924,0.22592057743375854
1.0,0.5,4.0,4.0,0.0025,0.005,3.5,700,cond_mean,376,1.0002543405743352,2.0250256357876806,0.5160515231461661,0.002251091263387102,0,0.03700045408836231,0.22592057743375854
1.0,0.5,4.0,4.0,0.0025,0.005,5.0,1000,cond_mean,376,1.0000855278860423,2.0166631716223393,0.5081723943127219,0.002145846140486144,0,0.024279906195661588,0.22592057743375854
1.0,0.5,4.0,4.0,0.0025,0.005,10.0,2000,cond_mean,376,1.0003897248163978,1.9997972828447466,0.5014612848121498,0.0024221754556362084,0,0.012056152536141724,0.22592057743375854
1.0,0.5,4.0,4.0,0.0025,0.005,20.0,4000,cond_mean,376,0.9994167617791444,1.9727091304463544,0.4944890236370021,0.0026784700855179296,0,0.03477910447457736,0.22592057743375854
1.0,0.5,4.0,4.0,0.0025,0.005,0.5,100,cond_mean,377,0.9997520622063765,1.996627362442063,0.49849030307990294,0.0019495230669462258,0,0.010486010441447789,0.22527880956684904
1.0,0.5,4.0,4.0,0.0025,0.005,1.0,200,cond_mean,377,0.9998265847669628,1.9911916125989153,0.4984770318076639,0.0017706230907445278,0,0.013504221698810364,0.22527880956684904
1.0,0.5,4.0,4.0,0.0025,0.005,2.0,400,cond_mean,377,0.9999654187607638,1.9891883653430118,0.5048865945171154,0.0018307071956768191,0,0.016680507374857288,0.22527880956684904
1.0,0.5,4.0,4.0,0.0025,0.005,3.5,700,cond_mean,377,0.99986564556496,1.9735799073898819,0.5030034034876212,0.002026281610263271,0,0.032294235454598225,0.22527880956684904
1.0,0.5,4.0,4.0,0.0025,0.005,5.0,1000,cond_mean,377,1.0000145260747013,1.9669226565232922,0.5049760236204305,0.001991657917092449,0,0.03987361329870577,0.22527880956684904
1.0,0.5,4.0,4.0,0.0025,0.005,10.0,2000,cond_mean,377,0.9998205123913043,1.9561437966045394,0.4932805208108981,0.001438885213617214,0,0.05197749675701406,0.22527880956684904
1.0,0.5,4.0,4.0,0.0025,0.005,20.0,4000,cond_mean,377,1.0001948623900079,2.0392721893416095,0.5045119030373121,0.0015086557512666886,0,0.04618939048028619,0.22527880956684904
1.0,0.5,4.0,4.0,0.0025,0.005,0.5,100,cond_mean,378,0.9999617275131613,2.008595197563166,0.5001022229764818,0.0017466678173438967,0,0.013114740783435561,0.22692527986198133
1.0,0.5,4.0,4.0,0.0025,0.005,1.0,200,cond_mean,378,1.0000209659009491,2.007895679076802,0.5035486057671611,0.0021132039222355493,0,0.01456152664926343,0.22692527986198133
1.0,0.5,4.0,4.0,0.0025,0.005,2.0,400,cond_mean,378,0.9998879475067688,2.0064266892280402,0.49542175167116403,0.0014970922301093383,0,0.01193820913039269,0.22692527986198133
1.0,0.5,4.0,4.0,0.0025,0.005,3.5,700,cond_mean,378,1.0000149970933319,2.01492068401561,0.4931001082843891,0.0016964726425842168,0,0.02126507876777819,0.22692527986198133
1.0,0.5,4.0,4.0,0.0025,0.005,5.0,1000,cond_mean,378,1.0001615745456585,2.032347284394325,0.49228395629559146,0.001938077683499768,0,0.040136604176506975,0.22692527986198133
1.0,0.5,4.0,4.0,0.0025,0.005,10.0,2000,cond_mean,378,1.0001557581559677,2.0237160476198937,0.5075224585604746,0.0018201978300187052,0,0.030226712725342265,0.22692527986198133
1.0,0.5,4.0,4.0,0.0025,0.005,20.0,4000,cond_mean,378,0.9996467748477271,2.0611296439036964,0.5001367258318866,0.001994941519634286,0,0.07127019194737491,0.22692527986198133
1.0,0.5,4.0,4.0,0.0025,0.005,0.5,100,cond_mean,379,1.0000199495716855,2.007913939347019,0.4978696296816524,0.0017741752673062963,0,0.01293726170216966,0.22552719042037747
1.0,0.5,4.0,4.0,0.0025,0.005,1.0,200,cond_mean,379,1.0001694387904436,2.014932623408808,0.4992732716273085,0.0022884893300440827,0,0.020627477467829926,0.22552719042037747
1.0,0.5,4.0,4.0,0.0025,0.005,2.0,400,cond_mean,379,1.0003649371901213,1.993122789325735,0.5073188669348745,0.002382604742259204,0,0.016721758803641653,0.22552719042037747
1.0,0.5,4.0,4.0,0.0025,0.005,3.5,700,cond_mean,379,1.000162132691478,1.987538391174192,0.4971958663953456,0.0017200852587602742,0,0.017192954273372155,0.22552719042037747
1.0,0.5,4.0,4.0,0.0025,0.005,5.0,1000,cond_mean,379,0.9999775784814091,1.9883129169945064,0.49335744949753224,0.0024651452072978457,0,0.020087622805370808,0.22552719042037747
1.0,0.5,4.0,4.0,0.0025,0.005,10.0,2000,cond_mean,379,0.9998104938941647,2.0219961478039727,0.4906871178935938,0.0022904075889826764,0,0.03023153937702577,0.22552719042037747
1.0,0.5,4.0,4.0,0.0025,0.005,20.0,4000,cond_mean,379,0.999901105543882,2.048159372071112,0.49721916095760943,0.002003892927113105,0,0.05664612526189043,0.22552719042037747
1.0,0.5,4.0,4.0,0.0025,0.005,0.5,100,cond_mean,380,0.9999155190408647,1.992959748639358,0.5004952900131724,0.0012808565304505718,0,0.010313221461625804,0.22457225600789701
1.0,0.5,4.0,4.0,0.0025,0.005,1.0,200,cond_mean,380,0.9998149365608088,1.9928002084048433,0.4952613431853188,0.0018980631313117583,0,0.013814608407543623,0.22457225600789701
1.0,0.5,4.0,4.0,0.0025,0.005,2.0,400,cond_mean,380,1.0003581907586157,1.973652333050755,0.5051437023730081,0.0017451603790174593,0,0.03214163856079326,0.22457225600789701
1.0,0.5,4.0,4.0,0.0025,0.005,3.5,700,cond_mean,380,1.0001424532283436,1.9752044298291636,0.48929515827326686,0.0019287243419912588,0,0.03361648555011195,0.22457225600789701
1.0,0.5,4.0,4.0,0.0025,0.005,5.0,1000,cond_mean,380,0.9999327131396502,1.978105896840145,0.48810872358777485,0.0015695046559707716,0,0.030744444649434426,0.22457225600789701
1.0,0.5,4.0,4.0,0.0025,0.005,10.0,2000,cond_mean,380,1.0002595728185022,1.977185513288056,0.4964890315380632,0.0024148152437476447,0,0.029391795193957734,0.22457225600789701
1.0,0.5,4.0,4.0,0.0025,0.005,20.0,4000,cond_mean,380,0.9996628957390835,1.9499464241161442,0.5020581569207431,0.0023750752628177714,0,0.059026841580654334,0.22457225600789701
1.0,0.5,4.0,4.0,0.0025,0.005,0.5,100,cond_mean,381,0.9999403965051653,1.997900455045734,0.49227914886364893,0.0018527367851918115,0,0.013734732775466513,0.22625919642658637
1.0,0.5,4.0,4.0,0.0025,0.005,1.0,200,cond_mean,381,1.0001714958281414,2.000652527783214,0.49359899975760047,0.0026282501649857104,0,0.01565029945803182,0.22625919642658637
1.0,0.5,4.0,4.0,0.0025,0.005,2.0,400,cond_mean,381,1.0000818640361437,2.00357407864924,0.49356452826226965,0.0019080304607293948,0,0.013417483477692357,0.22625919642658637
1.0,0.5,4.0,4.0,0.0025,0.005,3.5,700,cond_mean,381,1.000200954263574,2.0102370103204716,0.49956152392911546,0.0021961576549081978,0,0.01605233185792248,0.22625919642658637
1.0,0.5,4.0,4.0,0.0025,0.005,5.0,1000,cond_mean,381,0.999993629090364,2.0092389385074148,0.49946964731168375,0.0022540916213708976,0,0.015383618996681973,0.22625919642658637
1.0,0.5,4.0,4.0,0.0025,0.005,10.0,2000,cond_mean,381,1.0004594685099795,2.0159906880019682,0.4961873014194947,0.002557296508039723,0,0.02322421232618105,0.22625919642658637
1.0,0.5,4.0,4.0,0.0025,0.005,20.0,4000,cond_mean,381,1.000052966321718,1.979263156624802,0.5029503703054303,0.0016568343037610255,0,0.02554787939719458,0.22625919642658637
1.0,0.5,4.0,4.0,0.0025,0.005,0.5,100,cond_mean,382,0.9997517102553971,1.9901506018424429,0.4930273440295314,0.0029121864434967174,0,0.02020078591892915,0.22519002984543995
1.0,0.5,4.0,4.0,0.0025,0.005,1.0,200,cond_mean,382,0.9998815405346464,1.9855973435848793,0.49398571376407946,0.002325301637208735,0,0.021556725224393326,0.22519002984543995
1.0,0.5,4.0,4.0,0.0025,0.005,2.0,400,cond_mean,382,1.0004026905957126,1.976789566180316,0.5082895018095542,0.0028847373920654743,0,0.03190764641431493,0.22519002984543995
1.0,0.5,4.0,4.0,0.0025,0.005,3.5,700,cond_mean,382,1.0001213765189014,1.9682872403616722,0.5081502189311548,0.002241911144456031,0,0.0395696267922707,0.22519002984543995
1.0,0.5,4.0,4.0,0.0025,0.005,5.0,1000,cond_mean,382,0.9999430055698645,1.9689166569809962,0.5038179683516762,0.002215067467950467,0,0.037767429806147425,0.22519002984543995
1.0,0.5,4.0,4.0,0.0025,0.005,10.0,2000,cond_mean,382,1.0001014355255633,1.9677022709905752,0.4957478822623772,0.001386050032170102,0,0.038442852421497045,0.22519002984543995
1.0,0.5,4.0,4.0,0.0025,0.005,20.0,4000,cond_mean,382,0.9999263212206281,1.9937018316898407,0.49821941346399484,0.0014596037816981722,0,0.010444367341328944,0.22519002984543995
1.0,0.5,4.0,4.0,0.0025,0.005,0.5,100,cond_mean,383,1.000040367824203,1.9972109080322284,0.503565245416821,0.0016295782279265399,0,0.009766732975307633,0.22357030942969555
1.0,0.5,4.0,4.0,0.0025,0.005,1.0,200,cond_mean,383,1.000074337641122,2.010413233882953,0.5046220257131824,0.0014898297074779536,0,0.015247539577077179,0.22357030942969555
1.0,0.5,4.0,4.0,0.0025,0.005,2.0,400,cond_mean,383,0.9998533759643087,2.005113837475727,0.5042405083400407,0.0018628264304180232,0,0.01237086937498199,0.22357030942969555
1.0,0.5,4.0,4.0,0.0025,0.005,3.5,700,cond_mean,383,0.9996208516589076,2.0033315077237708,0.4996939000615078,0.0016941552582390076,0,0.009320784428862285,0.22357030942969555
1.0,0.5,4.0,4.0,0.0025,0.005,5.0,1000,cond_mean,383,0.999903653102804,2.0056438491003545,0.5051108120770289,0.002001880690771756,0,0.013633051787761618,0.22357030942969555
1.0,0.5,4.0,4.0,0.0025,0.005,10.0,2000,cond_mean,383,0.9999916735116408,2.02349095189113,0.5081373052132869,0.0019062172962909401,0,0.030561463263759303,0.22357030942969555
1.0,0.5,4.0,4.0,0.0025,0.005,20.0,4000,cond_mean,383,0.9997718278211785,2.0163398636456904,0.49818689459186877,0.0018674090754989578,0,0.02109753206257432,0.22357030942969555
1.0,0.5,4.0,4.0,0.0025,0.005,0.5,100,cond_mean,384,1.0004063854213825,2.0108855569906647,0.5086255867728037,0.0024221646748548006,0,0.020256518460555616,0.22361672613104538
1.0,0.5,4.0,4.0,0.0025,0.005,1.0,200,cond_mean,384,1.0000338671289584,2.006417718337101,0.5005328894168196,0.0016973453294897767,0,0.011162528790720485,0.22361672613104538
1.0,0.5,4.0,4.0,0.0025,0.005,2.0,400,cond_mean,384,1.0002176839258359,1.9947015774910433,0.5004982148387106,0.002102383878733408,0,0.012032215078254945,0.22361672613104538
1.0,0.5,4.0,4.0,0.0025,0.005,3.5,700,cond_mean,384,1.0005226982953521,1.9993311107215468,0.5101453367130201,0.002609435837633027,0,0.017840857819115312,0.22361672613104538
1.0,0.5,4.0,4.0,0.0025,0.005,5.0,1000,cond_mean,384,1.0000626956039977,2.0048035002344586,0.511411570581445,0.001548796282703125,0,0.01749121300490308,0.22361672613104538
1.0,0.5,4.0,4.0,0.0025,0.005,10.0,2000,cond_mean,384,0.999778194088221,2.0342250190207607,0.5000640582960325,0.0014416967620627327,0,0.040165084379200584,0.22361672613104538
1.0,0.5,4.0,4.0,0.0025,0.005,20.0,4000,cond_mean,384,1.0000558304076417,2.032470028235512,0.505406456499346,0.002014157793974568,0,0.039307244116529756,0.22361672613104538
1.0,0.5,4.0,4.0,0.0025,0.005,0.5,100,cond_mean,385,0.9999061685160576,2.000261037362717,0.49557733793126874,0.0025505779571088835,0,0.013718568572061399,0.2264729524197589
1.0,0.5,4.0,4.0,0.0025,0.005,1.0,200,cond_mean,385,0.999872072012606,2.0080687721055592,0.4964324215509411,0.001540284176682112,0,0.012808256910400525,0.2264729524197589
1.0,0.5,4.0,4.0,0.0025,0.005,2.0,400,cond_mean,385,0.9999849513121042,2.0035813605728094,0.4943417675566583,0.0014232604031933782,0,0.010989839893564992,0.2264729524197589
1.0,0.5,4.0,4.0,0.0025,0.005,3.5,700,cond_mean,385,0.9997712401525354,1.9920537626179469,0.4930406223887254,0.001682246673269757,0,0.015135680127718635,0.2264729524197589
1.0,0.5,4.0,4.0,0.0025,0.005,5.0,1000,cond_mean,385,0.9997357646607987,1.9953386707782779,0.493464525355388,0.002731926961040511,0,0.016580240264175917,0.2264729524197589
1.0,0.5,4.0,4.0,0.0025,0.005,10.0,2000,cond_mean,385,0.9998316219199538,1.9848609775773778,0.5011392848686707,0.0024251252224031738,0,0.02123589384546653,0.2264729524197589
1.0,0.5,4.0,4.0,0.0025,0.005,20.0,4000,cond_mean,385,0.9997701415888653,1.9895703194175778,0.506364521197472,0.0027251021841089317,0,0.01997610990794554,0.2264729524197589
1.0,0.5,4.0,4.0,0.0025,0.005,0.5,100,cond_mean,386,1.0002337974079842,2.001258177015674,0.5063076268001675,0.002573944656514025,0,0.014932045126537195,0.22415582142171583
1.0,0.5,4.0,4.0,0.0025,0.005,1.0,200,cond_mean,386,1.0002949536378547,2.0066735541793235,0.5085827429889164,0.0024215593686393714,0,0.01773848676173252,0.22415582142171583
1.0,0.5,4.0,4.0,0.0025,0.005,2.0,400,cond_mean,386,1.0001084077408788,1.9996254361880343,0.5074101788639765,0.0016305278948419326,0,0.012387803625712733,0.22415582142171583
1.0,0.5,4.0,4.0,0.0025,0.005,3.5,700,cond_mean,386,1.000113196204957,1.977242504878562,0.5099530025475658,0.0016872838776008524,0,0.03023884432979212,0.22415582142171583
1.0,0.5,4.0,4.0,0.0025,0.005,5.0,1000,cond_mean,386,0.9998289276095043,1.9531031034367696,0.4952534817613692,0.001344957559385553,0,0.05500523211998358,0.22415582142171583
1.0,0.5,4.0,4.0,0.0025,0.005,10.0,2000,cond_mean,386,0.9996547401286915,1.9571444799140507,0.5017517018752768,0.001689998855994342,0,0.050234433467000385,0.22415582142171583
1.0,0.5,4.0,4.0,0.0025,0.005,20.0,4000,cond_mean,386,0.9998758277206259,1.9825299337164612,0.4968591557059245,0.0026202626434839752,0,0.024294924546085048,0.22415582142171583
1.0,0.5,4.0,4.0,0.0025,0.005,0.5,100,cond_mean,387,1.0001108469624043,1.998571584426479,0.5008574391021428,0.0022360639199777137,0,0.0111375387469646,0.2240573214367032
1.0,0.5,4.0,4.0,0.0025,0.005,1.0,200,cond_mean,387,1.0000236891266283,1.989109201202398,0.5054272386458588,0.001742238818078174,0,0.016751191395012743,0.2240573214367032
1.0,0.5,4.0,4.0,0.0025,0.005,2.0,400,cond_mean,387,0.9999981389610568,1.9894042309208009,0.5018404911305473,0.0019572110806756523,0,0.015722679707866262,0.2240573214367032
1.0,0.5,4.0,4.0,0.0025,0.005,3.5,700,cond_mean,387,0.9997743310927198,1.9753113329068472,0.502928451245164,0.002086302304864357,0,0.030588929612798917,0.2240573214367032
1.0,0.5,4.0,4.0,0.0025,0.005,5.0,1000,cond_mean,387,1.0001688750805293,1.9816493248000049,0.5127124429554926,0.002211923668342903,0,0.02864634852348737,0.2240573214367032
1.0,0.5,4.0,4.0,0.0025,0.005,10.0,2000,cond_mean,387,1.0000072146079537,1.9406296235084197,0.5008491049383932,0.002398057371887282,0,0.06952486137227198,0.2240573214367032
1.0,0.5,4.0,4.0,0.0025,0.005,20.0,4000,cond_mean,387,1.000480449380307,1.97594813584396,0.5099898222389789,0.002227272653909079,0,0.032126659447461674,0.2240573214367032
1.0,0.5,4.0,4.0,0.0025,0.005,0.5,100,cond_mean,388,1.0002505197851543,2.002150850425867,0.5095730940192424,0.002172435572772534,0,0.01626863155312237,0.2233030415871846
1.0,0.5,4.0,4.0,0.0025,0.005,1.0,200,cond_mean,388,0.9999818297211563,2.0003721543646966,0.5121045335925789,0.0017823695970137768,0,0.01805862885522357,0.2233030415871846
1.0,0.5,4.0,4.0,0.0025,0.005,2.0,400,cond_mean,388,0.9998795499389102,2.0085954734208533,0.5059183545666326,0.0016772623831820639,0,0.015168521476486905,0.2233030415871846
1.0,0.5,4.0,4.0,0.0025,0.005,3.5,700,cond_mean,388,1.000002251975387,2.0198510570037596,0.4982991526346688,0.0019080989947233384,0,0.0248634015661671,0.2233030415871846
1.0,0.5,4.0,4.0,0.0025,0.005,5.0,1000,cond_mean,388,1.000446438150283,2.021051285753054,0.5024314444466557,0.0019516942719697641,0,0.026266859204402387,0.2233030415871846
1.0,0.5,4.0,4.0,0.0025,0.005,10.0,2000,cond_mean,388,0.9999493563701276,2.0495409448989017,0.4974431371354754,0.001526362756924147,0,0.05784423910032487,0.2233030415871846
1.0,0.5,4.0,4.0,0.0025,0.005,20.0,4000,cond_mean,388,0.9997419662971831,2.065647592989585,0.4960153451274678,0.002475249108239651,0,0.07705881307640848,0.2233030415871846
1.0,0.5,4.0,4.0,0.0025,0.005,0.5,100,cond_mean,389,1.0000315872716181,2.0040228385754557,0.4962673897343368,0.0016699181635445334,0,0.010657681783827483,0.22489880956709385
1.0,0.5,4.0,4.0,0.0025,0.005,1.0,200,cond_mean,389,0.999939875134566,2.0077901906086324,0.49765198051440024,0.0022649000932476204,0,0.014619864631084778,0.22489880956709385
1.0,0.5,4.0,4.0,0.0025,0.005,2.0,400,cond_mean,389,1.0000311717640884,1.9940072547411263,0.5089430973422449,0.002847596526769711,0,0.019453715505442816,0.22489880956709385
1.0,0.5,4.0,4.0,0.0025,0.005,3.5,700,cond_mean,389,1.0002533746200915,1.9996243134944156,0.5101581433004816,0.0017484651625825852,0,0.01541348927045114,0.22489880956709385
1.0,0.5,4.0,4.0,0.0025,0.005,5.0,1000,cond_mean,389,1.0002225149351638,2.0172043806199964,0.5032926467843549,0.002149977665154625,0,0.022833231487319357,0.22489880956709385
1.0,0.5,4.0,4.0,0.0025,0.005,10.0,2000,cond_mean,389,1.000058129477085,2.0496794866321006,0.4906269704623486,0.002615224048816643,0,0.0602561227657033,0.22489880956709385
1.0,0.5,4.0,4.0,0.0025,0.005,20.0,4000,cond_mean,389,1.0004382735703654,2.029878914219346,0.5078255126331889,0.002370782703470484,0,0.037495722095838714,0.22489880956709385
1.0,0.5,4.0,4.0,0.0025,0.005,0.5,100,cond_mean,390,1.0002155476486525,2.009062013860171,0.5056638447951389,0.0021409698649115043,0,0.01639254720934571,0.22523319643057352
1.0,0.5,4.0,4.0,0.0025,0.005,1.0,200,cond_mean,390,1.000133980293903,2.0039247117707317,0.5058189829525082,0.0020547918286754497,0,0.013286726774151323,0.22523319643057352
1.0,0.5,4.0,4.0,0.0025,0.005,2.0,400,cond_mean,390,0.9999399247612584,1.9990145354396147,0.4982373530893392,0.0018883767014367956,0,0.009588009900108024,0.22523319643057352
1.0,0.5,4.0,4.0,0.0025,0.005,3.5,700,cond_mean,390,0.9998040057511467,2.0000851183550292,0.4948642193786019,0.002236542593310187,0,0.012681588975906863,0.22523319643057352
1.0,0.5,4.0,4.0,0.0025,0.005,5.0,1000,cond_mean,390,1.0002817599537173,2.011263151313997,0.5028974048768552,0.0027650331736581105,0,0.019072656781169886,0.22523319643057352
1.0,0.5,4.0,4.0,0.0025,0.005,10.0,2000,cond_mean,390,0.9994223766725644,2.012192579077351,0.49034271823719605,0.001865829141452936,0,0.020531250878863892,0.22523319643057352
1.0,0.5,4.0,4.0,0.0025,0.005,20.0,4000,cond_mean,390,1.0001757991590607,2.069791401025747,0.5052064784433765,0.0015952502554065235,0,0.0809999044040626,0.22523319643057352
1.0,0.5,4.0,4.0,0.0025,0.005,0.5,100,cond_mean,391,0.9999420792299254,2.0007439268880196,0.501925749078075,0.001194004613896969,0,0.006490312437875391,0.22328736313751765
1.0,0.5,4.0,4.0,0.0025,0.005,1.0,200,cond_mean,391,0.9996195421399642,2.0083567940014446,0.4970420087352723,0.0021852799120671233,0,0.014845882196243897,0.22328736313751765
1.0,0.5,4.0,4.0,0.0025,0.005,2.0,400,cond_mean,391,1.0000785098949643,2.005884734791451,0.5046474038206148,0.001471097725798423,0,0.011539183310742733,0.22328736313751765
1.0,0.5,4.0,4.0,0.0025,0.005,3.5,700,cond_mean,391,1.0002332705957886,1.9886928837236948,0.510598362612803,0.0021248184343017947,0,0.0213293215283593,0.22328736313751765
1.0,0.5,4.0,4.0,0.0025,0.005,5.0,1000,cond_mean,391,0.9999981316625484,1.9848834207538282,0.5060472096226534,0.0016030980654311456,0,0.020676057628995707,0.22328736313751765
1.0,0.5,4.0,4.0,0.0025,0.005,10.0,2000,cond_mean,391,1.0000029647893596,1.951487024066529,0.5026913501149086,0.002313346425890235,0,0.05720817202901503,0.22328736313751765
1.0,0.5,4.0,4.0,0.0025,0.005,20.0,4000,cond_mean,391,1.0001083568030371,1.9671222293409003,0.5023016620872682,0.0015047057845148936,0,0.03874073726051944,0.22328736313751765
1.0,0.5,4.0,4.0,0.0025,0.005,0.5,100,cond_mean,392,1.000232650494267,2.0000258123004,0.5017150597936547,0.0020198635932661495,0,0.010114461928257363,0.22471683928077774
1.0,0.5,4.0,4.0,0.0025,0.005,1.0,200,cond_mean,392,0.9999914512234905,1.9893221693852619,0.49948685935429415,0.0024081919926569736,0,0.01708389552901123,0.22471683928077774
1.0,0.5,4.0,4.0,0.0025,0.005,2.0,400,cond_mean,392,0.9999064413395938,1.9794663032491004,0.5028493156399277,0.002726384147851494,0,0.027490964459345516,0.22471683928077774
1.0,0.5,4.0,4.0,0.0025,0.005,3.5,700,cond_mean,392,1.0000279153244636,1.9904941560921467,0.5055094970479613,0.0022235248970120017,0,0.017062564705637082,0.22471683928077774
1.0,0.5,4.0,4.0,0.0025,0.005,5.0,1000,cond_mean,392,0.9998247957137888,1.9931220386127848,0.5004480088599095,0.0016658678270772141,0,0.011460019884401212,0.22471683928077774
1.0,0.5,4.0,4.0,0.0025,0.005,10.0,2000,cond_mean,392,1.0002876713173103,1.9745089142914265,0.5110711223057031,0.0018506933180110902,0,0.033673268816473347,0.22471683928077774
1.0,0.5,4.0,4.0,0.0025,0.005,20.0,4000,cond_mean,392,1.0000301017292952,1.9851664181845416,0.5000805238776459,0.0016545624600496054,0,0.01895232781603558,0.22471683928077774
1.0,0.5,4.0,4.0,0.0025,0.005,0.5,100,cond_mean,393,1.000082220745106,2.0000020959958227,0.5008334295951881,0.0021261678630175363,0,0.010475472707401835,0.22284164885059
1.0,0.5,4.0,4.0,0.0025,0.005,1.0,200,cond_mean,393,0.9999640799222644,2.010470734753514,0.4924867054413667,0.0020039999196201784,0,0.01844473475717498,0.22284164885059
1.0,0.5,4.0,4.0,0.0025,0.005,2.0,400,cond_mean,393,1.0001325526051137,2.004494991924088,0.49658375607121885,0.002603273264937999,0,0.014622002184548632,0.22284164885059
1.0,0.5,4.0,4.0,0.0025,0.005,3.5,700,cond_mean,393,0.9998047212720266,2.0022952407384826,0.49684416222335753,0.002310599139102082,0,0.012246315976784862,0.22284164885059
1.0,0.5,4.0,4.0,0.0025,0.005,5.0,1000,cond_mean,393,1.000321624477937,1.9939376547285197,0.50458966221786,0.0021996755591859496,0,0.0139775135980901,0.22284164885059
1.0,0.5,4.0,4.0,0.0025,0.005,10.0,2000,cond_mean,393,0.9999048520920343,2.008076256844414,0.5069913468111463,0.0015132978683915456,0,0.015143996344883328,0.22284164885059
1.0,0.5,4.0,4.0,0.0025,0.005,20.0,4000,cond_mean,393,0.9998024107937107,2.048147129508553,0.49756035105908725,0.0017689128290862847,0,0.05640030430142269,0.22284164885059
1.0,0.5,4.0,4.0,0.0025,0.005,0.5,100,cond_mean,394,1.0002095889776426,1.9963614030291827,0.5048453134077976,0.002107066363638495,0,0.01265009694700607,0.2260932797299964
1.0,0.5,4.0,4.0,0.0025,0.005,1.0,200,cond_mean,394,1.0003147460663864,1.981856340934985,0.5081845495660837,0.002995284217258162,0,0.027550130025406582,0.2260932797299964
1.0,0.5,4.0,4.0,0.0025,0.005,2.0,400,cond_mean,394,0.9999403557254521,1.9965488306044434,0.5001489110806364,0.00292162659777925,0,0.014880704279842328,0.2260932797299964
1.0,0.5,4.0,4.0,0.0025,0.005,3.5,700,cond_mean,394,1.0003348133013465,2.0037056179549424,0.5102307014837922,0.001790713942250781,0,0.01606313454243178,0.2260932797299964
1.0,0.5,4.0,4.0,0.0025,0.005,5.0,1000,cond_mean,394,1.0001044564852715,1.9952781161798272,0.499229666539414,0.0016858376176009872,0,0.009993115008346385,0.2260932797299964
1.0,0.5,4.0,4.0,0.0025,0.005,10.0,2000,cond_mean,394,1.0003547494763283,2.015305739360104,0.4956762553853101,0.002068130170773688,0,0.02144804585102659,0.2260932797299964
1.0,0.5,4.0,4.0,0.0025,0.005,20.0,4000,cond_mean,394,1.0002155020765315,2.0117698406416027,0.5007661531962304,0.001559291284870575,0,0.015627253425691313,0.2260932797299964
1.0,0.5,4.0,4.0,0.0025,0.005,0.5,100,cond_mean,395,1.0002713289710379,1.993746718107648,0.50501283416014,0.0022635922811661373,0,0.014557641983052746,0.2249514642836792
1.0,0.5,4.0,4.0,0.0025,0.005,1.0,200,cond_mean,395,0.999893958949062,1.9874739066434484,0.5005772385269206,0.002208162375426902,0,0.01809543069014659,0.2249514642836792
1.0,0.5,4.0,4.0,0.0025,0.005,2.0,400,cond_mean,395,0.9998867162882696,1.9992922010856036,0.5024464437668924,0.001890906573188625,0,0.009941868608299397,0.2249514642836792
1.0,0.5,4.0,4.0,0.0025,0.005,3.5,700,cond_mean,395,0.9998974261508753,2.0108610197389734,0.5036041973474228,0.0020156844688981176,0,0.016679276134742717,0.2249514642836792
1.0,0.5,4.0,4.0,0.0025,0.005,5.0,1000,cond_mean,395,0.9999491874443758,2.018560250597323,0.5052742162738739,0.0016039823335674739,0,0.023825937396310597,0.2249514642836792
1.0,0.5,4.0,4.0,0.0025,0.005,10.0,2000,cond_mean,395,0.9997074371515938,2.0299309312203118,0.506982614879631,0.002108957476661153,0,0.03730849383163962,0.2249514642836792
1.0,0.5,4.0,4.0,0.0025,0.005,20.0,4000,cond_mean,395,1.0000602290904972,2.0318709727382283,0.49960035831748395,0.0032439397888438357,0,0.0400975819770011,0.2249514642836792
1.0,0.5,4.0,4.0,0.0025,0.005,0.5,100,cond_mean,396,0.9999728084833895,1.9877374391166913,0.5012186976420633,0.0013489597178478812,0,0.015714337163636672,0.2242510951390224
1.0,0.5,4.0,4.0,0.0025,0.005,1.0,200,cond_mean,396,0.9998311315006935,2.000707681423783,0.5013860128245343,0.0015858798604545545,0,0.008154769566791635,0.2242510951390224
1.0,0.5,4.0,4.0,0.0025,0.005,2.0,400,cond_mean,396,0.9997310326183428,1.9813714102208095,0.4955801864612477,0.001646621882804207,0,0.023620380931899648,0.2242510951390224
1.0,0.5,4.0,4.0,0.0025,0.005,3.5,700,cond_mean,396,1.0002981232387476,1.9754492317595365,0.5045804123444917,0.0016627079578355364,0,0.029966774273206247,0.2242510951390224
1.0,0.5,4.0,4.0,0.0025,0.005,5.0,1000,cond_mean,396,1.0002229659793336,1.970501635315982,0.49582632091648765,0.002007754199121317,0,0.03601524344288335,0.2242510951390224
1.0,0.5,4.0,4.0,0.0025,0.005,10.0,2000,cond_mean,396,1.0003616379558262,2.014566134473158,0.5101083005777779,0.002348601430683602,0,0.023833033131990124,0.2242510951390224
1.0,0.5,4.0,4.0,0.0025,0.005,20.0,4000,cond_mean,396,0.9998729198592233,2.0147137187745368,0.51516941269628,0.002103211500610077,0,0.028139880968116312,0.2242510951390224
1.0,0.5,4.0,4.0,0.0025,0.005,0.5,100,cond_mean,397,1.0002376947301606,2.0056321536837958,0.5076799612092137,0.0017159820244112317,0,0.014318647926258464,0.22461167855986527
1.0,0.5,4.0,4.0,0.0025,0.005,1.0,200,cond_mean,397,1.0003498751511597,2.0069214963684465,0.5091922091040377,0.002017534644296951,0,0.017061026538819073,0.22461167855986527
1.0,0.5,4.0,4.0,0.0025,0.005,2.0,400,cond_mean,397,1.0000875845983768,2.003143504053179,0.5072176506241302,0.0029743021110267506,0,0.01767036182159905,0.22461167855986527
1.0,0.5,4.0,4.0,0.0025,0.005,3.5,700,cond_mean,397,1.0003589449769636,2.012976208408828,0.5031831254088877,0.0019165747715233002,0,0.018065476907968916,0.22461167855986527
1.0,0.5,4.0,4.0,0.0025,0.005,5.0,1000,cond_mean,397,1.0005828621938249,1.9976145940601342,0.5098992494316368,0.0018593221331308309,0,0.015304953408954516,0.22461167855986527
1.0,0.5,4.0,4.0,0.0025,0.005,10.0,2000,cond_mean,397,1.0002982303975914,1.996311709887718,0.5024207589388682,0.001732779161346968,0,0.009924484080912939,0.22461167855986527
1.0,0.5,4.0,4.0,0.0025,0.005,20.0,4000,cond_mean,397,1.0001980126456345,2.0876862273385273,0.5025742370796581,0.0019359052049557604,0,0.10159438311103902,0.22461167855986527
1.0,0.5,4.0,4.0,0.0025,0.005,0.5,100,cond_mean,398,0.9999407219630444,1.9960130016173894,0.4991674815066792,0.001950442048208437,0,0.010665832737138461,0.22292780357279948
1.0,0.5,4.0,4.0,0.0025,0.005,1.0,200,cond_mean,398,0.9998034316049972,1.9954688386553763,0.4959777486521891,0.0031726268028622016,0,0.017155856118309484,0.22292780357279948
1.0,0.5,4.0,4.0,0.0025,0.005,2.0,400,cond_mean,398,0.9996232888143259,1.9998754276497537,0.49863119619949087,0.0029716122047782818,0,0.014704319220403488,0.22292780357279948
1.0,0.5,4.0,4.0,0.0025,0.005,3.5,700,cond_mean,398,0.999902235995257,2.000228326119427,0.49738571058789477,0.0016275081662810473,0,0.008618885249556018,0.22292780357279948
1.0,0.5,4.0,4.0,0.0025,0.005,5.0,1000,cond_mean,398,1.0001212850146897,2.0004518475926285,0.5049450207431643,0.001679358498768684,0,0.010343268857383835,0.22292780357279948
1.0,0.5,4.0,4.0,0.0025,0.005,10.0,2000,cond_mean,398,1.0003175514764953,2.0160294166775707,0.5127884318182877,0.0022420125467130098,0,0.02677464210664592,0.22292780357279948
1.0,0.5,4.0,4.0,0.0025,0.005,20.0,4000,cond_mean,398,0.9997315119774668,2.0280128634845935,0.5012841267869393,0.0018112193391692276,0,0.0336163027866269,0.22292780357279948
1.0,0.5,4.0,4.0,0.0025,0.005,0.5,100,cond_mean,399,1.0000697430011132,2.0008760003028763,0.5091305646255927,0.0018992172002105369,0,0.015057396630189155,0.22406801785941102
1.0,0.5,4.0,4.0,0.0025,0.005,1.0,200,cond_mean,399,1.0001791113397978,2.00735476723353,0.5085264634473364,0.0017322471398595637,0,0.016132649093208624,0.22406801785941102
1.0,0.5,4.0,4.0,0.0025,0.005,2.0,400,cond_mean,399,1.000361243743083,2.0105815546356998,0.5044269195668374,0.0018844223325336815,0,0.01617084730565811,0.22406801785941102
1.0,0.5,4.0,4.0,0.0025,0.005,3.5,700,cond_mean,399,1.0002633905599705,2.006399730168672,0.5012448081735077,0.0024819360837221296,0,0.014321339108799066,0.22406801785941102
1.0,0.5,4.0,4.0,0.0025,0.005,5.0,1000,cond_mean,399,0.9997826163928114,2.0172769431300424,0.4917586954541589,0.0029910917374937184,0,0.026991516096141754,0.22406801785941102
1.0,0.5,4.0,4.0,0.0025,0.005,10.0,2000,cond_mean,399,1.0003661765785041,2.0393652960134614,0.5042453667125785,0.0019630061560880316,0,0.04662206064335784,0.22406801785941102
1.0,0.5,4.0,4.0,0.0025,0.005,20.0,4000,cond_mean,399,1.0001560529851312,2.0237340233304186,0.5019282462383936,0.0024182701672835955,0,0.029906106373062586,0.22406801785941102
1.0,0.5,4.0,4.0,0.0025,0.005,0.5,100,two_speed,0,0.9998699065674171,1.9861176202616673,0.5010804524227038,0.001714057134594464,0,0.01818598069748203,0.24301545242113726
1.0,0.5,4.0,4.0,0.0025,0.005,1.0,200,two_speed,0,1.0000498923452692,2.0029381350743227,0.5134804379286015,0.002147742675983536,0,0.020624211956596725,0.24301545242113726
1.0,0.5,4.0,4.0,0.0025,0.005,2.0,400,two_speed,0,1.000364473276451,2.008354499263335,0.5144032270971888,0.0029150516457672657,0,0.024942356158716966,0.24301545242113726
1.0,0.5,4.0,4.0,0.0025,0.005,3.5,700,two_speed,0,0.9996257748439342,2.0168447644147034,0.5045530574750244,0.002579800978201858,0,0.024169756830389282,0.24301545242113726
1.0,0.5,4.0,4.0,0.0025,0.005,5.0,1000,two_speed,0,0.9998402081016656,2.0349456981657683,0.5070911813570247,0.002094036964891663,0,0.04260510430665432,0.24301545242113726
1.0,0.5,4.0,4.0,0.0025,0.005,10.0,2000,two_speed,0,0.9999279961416134,2.051716629387371,0.5223965467991127,0.0017210771432622596,0,0.06648387321925081,0.24301545242113726
1.0,0.5,4.0,4.0,0.0025,0.005,20.0,4000,two_speed,0,0.9999208210664767,2.0621994847613148,0.5265032109502641,0.0022729286313725307,0,0.07965773983030201,0.24301545242113726
1.0,0.5,4.0,4.0,0.0025,0.005,0.5,100,two_speed,1,0.9999716088863333,1.9990491141431428,0.500646362704989,0.0017878665341160083,0,0.00888504987758698,0.2429174642810332
1.0,0.5,4.0,4.0,0.0025,0.005,1.0,200,two_speed,1,1.000127918605415,1.9917928814811698,0.5054389151414194,0.0012587458577079152,0,0.013230543519329292,0.2429174642810332
1.0,0.5,4.0,4.0,0.0025,0.005,2.0,400,two_speed,1,1.0000466441763771,1.9937675309447416,0.5067890737549987,0.002607113798547718,0,0.017055577077900855,0.2429174642810332
1.0,0.5,4.0,4.0,0.0025,0.005,3.5,700,two_speed,1,1.0002940569278016,1.9724006116513169,0.514697300065328,0.0020105521834034735,0,0.03800607587521359,0.2429174642810332
1.0,0.5,4.0,4.0,0.0025,0.005,5.0,1000,two_speed,1,1.0006470173627644,1.9652473223545395,0.5227416182968805,0.003332471669733839,0,0.051441904342891503,0.2429174642810332
1.0,0.5,4.0,4.0,0.0025,0.005,10.0,2000,two_speed,1,1.0000122165871659,1.9388767753191845,0.5190075796596075,0.0020395341310159576,0,0.07488334861049181,0.2429174642810332
1.0,0.5,4.0,4.0,0.0025,0.005,20.0,4000,two_speed,1,1.000290012226781,1.8918076529709633,0.5275605559666442,0.003406952661810904,0,0.1294825328398117,0.2429174642810332
1.0,0.5,4.0,4.0,0.0025,0.005,0.5,100,two_speed,2,1.0003967189360596,1.9900807942125478,0.5098348498541752,0.0019768470500266854,0,0.01926964641416756,0.2407752915751189
1.0,0.5,4.0,4.0,0.0025,0.005,1.0,200,two_speed,2,1.0006522331842749,1.9860861817868605,0.5168722823827023,0.003195595968238158,0,0.03058577071477652,0.2407752915751189
1.0,0.5,4.0,4.0,0.0025,0.005,2.0,400,two_speed,2,1.0003542433552435,2.001047690663262,0.5189832622833648,0.0035901021983497073,0,0.02983726081125191,0.2407752915751189
1.0,0.5,4.0,4.0,0.0025,0.005,3.5,700,two_speed,2,1.0001587070244184,1.991990853725291,0.5124049536217563,0.0027828859497930117,0,0.022845711543126493,0.2407752915751189
1.0,0.5,4.0,4.0,0.0025,0.005,5.0,1000,two_speed,2,1.0000764578467207,2.009092992594175,0.5199008133321922,0.001544320358575608,0,0.02877481817070016,0.2407752915751189
1.0,0.5,4.0,4.0,0.0025,0.005,10.0,2000,two_speed,2,0.9998630295226668,2.0059884698206107,0.5185310401502082,0.0016845484335358798,0,0.026607564298615275,0.2407752915751189
1.0,0.5,4.0,4.0,0.0025,0.005,20.0,4000,two_speed,2,1.0003557136854577,1.9981778019710545,0.5263711961063157,0.002341302275825109,0,0.03542408695029263,0.2407752915751189
1.0,0.5,4.0,4.0,0.0025,0.005,0.5,100,two_speed,3,0.9999772845982338,2.0024650015143903,0.5057770330854158,0.0032937774085998873,0,0.018092315308570032,0.24019660714215466
1.0,0.5,4.0,4.0,0.0025,0.005,1.0,200,two_speed,3,1.0003203612100802,2.006685567865604,0.5105190580669211,0.0021859177030264096,0,0.01865399431970463,0.24019660714215466
1.0,0.5,4.0,4.0,0.0025,0.005,2.0,400,two_speed,3,1.0005290896392849,2.000905913166722,0.5175886935259092,0.002863775394774187,0,0.026116156514447812,0.24019660714215466
1.0,0.5,4.0,4.0,0.0025,0.005,3.5,700,two_speed,3,1.00002549131063,2.0013611702939236,0.5168335803496429,0.0019688626019365315,0,0.02396368055832199,0.24019660714215466
1.0,0.5,4.0,4.0,0.0025,0.005,5.0,1000,two_speed,3,1.000590947847727,1.9933124938969538,0.5382858853594464,0.002356877091125237,0,0.05022910418095335,0.24019660714215466
1.0,0.5,4.0,4.0,0.0025,0.005,10.0,2000,two_speed,3,0.9999855167291245,1.9734638441041232,0.5200361442283938,0.0014813238397139623,0,0.04069739866245005,0.24019660714215466
1.0,0.5,4.0,4.0,0.0025,0.005,20.0,4000,two_speed,3,0.9998990016788277,1.95390013041487,0.528829913401441,0.0015732043251394066,0,0.0649564118276448,0.24019660714215466
1.0,0.5,4.0,4.0,0.0025,0.005,0.5,100,two_speed,4,0.9999574688176313,1.9857086847665126,0.5000370188400971,0.0015130674010723091,0,0.01809601715400145,0.24164837499016098
1.0,0.5,4.0,4.0,0.0025,0.005,1.0,200,two_speed,4,0.9998815771479026,1.9597476692184765,0.5056019366944247,0.0017940189916065493,0,0.047809669441027,0.24164837499016098
1.0,0.5,4.0,4.0,0.0025,0.005,2.0,400,two_speed,4,1.000251490726532,1.939435039337675,0.5195598690899201,0.002758004731580358,0,0.07500343545857448,0.24164837499016098
1.0,0.5,4.0,4.0,0.0025,0.005,3.5,700,two_speed,4,1.0005208639046554,1.934979562482521,0.5155018925855034,0.0038452867219825014,0,0.07937869348947343,0.24164837499016098
1.0,0.5,4.0,4.0,0.0025,0.005,5.0,1000,two_speed,4,1.0000293588520084,1.9306488191236522,0.5175694042222083,0.0016700149094506158,0,0.08297976284248991,0.24164837499016098
1.0,0.5,4.0,4.0,0.0025,0.005,10.0,2000,two_speed,4,1.000038238069636,1.9484634748265868,0.5115955045749896,0.0018272375607488094,0,0.06167142096810774,0.24164837499016098
1.0,0.5,4.0,4.0,0.0025,0.005,20.0,4000,two_speed,4,0.9999368443392822,1.9674016461637267,0.514661225776085,0.0015185492615904714,0,0.0426448578088691,0.24164837499016098
1.0,0.5,4.0,4.0,0.0025,0.005,0.5,100,two_speed,5,1.000187420847137,2.0043578925418304,0.5060605448209046,0.0011818976306893305,0,0.010781204676145024,0.24094830356937433
1.0,0.5,4.0,4.0,0.0025,0.005,1.0,200,two_speed,5,1.000300271714991,2.0062995461723623,0.5108687294758915,0.002131746894828197,0,0.018664695756527024,0.24094830356937433
1.0,0.5,4.0,4.0,0.0025,0.005,2.0,400,two_speed,5,1.0004382564097583,2.005181378175888,0.5136394523084998,0.002215180774859427,0,0.021059654125700485,0.24094830356937433
1.0,0.5,4.0,4.0,0.0025,0.005,3.5,700,two_speed,5,0.9996923384492652,2.0019356085948448,0.5113185304374845,0.0017951960142873864,0,0.017898357006932646,0.24094830356937433
1.0,0.5,4.0,4.0,0.0025,0.005,5.0,1000,two_speed,5,1.0000583068994817,2.003692096266702,0.5191287708789989,0.0016316375944918971,0,0.02635015847070088,0.24094830356937433
1.0,0.5,4.0,4.0,0.0025,0.005,10.0,2000,two_speed,5,1.000111386557605,2.0154964713284444,0.5251609066385913,0.0017478179575816193,0,0.03790540825259783,0.24094830356937433
1.0,0.5,4.0,4.0,0.0025,0.005,20.0,4000,two_speed,5,1.0000898944432808,2.049194492145886,0.5322649591164688,0.0020129826461372795,0,0.07006743177522687,0.24094830356937433
1.0,0.5,4.0,4.0,0.0025,0.005,0.5,100,two_speed,6,1.0002936312626296,2.0071735849816092,0.5114679215643226,0.002070765612695253,0,0.01949456501280603,0.24246193456929177
1.0,0.5,4.0,4.0,0.0025,0.005,1.0,200,two_speed,6,1.0002170584448238,2.018716782175165,0.5121079837358337,0.0015544716662332764,0,0.027528837487471484,0.24246193456929177
1.0,0.5,4.0,4.0,0.0025,0.005,2.0,400,two_speed,6,1.000140413380499,2.0304251375877,0.507136416743727,0.001960700147022,0,0.03745254483994536,0.24246193456929177
1.0,0.5,4.0,4.0,0.0025,0.005,3.5,700,two_speed,6,0.9997797566152679,2.0160197948066108,0.49773588134933744,0.001802842025668273,0,0.020704870105942862,0.24246193456929177
1.0,0.5,4.0,4.0,0.0025,0.005,5.0,1000,two_speed,6,0.9998719136509483,2.020059423858587,0.5043317018213525,0.003173419768018563,0,0.028438653267533556,0.24246193456929177
1.0,0.5,4.0,4.0,0.0025,0.005,10.0,2000,two_speed,6,1.0002136339364291,2.039195369767453,0.5246032467181719,0.002743418786555925,0,0.05652014111976919,0.24246193456929177
1.0,0.5,4.0,4.0,0.0025,0.005,20.0,4000,two_speed,6,0.9998885628304958,2.0118113366617503,0.5256132639107784,0.0028676349250282896,0,0.03878769206538959,0.24246193456929177
1.0,0.5,4.0,4.0,0.0025,0.005,0.5,100,two_speed,7,1.000002922743064,1.9919968733473603,0.5016297114277767,0.002721554849855256,0,0.016383310204662743,0.24172375598988896
1.0,0.5,4.0,4.0,0.0025,0.005,1.0,200,two_speed,7,1.000024950654486,1.987735873622599,0.5049490524479188,0.0016836396689465035,0,0.017599177216862296,0.24172375598988896
1.0,0.5,4.0,4.0,0.0025,0.005,2.0,400,two_speed,7,1.0002528615622552,1.9825009894666648,0.5135208622188858,0.002619688863325683,0,0.029415806487920422,0.24172375598988896
1.0,0.5,4.0,4.0,0.0025,0.005,3.5,700,two_speed,7,0.999860496068891,1.9860400543723036,0.5128267707965877,0.0025658564931095506,0,0.02663468751866397,0.24172375598988896
1.0,0.5,4.0,4.0,0.0025,0.005,5.0,1000,two_speed,7,0.9999260790467668,1.9901796194628987,0.5143765664770035,0.001757271080796971,0,0.02362566060972325,0.24172375598988896
1.0,0.5,4.0,4.0,0.0025,0.005,10.0,2000,two_speed,7,1.0000948028001504,2.042647638725485,0.5158456200745611,0.0013618368400536982,0,0.05335364824265558,0.24172375598988896
1.0,0.5,4.0,4.0,0.0025,0.005,20.0,4000,two_speed,7,0.9996997533050709,1.993854258430985,0.5146566883799647,0.0034763626751009133,0,0.02695891724764366,0.24172375598988896
1.0,0.5,4.0,4.0,0.0025,0.005,0.5,100,two_speed,8,1.0004002131983136,2.0028320428540756,0.5091636344266847,0.00219033237919568,0,0.015917845252427343,0.24255854170769453
1.0,0.5,4.0,4.0,0.0025,0.005,1.0,200,two_speed,8,1.0002832923363763,2.0002765516961927,0.5100974906895938,0.001956243943959893,0,0.015901440022746398,0.24255854170769453
1.0,0.5,4.0,4.0,0.0025,0.005,2.0,400,two_speed,8,1.000142806934056,1.9960343179521252,0.5145742734360336,0.0014598666538412654,0,0.0205132287964396,0.24255854170769453
1.0,0.5,4.0,4.0,0.0025,0.005,3.5,700,two_speed,8,1.000228459629872,1.9886692985075676,0.5212780920264725,0.0018529039417905153,0,0.03142439754072811,0.24255854170769453
1.0,0.5,4.0,4.0,0.0025,0.005,5.0,1000,two_speed,8,1.0000133190265346,1.996697259014712,0.5194394660695869,0.001415570879826957,0,0.0264362208770378,0.24255854170769453
1.0,0.5,4.0,4.0,0.0025,0.005,10.0,2000,two_speed,8,1.0001668416354315,1.9850633811934297,0.5246090393082101,0.0019672474588680994,0,0.037052682518387905,0.24255854170769453
1.0,0.5,4.0,4.0,0.0025,0.005,20.0,4000,two_speed,8,0.9999113474113486,2.004636678279749,0.5184315969693711,0.002036765939633961,0,0.02660702068041587,0.24255854170769453
1.0,0.5,4.0,4.0,0.0025,0.005,0.5,100,two_speed,9,1.0002894704168208,2.004782347394454,0.5116269378641415,0.001711378105094744,0,0.0177586039798083,0.24152835114260338
1.0,0.5,4.0,4.0,0.0025,0.005,1.0,200,two_speed,9,1.0002203940954688,2.0077820852967156,0.5144168624453481,0.0029796129406153287,0,0.025127426183593624,0.24152835114260338
1.0,0.5,4.0,4.0,0.0025,0.005,2.0,400,two_speed,9,1.0001480178433173,2.0030227621105223,0.5233281102838672,0.0022801503166638426,0,0.032131950899097234,0.24152835114260338
1.0,0.5,4.0,4.0,0.0025,0.005,3.5,700,two_speed,9,1.0003452275940152,2.0026346550030483,0.5263376761123597,0.0016297953189685303,0,0.034482940128114994,0.24152835114260338
1.0,0.5,4.0,4.0,0.0025,0.005,5.0,1000,two_speed,9,1.000046327353803,2.008280676333202,0.5131856304176459,0.0017880130976857674,0,0.02142313642826621,0.24152835114260338
1.0,0.5,4.0,4.0,0.0025,0.005,10.0,2000,two_speed,9,0.9998053405453304,2.025464559131271,0.5171373086671305,0.001476493411042339,0,0.037619396039955136,0.24152835114260338
1.0,0.5,4.0,4.0,0.0025,0.005,20.0,4000,two_speed,9,0.9997359190115291,2.0272718654721924,0.5166200849582006,0.0017375933700211072,0,0.039282610115385246,0.24152835114260338
1.0,0.5,4.0,4.0,0.0025,0.005,0.5,100,two_speed,10,1.0002731660522104,1.987718052663098,0.5055250847794085,0.0014343603428073983,0,0.01718866357111127,0.24228354757984302
1.0,0.5,4.0,4.0,0.0025,0.005,1.0,200,two_speed,10,1.0001182658352694,1.9850402852196425,0.506023019889192,0.00238463156344675,0,0.02221344405019196,0.24228354757984302
1.0,0.5,4.0,4.0,0.0025,0.005,2.0,400,two_speed,10,1.0002233825561047,1.9810271188088642,0.5116512152146035,0.0014741255307124804,0,0.027277995911071155,0.24228354757984302
1.0,0.5,4.0,4.0,0.0025,0.005,3.5,700,two_speed,10,1.0001086392343284,1.9720615023853572,0.511724479579202,0.001494412188721757,0,0.036205859850146814,0.24228354757984302
1.0,0.5,4.0,4.0,0.0025,0.005,5.0,1000,two_speed,10,0.9999601556457884,1.9529816045579818,0.5117520165792759,0.002548338645276879,0,0.057623855510603186,0.24228354757984302
1.0,0.5,4.0,4.0,0.0025,0.005,10.0,2000,two_speed,10,0.9999263304419255,2.007393431087859,0.49802456777467574,0.0016185670863636558,0,0.01192277384808185,0.24228354757984302
1.0,0.5,4.0,4.0,0.0025,0.005,20.0,4000,two_speed,10,1.0002873758298128,2.033899069163155,0.515826643004109,0.002216027691617883,0,0.04515177520038674,0.24228354757984302
1.0,0.5,4.0,4.0,0.0025,0.005,0.5,100,two_speed,11,1.0000866017606527,1.9996006890600553,0.5021998261680506,0.0020118752498767306,0,0.010247381195757896,0.24303632743457065
1.0,0.5,4.0,4.0,0.0025,0.005,1.0,200,two_speed,11,0.9999446774508028,1.9847887779506272,0.4976121140534239,0.002412566334518615,0,0.02139663452736568,0.24303632743457065
1.0,0.5,4.0,4.0,0.0025,0.005,2.0,400,two_speed,11,0.9998110626233693,1.9635997523546072,0.49873926824548115,0.0016253511431043627,0,0.04282558082243577,0.24303632743457065
1.0,0.5,4.0,4.0,0.0025,0.005,3.5,700,two_speed,11,1.000169241696112,1.971437936663415,0.509571144743305,0.0015919756881834217,0,0.03587065544475813,0.24303632743457065
1.0,0.5,4.0,4.0,0.0025,0.005,5.0,1000,two_speed,11,1.0000160040428923,1.9633896007768046,0.5094065179291929,0.0015754786841075538,0,0.04451021390192451,0.24303632743457065
1.0,0.5,4.0,4.0,0.0025,0.005,10.0,2000,two_speed,11,1.0003981921702194,1.9858261948121247,0.5148357506538146,0.0019889955612440373,0,0.026561574573983733,0.24303632743457065
1.0,0.5,4.0,4.0,0.0025,0.005,20.0,4000,two_speed,11,1.0001445976067658,2.0081473341983487,0.5219947483697529,0.0016040449644509883,0,0.03078986532733154,0.24303632743457065
1.0,0.5,4.0,4.0,0.0025,0.005,0.5,100,two_speed,12,0.9998992109832894,2.0078516063953207,0.49795165264602337,0.0023175277574203775,0,0.014753029293447167,0.24092598814916397
1.0,0.5,4.0,4.0,0.0025,0.005,1.0,200,two_speed,12,0.99991175206941,1.9949565751417744,0.5018996152637667,0.002035712870890779,0,0.01186749990085442,0.24092598814916397
1.0,0.5,4.0,4.0,0.0025,0.005,2.0,400,two_speed,12,1.0005469267856548,1.981841918071134,0.5172913517279977,0.002685812260262214,0,0.032793369050038414,0.24092598814916397
1.0,0.5,4.0,4.0,0.0025,0.005,3.5,700,two_speed,12,1.0001201112577642,1.9816918425485894,0.5146487774239447,0.0022012698454172957,0,0.03028105162212711,0.24092598814916397
1.0,0.5,4.0,4.0,0.0025,0.005,5.0,1000,two_speed,12,1.0002031157994284,1.9807918152546298,0.5211082140820679,0.0017760473894473123,0,0.03580050371467528,0.24092598814916397
1.0,0.5,4.0,4.0,0.0025,0.005,10.0,2000,two_speed,12,1.0001075705863909,1.9715492540075041,0.5204081490832265,0.0016996850531828464,0,0.04258013400865029,0.24092598814916397
1.0,0.5,4.0,4.0,0.0025,0.005,20.0,4000,two_speed,12,1.0001172585410756,1.965279730645535,0.5203279457062968,0.0017457325079475333,0,0.04834097596809015,0.24092598814916397
1.0,0.5,4.0,4.0,0.0025,0.005,0.5,100,two_speed,13,0.9998502789433256,2.0013355035029945,0.4913836757894545,0.0015549338606429771,0,0.013489875735181544,0.24304807728289493
1.0,0.5,4.0,4.0,0.0025,0.005,1.0,200,two_speed,13,0.999947839536952,2.0008374187017766,0.5008308718101278,0.0022882337484389326,0,0.011331718498944455,0.24304807728289493
1.0,0.5,4.0,4.0,0.0025,0.005,2.0,400,two_speed,13,1.0000232449815023,1.9928992512831842,0.503520581823693,0.0016308827390203288,0,0.01232463060272347,0.24304807728289493
1.0,0.5,4.0,4.0,0.0025,0.005,3.5,700,two_speed,13,1.0000377949079013,2.002169495364857,0.5032663223693149,0.001622262448286115,0,0.009338589710950125,0.24304807728289493
1.0,0.5,4.0,4.0,0.0025,0.005,5.0,1000,two_speed,13,0.9997480163480406,2.020901500690469,0.504997491969623,0.0018327395506579892,0,0.026675172297728537,0.24304807728289493
1.0,0.5,4.0,4.0,0.0025,0.005,10.0,2000,two_speed,13,0.9999101530850448,2.0012481757012353,0.5178944025859696,0.0022212416383959686,0,0.025845514906463866,0.24304807728289493
1.0,0.5,4.0,4.0,0.0025,0.005,20.0,4000,two_speed,13,0.9998614940840393,1.986279121217407,0.5156821917764509,0.001981639239999269,0,0.0276955723832664,0.24304807728289493
1.0,0.5,4.0,4.0,0.0025,0.005,0.5,100,two_speed,14,1.0000025533433299,2.009624545743924,0.5068656423685932,0.0016761817799516832,0,0.01645969240651097,0.24163647029282792
1.0,0.5,4.0,4.0,0.0025,0.005,1.0,200,two_speed,14,0.9999803118281546,1.9918429305810257,0.5089304098863973,0.0026268886725685156,0,0.019827527690246045,0.24163647029282792
1.0,0.5,4.0,4.0,0.0025,0.005,2.0,400,two_speed,14,1.000256820730403,1.988269722132915,0.5226206981620151,0.0022821203591560186,0,0.03381388149356355,0.24163647029282792
1.0,0.5,4.0,4.0,0.0025,0.005,3.5,700,two_speed,14,1.000045196148411,1.9950290290557835,0.5182729117177445,0.002286351679308557,0,0.026828430154700586,0.24163647029282792
1.0,0.5,4.0,4.0,0.0025,0.005,5.0,1000,two_speed,14,1.0000964048337522,1.9797046110599705,0.5175720498936888,0.001826591901657144,0,0.03373721475420459,0.24163647029282792
1.0,0.5,4.0,4.0,0.0025,0.005,10.0,2000,two_speed,14,1.0002174484858033,2.03904066611285,0.5325198555891809,0.002362955496764624,0,0.06208645547615702,0.24163647029282792
1.0,0.5,4.0,4.0,0.0025,0.005,20.0,4000,two_speed,14,0.9999719417574325,2.0536268314291766,0.5211222809928763,0.001973052020477568,0,0.06782454865743702,0.24163647029282792
1.0,0.5,4.0,4.0,0.0025,0.005,0.5,100,two_speed,15,1.000342024375962,2.001402556849935,0.5097247100088524,0.0029579575686977774,0,0.018980193050563195,0.2418873571358355
1.0,0.5,4.0,4.0,0.0025,0.005,1.0,200,two_speed,15,1.0001722449967203,1.9961726114439315,0.5093210973759752,0.0015974337631232205,0,0.014848461941150758,0.2418873571358355
1.0,0.5,4.0,4.0,0.0025,0.005,2.0,400,two_speed,15,0.9998684151288988,2.006286674537303,0.5109608381780328,0.0021812147428477385,0,0.019487655213922855,0.2418873571358355
1.0,0.5,4.0,4.0,0.0025,0.005,3.5,700,two_speed,15,1.0002061385468182,1.9987020656083618,0.5146104744386694,0.0020758054192504772,0,0.021300270538047433,0.2418873571358355
1.0,0.5,4.0,4.0,0.0025,0.005,5.0,1000,two_speed,15,1.000248974962485,2.0017954926775845,0.5136831189647336,0.0017545065299615847,0,0.019480019522532754,0.2418873571358355
1.0,0.5,4.0,4.0,0.0025,0.005,10.0,2000,two_speed,15,1.000065411491307,2.0054950306960175,0.5177195274901047,0.0017018698827052626,0,0.025168211201092108,0.2418873571358355
1.0,0.5,4.0,4.0,0.0025,0.005,20.0,4000,two_speed,15,0.9998016111463881,2.0290672003784347,0.5172433740435459,0.0024186114605507284,0,0.04219987577417069,0.2418873571358355
1.0,0.5,4.0,4.0,0.0025,0.005,0.5,100,two_speed,16,1.0002066297337129,2.00822249227474,0.5060541232031764,0.0014131066688932682,0,0.013930387626784942,0.2415582082799769
1.0,0.5,4.0,4.0,0.0025,0.005,1.0,200,two_speed,16,1.000273061030261,2.0028600815355277,0.5084725471001476,0.0017147314847509511,0,0.013905379075245387,0.2415582082799769
1.0,0.5,4.0,4.0,0.0025,0.005,2.0,400,two_speed,16,1.0000672572399967,2.002864701341595,0.514543655466293,0.0022274029535163456,0,0.0219778298821022,0.2415582082799769
1.0,0.5,4.0,4.0,0.0025,0.005,3.5,700,two_speed,16,0.9999627301130312,1.9918775237792035,0.5142606649174146,0.0021600378533645076,0,0.023446231466930773,0.2415582082799769
1.0,0.5,4.0,4.0,0.0025,0.005,5.0,1000,two_speed,16,0.9999102248350904,1.9856742675546766,0.5220520283731617,0.001821271495158634,0,0.03437665855949324,0.2415582082799769
1.0,0.5,4.0,4.0,0.0025,0.005,10.0,2000,two_speed,16,0.9998656227088955,1.9785512327369106,0.5180394806285047,0.0020557413759446,0,0.03571598581585701,0.2415582082799769
1.0,0.5,4.0,4.0,0.0025,0.005,20.0,4000,two_speed,16,0.999864624476026,2.001606916544851,0.5346352974343045,0.0026131956888150354,0,0.046748544648356434,0.2415582082799769
1.0,0.5,4.0,4.0,0.0025,0.005,0.5,100,two_speed,17,0.9998846000127622,2.0088213506356607,0.5019286342825438,0.0017527173986088174,0,0.013609463923275625,0.2417286727078525
1.0,0.5,4.0,4.0,0.0025,0.005,1.0,200,two_speed,17,1.0002459425835646,2.0229046842926404,0.5010181916803813,0.0020502362804420823,0,0.02830664010145285,0.2417286727078525
1.0,0.5,4.0,4.0,0.0025,0.005,2.0,400,two_speed,17,0.9999121199048019,2.0313411462027813,0.4997889760617699,0.0017430412725510335,0,0.03719203780896554,0.2417286727078525
1.0,0.5,4.0,4.0,0.0025,0.005,3.5,700,two_speed,17,1.000392330671512,2.0438897353320478,0.5221166816460217,0.0038389701469307715,0,0.06075311941732607,0.2417286727078525
1.0,0.5,4.0,4.0,0.0025,0.005,5.0,1000,two_speed,17,1.000359835020495,2.0404233220492918,0.5191665175781103,0.0029631504744230593,0,0.05440030505234817,0.2417286727078525
1.0,0.5,4.0,4.0,0.0025,0.005,10.0,2000,two_speed,17,0.9995892269291844,2.01734127031049,0.517784256733397,0.0026975949971176708,0,0.03395604430886378,0.2417286727078525
1.0,0.5,4.0,4.0,0.0025,0.005,20.0,4000,two_speed,17,0.9996971533775838,2.025752997346356,0.516311023144876,0.001628614168880126,0,0.03762007252181823,0.2417286727078525
1.0,0.5,4.0,4.0,0.0025,0.005,0.5,100,two_speed,18,1.0000174496925138,1.980945838268452,0.5003493457355552,0.002003582231168634,0,0.024098542439411227,0.24128020227154984
1.0,0.5,4.0,4.0,0.0025,0.005,1.0,200,two_speed,18,1.000073226741034,1.9884254812990971,0.5005945477719871,0.002004064595561129,0,0.01659878573887383,0.24128020227154984
1.0,0.5,4.0,4.0,0.0025,0.005,2.0,400,two_speed,18,0.9997939766246411,2.001990453005486,0.5003275639855136,0.0017227072245478373,0,0.00884805707591682,0.24128020227154984
1.0,0.5,4.0,4.0,0.0025,0.005,3.5,700,two_speed,18,0.9997754373527966,1.984322843970271,0.5132179570925608,0.0022248660935347466,0,0.027535816658908082,0.24128020227154984
1.0,0.5,4.0,4.0,0.0025,0.005,5.0,1000,two_speed,18,1.0000622009833222,1.9830102345260825,0.5194625550639275,0.0012401652947256635,0,0.03231792009840759,0.24128020227154984
1.0,0.5,4.0,4.0,0.0025,0.005,10.0,2000,two_speed,18,1.000286263794817,1.9620108109067973,0.516092638463092,0.0025737867647884294,0,0.04968811065629466,0.24128020227154984
1.0,0.5,4.0,4.0,0.0025,0.005,20.0,4000,two_speed,18,1.0003051703581136,1.9381941242271645,0.5188975394378974,0.002035861451067468,0,0.07539661897483872,0.24128020227154984
1.0,0.5,4.0,4.0,0.0025,0.005,0.5,100,two_speed,19,1.000332717484277,2.0090642966405,0.5120507873091152,0.0016429270564661937,0,0.020041660702794516,0.24254519056661852
1.0,0.5,4.0,4.0,0.0025,0.005,1.0,200,two_speed,19,1.0002199693159513,2.0112713835875775,0.5147519310160997,0.0014242697029370854,0,0.023865596381116596,0.24254519056661852
1.0,0.5,4.0,4.0,0.0025,0.005,2.0,400,two_speed,19,0.9999592490694215,2.006076273755135,0.5042344520527934,0.0017575794836686431,0,0.012449736256186348,0.24254519056661852
1.0,0.5,4.0,4.0,0.0025,0.005,3.5,700,two_speed,19,1.0001237864834958,2.0238123036907516,0.5078911737615548,0.0022691244466969385,0,0.031246523023865578,0.24254519056661852
1.0,0.5,4.0,4.0,0.0025,0.005,5.0,1000,two_speed,19,0.9999368595075396,2.0117828429591325,0.5046600940680076,0.0015967164789926582,0,0.016851558700678126,0.24254519056661852
1.0,0.5,4.0,4.0,0.0025,0.005,10.0,2000,two_speed,19,1.0000922227144162,2.0286402671382735,0.5096151794677067,0.0022426675730613174,0,0.036753677428576,0.24254519056661852
1.0,0.5,4.0,4.0,0.0025,0.005,20.0,4000,two_speed,19,1.0002224257675805,2.05851566072305,0.5181794613683351,0.001430216866177861,0,0.07121696553916021,0.24254519056661852
1.0,0.5,4.0,4.0,0.0025,0.005,0.5,100,two_speed,20,0.9999068415915014,1.9968879499374574,0.49988191747712235,0.0026069678522350334,0,0.013289711635029075,0.24124382743944547
1.0,0.5,4.0,4.0,0.0025,0.005,1.0,200,two_speed,20,0.9998640980831917,1.9813214832793697,0.5030109100424832,0.002287854986274718,0,0.024661106076740807,0.24124382743944547
1.0,0.5,4.0,4.0,0.0025,0.005,2.0,400,two_speed,20,0.9999400036402841,1.9868732120393695,0.5143669648075793,0.0017807173718389462,0,0.025617241548254732,0.24124382743944547
1.0,0.5,4.0,4.0,0.0025,0.005,3.5,700,two_speed,20,1.0003242241599977,2.024603803300278,0.5231295982016974,0.0028353963098475933,0,0.04318344911713708,0.24124382743944547
1.0,0.5,4.0,4.0,0.0025,0.005,5.0,1000,two_speed,20,1.0001885760102687,1.9994394485475446,0.5289594088736398,0.002173434420133591,0,0.038583285671727426,0.24124382743944547
1.0,0.5,4.0,4.0,0.0025,0.005,10.0,2000,two_speed,20,1.000053148794023,2.0387651454545477,0.5281654190234293,0.0016858808017010951,0,0.05786281233336061,0.24124382743944547
1.0,0.5,4.0,4.0,0.0025,0.005,20.0,4000,two_speed,20,1.0000501150284462,2.045198819145794,0.5228522450662937,0.0014380231009201213,0,0.05979461234999664,0.24124382743944547
1.0,0.5,4.0,4.0,0.0025,0.005,0.5,100,two_speed,21,1.0001202234454636,1.9969169755190628,0.5003418414369366,0.0017800377604471169,0,0.009445869473070505,0.24268441071866878
1.0,0.5,4.0,4.0,0.0025,0.005,1.0,200,two_speed,21,1.0002061084744258,1.998717515854875,0.5041886667321325,0.0020295982635136134,0,0.011300473452138169,0.24268441071866878
1.0,0.5,4.0,4.0,0.0025,0.005,2.0,400,two_speed,21,1.0002592854558068,2.00541245237425,0.5080369708532607,0.001936638187941812,0,0.015168307732144054,0.24268441071866878
1.0,0.5,4.0,4.0,0.0025,0.005,3.5,700,two_speed,21,1.000085587146555,2.0251138842935217,0.5162883429210725,0.0013014834332075174,0,0.03617799368803042,0.24268441071866878
1.0,0.5,4.0,4.0,0.0025,0.005,5.0,1000,two_speed,21,1.0002856599289773,2.019809850976107,0.5211045574305138,0.0027609782151018984,0,0.03775864712180043,0.24268441071866878
1.0,0.5,4.0,4.0,0.0025,0.005,10.0,2000,two_speed,21,0.9999936609648915,2.0251274659234015,0.5033679056785962,0.0026711615099697735,0,0.03214208349752366,0.24268441071866878
1.0,0.5,4.0,4.0,0.0025,0.005,20.0,4000,two_speed,21,1.000070687689927,2.029679715268207,0.5119605806365102,0.0018552599110425005,0,0.038446422268031084,0.24268441071866878
1.0,0.5,4.0,4.0,0.0025,0.005,0.5,100,two_speed,22,1.0002007505033672,1.9919898002638725,0.50310916637647,0.0015911637993863174,0,0.012672465874660229,0.24118545243982226
1.0,0.5,4.0,4.0,0.0025,0.005,1.0,200,two_speed,22,1.0001522386894004,1.9849498086672432,0.5079328331801825,0.0022057472686428745,0,0.022777668248064604,0.24118545243982226
1.0,0.5,4.0,4.0,0.0025,0.005,2.0,400,two_speed,22,1.000175796845857,1.992802648430031,0.5035814980980947,0.0019988157432529853,0,0.013581596790601193,0.24118545243982226
1.0,0.5,4.0,4.0,0.0025,0.005,3.5,700,two_speed,22,1.000008927627161,1.981624167185521,0.511279852245585,0.0016820616620491229,0,0.02698959391705585,0.24118545243982226
1.0,0.5,4.0,4.0,0.0025,0.005,5.0,1000,two_speed,22,1.0003026413592468,1.9797828014229593,0.5198005162257162,0.002137785033839212,0,0.03577335405354722,0.24118545243982226
1.0,0.5,4.0,4.0,0.0025,0.005,10.0,2000,two_speed,22,1.000043106126707,1.9960517087307112,0.5278971934921984,0.0017849767490369119,0,0.037350532336840145,0.24118545243982226
1.0,0.5,4.0,4.0,0.0025,0.005,20.0,4000,two_speed,22,0.9999888241023118,2.038193239074616,0.5145383518052487,0.002461600726385657,0,0.04934855540754145,0.24118545243982226
1.0,0.5,4.0,4.0,0.0025,0.005,0.5,100,two_speed,23,1.0000969483084632,2.0061870108484245,0.5024510179795719,0.0018075034169400077,0,0.01177114872565897,0.24324227970958287
1.0,0.5,4.0,4.0,0.0025,0.005,1.0,200,two_speed,23,0.999915885932143,2.0038095281896897,0.5049855439453903,0.001559584559601331,0,0.011072608371891638,0.24324227970958287
1.0,0.5,4.0,4.0,0.0025,0.005,2.0,400,two_speed,23,1.0000694905883454,2.005932905172559,0.5144444608188132,0.0015980325248670926,0,0.02133657602393385,0.24324227970958287
1.0,0.5,4.0,4.0,0.0025,0.005,3.5,700,two_speed,23,0.9998947470680217,2.0208256550800594,0.5188530316211799,0.0017556576762944923,0,0.03543336533104775,0.24324227970958287
1.0,0.5,4.0,4.0,0.0025,0.005,5.0,1000,two_speed,23,1.0001612599970988,2.026078097295798,0.519731328652645,0.0017540832183577113,0,0.040033957549011276,0.24324227970958287
1.0,0.5,4.0,4.0,0.0025,0.005,10.0,2000,two_speed,23,1.0003170860604311,2.0103853723068963,0.53506016474665,0.0018349613093762017,0,0.04704251420461434,0.24324227970958287
1.0,0.5,4.0,4.0,0.0025,0.005,20.0,4000,two_speed,23,1.0000766216356956,2.022372066077312,0.5229425323072003,0.0016083441661876355,0,0.039901315371290595,0.24324227970958287
1.0,0.5,4.0,4.0,0.0025,0.005,0.5,100,two_speed,24,1.0002263469946406,1.9891564873244376,0.49805421629499413,0.0015029569874400839,0,0.014888554089102567,0.24359993456995913
1.0,0.5,4.0,4.0,0.0025,0.005,1.0,200,two_speed,24,1.0002217843831904,1.9848050797620265,0.5051243393680067,0.00151159303455427,0,0.020030997714703905,0.24359993456995913
1.0,0.5,4.0,4.0,0.0025,0.005,2.0,400,two_speed,24,0.9997633304774046,1.9839368950787175,0.5028605302081194,0.0031766708125258256,0,0.02456802526808194,0.24359993456995913
1.0,0.5,4.0,4.0,0.0025,0.005,3.5,700,two_speed,24,1.0001706504239642,1.9900833731220808,0.5089895784194275,0.00275582695161711,0,0.021006395717352255,0.24359993456995913
1.0,0.5,4.0,4.0,0.0025,0.005,5.0,1000,two_speed,24,0.999936223634577,1.9882816669057883,0.5112914892147782,0.0020911149233758222,0,0.022433224920639115,0.24359993456995913
1.0,0.5,4.0,4.0,0.0025,0.005,10.0,2000,two_speed,24,1.0000958595702816,1.9900525896930126,0.5165191747628401,0.0016411114355740616,0,0.025431857792433198,0.24359993456995913
1.0,0.5,4.0,4.0,0.0025,0.005,20.0,4000,two_speed,24,1.0000745603819075,1.9954240966636816,0.5092537080240385,0.0017211418684547758,0,0.015554601685532002,0.24359993456995913
1.0,0.5,4.0,4.0,0.0025,0.005,0.5,100,two_speed,25,1.000140955243361,2.0039568404654573,0.5056034826485146,0.0021831457295169087,0,0.013617959848976229,0.24413092856827592
1.0,0.5,4.0,4.0,0.0025,0.005,1.0,200,two_speed,25,1.0002333617158419,1.9894306107870505,0.5090274476220791,0.0027339278524972084,0,0.021309967841256026,0.24413092856827592
1.0,0.5,4.0,4.0,0.0025,0.005,2.0,400,two_speed,25,1.000095827034892,1.981761180171799,0.5099590527179746,0.0018846663111272898,0,0.02618202956023234,0.24413092856827592
1.0,0.5,4.0,4.0,0.0025,0.005,3.5,700,two_speed,25,1.0000768639560007,1.9683539698021988,0.5174192419748462,0.0023281053562486226,0,0.04425229818543718,0.24413092856827592
1.0,0.5,4.0,4.0,0.0025,0.005,5.0,1000,two_speed,25,1.0000945094018678,1.9729466975884498,0.5121841672191747,0.001986743873028802,0,0.03620540197334007,0.24413092856827592
1.0,0.5,4.0,4.0,0.0025,0.005,10.0,2000,two_speed,25,0.9996091567325291,1.987093114075474,0.5119557075727522,0.0023130618409459357,0,0.0248347545593915,0.24413092856827592
1.0,0.5,4.0,4.0,0.0025,0.005,20.0,4000,two_speed,25,1.0002750894816315,1.990991660477586,0.5402349492576497,0.0019386566510222788,0,0.053061136721732696,0.24413092856827592
1.0,0.5,4.0,4.0,0.0025,0.005,0.5,100,two_speed,26,1.0001271662098243,1.9855199228653124,0.5084834799834992,0.001845923212781575,0,0.021849866834662637,0.24692991670287615
1.0,0.5,4.0,4.0,0.0025,0.005,1.0,200,two_speed,26,1.0002268896670548,1.9867545233772776,0.5050662254050531,0.0023003761569435344,0,0.019984238104822836,0.24692991670287615
1.0,0.5,4.0,4.0,0.0025,0.005,2.0,400,two_speed,26,1.00046557378485,1.9812516925344286,0.5113446608641339,0.0026199330368654977,0,0.028796431733111166,0.24692991670287615
1.0,0.5,4.0,4.0,0.0025,0.005,3.5,700,two_speed,26,1.000112006226692,1.9725006788005286,0.5094868150114343,0.002479928438582583,0,0.035906065836152266,0.24692991670287615
1.0,0.5,4.0,4.0,0.0025,0.005,5.0,1000,two_speed,26,1.0002756487486286,1.9762618659060094,0.5211241164342646,0.002266782579251673,0,0.0398736092297687,0.24692991670287615
1.0,0.5,4.0,4.0,0.0025,0.005,10.0,2000,two_speed,26,1.0005749160326034,1.9698457116854005,0.5324787228485167,0.0026549469543470667,0,0.054689556604449525,0.24692991670287615
1.0,0.5,4.0,4.0,0.0025,0.005,20.0,4000,two_speed,26,1.0000916010966148,1.9480847172206917,0.5199876827390019,0.0028715133513453383,0,0.06646132010695137,0.24692991670287615
1.0,0.5,4.0,4.0,0.0025,0.005,0.5,100,two_speed,27,1.0001950416255763,1.9988678248340686,0.5058738995973229,0.0017637388373969228,0,0.011400304155719493,0.24598911313140498
1.0,0.5,4.0,4.0,0.0025,0.005,1.0,200,two_speed,27,1.0000079764787444,1.9845899976065653,0.5054516408080472,0.0014038323541948794,0,0.020318446162953266,0.24598911313140498
1.0,0.5,4.0,4.0,0.0025,0.005,2.0,400,two_speed,27,0.9996858999961399,1.9740136293585062,0.5091354219764237,0.0021053964254037147,0,0.03401200537593534,0.24598911313140498
1.0,0.5,4.0,4.0,0.0025,0.005,3.5,700,two_speed,27,1.0001921435988597,1.9869239576808002,0.5184908186361081,0.0029751409993906794,0,0.031517289986575464,0.24598911313140498
1.0,0.5,4.0,4.0,0.0025,0.005,5.0,1000,two_speed,27,1.0003637022950407,1.992723972847985,0.5238121794511144,0.0023989561810597347,0,0.03339833865913699,0.24598911313140498
1.0,0.5,4.0,4.0,0.0025,0.005,10.0,2000,two_speed,27,1.0001937463472068,1.976423423346903,0.5176427643293592,0.002389721970430816,0,0.03708126116691297,0.24598911313140498
1.0,0.5,4.0,4.0,0.0025,0.005,20.0,4000,two_speed,27,0.999885928744691,1.9369955234496643,0.5298593188678319,0.0019919099428797296,0,0.08193465611611372,0.24598911313140498
1.0,0.5,4.0,4.0,0.0025,0.005,0.5,100,two_speed,28,1.0000781976284592,2.0080091516480314,0.4987745836986175,0.001285619931294473,0,0.011347961244642244,0.2450197917143149
1.0,0.5,4.0,4.0,0.0025,0.005,1.0,200,two_speed,28,1.0002845433003908,2.007139947337858,0.507007940340174,0.0020451942521889765,0,0.015575689874507803,0.2450197917143149
1.0,0.5,4.0,4.0,0.0025,0.005,2.0,400,two_speed,28,1.0000848753077967,2.013301196474751,0.5044080587651528,0.0016048736645102612,0,0.01810154639163739,0.2450197917143149
1.0,0.5,4.0,4.0,0.0025,0.005,3.5,700,two_speed,28,1.000262279454656,2.025708032453443,0.5161200555787706,0.0022628167523385486,0,0.037416337454555915,0.2450197917143149
1.0,0.5,4.0,4.0,0.0025,0.005,5.0,1000,two_speed,28,1.0000138758780206,2.0369708494022096,0.5165200077071495,0.0020821138751522723,0,0.048455984545961985,0.2450197917143149
1.0,0.5,4.0,4.0,0.0025,0.005,10.0,2000,two_speed,28,1.0002490165336904,2.0214009406836477,0.5309767281383986,0.002144676038998504,0,0.04760468391745004,0.2450197917143149
1.0,0.5,4.0,4.0,0.0025,0.005,20.0,4000,two_speed,28,0.9997776101685958,2.039673809484703,0.5254458612791976,0.00169686229295741,0,0.05681960550850094,0.2450197917143149
1.0,0.5,4.0,4.0,0.0025,0.005,0.5,100,two_speed,29,1.0000198981858492,1.9987149844797276,0.5085941105402414,0.001690340552271271,0,0.013994054656648372,0.2443326131573745
1.0,0.5,4.0,4.0,0.0025,0.005,1.0,200,two_speed,29,0.9998769640592469,1.9953974569119215,0.510386129014489,0.0017610805722527245,0,0.017118841614472,0.2443326131573745
1.0,0.5,4.0,4.0,0.0025,0.005,2.0,400,two_speed,29,1.0000236763744754,1.981762753779423,0.5210035887415727,0.0011865265364462759,0,0.03476813665646109,0.2443326131573745
1.0,0.5,4.0,4.0,0.0025,0.005,3.5,700,two_speed,29,0.99995883357526,1.9775972992509883,0.514156739803889,0.002589356296310087,0,0.03397915229158624,0.2443326131573745
1.0,0.5,4.0,4.0,0.0025,0.005,5.0,1000,two_speed,29,1.0003389853911697,1.9550293756528159,0.5232653916509148,0.0025817793470025202,0,0.06051382648806614,0.2443326131573745
1.0,0.5,4.0,4.0,0.0025,0.005,10.0,2000,two_speed,29,0.9998944788797721,1.9645420427202505,0.5104131296717291,0.0023454207837666522,0,0.044573468492246665,0.2443326131573745
1.0,0.5,4.0,4.0,0.0025,0.005,20.0,4000,two_speed,29,1.0003018823399876,1.9728570802588083,0.5153808873128187,0.002184780064419374,0,0.03810002887678537,0.2443326131573745
1.0,0.5,4.0,4.0,0.0025,0.005,0.5,100,two_speed,30,1.0000938529742818,2.0052295921081655,0.5051201092352129,0.0017337543953650251,0,0.01229878711964329,0.245069541569267
1.0,0.5,4.0,4.0,0.0025,0.005,1.0,200,two_speed,30,1.0003207540498773,2.0147735387654953,0.5078110249334787,0.00219815075558775,0,0.02235002251751599,0.245069541569267
1.0,0.5,4.0,4.0,0.0025,0.005,2.0,400,two_speed,30,0.9998964075105479,2.0185599284337243,0.5141606055832821,0.002906777718288716,0,0.03182731900970393,0.245069541569267
1.0,0.5,4.0,4.0,0.0025,0.005,3.5,700,two_speed,30,1.0002552639153703,2.0058740442292846,0.5251919424744198,0.0027590582980165463,0,0.03556046206448126,0.245069541569267
1.0,0.5,4.0,4.0,0.0025,0.005,5.0,1000,two_speed,30,1.0004646807704385,1.998992602778919,0.5265002237321253,0.002168323988188897,0,0.035136713465077185,0.245069541569267
1.0,0.5,4.0,4.0,0.0025,0.005,10.0,2000,two_speed,30,0.9997704370477587,1.9767984180263545,0.514174924993318,0.002391967103110843,0,0.034714019010560114,0.245069541569267
1.0,0.5,4.0,4.0,0.0025,0.005,20.0,4000,two_speed,30,0.9999460585048056,1.9834955162560823,0.5274586986958827,0.00228454272086921,0,0.041867032737908094,0.245069541569267
1.0,0.5,4.0,4.0,0.0025,0.005,0.5,100,two_speed,31,1.0003040168724708,2.011956794394013,0.5047110975653479,0.001819565960625978,0,0.01734088783822896,0.2436126368452928
1.0,0.5,4.0,4.0,0.0025,0.005,1.0,200,two_speed,31,1.0001983258981209,2.019803490290495,0.5055667092042861,0.0016270408335463736,0,0.025143485652933516,0.2436126368452928
1.0,0.5,4.0,4.0,0.0025,0.005,2.0,400,two_speed,31,1.0000486977211485,2.024356280455764,0.5035146676735243,0.0025628211136794242,0,0.03108896652918194,0.2436126368452928
1.0,0.5,4.0,4.0,0.0025,0.005,3.5,700,two_speed,31,1.0002749901917558,2.027051876702507,0.5081028074029703,0.001515887308377358,0,0.03353700634136245,0.2436126368452928
1.0,0.5,4.0,4.0,0.0025,0.005,5.0,1000,two_speed,31,1.0005186350442097,2.0503194558148277,0.5131768907579013,0.002316295223014177,0,0.061124314936995904,0.2436126368452928
1.0,0.5,4.0,4.0,0.0025,0.005,10.0,2000,two_speed,31,1.0002034446564916,2.041969064040563,0.5233515652830467,0.001939675523986705,0,0.05723111135065948,0.2436126368452928
1.0,0.5,4.0,4.0,0.0025,0.005,20.0,4000,two_speed,31,1.000333852794223,1.996861650769549,0.5265296435634603,0.0023001043596085303,0,0.035768064516470924,0.2436126368452928
1.0,0.5,4.0,4.0,0.0025,0.005,0.5,100,two_speed,32,1.0001763893997289,1.9976893027617764,0.4993120480377162,0.0014611022746391508,0,0.007794766431415564,0.24404525585539108
1.0,0.5,4.0,4.0,0.0025,0.005,1.0,200,two_speed,32,1.0001972333899347,2.0017704808448435,0.5006363811660384,0.0022805701673468443,0,0.011413571010708607,0.24404525585539108
1.0,0.5,4.0,4.0,0.0025,0.005,2.0,400,two_speed,32,1.0001587442693354,1.9829249936752014,0.506892608460991,0.001591424853345773,0,0.022847431230896706,0.24404525585539108
1.0,0.5,4.0,4.0,0.0025,0.005,3.5,700,two_speed,32,1.000049229029426,1.9492797128196981,0.5146826619624283,0.001738944472537435,0,0.06178820017001053,0.24404525585539108
1.0,0.5,4.0,4.0,0.0025,0.005,5.0,1000,two_speed,32,1.000142335948492,1.9381186541902684,0.519463701326316,0.0023333092157795565,0,0.0760256883808337,0.24404525585539108
1.0,0.5,4.0,4.0,0.0025,0.005,10.0,2000,two_speed,32,0.9999922631040669,1.916272547117473,0.5229216679983352,0.001297942806835285,0,0.10031091170379407,0.24404525585539108
1.0,0.5,4.0,4.0,0.0025,0.005,20.0,4000,two_speed,32,0.9999009484514118,1.8840164015706629,0.5193364839502763,0.0024820062199955384,0,0.13570082369874018,0.24404525585539108
1.0,0.5,4.0,4.0,0.0025,0.005,0.5,100,two_speed,33,1.0001191200751853,1.9947458716871374,0.5034985612083684,0.00169314956811783,0,0.011152117744184464,0.2531896547214793
1.0,0.5,4.0,4.0,0.0025,0.005,1.0,200,two_speed,33,1.0005789941985737,1.9834823231396705,0.5141384463450598,0.002355236337134247,0,0.02826635178253844,0.2531896547214793
1.0,0.5,4.0,4.0,0.0025,0.005,2.0,400,two_speed,33,1.0006313351323581,1.9958729216659195,0.522156389302434,0.002725389990703542,0,0.031091560027543277,0.2531896547214793
1.0,0.5,4.0,4.0,0.0025,0.005,3.5,700,two_speed,33,0.9999480986920163,2.003514319443367,0.5151100949833473,0.0021902500509617022,0,0.022851053098694965,0.2531896547214793
1.0,0.5,4.0,4.0,0.0025,0.005,5.0,1000,two_speed,33,0.9999594784934788,1.9847366535250544,0.5114995212710742,0.0027009728917018134,0,0.026713885138516382,0.2531896547214793
1.0,0.5,4.0,4.0,0.0025,0.005,10.0,2000,two_speed,33,0.9999160466454649,1.9747774855815963,0.5201106332379709,0.00229515450672369,0,0.040621360727535694,0.2531896547214793
1.0,0.5,4.0,4.0,0.0025,0.005,20.0,4000,two_speed,33,0.9997745028201168,2.0051669097679383,0.5114379324685212,0.002772169859783061,0,0.021418545686163633,0.2531896547214793
1.0,0.5,4.0,4.0,0.0025,0.005,0.5,100,two_speed,34,1.000138650374162,1.99777835991377,0.4994507246194448,0.0013555639455364065,0,0.007226035416340217,0.24905485127653396
1.0,0.5,4.0,4.0,0.0025,0.005,1.0,200,two_speed,34,1.0000048376810555,1.9929015550698925,0.503701993800525,0.0015925716460853047,0,0.01230827382749535,0.24905485127653396
1.0,0.5,4.0,4.0,0.0025,0.005,2.0,400,two_speed,34,1.000084469008262,2.0041897062989444,0.5058480731174527,0.001859433824557623,0,0.01272185971045978,0.24905485127653396
1.0,0.5,4.0,4.0,0.0025,0.005,3.5,700,two_speed,34,1.0005253835592378,1.9896623756052776,0.5237979277268093,0.0038630318154101303,0,0.03733890637692005,0.24905485127653396
1.0,0.5,4.0,4.0,0.0025,0.005,5.0,1000,two_speed,34,1.0001595615714678,1.9785183610325505,0.5189562795574839,0.0020386640832351886,0,0.035958404217018895,0.24905485127653396
1.0,0.5,4.0,4.0,0.0025,0.005,10.0,2000,two_speed,34,1.0000494142001997,1.9604986058662057,0.5208184865816907,0.0022616074111411863,0,0.05353833415556496,0.24905485127653396
1.0,0.5,4.0,4.0,0.0025,0.005,20.0,4000,two_speed,34,1.0002827508957333,1.9943745815628027,0.5311101459403297,0.001614380046194778,0,0.04091860919435914,0.24905485127653396
1.0,0.5,4.0,4.0,0.0025,0.005,0.5,100,two_speed,35,1.00009768737189,1.993103068377032,0.509134394806813,0.0018761486154463178,0,0.016886497975276814,0.24245192256889173
1.0,0.5,4.0,4.0,0.0025,0.005,1.0,200,two_speed,35,1.0001314589454686,2.006381650208459,0.5123045897685238,0.001909933503451498,0,0.01973464627197032,0.24245192256889173
1.0,0.5,4.0,4.0,0.0025,0.005,2.0,400,two_speed,35,1.0000232393622286,2.018915555077106,0.5174821339558717,0.0013763308335999667,0,0.03209396210541526,0.24245192256889173
1.0,0.5,4.0,4.0,0.0025,0.005,3.5,700,two_speed,35,0.9999820573311202,2.008966623791537,0.5173835801995449,0.0015494156678328035,0,0.0260111993493966,0.24245192256889173
1.0,0.5,4.0,4.0,0.0025,0.005,5.0,1000,two_speed,35,1.0002682812157928,2.031861371668583,0.5206527554623893,0.0015529527275047212,0,0.04555186882599498,0.24245192256889173
1.0,0.5,4.0,4.0,0.0025,0.005,10.0,2000,two_speed,35,0.9997013752874498,2.019548965262383,0.5225245912546599,0.0021176242015576684,0,0.03880713916052338,0.24245192256889173
1.0,0.5,4.0,4.0,0.0025,0.005,20.0,4000,two_speed,35,1.000059484904423,2.0237896065502623,0.5294830463406118,0.0015557652561290075,0,0.04737520101919619,0.24245192256889173
1.0,0.5,4.0,4.0,0.0025,0.005,0.5,100,two_speed,36,0.9998285734335328,2.0111256423556774,0.5022435326867922,0.0018281148367055482,0,0.016030614213227608,0.25442985114308875
1.0,0.5,4.0,4.0,0.0025,0.005,1.0,200,two_speed,36,1.0001414994833164,2.00921655120197,0.507282774219533,0.001474770380302704,0,0.015846181917437155,0.25442985114308875
1.0,0.5,4.0,4.0,0.0025,0.005,2.0,400,two_speed,36,1.0004783496138916,2.006201324072944,0.5145801577308565,0.002839136248756887,0,0.024018279509198246,0.25442985114308875
1.0,0.5,4.0,4.0,0.0025,0.005,3.5,700,two_speed,36,1.0000188079901469,2.001599095106466,0.5159276887375357,0.0013306147609905435,0,0.021735542800423155,0.25442985114308875
1.0,0.5,4.0,4.0,0.0025,0.005,5.0,1000,two_speed,36,1.000285424544508,1.9807971998625848,0.5264243436241776,0.0023831398433278696,0,0.0417154800680534,0.25442985114308875
1.0,0.5,4.0,4.0,0.0025,0.005,10.0,2000,two_speed,36,0.9993719640941462,1.973847624587883,0.5104104600237129,0.003538796214161418,0,0.03798821784574813,0.25442985114308875
1.0,0.5,4.0,4.0,0.0025,0.005,20.0,4000,two_speed,36,1.0002080322289277,1.955566758925128,0.5249837318779234,0.0017678174039844714,0,0.06045264174881691,0.25442985114308875
1.0,0.5,4.0,4.0,0.0025,0.005,0.5,100,two_speed,37,0.9998901649665755,1.9964158877312839,0.5000196396056373,0.0016191938773156978,0,0.00897318955977685,0.24463392270263284
1.0,0.5,4.0,4.0,0.0025,0.005,1.0,200,two_speed,37,0.9999524363260484,1.9882105929307117,0.5030857291477829,0.0014819077374793506,0,0.015963589800568417,0.24463392270263284
1.0,0.5,4.0,4.0,0.0025,0.005,2.0,400,two_speed,37,0.9999087945736144,2.0002047909292364,0.5069101702890355,0.0015678438319239524,0,0.012014348316503602,0.24463392270263284
1.0,0.5,4.0,4.0,0.0025,0.005,3.5,700,two_speed,37,1.000201647492335,1.9975353613718594,0.5235135622759494,0.0013885305581031644,0,0.030957050907939515,0.24463392270263284
1.0,0.5,4.0,4.0,0.0025,0.005,5.0,1000,two_speed,37,1.0000355277552213,1.9958293559001923,0.5180738548277511,0.0022220674174317665,0,0.026220161708415672,0.24463392270263284
1.0,0.5,4.0,4.0,0.0025,0.005,10.0,2000,two_speed,37,1.0001104342334088,1.9999487167353929,0.5080849956682705,0.0032828891069035322,0,0.019124680786078065,0.24463392270263284
1.0,0.5,4.0,4.0,0.0025,0.005,20.0,4000,two_speed,37,1.0002448334323835,2.0601081919547517,0.5327042024952531,0.0016297990580614017,0,0.08037273115329947,0.24463392270263284
1.0,0.5,4.0,4.0,0.0025,0.005,0.5,100,two_speed,38,1.0001159503785202,2.0047839495732327,0.5023154797170407,0.0013355569711890523,0,0.009018785555850478,0.24353462500896836
1.0,0.5,4.0,4.0,0.0025,0.005,1.0,200,two_speed,38,1.0001299264985837,2.0037260848570666,0.5068853736121346,0.0016618058441103464,0,0.012710360412903212,0.24353462500896836
1.0,0.5,4.0,4.0,0.0025,0.005,2.0,400,two_speed,38,1.00034583552174,2.009558479916902,0.5144971650333828,0.002750005218411635,0,0.025278714418361582,0.24353462500896836
1.0,0.5,4.0,4.0,0.0025,0.005,3.5,700,two_speed,38,1.000221633738581,2.004305609540263,0.5100175292502512,0.0016952666503011664,0,0.015933018618692292,0.24353462500896836
1.0,0.5,4.0,4.0,0.0025,0.005,5.0,1000,two_speed,38,1.0003729665929566,2.0080640215674372,0.5260305357981416,0.0021891860743545708,0,0.03600432419828397,0.24353462500896836
1.0,0.5,4.0,4.0,0.0025,0.005,10.0,2000,two_speed,38,1.0002526206630242,2.0031269427038083,0.5136140066633629,0.0023649188221267713,0,0.021087532421943295,0.24353462500896836
1.0,0.5,4.0,4.0,0.0025,0.005,20.0,4000,two_speed,38,1.0007150758628305,2.0226626558273293,0.5351780219962673,0.003186478423949095,0,0.05357855320186832,0.24353462500896836
1.0,0.5,4.0,4.0,0.0025,0.005,0.5,100,two_speed,39,1.0001037472026497,2.001763056492313,0.5045899603456421,0.001503437738078317,0,0.009609147285103195,0.2447912499940555
1.0,0.5,4.0,4.0,0.0025,0.005,1.0,200,two_speed,39,1.0002075494864742,1.9981073258388595,0.5133880959486028,0.002489800460505854,0,0.021083085572497242,0.2447912499940555
1.0,0.5,4.0,4.0,0.0025,0.005,2.0,400,two_speed,39,1.0002626748239503,2.003557972345719,0.5232316636472883,0.002430719391755662,0,0.03229041236041637,0.2447912499940555
1.0,0.5,4.0,4.0,0.0025,0.005,3.5,700,two_speed,39,0.999870514433155,1.9918273548770236,0.5203640952213365,0.001934313442695699,0,0.029816359735105488,0.2447912499940555
1.0,0.5,4.0,4.0,0.0025,0.005,5.0,1000,two_speed,39,1.000396803444037,1.9736570438755712,0.5235797427965743,0.002457890499745767,0,0.04420313668774422,0.2447912499940555
1.0,0.5,4.0,4.0,0.0025,0.005,10.0,2000,two_speed,39,0.9997704925530299,1.9472065881534157,0.5093215273614385,0.0038287306727943877,0,0.0649362956871872,0.2447912499940555
1.0,0.5,4.0,4.0,0.0025,0.005,20.0,4000,two_speed,39,1.0002091212272912,1.8945219048467277,0.5220351422320236,0.0020722797480295595,0,0.12423203966151851,0.2447912499940555
1.0,0.5,4.0,4.0,0.0025,0.005,0.5,100,two_speed,40,1.0000197596689153,2.004582085669464,0.49778417209416065,0.0024544164158950433,0,0.01348245780286657,0.24178258327966823
1.0,0.5,4.0,4.0,0.0025,0.005,1.0,200,two_speed,40,1.0001245557187832,2.005237573419523,0.5061124698822075,0.0019382958668164086,0,0.013677435964299697,0.24178258327966823
1.0,0.5,4.0,4.0,0.0025,0.005,2.0,400,two_speed,40,1.0004927956424805,1.9804803905066026,0.5196156697042383,0.0024120415823183075,0,0.035298929986732425,0.24178258327966823
1.0,0.5,4.0,4.0,0.0025,0.005,3.5,700,two_speed,40,1.0004647037235799,1.978364455543011,0.5173933378419053,0.0031232871155349867,0,0.03653367983161912,0.24178258327966823
1.0,0.5,4.0,4.0,0.0025,0.005,5.0,1000,two_speed,40,1.0003667050613352,1.9627721056981637,0.5272144787170275,0.0020834151679214427,0,0.05578177029445311,0.24178258327966823
1.0,0.5,4.0,4.0,0.0025,0.005,10.0,2000,two_speed,40,0.9998436628565557,1.962871543515156,0.5167031403716912,0.0016534695064127436,0,0.04852553460781529,0.24178258327966823
1.0,0.5,4.0,4.0,0.0025,0.005,20.0,4000,two_speed,40,0.9998288470320142,1.977175255773962,0.5100106012790724,0.002207125458335211,0,0.03137713599268621,0.24178258327966823
1.0,0.5,4.0,4.0,0.0025,0.005,0.5,100,two_speed,41,1.0000408826281983,1.9893266854658629,0.5061055545778916,0.0015262807879456673,0,0.01641347639027753,0.24182319642776356
1.0,0.5,4.0,4.0,0.0025,0.005,1.0,200,two_speed,41,0.9999465405837883,1.9884291581606612,0.505596317187821,0.002534352553080965,0,0.019635678123883015,0.24182319642776356
1.0,0.5,4.0,4.0,0.0025,0.005,2.0,400,two_speed,41,0.999861254221333,1.9725295746047833,0.5113609059759837,0.0026058416568986685,0,0.03712511480756534,0.24182319642776356
1.0,0.5,4.0,4.0,0.0025,0.005,3.5,700,two_speed,41,0.9998846867517368,1.9717604585155382,0.511772784701444,0.0021911680266101297,0,0.03749596509564888,0.24182319642776356
1.0,0.5,4.0,4.0,0.0025,0.005,5.0,1000,two_speed,41,1.000022322601934,1.9611800416775231,0.5121000406443152,0.002314197043936476,0,0.04855705294053471,0.24182319642776356
1.0,0.5,4.0,4.0,0.0025,0.005,10.0,2000,two_speed,41,1.0001924626675887,1.919532920269257,0.5127881731716442,0.002359330518189406,0,0.09441233971761971,0.24182319642776356
1.0,0.5,4.0,4.0,0.0025,0.005,20.0,4000,two_speed,41,0.999820159227729,1.9433344313220478,0.5273649410028558,0.002143693789879545,0,0.07431416380886705,0.24182319642776356
1.0,0.5,4.0,4.0,0.0025,0.005,0.5,100,two_speed,42,0.9997078634564581,2.0142491766447495,0.4971816918126922,0.002003650331379951,0,0.019463071184116967,0.24083213699382863
1.0,0.5,4.0,4.0,0.0025,0.005,1.0,200,two_speed,42,0.999884421752459,2.017297572819153,0.5105173388080082,0.001974782825642124,0,0.026166485551041122,0.24083213699382863
1.0,0.5,4.0,4.0,0.0025,0.005,2.0,400,two_speed,42,0.9994860816265927,1.9999966902624104,0.5093050670667247,0.0023016350948952447,0,0.017531374519035445,0.24083213699382863
1.0,0.5,4.0,4.0,0.0025,0.005,3.5,700,two_speed,42,0.9997821177984233,1.9855881770688946,0.5164662131922343,0.002333908495500043,0,0.02979580583995157,0.24083213699382863
1.0,0.5,4.0,4.0,0.0025,0.005,5.0,1000,two_speed,42,1.000020557528208,1.9839728155851102,0.5287332075449096,0.002483370949776446,0,0.042995484784573865,0.24083213699382863
1.0,0.5,4.0,4.0,0.0025,0.005,10.0,2000,two_speed,42,1.0001102485005842,1.9958952698376304,0.5249525341378237,0.002080870489971712,0,0.03406721523789472,0.24083213699382863
1.0,0.5,4.0,4.0,0.0025,0.005,20.0,4000,two_speed,42,0.9999737427763783,1.997615485662161,0.5413747385461718,0.0017107270189962115,0,0.053943436100824686,0.24083213699382863
1.0,0.5,4.0,4.0,0.0025,0.005,0.5,100,two_speed,43,1.0000958784953258,1.9993857939656827,0.5045938832084808,0.0016023839864539387,0,0.009804356067833957,0.24542567857341574
1.0,0.5,4.0,4.0,0.0025,0.005,1.0,200,two_speed,43,1.000197534980347,1.9920279038403526,0.5128806855439556,0.0023751808597945183,0,0.022045560482238803,0.24542567857341574
1.0,0.5,4.0,4.0,0.0025,0.005,2.0,400,two_speed,43,1.0002214352510335,1.97519577139964,0.5096635936342714,0.001972755926698208,0,0.032467274292961944,0.24542567857341574
1.0,0.5,4.0,4.0,0.0025,0.005,3.5,700,two_speed,43,1.0000088772430515,1.9578029970631292,0.5075054227855375,0.0028109306601228233,0,0.051473942857490136,0.24542567857341574
1.0,0.5,4.0,4.0,0.0025,0.005,5.0,1000,two_speed,43,0.9998807384962195,1.9629511878291073,0.5195800448389687,0.0023792092834118246,0,0.05071602339898564,0.24542567857341574
1.0,0.5,4.0,4.0,0.0025,0.005,10.0,2000,two_speed,43,1.000238527584545,1.966976293553228,0.5159222075227715,0.0016132719153515618,0,0.04355139932613686,0.24542567857341574
1.0,0.5,4.0,4.0,0.0025,0.005,20.0,4000,two_speed,43,0.9997001137133779,1.9934215516757599,0.5099021086484498,0.0021747730993645093,0,0.018879230636532535,0.24542567857341574
1.0,0.5,4.0,4.0,0.0025,0.005,0.5,100,two_speed,44,1.0001094310307328,2.0138082537640583,0.5018599745390377,0.001994489784452814,0,0.018832832657288537,0.24178314885856317
1.0,0.5,4.0,4.0,0.0025,0.005,1.0,200,two_speed,44,1.000214328252338,2.0181443704900612,0.5056984245909499,0.0015286264918047527,0,0.02328601611061367,0.24178314885856317
1.0,0.5,4.0,4.0,0.0025,0.005,2.0,400,two_speed,44,1.0001844119674008,2.0132802608506206,0.5196882947721458,0.003083948104631114,0,0.032974757402984785,0.24178314885856317
1.0,0.5,4.0,4.0,0.0025,0.005,3.5,700,two_speed,44,0.9997747869901679,2.0155502300803705,0.5190900081065131,0.002246845654106244,0,0.03267999955675549,0.24178314885856317
1.0,0.5,4.0,4.0,0.0025,0.005,5.0,1000,two_speed,44,1.000266365027819,2.016532229469422,0.5234501160856689,0.001933493141503124,0,0.036598700275838204,0.24178314885856317
1.0,0.5,4.0,4.0,0.0025,0.005,10.0,2000,two_speed,44,1.000233982507432,2.0250215021153077,0.5155724049056796,0.0036023461616400336,0,0.03886075622347754,0.24178314885856317
1.0,0.5,4.0,4.0,0.0025,0.005,20.0,4000,two_speed,44,0.999682206358572,2.053670906013477,0.5221281881302908,0.002174501752326492,0,0.06886939798959835,0.24178314885856317
1.0,0.5,4.0,4.0,0.0025,0.005,0.5,100,two_speed,45,1.0001891211889058,2.000586499612617,0.5057712634329871,0.0013795597154206043,0,0.009905473711940853,0.24699620242297118
1.0,0.5,4.0,4.0,0.0025,0.005,1.0,200,two_speed,45,1.0003447177496072,1.9979738996264171,0.5041990821365404,0.001912423812262673,0,0.01088370209885207,0.24699620242297118
1.0,0.5,4.0,4.0,0.0025,0.005,2.0,400,two_speed,45,1.0005086865945947,1.999028639522099,0.5152302567007464,0.0022961497230127143,0,0.022055141080793195,0.24699620242297118
1.0,0.5,4.0,4.0,0.0025,0.005,3.5,700,two_speed,45,1.0002406111949504,2.000939535599529,0.5102044451129109,0.0019179395734802373,0,0.01598320371071444,0.24699620242297118
1.0,0.5,4.0,4.0,0.0025,0.005,5.0,1000,two_speed,45,1.0002806487370746,2.0118238436570595,0.5154874942761343,0.0016331723598711984,0,0.025168484410743954,0.24699620242297118
1.0,0.5,4.0,4.0,0.0025,0.005,10.0,2000,two_speed,45,0.9998901516409983,2.017516841526823,0.5189882158863898,0.0020820134351828903,0,0.03345650616953607,0.24699620242297118
1.0,0.5,4.0,4.0,0.0025,0.005,20.0,4000,two_speed,45,0.999938580434713,2.0115399097910207,0.5184355156681257,0.0028512581308581964,0,0.030682996995360944,0.24699620242297118
1.0,0.5,4.0,4.0,0.0025,0.005,0.5,100,two_speed,46,1.0002656154214742,1.995042126419165,0.5059413442978933,0.0016818936781872714,0,0.012426645965561117,0.2453975535796157
1.0,0.5,4.0,4.0,0.0025,0.005,1.0,200,two_speed,46,1.0001960436046295,1.9912638960184101,0.5000133196955803,0.0020330641288451713,0,0.014216024405920232,0.2453975535796157
1.0,0.5,4.0,4.0,0.0025,0.005,2.0,400,two_speed,46,1.0004593897888978,1.9993616481988996,0.5106556133745216,0.002355347812004853,0,0.017506561902374693,0.2453975535796157
1.0,0.5,4.0,4.0,0.0025,0.005,3.5,700,two_speed,46,1.0000342798824273,2.0059379016834153,0.5067324046962959,0.002470699079438467,0,0.016451074008646992,0.2453975535796157
1.0,0.5,4.0,4.0,0.0025,0.005,5.0,1000,two_speed,46,1.0002414185980102,2.0003694605169007,0.5067753504731122,0.0025911491606081098,0,0.015248165193929098,0.2453975535796157
1.0,0.5,4.0,4.0,0.0025,0.005,10.0,2000,two_speed,46,1.000288887670774,1.966524843579869,0.5083651624988011,0.002819715317308837,0,0.042288854535005325,0.2453975535796157
1.0,0.5,4.0,4.0,0.0025,0.005,20.0,4000,two_speed,46,1.0000148215143183,1.9580502428640603,0.5166025752344202,0.0011804720716376313,0,0.052954177351064904,0.2453975535796157
1.0,0.5,4.0,4.0,0.0025,0.005,0.5,100,two_speed,47,1.0000448236103734,2.006443545888795,0.5056698875157007,0.0020993354054858436,0,0.014666326854016686,0.2414118810057906
1.0,0.5,4.0,4.0,0.0025,0.005,1.0,200,two_speed,47,0.9999808325937338,2.008866713403048,0.5062008975690216,0.0019256191682171938,0,0.016147143616070784,0.2414118810057906
1.0,0.5,4.0,4.0,0.0025,0.005,2.0,400,two_speed,47,1.0002257297193726,2.0071330172918795,0.5165654113439062,0.0022231267212317746,0,0.0252080998356013,0.2414118810057906
1.0,0.5,4.0,4.0,0.0025,0.005,3.5,700,two_speed,47,1.0002817339472636,1.9874861314816945,0.5186851242394594,0.0023255015249251773,0,0.03000862388881958,0.2414118810057906
1.0,0.5,4.0,4.0,0.0025,0.005,5.0,1000,two_speed,47,1.0003601118059555,1.989753263872139,0.5188993183224743,0.004013345409881851,0,0.03292102305273514,0.2414118810057906
1.0,0.5,4.0,4.0,0.0025,0.005,10.0,2000,two_speed,47,1.0003705995680676,1.9536659028810905,0.5221289936262274,0.002008008208050812,0,0.060729155638335044,0.2414118810057906
1.0,0.5,4.0,4.0,0.0025,0.005,20.0,4000,two_speed,47,0.9999300847997563,1.9615955975698773,0.5311642812657675,0.0014335649955746724,0,0.059813612766103294,0.2414118810057906
1.0,0.5,4.0,4.0,0.0025,0.005,0.5,100,two_speed,48,0.9998582715569827,2.0022748474013863,0.49741208837329187,0.0020943254442309907,0,0.011058754025214492,0.2458322857107435
1.0,0.5,4.0,4.0,0.0025,0.005,1.0,200,two_speed,48,0.9997446110175715,2.0028774042356896,0.49466876720318786,0.0018127977258550216,0,0.011517716803935965,0.2458322857107435
1.0,0.5,4.0,4.0,0.0025,0.005,2.0,400,two_speed,48,0.9996326953421185,2.00512011203235,0.5096104014657232,0.00273952472952203,0,0.019923158629413434,0.2458322857107435
1.0,0.5,4.0,4.0,0.0025,0.005,3.5,700,two_speed,48,1.0000778395747956,1.992199975730644,0.5182036401417972,0.0020455514507922543,0,0.02715029026116098,0.2458322857107435
1.0,0.5,4.0,4.0,0.0025,0.005,5.0,1000,two_speed,48,0.9999330355670659,1.9927720497993051,0.5136070776171613,0.0021479260269103625,0,0.022317400629280518,0.2458322857107435
1.0,0.5,4.0,4.0,0.0025,0.005,10.0,2000,two_speed,48,1.000411636201868,1.9866525791376195,0.5227049455973605,0.0026789055018500547,0,0.03516667893104178,0.2458322857107435
1.0,0.5,4.0,4.0,0.0025,0.005,20.0,4000,two_speed,48,1.0003318829488872,1.9679273001720885,0.5428100952956145,0.0032977103453061475,0,0.06775212855562193,0.2458322857107435
1.0,0.5,4.0,4.0,0.0025,0.005,0.5,100,two_speed,49,1.0000839442163785,1.999562913810837,0.5058970360696031,0.001955447270459671,0,0.012211640826396777,0.24345357742692744
1.0,0.5,4.0,4.0,0.0025,0.005,1.0,200,two_speed,49,0.9998062722839336,1.9895638515263236,0.5012778724411173,0.0021057697883518664,0,0.01603113207519508,0.24345357742692744
1.0,0.5,4.0,4.0,0.0025,0.005,2.0,400,two_speed,49,0.9999759540113584,1.9923659886135423,0.5102279535238369,0.001891717960178188,0,0.018482719152549,0.24345357742692744
1.0,0.5,4.0,4.0,0.0025,0.005,3.5,700,two_speed,49,1.0003182022135069,1.9817173855820158,0.5154788398775385,0.0018810421115134477,0,0.030088212598180668,0.24345357742692744
1.0,0.5,4.0,4.0,0.0025,0.005,5.0,1000,two_speed,49,0.9998581073992984,1.9736482835302784,0.5136303155956821,0.0025086663005384684,0,0.03717610237651233,0.24345357742692744
1.0,0.5,4.0,4.0,0.0025,0.005,10.0,2000,two_speed,49,1.0000040381436068,1.9334789271591297,0.5141521480141048,0.0024475422093637967,0,0.07922573513509948,0.24345357742692744
1.0,0.5,4.0,4.0,0.0025,0.005,20.0,4000,two_speed,49,1.0003616484363262,1.9313622043085554,0.5274029009760833,0.0019743940600406525,0,0.08622614921105248,0.24345357742692744
1.0,0.5,4.0,4.0,0.0025,0.005,0.5,100,two_speed,50,0.9999160671532256,2.012364033267602,0.5010155496999588,0.002186396880529548,0,0.017914235872948124,0.2441630594299308
1.0,0.5,4.0,4.0,0.0025,0.005,1.0,200,two_speed,50,0.9999636768109226,2.015577776541913,0.5078467062666777,0.0016750720062408402,0,0.02224568764702986,0.2441630594299308
1.0,0.5,4.0,4.0,0.0025,0.005,2.0,400,two_speed,50,0.9999705750391537,2.0023143093676494,0.5188037260524607,0.0015866568170118931,0,0.02578766780153959,0.2441630594299308
1.0,0.5,4.0,4.0,0.0025,0.005,3.5,700,two_speed,50,0.9999695732496656,2.011773818121659,0.5171118430843417,0.002229371179136227,0,0.028337768015665322,0.2441630594299308
1.0,0.5,4.0,4.0,0.0025,0.005,5.0,1000,two_speed,50,1.000011447425203,2.0326357238970205,0.5313829913143863,0.001995299602902573,0,0.055770958774742495,0.2441630594299308
1.0,0.5,4.0,4.0,0.0025,0.005,10.0,2000,two_speed,50,0.9998446787066821,2.0288222242623744,0.5118327910121255,0.0015159658108167785,0,0.03740074921916677,0.2441630594299308
1.0,0.5,4.0,4.0,0.0025,0.005,20.0,4000,two_speed,50,1.0003285057288116,2.02651683161436,0.5341192009572119,0.001905677078417815,0,0.05360972618527833,0.2441630594299308
1.0,0.5,4.0,4.0,0.0025,0.005,0.5,100,two_speed,51,1.0000313013736288,2.0010080485051343,0.5036838967582631,0.0013844182704696951,0,0.008373674802275672,0.24399852385145746
1.0,0.5,4.0,4.0,0.0025,0.005,1.0,200,two_speed,51,1.0002732440451374,2.000488465103415,0.5062959611863919,0.0017912442679791172,0,0.01173794577620242,0.24399852385145746
1.0,0.5,4.0,4.0,0.0025,0.005,2.0,400,two_speed,51,1.0000056328486255,1.9922203803777145,0.5033301836669586,0.002313453810336065,0,0.015084367344883923,0.24399852385145746
1.0,0.5,4.0,4.0,0.0025,0.005,3.5,700,two_speed,51,1.0001981553404804,1.9908017410172751,0.5142491549719899,0.002589783873943396,0,0.024477731922202966,0.24399852385145746
1.0,0.5,4.0,4.0,0.0025,0.005,5.0,1000,two_speed,51,1.0001974780757952,1.9915985375855896,0.5120326564012556,0.0018732370535957893,0,0.020294949753281624,0.24399852385145746
1.0,0.5,4.0,4.0,0.0025,0.005,10.0,2000,two_speed,51,1.0001290272360028,1.991078919658838,0.5263342521564565,0.0016410667343999801,0,0.03625396399764329,0.24399852385145746
1.0,0.5,4.0,4.0,0.0025,0.005,20.0,4000,two_speed,51,1.0002265377130881,1.9910555419371416,0.5210571446465847,0.0020493124637367723,0,0.030467524618234737,0.24399852385145746
1.0,0.5,4.0,4.0,0.0025,0.005,0.5,100,two_speed,52,0.9998836260810355,2.0006473786158305,0.5030445236322548,0.0018682310766428326,0,0.010131777044192807,0.24652521428652108
1.0,0.5,4.0,4.0,0.0025,0.005,1.0,200,two_speed,52,1.0000392482638065,2.000005016512786,0.5044734009052042,0.0015760958652859065,0,0.00964278673669583,0.24652521428652108
1.0,0.5,4.0,4.0,0.0025,0.005,2.0,400,two_speed,52,1.0000755145899318,2.008766465956631,0.5085196364293101,0.0013569493166808854,0,0.01631274483136206,0.24652521428652108
1.0,0.5,4.0,4.0,0.0025,0.005,3.5,700,two_speed,52,1.0002693006532724,2.0086124227925337,0.5208601498832692,0.0015518754166807698,0,0.029304566964875607,0.24652521428652108
1.0,0.5,4.0,4.0,0.0025,0.005,5.0,1000,two_speed,52,1.0003003694689587,2.024699484117227,0.5184279648637566,0.003544970820901377,0,0.040824316165621787,0.24652521428652108
1.0,0.5,4.0,4.0,0.0025,0.005,10.0,2000,two_speed,52,1.000185573875212,2.0124160697500413,0.5188847867204018,0.0020002858996520487,0,0.02967312978262416,0.24652521428652108
1.0,0.5,4.0,4.0,0.0025,0.005,20.0,4000,two_speed,52,1.0003024643483243,1.9978048433251725,0.5237227382472674,0.0017803744087386314,0,0.031516748595498856,0.24652521428652108
1.0,0.5,4.0,4.0,0.0025,0.005,0.5,100,two_speed,53,0.9999007508825832,2.0075549794550382,0.5063286330645275,0.0013062835345661057,0,0.013735713556593606,0.24315548812903995
1.0,0.5,4.0,4.0,0.0025,0.005,1.0,200,two_speed,53,1.0000571127997417,2.0200884758470385,0.5056901936534332,0.0020749444872638564,0,0.026279527723468057,0.24315548812903995
1.0,0.5,4.0,4.0,0.0025,0.005,2.0,400,two_speed,53,1.0001904922496323,2.0069279943928557,0.5164479528311604,0.0022572121700322433,0,0.02500343392925904,0.24315548812903995
1.0,0.5,4.0,4.0,0.0025,0.005,3.5,700,two_speed,53,0.9999790143287851,2.0145064148992233,0.5146609496812768,0.001972922056362506,0,0.02704435911034164,0.24315548812903995
1.0,0.5,4.0,4.0,0.0025,0.005,5.0,1000,two_speed,53,1.000134132425727,2.0147273656495397,0.5124234235798154,0.0013015807934494432,0,0.02406436919183783,0.24315548812903995
1.0,0.5,4.0,4.0,0.0025,0.005,10.0,2000,two_speed,53,0.9998557622800927,2.0341464840873846,0.5097671760936608,0.0024420033562853527,0,0.042959244727237125,0.24315548812903995
1.0,0.5,4.0,4.0,0.0025,0.005,20.0,4000,two_speed,53,0.9998842639021153,2.04341147920284,0.513835460067766,0.0022629219108993483,0,0.05402896139319723,0.24315548812903995
1.0,0.5,4.0,4.0,0.0025,0.005,0.5,100,two_speed,54,0.9999076679217881,1.9995806036992545,0.500046813081707,0.0017429484020939556,0,0.008576915242736804,0.2427975298570735
1.0,0.5,4.0,4.0,0.0025,0.005,1.0,200,two_speed,54,0.9999888755238561,1.9932982310276692,0.503255257550118,0.0018716778184148099,0,0.012749043136626547,0.2427975298570735
1.0,0.5,4.0,4.0,0.0025,0.005,2.0,400,two_speed,54,0.9999581470990885,2.003513372210146,0.51417840480084,0.001600713983417982,0,0.020534410100663016,0.2427975298570735
1.0,0.5,4.0,4.0,0.0025,0.005,3.5,700,two_speed,54,1.0002013387222826,1.997533127769743,0.508544862910062,0.0017259284469604537,0,0.014005484150812174,0.2427975298570735
1.0,0.5,4.0,4.0,0.0025,0.005,5.0,1000,two_speed,54,0.9999827244157186,1.961488888171204,0.5046544262822661,0.002587515680112763,0,0.04656955433756509,0.2427975298570735
1.0,0.5,4.0,4.0,0.0025,0.005,10.0,2000,two_speed,54,1.000243971730249,1.9487477273522713,0.5080684741833922,0.001452105670604445,0,0.0602199728719811,0.2427975298570735
1.0,0.5,4.0,4.0,0.0025,0.005,20.0,4000,two_speed,54,0.999755300432931,1.9276130158790887,0.5221475843737683,0.0012310877293284419,0,0.08785877638759515,0.2427975298570735
1.0,0.5,4.0,4.0,0.0025,0.005,0.5,100,two_speed,55,0.9999706570445008,1.9915715769328353,0.5101727391738243,0.002664300822266307,0,0.02107988756835512,0.24418214884852724
1.0,0.5,4.0,4.0,0.0025,0.005,1.0,200,two_speed,55,0.9999868611995496,2.0062425429473003,0.5112334784426861,0.0018717267799561528,0,0.018753553961485883,0.24418214884852724
1.0,0.5,4.0,4.0,0.0025,0.005,2.0,400,two_speed,55,1.0000192631846831,2.014979560362839,0.5133141616810958,0.0014705229905188474,0,0.02539911679893998,0.24418214884852724
1.0,0.5,4.0,4.0,0.0025,0.005,3.5,700,two_speed,55,0.9998689830269558,2.007219164203476,0.5118075381463533,0.002563252225341609,0,0.021751481537776608,0.24418214884852724
1.0,0.5,4.0,4.0,0.0025,0.005,5.0,1000,two_speed,55,1.000208097925965,2.0069826178408183,0.5217347994369357,0.0023346948940530265,0,0.031160408074745634,0.24418214884852724
1.0,0.5,4.0,4.0,0.0025,0.005,10.0,2000,two_speed,55,1.0000037406005213,2.029052903655137,0.5413110278906473,0.0018442905232764581,0,0.06293525409619538,0.24418214884852724
1.0,0.5,4.0,4.0,0.0025,0.005,20.0,4000,two_speed,55,0.9998046361152237,1.97413916541629,0.514988615744606,0.0023740155334113703,0,0.03747094331521741,0.24418214884852724
1.0,0.5,4.0,4.0,0.0025,0.005,0.5,100,two_speed,56,0.9999689448863104,2.0039319574365972,0.5009205949943292,0.0013999660595962742,0,0.008331454445054976,0.2417283155622759
1.0,0.5,4.0,4.0,0.0025,0.005,1.0,200,two_speed,56,1.0001240989220899,2.0133760488529453,0.5071771940894116,0.0016404990358027738,0,0.019604098641471984,0.2417283155622759
1.0,0.5,4.0,4.0,0.0025,0.005,2.0,400,two_speed,56,0.9999388861443875,2.015089159424428,0.504599338319022,0.0016634831670607887,0,0.02015273333116346,0.2417283155622759
1.0,0.5,4.0,4.0,0.0025,0.005,3.5,700,two_speed,56,1.000068854936049,2.013230259255212,0.5099656123163762,0.0016953853187286119,0,0.02159186555122502,0.2417283155622759
1.0,0.5,4.0,4.0,0.0025,0.005,5.0,1000,two_speed,56,1.0003468138859348,2.0216440039367716,0.5166730846554874,0.0018880686151893473,0,0.03388252191950104,0.2417283155622759
1.0,0.5,4.0,4.0,0.0025,0.005,10.0,2000,two_speed,56,0.9999655700334649,1.9777842783745387,0.5272515839427209,0.0023586139630686767,0,0.044950327787787785,0.2417283155622759
1.0,0.5,4.0,4.0,0.0025,0.005,20.0,4000,two_speed,56,0.9997803481188824,1.9947752155498422,0.5135923769535577,0.0023298762801983617,0,0.022295431399863636,0.2417283155622759
1.0,0.5,4.0,4.0,0.0025,0.005,0.5,100,two_speed,57,0.999976240655483,2.000633067871167,0.5001047078121007,0.002516730393897262,0,0.012368444810156897,0.2415638571338994
1.0,0.5,4.0,4.0,0.0025,0.005,1.0,200,two_speed,57,1.0000606691536487,2.019548004645779,0.501815950224795,0.0020834819472314438,0,0.0248659625377113,0.2415638571338994
1.0,0.5,4.0,4.0,0.0025,0.005,2.0,400,two_speed,57,1.000147949073447,2.012189651547386,0.5066826287378672,0.0022385402476725468,0,0.019665024539283208,0.2415638571338994
1.0,0.5,4.0,4.0,0.0025,0.005,3.5,700,two_speed,57,0.9999814053950287,2.029350678970515,0.5088576026347291,0.0020712049364436827,0,0.037089050703834496,0.2415638571338994
1.0,0.5,4.0,4.0,0.0025,0.005,5.0,1000,two_speed,57,0.9999926691672041,2.0350354025857413,0.513302107734124,0.0015858255220963893,0,0.04449494697803797,0.2415638571338994
1.0,0.5,4.0,4.0,0.0025,0.005,10.0,2000,two_speed,57,0.9997857551783906,2.0240404496469497,0.5189901761389923,0.0024926292589483815,0,0.03908796172992728,0.2415638571338994
1.0,0.5,4.0,4.0,0.0025,0.005,20.0,4000,two_speed,57,1.0001227640834418,2.0276474652796854,0.5190686911221516,0.001645643341334736,0,0.0408558087072361,0.2415638571338994
1.0,0.5,4.0,4.0,0.0025,0.005,0.5,100,two_speed,58,1.0000244687497377,1.9977022016311419,0.4995677895547514,0.0015736647765719016,0,0.008185976501835095,0.2426653691467696
1.0,0.5,4.0,4.0,0.0025,0.005,1.0,200,two_speed,58,1.0003054782940197,1.9939948526300748,0.5061023472048505,0.0026229781795546526,0,0.016432491871746713,0.2426653691467696
1.0,0.5,4.0,4.0,0.0025,0.005,2.0,400,two_speed,58,1.000443391178701,2.0008141886115536,0.5071684243055475,0.002020376653433809,0,0.01320173762286074,0.2426653691467696
1.0,0.5,4.0,4.0,0.0025,0.005,3.5,700,two_speed,58,1.0001394806396804,1.98530483266791,0.5149840626459942,0.003907803408013343,0,0.03209991603861018,0.2426653691467696
1.0,0.5,4.0,4.0,0.0025,0.005,5.0,1000,two_speed,58,1.0004736483831373,1.9880138041238977,0.5212551224034297,0.0031408164966517725,0,0.033867102545548415,0.2426653691467696
1.0,0.5,4.0,4.0,0.0025,0.005,10.0,2000,two_speed,58,1.0000518087123087,1.9625269136209589,0.5130127458091658,0.002261380155198645,0,0.04753662439081667,0.2426653691467696
1.0,0.5,4.0,4.0,0.0025,0.005,20.0,4000,two_speed,58,1.0003094629806686,1.9667703843301678,0.5243088744500569,0.0024316678243115645,0,0.05039308241576017,0.2426653691467696
1.0,0.5,4.0,4.0,0.0025,0.005,0.5,100,two_speed,59,0.999998193002908,2.002826178018598,0.4998566829286712,0.0013676668492362315,0,0.007462411451974359,0.24163185113242694
1.0,0.5,4.0,4.0,0.0025,0.005,1.0,200,two_speed,59,1.0000780180099755,2.0144736969413057,0.5024510034322633,0.0019906743581740243,0,0.019574579603479636,0.24163185113242694
1.0,0.5,4.0,4.0,0.0025,0.005,2.0,400,two_speed,59,0.999984709984581,2.032119101974337,0.501885691008611,0.0017325722901951701,0,0.03810374811257056,0.24163185113242694
1.0,0.5,4.0,4.0,0.0025,0.005,3.5,700,two_speed,59,1.0001922527805736,2.0178704025889553,0.5083765732398717,0.001808924050606646,0,0.02473097622491097,0.24163185113242694
1.0,0.5,4.0,4.0,0.0025,0.005,5.0,1000,two_speed,59,0.9998136018014343,2.0129585984189444,0.5100440807153149,0.0026000565582245416,0,0.023768161023365608,0.24163185113242694
1.0,0.5,4.0,4.0,0.0025,0.005,10.0,2000,two_speed,59,1.0003459248378985,2.028332105908346,0.5215891892630126,0.002079468406863014,0,0.0436832275179146,0.24163185113242694
1.0,0.5,4.0,4.0,0.0025,0.005,20.0,4000,two_speed,59,0.9997433297230123,2.0272744612682665,0.5007445434248633,0.002771098398504639,0,0.03433901713868768,0.24163185113242694
1.0,0.5,4.0,4.0,0.0025,0.005,0.5,100,two_speed,60,0.9998515999993175,2.00020203736365,0.5006962840398362,0.0016447546223976957,0,0.008191342207525766,0.2443767618554245
1.0,0.5,4.0,4.0,0.0025,0.005,1.0,200,two_speed,60,0.9998360448320541,2.0028236100042935,0.49702198565293365,0.0014837993970124427,0,0.008758603379886194,0.2443767618554245
1.0,0.5,4.0,4.0,0.0025,0.005,2.0,400,two_speed,60,1.0001679002288701,2.0104834064207395,0.5079783396622727,0.0020503213316369466,0,0.01866495264871067,0.2443767618554245
1.0,0.5,4.0,4.0,0.0025,0.005,3.5,700,two_speed,60,1.000184205945847,2.0040040646851836,0.5117620356562035,0.002404092637226697,0,0.019571159799637826,0.2443767618554245
1.0,0.5,4.0,4.0,0.0025,0.005,5.0,1000,two_speed,60,1.0001660680373496,2.0098020153937273,0.513423818165079,0.001517856844326975,0,0.02180046628887979,0.2443767618554245
1.0,0.5,4.0,4.0,0.0025,0.005,10.0,2000,two_speed,60,0.9998145696456369,2.0334169765447876,0.5058976293245798,0.0022415883798443444,0,0.04086712048641336,0.2443767618554245
1.0,0.5,4.0,4.0,0.0025,0.005,20.0,4000,two_speed,60,1.0002309754507794,1.9997085336803682,0.5266785572529608,0.002688248591069246,0,0.036607670039297664,0.2443767618554245
1.0,0.5,4.0,4.0,0.0025,0.005,0.5,100,two_speed,61,0.999930851512244,2.003011019936545,0.504619760325461,0.001867077972543107,0,0.011586621414509564,0.24052138699750816
1.0,0.5,4.0,4.0,0.0025,0.005,1.0,200,two_speed,61,0.999803320610316,1.9986616702779105,0.5010383955409219,0.00169424685149814,0,0.008683630699542932,0.24052138699750816
1.0,0.5,4.0,4.0,0.0025,0.005,2.0,400,two_speed,61,0.9999758637952987,2.0092421554379025,0.5148065356210094,0.00165563145886498,0,0.02349544003840672,0.24052138699750816
1.0,0.5,4.0,4.0,0.0025,0.005,3.5,700,two_speed,61,1.0006472035091933,2.0082463387238003,0.522771314204516,0.0028044047983950913,0,0.033010998302714006,0.24052138699750816
1.0,0.5,4.0,4.0,0.0025,0.005,5.0,1000,two_speed,61,1.0001892667917587,2.0217639689036937,0.5192369940451942,0.0019914982729307864,0,0.03633048534218772,0.24052138699750816
1.0,0.5,4.0,4.0,0.0025,0.005,10.0,2000,two_speed,61,0.9999519359157293,2.013991609591038,0.521732146572347,0.002080639780490403,0,0.03396828645540007,0.24052138699750816
1.0,0.5,4.0,4.0,0.0025,0.005,20.0,4000,two_speed,61,1.0001047615799772,1.9794919149629648,0.5312693207613742,0.0020010170290307703,0,0.04758371359153406,0.24052138699750816
1.0,0.5,4.0,4.0,0.0025,0.005,0.5,100,two_speed,62,1.0002154998810915,2.014285386287798,0.5025608858127757,0.0013949817627206449,0,0.018100547306268717,0.24060044041834772
1.0,0.5,4.0,4.0,0.0025,0.005,1.0,200,two_speed,62,1.000191565230489,1.998937135346877,0.5068326290801397,0.0017487303919175596,0,0.01218906337293472,0.24060044041834772
1.0,0.5,4.0,4.0,0.0025,0.005,2.0,400,two_speed,62,1.0000598807995045,1.9840229502423388,0.5006608963256564,0.0015045422308048236,0,0.019877491502556553,0.24060044041834772
1.0,0.5,4.0,4.0,0.0025,0.005,3.5,700,two_speed,62,1.00014800293689,1.989914065494559,0.5074503773635907,0.0037027307283011924,0,0.02346801319299155,0.24060044041834772
1.0,0.5,4.0,4.0,0.0025,0.005,5.0,1000,two_speed,62,1.0004568806731826,2.000164858648641,0.5164532774796836,0.003909183449874555,0,0.028155067793621324,0.24060044041834772
1.0,0.5,4.0,4.0,0.0025,0.005,10.0,2000,two_speed,62,1.000153919221477,2.0014379462367446,0.5241085598078404,0.0019883572069359593,0,0.03250004411939858,0.24060044041834772
1.0,0.5,4.0,4.0,0.0025,0.005,20.0,4000,two_speed,62,1.0005567455663644,1.9860227275389746,0.5372175865800906,0.0027652275109284518,0,0.05144059300685311,0.24060044041834772
1.0,0.5,4.0,4.0,0.0025,0.005,0.5,100,two_speed,63,1.0001105330931293,2.004780404069572,0.5053693312374243,0.0021746304498627424,0,0.013799701170813935,0.24358519056944974
1.0,0.5,4.0,4.0,0.0025,0.005,1.0,200,two_speed,63,1.0001122849375321,2.013139388769879,0.5047196968726725,0.0021143766864242224,0,0.019306955261676265,0.24358519056944974
1.0,0.5,4.0,4.0,0.0025,0.005,2.0,400,two_speed,63,1.0004809986742662,2.010513869636709,0.5112509516269617,0.0026915266580177662,0,0.022652376845278856,0.24358519056944974
1.0,0.5,4.0,4.0,0.0025,0.005,3.5,700,two_speed,63,1.000314247965914,2.0093110400472898,0.5061988994187726,0.0014510499723917178,0,0.014933624675471593,0.24358519056944974
1.0,0.5,4.0,4.0,0.0025,0.005,5.0,1000,two_speed,63,0.9999627460958422,2.0114906428078823,0.5073120822811665,0.0013595654388350465,0,0.01764927027342694,0.24358519056944974
1.0,0.5,4.0,4.0,0.0025,0.005,10.0,2000,two_speed,63,0.9995510077771489,1.9720907110428343,0.5093508368198255,0.0022714117024446607,0,0.036481463084406224,0.24358519056944974
1.0,0.5,4.0,4.0,0.0025,0.005,20.0,4000,two_speed,63,0.9997131626530396,1.9777818308994808,0.5219066617398171,0.0031367977221048934,0,0.04134613454310911,0.24358519056944974
1.0,0.5,4.0,4.0,0.0025,0.005,0.5,100,two_speed,64,1.0001568512375991,1.997367261805374,0.5022528204884075,0.0017131177314227764,0,0.00933352514322204,0.24174876185134053
1.0,0.5,4.0,4.0,0.0025,0.005,1.0,200,two_speed,64,0.999944868316892,1.9879273843006156,0.4921269601099566,0.0015860249447199179,0,0.01897000133842656,0.24174876185134053
1.0,0.5,4.0,4.0,0.0025,0.005,2.0,400,two_speed,64,1.000111644061998,1.9789154326094207,0.4999042033030819,0.002763255396451963,0,0.027874444141307526,0.24174876185134053
1.0,0.5,4.0,4.0,0.0025,0.005,3.5,700,two_speed,64,1.0003543045068022,1.9802757797151227,0.5115229773061803,0.00230745746469577,0,0.02917453243867659,0.24174876185134053
1.0,0.5,4.0,4.0,0.0025,0.005,5.0,1000,two_speed,64,1.0003762354457095,1.9729367129472097,0.5222068719290875,0.0016526296428509635,0,0.04250275417695603,0.24174876185134053
1.0,0.5,4.0,4.0,0.0025,0.005,10.0,2000,two_speed,64,0.9996893548367769,1.958874021476615,0.515215510695108,0.0027068233807459514,0,0.05322933903677702,0.24174876185134053
1.0,0.5,4.0,4.0,0.0025,0.005,20.0,4000,two_speed,64,1.000188546885177,1.9750457759627285,0.5137504453939242,0.001514935752553369,0,0.034338077014825254,0.24174876185134053
1.0,0.5,4.0,4.0,0.0025,0.005,0.5,100,two_speed,65,1.0000346803202054,1.995408132121,0.5025975619667671,0.0014256444170730534,0,0.009380923877772748,0.24164456543180027
1.0,0.5,4.0,4.0,0.0025,0.005,1.0,200,two_speed,65,0.9999762144580253,1.99728734776767,0.5077934316211665,0.002652952557252033,0,0.016818665447208603,0.24164456543180027
1.0,0.5,4.0,4.0,0.0025,0.005,2.0,400,two_speed,65,1.0001147994777202,1.99426709799818,0.5163887444868048,0.0016952363274962822,0,0.023543661504129752,0.24164456543180027
1.0,0.5,4.0,4.0,0.0025,0.005,3.5,700,two_speed,65,1.0003966114001812,1.9820742761020491,0.5181610225107068,0.001794226237999938,0,0.03187940087216395,0.24164456543180027
1.0,0.5,4.0,4.0,0.0025,0.005,5.0,1000,two_speed,65,1.0000544265137437,1.9722301605167747,0.518969702465567,0.0031370708577889233,0,0.04276801202159243,0.24164456543180027
1.0,0.5,4.0,4.0,0.0025,0.005,10.0,2000,two_speed,65,1.000035056526102,1.9595667932377574,0.5225147079530694,0.002024139056187356,0,0.05533635026386872,0.24164456543180027
1.0,0.5,4.0,4.0,0.0025,0.005,20.0,4000,two_speed,65,1.0002323038866503,1.9572734242114112,0.5156742175202907,0.002049672770549639,0,0.05368889581499762,0.24164456543180027
1.0,0.5,4.0,4.0,0.0025,0.005,0.5,100,two_speed,66,1.0002402974091598,2.000686923539739,0.5069554334626566,0.0022818732451413554,0,0.014158563891429323,0.24131895842895443
1.0,0.5,4.0,4.0,0.0025,0.005,1.0,200,two_speed,66,1.000238405155566,2.0089404774700745,0.5092819522243782,0.0020667182482266688,0,0.018619671227648148,0.24131895842895443
1.0,0.5,4.0,4.0,0.0025,0.005,2.0,400,two_speed,66,1.0002255248574832,2.02526157682897,0.513939592156212,0.0019016399010997433,0,0.03528628784716782,0.24131895842895443
1.0,0.5,4.0,4.0,0.0025,0.005,3.5,700,two_speed,66,0.9998402527809871,2.009859668487887,0.5150541813524849,0.0015763169332733882,0,0.024168513716249132,0.24131895842895443
1.0,0.5,4.0,4.0,0.0025,0.005,5.0,1000,two_speed,66,1.0003602555280988,2.020772876023845,0.5198016640720378,0.0015779509594079865,0,0.03540289749726844,0.24131895842895443
1.0,0.5,4.0,4.0,0.0025,0.005,10.0,2000,two_speed,66,1.0004991234373721,1.9870923884479375,0.5322410164305047,0.0023927444765018836,0,0.04480449783947049,0.24131895842895443
1.0,0.5,4.0,4.0,0.0025,0.005,20.0,4000,two_speed,66,1.0003656807035821,1.9681558139928699,0.5224991623272514,0.0022460907103822483,0,0.04766562390025132,0.24131895842895443
1.0,0.5,4.0,4.0,0.0025,0.005,0.5,100,two_speed,67,1.000258959065781,2.0061122634440656,0.5091404513970673,0.0015607491838337958,0,0.015458055769516029,0.2424437678585361
1.0,0.5,4.0,4.0,0.0025,0.005,1.0,200,two_speed,67,1.000058668102458,2.0110666894920746,0.5055010353127493,0.001486090228943468,0,0.016276485525639376,0.2424437678585361
1.0,0.5,4.0,4.0,0.0025,0.005,2.0,400,two_speed,67,1.0001600370632826,1.9881980176640723,0.5134546377315008,0.0019850662429019405,0,0.023903923676411008,0.2424437678585361
1.0,0.5,4.0,4.0,0.0025,0.005,3.5,700,two_speed,67,1.0000907513732855,1.991735878272937,0.5155581373028122,0.00240135648474052,0,0.02517065400952148,0.2424437678585361
1.0,0.5,4.0,4.0,0.0025,0.005,5.0,1000,two_speed,67,1.0004538257457842,1.9992426309839044,0.5315941681032503,0.001850017172846211,0,0.04104957561705688,0.2424437678585361
1.0,0.5,4.0,4.0,0.0025,0.005,10.0,2000,two_speed,67,0.9998885722066708,1.9872238328521898,0.5238092754806744,0.0021187440771868304,0,0.035947878271953615,0.2424437678585361
1.0,0.5,4.0,4.0,0.0025,0.005,20.0,4000,two_speed,67,1.0000369218501861,1.9869578431639472,0.5039588555075613,0.002500171061762987,0,0.0200919142938609,0.2424437678585361
1.0,0.5,4.0,4.0,0.0025,0.005,0.5,100,two_speed,68,0.9999806405209969,2.002022685122882,0.5109728518554542,0.0014935007911262932,0,0.016258517406199175,0.24176561898951018
1.0,0.5,4.0,4.0,0.0025,0.005,1.0,200,two_speed,68,1.0003494115474756,2.0050140254935984,0.5193693532751451,0.0022199901549193736,0,0.027460004905448778,0.24176561898951018
1.0,0.5,4.0,4.0,0.0025,0.005,2.0,400,two_speed,68,1.0004215307249218,2.0008416476759185,0.5260695114035662,0.0018764836345841539,0,0.034238225965490914,0.24176561898951018
1.0,0.5,4.0,4.0,0.0025,0.005,3.5,700,two_speed,68,1.0000627706792486,1.9987617856619013,0.5261635755240982,0.0023438166567063944,0,0.03566938228891571,0.24176561898951018
1.0,0.5,4.0,4.0,0.0025,0.005,5.0,1000,two_speed,68,0.9999555196178854,2.012144039044341,0.5230166279546941,0.0016015625465886022,0,0.03391505886360088,0.24176561898951018
1.0,0.5,4.0,4.0,0.0025,0.005,10.0,2000,two_speed,68,0.9996910869612634,1.995093753574162,0.513700127032396,0.0023128481380208727,0,0.022423846743259434,0.24176561898951018
1.0,0.5,4.0,4.0,0.0025,0.005,20.0,4000,two_speed,68,1.0002478300122981,2.022729879041529,0.5249682423113875,0.0023782374203855853,0,0.04253760216760941,0.24176561898951018
1.0,0.5,4.0,4.0,0.0025,0.005,0.5,100,two_speed,69,0.9999840635307948,2.0032557369620383,0.5051091567411552,0.0013040434510791907,0,0.009998172097133863,0.24124357142552202
1.0,0.5,4.0,4.0,0.0025,0.005,1.0,200,two_speed,69,0.9999669393332279,2.0036480808247283,0.5090307386248761,0.002136997805621035,0,0.016345729980941782,0.24124357142552202
1.0,0.5,4.0,4.0,0.0025,0.005,2.0,400,two_speed,69,0.9996988717662143,2.0115023187922043,0.5098452428952845,0.0023098951153872004,0,0.022080785368126035,0.24124357142552202
1.0,0.5,4.0,4.0,0.0025,0.005,3.5,700,two_speed,69,0.9994943302808947,2.0091492253222496,0.5088255451715837,0.002591480961551311,0,0.020894248146861066,0.24124357142552202
1.0,0.5,4.0,4.0,0.0025,0.005,5.0,1000,two_speed,69,0.9997252262505593,2.02328603235209,0.5060737711628124,0.0023266076899597808,0,0.03042003375294247,0.24124357142552202
1.0,0.5,4.0,4.0,0.0025,0.005,10.0,2000,two_speed,69,1.0000771016561751,2.0413500022807205,0.5146903986515264,0.002508361725345427,0,0.05258455314610434,0.24124357142552202
1.0,0.5,4.0,4.0,0.0025,0.005,20.0,4000,two_speed,69,1.0003913383362524,1.9855670675766872,0.5276403884303027,0.0019866186861116747,0,0.03988785319991045,0.24124357142552202
1.0,0.5,4.0,4.0,0.0025,0.005,0.5,100,two_speed,70,1.0001308201626065,1.9910648267841156,0.5078318248027295,0.0027051944943220427,0,0.019576219619501813,0.24255141657444515
1.0,0.5,4.0,4.0,0.0025,0.005,1.0,200,two_speed,70,1.0003848562061786,1.9951066112982352,0.5087524428030373,0.003422883493759045,0,0.020771850206768163,0.24255141657444515
1.0,0.5,4.0,4.0,0.0025,0.005,2.0,400,two_speed,70,0.9999562929345999,1.9996719494852053,0.5026910177911051,0.0025659957361400037,0,0.01310492765135906,0.24255141657444515
1.0,0.5,4.0,4.0,0.0025,0.005,3.5,700,two_speed,70,1.000296263220376,2.006451965805521,0.5126634389079635,0.003314412881560388,0,0.023917027144259376,0.24255141657444515
1.0,0.5,4.0,4.0,0.0025,0.005,5.0,1000,two_speed,70,1.0000839470644043,2.0065733135416424,0.5113874586674151,0.0021032803416825116,0,0.019456039330424283,0.24255141657444515
1.0,0.5,4.0,4.0,0.0025,0.005,10.0,2000,two_speed,70,0.9999240619466173,1.9961649114173057,0.5084426076391672,0.001806564976842731,0,0.01492956831000578,0.24255141657444515
1.0,0.5,4.0,4.0,0.0025,0.005,20.0,4000,two_speed,70,1.0000475924487529,1.9378056396860786,0.5218303836498587,0.0017070708672029052,0,0.07684094175322277,0.24255141657444515
1.0,0.5,4.0,4.0,0.0025,0.005,0.5,100,two_speed,71,1.0002598522105997,2.0041042653899326,0.5066444689940685,0.0019996872103970054,0,0.01364994193049471,0.2415375058605735
1.0,0.5,4.0,4.0,0.0025,0.005,1.0,200,two_speed,71,1.0001769501114977,2.012059176889693,0.5086744591365566,0.0014930089023106042,0,0.01915058399877302,0.2415375058605735
1.0,0.5,4.0,4.0,0.0025,0.005,2.0,400,two_speed,71,1.0004377850081518,2.019748267122389,0.5180181200169575,0.0033344490750947865,0,0.03608789384947863,0.2415375058605735
1.0,0.5,4.0,4.0,0.0025,0.005,3.5,700,two_speed,71,1.0001893462280524,2.010833278817342,0.5203136454483088,0.0036233017972496415,0,0.033966774016198194,0.2415375058605735
1.0,0.5,4.0,4.0,0.0025,0.005,5.0,1000,two_speed,71,1.00021155964788,1.9963940550525405,0.5185933090148975,0.00160223887899825,0,0.025365036805102555,0.2415375058605735
1.0,0.5,4.0,4.0,0.0025,0.005,10.0,2000,two_speed,71,1.0004142704142038,2.0037119767019087,0.5391986365277592,0.00259797993424884,0,0.05157314499916947,0.2415375058605735
1.0,0.5,4.0,4.0,0.0025,0.005,20.0,4000,two_speed,71,0.9999187265257772,2.005090592464051,0.5163670480212121,0.002523589835133891,0,0.025457170959162452,0.2415375058605735
1.0,0.5,4.0,4.0,0.0025,0.005,0.5,100,two_speed,72,0.9998145833056861,1.9904945419490716,0.5030078142082108,0.0021194470142490668,0,0.01572556985810349,0.24129966072671646
1.0,0.5,4.0,4.0,0.0025,0.005,1.0,200,two_speed,72,0.9998841680637017,1.9933304807230272,0.5073316126059598,0.0015914055261966203,0,0.014684663257807725,0.24129966072671646
1.0,0.5,4.0,4.0,0.0025,0.005,2.0,400,two_speed,72,1.0003699391451089,1.9848379867835406,0.5137480904650475,0.002177139406620272,0,0.026778530381621483,0.24129966072671646
1.0,0.5,4.0,4.0,0.0025,0.005,3.5,700,two_speed,72,1.0005059485790606,1.9718747239994412,0.5209232649562234,0.0021038243107497395,0,0.04284750477383139,0.24129966072671646
1.0,0.5,4.0,4.0,0.0025,0.005,5.0,1000,two_speed,72,1.0005615130183698,1.9794939158364506,0.5199025274751697,0.0024361456670503943,0,0.03624656852082885,0.24129966072671646
1.0,0.5,4.0,4.0,0.0025,0.005,10.0,2000,two_speed,72,1.0000226538865913,1.96661007705187,0.5230933664215922,0.0022039241818423093,0,0.049440052064709035,0.24129966072671646
1.0,0.5,4.0,4.0,0.0025,0.005,20.0,4000,two_speed,72,1.0002679014332574,1.9676147721429345,0.5261925967611458,0.0025560834760706723,0,0.05155423758906995,0.24129966072671646
1.0,0.5,4.0,4.0,0.0025,0.005,0.5,100,two_speed,73,0.9999629739990503,1.989181366410299,0.505288220253847,0.0017344359230835008,0,0.01665736838195075,0.24116627971774765
1.0,0.5,4.0,4.0,0.0025,0.005,1.0,200,two_speed,73,1.0003256350931746,1.9939761177430486,0.5128550129976606,0.002106903873951322,0,0.02041667387334044,0.24116627971774765
1.0,0.5,4.0,4.0,0.0025,0.005,2.0,400,two_speed,73,1.0000271628485728,2.006759060340284,0.5178950088891483,0.002929491558595595,0,0.028280630347205144,0.24116627971774765
1.0,0.5,4.0,4.0,0.0025,0.005,3.5,700,two_speed,73,0.9998925066419724,2.0060473788797,0.5224692867909531,0.001563255541687441,0,0.031109543826011585,0.24116627971774765
1.0,0.5,4.0,4.0,0.0025,0.005,5.0,1000,two_speed,73,1.0000460526850028,2.0144913686181227,0.5201870323510733,0.0017673041597875282,0,0.03209150909830836,0.24116627971774765
1.0,0.5,4.0,4.0,0.0025,0.005,10.0,2000,two_speed,73,0.9995718151178707,2.030166000019479,0.5128537568965829,0.0029072427015936087,0,0.041301807974502946,0.24116627971774765
1.0,0.5,4.0,4.0,0.0025,0.005,20.0,4000,two_speed,73,0.9998658232503067,2.069715758585269,0.5185703934367296,0.0019943154910662558,0,0.0840938522400994,0.24116627971774765
1.0,0.5,4.0,4.0,0.0025,0.005,0.5,100,two_speed,74,1.0001591787179236,2.000648718223335,0.510333914488174,0.0016663030693628135,0,0.015540384388339904,0.23988335127277033
1.0,0.5,4.0,4.0,0.0025,0.005,1.0,200,two_speed,74,1.0003445558712136,2.0018759041836285,0.5145161193388554,0.0018925523757856901,0,0.020617590735832365,0.23988335127277033
1.0,0.5,4.0,4.0,0.0025,0.005,2.0,400,two_speed,74,1.0004924343760266,2.018787536783689,0.5200466700662878,0.002276856493469215,0,0.03492482715862066,0.23988335127277033
1.0,0.5,4.0,4.0,0.0025,0.005,3.5,700,two_speed,74,1.000049790256557,2.006645810299889,0.5195557895524554,0.002648890735009224,0,0.02936198414490219,0.23988335127277033
1.0,0.5,4.0,4.0,0.0025,0.005,5.0,1000,two_speed,74,1.0000318485146669,2.001710917778983,0.5276012516114094,0.0038365155867998713,0,0.040287966686012935,0.23988335127277033
1.0,0.5,4.0,4.0,0.0025,0.005,10.0,2000,two_speed,74,0.9997606952280224,1.9917304036300683,0.5266604944309041,0.002945730583132136,0,0.03890294184515105,0.23988335127277033
1.0,0.5,4.0,4.0,0.0025,0.005,20.0,4000,two_speed,74,0.999436802249633,2.008538532070703,0.5190413372060313,0.002314900803877233,0,0.029980570066986425,0.23988335127277033
1.0,0.5,4.0,4.0,0.0025,0.005,0.5,100,two_speed,75,0.9999063499592257,2.006661347604262,0.49923450681534326,0.00231138139693157,0,0.01372913849428789,0.24099229156438792
1.0,0.5,4.0,4.0,0.0025,0.005,1.0,200,two_speed,75,1.000113072166066,2.021154659036104,0.5052596570973104,0.002723518259476644,0,0.028635572103698746,0.24099229156438792
1.0,0.5,4.0,4.0,0.0025,0.005,2.0,400,two_speed,75,1.0001846577024671,2.0191549237285624,0.5133498372162064,0.002232103258458228,0,0.02998786586131518,0.24099229156438792
1.0,0.5,4.0,4.0,0.0025,0.005,3.5,700,two_speed,75,1.0000954703665415,2.033292727745235,0.5164132209578883,0.001950191910398052,0,0.044703164121358774,0.24099229156438792
1.0,0.5,4.0,4.0,0.0025,0.005,5.0,1000,two_speed,75,0.999795276430421,2.0327488055345415,0.5151516635330776,0.0018337266297678053,0,0.04356422107688546,0.24099229156438792
1.0,0.5,4.0,4.0,0.0025,0.005,10.0,2000,two_speed,75,1.0000283134446348,2.027586133047104,0.5181819354789562,0.001971564399309979,0,0.04062614959994473,0.24099229156438792
1.0,0.5,4.0,4.0,0.0025,0.005,20.0,4000,two_speed,75,0.9999085499727649,2.0374359432965043,0.517511638724116,0.001706017355665766,0,0.049346125374505605,0.24099229156438792
1.0,0.5,4.0,4.0,0.0025,0.005,0.5,100,two_speed,76,1.0000818234861788,1.9987847782934944,0.5055639336686869,0.0014436083135225422,0,0.01013797388856833,0.24234017856152995
1.0,0.5,4.0,4.0,0.0025,0.005,1.0,200,two_speed,76,0.9996118563977067,1.9923709446688018,0.5022866108122463,0.002058904647945923,0,0.014034384407707143,0.24234017856152995
1.0,0.5,4.0,4.0,0.0025,0.005,2.0,400,two_speed,76,0.9999173258236581,1.9873616104443244,0.5061791112507033,0.0019683558396648092,0,0.019320068248432035,0.24234017856152995
1.0,0.5,4.0,4.0,0.0025,0.005,3.5,700,two_speed,76,1.000124896426582,1.9962289516944558,0.5231941344535043,0.001950790546494664,0,0.03166472013788158,0.24234017856152995
1.0,0.5,4.0,4.0,0.0025,0.005,5.0,1000,two_speed,76,0.9999479189799036,2.0183188985737965,0.5239095555891867,0.002535347043838808,0,0.039342557200907534,0.24234017856152995
1.0,0.5,4.0,4.0,0.0025,0.005,10.0,2000,two_speed,76,0.9997308129128784,1.9877711171373822,0.5271511593521706,0.002384408797761891,0,0.04005695944691049,0.24234017856152995
1.0,0.5,4.0,4.0,0.0025,0.005,20.0,4000,two_speed,76,0.9996252676542379,1.9679517431249962,0.519657630050917,0.0017610460979271077,0,0.045942232766283675,0.24234017856152995
1.0,0.5,4.0,4.0,0.0025,0.005,0.5,100,two_speed,77,1.0000734844146673,2.0050802186544154,0.5035214931587301,0.0017046071329335562,0,0.011151089483555702,0.24164729171232985
1.0,0.5,4.0,4.0,0.0025,0.005,1.0,200,two_speed,77,0.9999110610964683,2.0081958559909725,0.49938385097285326,0.0018558685865973526,0,0.01315653072195968,0.24164729171232985
1.0,0.5,4.0,4.0,0.0025,0.005,2.0,400,two_speed,77,1.0001950305822456,2.0250508097148483,0.49680787846334784,0.0017957621853338887,0,0.03062484866684096,0.24164729171232985
1.0,0.5,4.0,4.0,0.0025,0.005,3.5,700,two_speed,77,1.0003553024986358,2.043469717814558,0.5060329107909266,0.001973565257471597,0,0.05148901369379412,0.24164729171232985
1.0,0.5,4.0,4.0,0.0025,0.005,5.0,1000,two_speed,77,1.000288856726979,2.04608058626121,0.5043978147621941,0.001997667780814341,0,0.05422997669666968,0.24164729171232985
1.0,0.5,4.0,4.0,0.0025,0.005,10.0,2000,two_speed,77,1.0003989575265695,2.073121485979612,0.521661905237373,0.0016597047422322912,0,0.08821456295269145,0.24164729171232985
1.0,0.5,4.0,4.0,0.0025,0.005,20.0,4000,two_speed,77,1.0001150963847267,2.0656932732925295,0.5192802765255556,0.0019879591664374607,0,0.0797090336866171,0.24164729171232985
1.0,0.5,4.0,4.0,0.0025,0.005,0.5,100,two_speed,78,1.0002120390178741,1.9968152968861699,0.5117041495179866,0.001458475562761411,0,0.016895424153620924,0.24153452971950173
1.0,0.5,4.0,4.0,0.0025,0.005,1.0,200,two_speed,78,1.0001148919532075,1.998224538397298,0.5131260073169533,0.0017565651376846285,0,0.019055357149501052,0.24153452971950173
1.0,0.5,4.0,4.0,0.0025,0.005,2.0,400,two_speed,78,0.999950765704757,1.9969065433671886,0.5140281703850693,0.0020259348355592638,0,0.021167777394589235,0.24153452971950173
1.0,0.5,4.0,4.0,0.0025,0.005,3.5,700,two_speed,78,1.000294460427508,1.9841637845631248,0.5226766371460909,0.0019266113556870175,0,0.035401162818919696,0.24153452971950173
1.0,0.5,4.0,4.0,0.0025,0.005,5.0,1000,two_speed,78,1.0001022660127277,1.9868858416873492,0.5224052529018441,0.0023710245083261965,0,0.03456853523467615,0.24153452971950173
1.0,0.5,4.0,4.0,0.0025,0.005,10.0,2000,two_speed,78,1.000023972351479,2.034224048562387,0.5242132297140751,0.0017225344455504767,0,0.050811129872926374,0.24153452971950173
1.0,0.5,4.0,4.0,0.0025,0.005,20.0,4000,two_speed,78,0.9996338325747953,2.057116256763512,0.521083387933668,0.0026719409221605266,0,0.07213461613425744,0.24153452971950173
1.0,0.5,4.0,4.0,0.0025,0.005,0.5,100,two_speed,79,1.000167651758554,2.003312031377663,0.5042147417092736,0.0016484475306725158,0,0.010358683485891855,0.24177748214320413
1.0,0.5,4.0,4.0,0.0025,0.005,1.0,200,two_speed,79,1.0002762311021107,2.009596149769563,0.5018408815935493,0.002453244395223144,0,0.01650566952275503,0.24177748214320413
1.0,0.5,4.0,4.0,0.0025,0.005,2.0,400,two_speed,79,1.0003228801531856,2.0113917768546985,0.5126957890539571,0.0018793480474878525,0,0.022619983222201604,0.24177748214320413
1.0,0.5,4.0,4.0,0.0025,0.005,3.5,700,two_speed,79,1.0005244940335245,2.0088645141104027,0.5243289683347371,0.0023083419155382266,0,0.034241148735269185,0.24177748214320413
1.0,0.5,4.0,4.0,0.0025,0.005,5.0,1000,two_speed,79,0.9998281133451785,2.0009308191010344,0.5221179043352577,0.0020198431118520644,0,0.030648610557269758,0.24177748214320413
1.0,0.5,4.0,4.0,0.0025,0.005,10.0,2000,two_speed,79,1.0002725447822365,1.9846384397953727,0.530988236614266,0.001999548322233686,0,0.044288817819408605,0.24177748214320413
1.0,0.5,4.0,4.0,0.0025,0.005,20.0,4000,two_speed,79,0.9993432594509991,1.9796120717886454,0.5039771614931277,0.002521158655507092,0,0.027527003278800914,0.24177748214320413
1.0,0.5,4.0,4.0,0.0025,0.005,0.5,100,two_speed,80,1.0000269288509323,1.9964383171503746,0.5005304495669857,0.0021217947630139612,0,0.011209872254723788,0.24249557743314654
1.0,0.5,4.0,4.0,0.0025,0.005,1.0,200,two_speed,80,0.9998485680233502,2.0031292341386484,0.5062410564838231,0.0020402746210108776,0,0.013597079575423237,0.24249557743314654
1.0,0.5,4.0,4.0,0.0025,0.005,2.0,400,two_speed,80,1.0001773393269364,1.9985674974130723,0.5120003249291692,0.0018772315352111463,0,0.01793652326395223,0.24249557743314654
1.0,0.5,4.0,4.0,0.0025,0.005,3.5,700,two_speed,80,1.0003868143762131,2.014480461877943,0.5214162098370574,0.0019503488666262948,0,0.03315943681845933,0.24249557743314654
1.0,0.5,4.0,4.0,0.0025,0.005,5.0,1000,two_speed,80,0.999885498070044,2.0146588558207736,0.5088810096462457,0.002804821212095055,0,0.02486602330766178,0.24249557743314654
1.0,0.5,4.0,4.0,0.0025,0.005,10.0,2000,two_speed,80,0.9997026159138648,2.000578536710582,0.5210307585765062,0.0024010345052023633,0,0.030306016828644276,0.24249557743314654
1.0,0.5,4.0,4.0,0.0025,0.005,20.0,4000,two_speed,80,0.9996403395634328,2.015119499343035,0.5146160045320102,0.0023184061109917907,0,0.02861418212799899,0.24249557743314654
1.0,0.5,4.0,4.0,0.0025,0.005,0.5,100,two_speed,81,0.9999575901368798,2.0105172350654517,0.5069457438173096,0.0018500035114326738,0,0.017706616180669477,0.24350910114922694
1.0,0.5,4.0,4.0,0.0025,0.005,1.0,200,two_speed,81,1.00043462873039,2.0067314927794357,0.5166093518126178,0.0023150321842916543,0,0.024954225626132365,0.24350910114922694
1.0,0.5,4.0,4.0,0.0025,0.005,2.0,400,two_speed,81,1.0002453804697202,1.9971185321263747,0.5213401441341561,0.0017001120331849326,0,0.028647570729932393,0.24350910114922694
1.0,0.5,4.0,4.0,0.0025,0.005,3.5,700,two_speed,81,1.0003592547734625,2.004816243398739,0.5167312085460074,0.002754484069228917,0,0.025648674971493347,0.24350910114922694
1.0,0.5,4.0,4.0,0.0025,0.005,5.0,1000,two_speed,81,1.0001445025572195,1.9962889456719037,0.5132484396847257,0.0015258070155073234,0,0.019009740945780326,0.24350910114922694
1.0,0.5,4.0,4.0,0.0025,0.005,10.0,2000,two_speed,81,1.0000246581284342,2.00332204599694,0.5277533877248316,0.0017002944593059496,0,0.03703128026975529,0.24350910114922694
1.0,0.5,4.0,4.0,0.0025,0.005,20.0,4000,two_speed,81,0.9995241164895178,2.0045473126585596,0.5267749514998015,0.0028863391676572296,0,0.03865059381947225,0.24350910114922694
1.0,0.5,4.0,4.0,0.0025,0.005,0.5,100,two_speed,82,1.0001585000117041,2.003106574838468,0.4993117402146634,0.002079204327626174,0,0.010907561910783771,0.24116718456415193
1.0,0.5,4.0,4.0,0.0025,0.005,1.0,200,two_speed,82,1.0002131491729855,2.009296570375088,0.5080716435872976,0.00228551879939852,0,0.018517850637836016,0.24116718456415193
1.0,0.5,4.0,4.0,0.0025,0.005,2.0,400,two_speed,82,1.0002323212116895,2.002232346763802,0.510949287735141,0.0021181189059072876,0,0.017482199897074693,0.24116718456415193
1.0,0.5,4.0,4.0,0.0025,0.005,3.5,700,two_speed,82,0.9997383554889094,2.0223298009333175,0.49990465920023375,0.0017949324293907343,0,0.02727902711264154,0.24116718456415193
1.0,0.5,4.0,4.0,0.0025,0.005,5.0,1000,two_speed,82,0.9999171377630773,2.0337135814670257,0.503014588503599,0.0023256305875069584,0,0.04074776634824733,0.24116718456415193
1.0,0.5,4.0,4.0,0.0025,0.005,10.0,2000,two_speed,82,1.0002602752412575,2.0240884463704494,0.5393536443682437,0.002339250094746917,0,0.05808481296616167,0.24116718456415193
1.0,0.5,4.0,4.0,0.0025,0.005,20.0,4000,two_speed,82,1.000364474226713,2.0119550916317603,0.5192356619847346,0.002476630755638955,0,0.030503374532330253,0.24116718456415193
1.0,0.5,4.0,4.0,0.0025,0.005,0.5,100,two_speed,83,1.0002201653927258,1.9920892845111846,0.5052315905862951,0.0017729174983920227,0,0.014137374083117434,0.24311667857026414
1.0,0.5,4.0,4.0,0.0025,0.005,1.0,200,two_speed,83,1.0002230998224353,1.9956572424442416,0.507758885116626,0.0014602080495872975,0,0.013061370085935223,0.24311667857026414
1.0,0.5,4.0,4.0,0.0025,0.005,2.0,400,two_speed,83,1.0004016770315394,2.010517202993448,0.517234047699696,0.0020494908707233963,0,0.026752957782767966,0.24311667857026414
1.0,0.5,4.0,4.0,0.0025,0.005,3.5,700,two_speed,83,1.0000602881870189,1.998203069065818,0.5081532348800522,0.0016654156367914659,0,0.013486844155634281,0.24311667857026414
1.0,0.5,4.0,4.0,0.0025,0.005,5.0,1000,two_speed,83,1.0003990846624955,1.9792367498625636,0.5120648590346915,0.0033845888224576116,0,0.03264730970521706,0.24311667857026414
1.0,0.5,4.0,4.0,0.0025,0.005,10.0,2000,two_speed,83,0.9997690717906019,1.9798114143764367,0.511444459077791,0.0020075652787896864,0,0.029506270509918744,0.24311667857026414
1.0,0.5,4.0,4.0,0.0025,0.005,20.0,4000,two_speed,83,0.9999716708163144,1.9115685511775498,0.5140091869804575,0.0020894619721430847,0,0.10353030296043353,0.24311667857026414
1.0,0.5,4.0,4.0,0.0025,0.005,0.5,100,two_speed,84,1.0000970072181623,1.9956879421077989,0.4971297430643181,0.0015115559451072207,0,0.009797870147285509,0.2415090000057327
1.0,0.5,4.0,4.0,0.0025,0.005,1.0,200,two_speed,84,1.0002016958533113,2.0026378272771406,0.5029340457596199,0.0020384532395120074,0,0.011033889363917129,0.2415090000057327
1.0,0.5,4.0,4.0,0.0025,0.005,2.0,400,two_speed,84,1.0005483391961056,1.9948883593294673,0.517780139873372,0.0031346051260803865,0,0.027603434385329445,0.2415090000057327
1.0,0.5,4.0,4.0,0.0025,0.005,3.5,700,two_speed,84,1.0003133829494826,2.0114374227147596,0.5309609814460168,0.002030478315356096,0,0.04255771165079269,0.2415090000057327
1.0,0.5,4.0,4.0,0.0025,0.005,5.0,1000,two_speed,84,1.000104045684964,2.016479535027405,0.5264190199228951,0.0022600375517273313,0,0.040372254629180725,0.2415090000057327
1.0,0.5,4.0,4.0,0.0025,0.005,10.0,2000,two_speed,84,1.000187950163415,1.998059079692478,0.5218316723340013,0.0019543448749605543,0,0.02959084201085384,0.2415090000057327
1.0,0.5,4.0,4.0,0.0025,0.005,20.0,4000,two_speed,84,0.9999372762504337,1.96014124330794,0.5183756705718225,0.0028872598085400276,0,0.053212560497301,0.2415090000057327
1.0,0.5,4.0,4.0,0.0025,0.005,0.5,100,two_speed,85,1.000038721731185,2.000898549508264,0.5011284205189594,0.001434811012157164,0,0.007251640444328663,0.24197750598458306
1.0,0.5,4.0,4.0,0.0025,0.005,1.0,200,two_speed,85,0.9997452095136798,2.0012673172504774,0.4993546254955502,0.0019016616439339576,0,0.009514260030415488,0.24197750598458306
1.0,0.5,4.0,4.0,0.0025,0.005,2.0,400,two_speed,85,0.9999197833067105,2.0033854489540683,0.5080730710259121,0.0019423485173530267,0,0.014866725505957506,0.24197750598458306
1.0,0.5,4.0,4.0,0.0025,0.005,3.5,700,two_speed,85,1.0002601055149534,2.0061114711223147,0.5129918363195631,0.002160895472992799,0,0.020830884514678287,0.24197750598458306
1.0,0.5,4.0,4.0,0.0025,0.005,5.0,1000,two_speed,85,1.0000396826822209,1.9936251708954769,0.513645437754601,0.001739655835826637,0,0.02093965929610229,0.24197750598458306
1.0,0.5,4.0,4.0,0.0025,0.005,10.0,2000,two_speed,85,0.9999564610730483,1.999821001877145,0.5186804504674379,0.0024034396173331094,0,0.02708573334965284,0.24197750598458306
1.0,0.5,4.0,4.0,0.0025,0.005,20.0,4000,two_speed,85,0.9999890690592202,2.0004549451480766,0.5261046928228041,0.002273920501856506,0,0.03556961968697698,0.24197750598458306
1.0,0.5,4.0,4.0,0.0025,0.005,0.5,100,two_speed,86,1.0001447864230515,1.9920996390891617,0.5043536215959498,0.002014292468367375,0,0.014492882633796089,0.24095834528894297
1.0,0.5,4.0,4.0,0.0025,0.005,1.0,200,two_speed,86,1.0003031444576223,1.9862771236780299,0.5039204861362255,0.0018575569304469122,0,0.018856901094419717,0.24095834528894297
1.0,0.5,4.0,4.0,0.0025,0.005,2.0,400,two_speed,86,1.0002307409037232,1.9946923444826234,0.5127996082106193,0.0019464502297967584,0,0.019823838607452206,0.24095834528894297
1.0,0.5,4.0,4.0,0.0025,0.005,3.5,700,two_speed,86,1.0003230587891292,2.001518164181629,0.5103408577809498,0.00223357223677131,0,0.017016636018796497,0.24095834528894297
1.0,0.5,4.0,4.0,0.0025,0.005,5.0,1000,two_speed,86,1.0002264920002861,2.0001870647134576,0.5111690312993468,0.002035423367091451,0,0.017337072868792144,0.24095834528894297
1.0,0.5,4.0,4.0,0.0025,0.005,10.0,2000,two_speed,86,1.0000358529014302,1.9731723140132968,0.5137802231159253,0.002661075051552884,0,0.03776081407120967,0.24095834528894297
1.0,0.5,4.0,4.0,0.0025,0.005,20.0,4000,two_speed,86,0.9999224059588071,1.9534440915712141,0.5200305176048751,0.001615759535306315,0,0.05977964737153668,0.24095834528894297
1.0,0.5,4.0,4.0,0.0025,0.005,0.5,100,two_speed,87,1.0004077070163675,2.0036888164620996,0.5072379787435466,0.003079900023374947,0,0.018004356155044855,0.24073945241980255
1.0,0.5,4.0,4.0,0.0025,0.005,1.0,200,two_speed,87,1.0001440362015355,2.0062262737525827,0.5051692706643869,0.0023366261017803,0,0.014974435195528739,0.24073945241980255
1.0,0.5,4.0,4.0,0.0025,0.005,2.0,400,two_speed,87,1.0002432203318015,1.998267075775875,0.5145661320180991,0.0024261598773350672,0,0.022076105934389533,0.24073945241980255
1.0,0.5,4.0,4.0,0.0025,0.005,3.5,700,two_speed,87,1.0002185739111549,2.0038977827071967,0.5240801347414245,0.0016034809091762673,0,0.03211476987775566,0.24073945241980255
1.0,0.5,4.0,4.0,0.0025,0.005,5.0,1000,two_speed,87,1.000321985478515,1.9979860323546774,0.5220175752079592,0.001970325620882072,0,0.02962853730802417,0.24073945241980255
1.0,0.5,4.0,4.0,0.0025,0.005,10.0,2000,two_speed,87,1.0000831176474205,1.9936240817290163,0.5192934895685641,0.001886255851747171,0,0.027599191721712317,0.24073945241980255
1.0,0.5,4.0,4.0,0.0025,0.005,20.0,4000,two_speed,87,1.000248350063353,1.9404552054524402,0.5209203732310393,0.0021254666657943293,0,0.07373031515347234,0.24073945241980255
1.0,0.5,4.0,4.0,0.0025,0.005,0.5,100,two_speed,88,1.000103090232434,1.993483911034976,0.5025714294681,0.0021117771060976845,0,0.0131951513291189,0.24222388700582087
1.0,0.5,4.0,4.0,0.0025,0.005,1.0,200,two_speed,88,1.0001165810102468,1.9994889885387759,0.5097908051434485,0.002165010368833598,0,0.016473558345153863,0.24222388700582087
1.0,0.5,4.0,4.0,0.0025,0.005,2.0,400,two_speed,88,1.0002329313089633,2.000502489728975,0.5222894412903126,0.0018016425041389608,0,0.02987140319677611,0.24222388700582087
1.0,0.5,4.0,4.0,0.0025,0.005,3.5,700,two_speed,88,1.0003477706288122,2.002769649447683,0.5233713347019213,0.002122429777354302,0,0.03166776850562204,0.24222388700582087
1.0,0.5,4.0,4.0,0.0025,0.005,5.0,1000,two_speed,88,0.9999020865815224,2.002530490032812,0.5210993895435347,0.001875541626722626,0,0.02924607937691977,0.24222388700582087
1.0,0.5,4.0,4.0,0.0025,0.005,10.0,2000,two_speed,88,1.0000391712249923,1.9906194787095994,0.5139145415149745,0.001999839485644826,0,0.023175070848181965,0.24222388700582087
1.0,0.5,4.0,4.0,0.0025,0.005,20.0,4000,two_speed,88,0.9998759400361071,1.9962686136397478,0.5192312159577384,0.002714092622815062,0,0.02879668662936235,0.24222388700582087
1.0,0.5,4.0,4.0,0.0025,0.005,0.5,100,two_speed,89,1.0000671174552842,1.9993062908852897,0.506044315104778,0.0019436348665876333,0,0.012319939380866427,0.2406533274333924
1.0,0.5,4.0,4.0,0.0025,0.005,1.0,200,two_speed,89,1.0001738404464289,1.997248882198315,0.5129340459576549,0.0019366472088584805,0,0.019299145377943795,0.2406533274333924
1.0,0.5,4.0,4.0,0.0025,0.005,2.0,400,two_speed,89,1.000468191699344,2.0001922491622346,0.5232550497121581,0.0030314251440454946,0,0.03295716148250359,0.2406533274333924
1.0,0.5,4.0,4.0,0.0025,0.005,3.5,700,two_speed,89,0.9999732633045105,1.9996577409469685,0.519280742095078,0.002125564333375303,0,0.027129207199078353,0.2406533274333924
1.0,0.5,4.0,4.0,0.0025,0.005,5.0,1000,two_speed,89,0.9996325528371937,2.0228364983775102,0.5197329164733461,0.002983311087618851,0,0.039934988014715116,0.2406533274333924
1.0,0.5,4.0,4.0,0.0025,0.005,10.0,2000,two_speed,89,1.0002420350598396,1.9817293429790739,0.5264040496945636,0.0023169993883214173,0,0.041302753739416914,0.2406533274333924
1.0,0.5,4.0,4.0,0.0025,0.005,20.0,4000,two_speed,89,1.0001596819588916,1.9894127965619612,0.5253739061943244,0.001676732526158977,0,0.03562846375179453,0.2406533274333924
1.0,0.5,4.0,4.0,0.0025,0.005,0.5,100,two_speed,90,0.9999225141771179,2.0085644274253287,0.5043301300886606,0.0017745059570911856,0,0.01441717275248272,0.24185635129522
1.0,0.5,4.0,4.0,0.0025,0.005,1.0,200,two_speed,90,1.0001840680644802,2.009467302107993,0.5074767489564848,0.0018588641562886938,0,0.01705689177904216,0.24185635129522
1.0,0.5,4.0,4.0,0.0025,0.005,2.0,400,two_speed,90,1.0000048711632488,2.002244041910253,0.5130582507712506,0.0017113901583925828,0,0.019100722054339297,0.24185635129522
1.0,0.5,4.0,4.0,0.0025,0.005,3.5,700,two_speed,90,0.9999482115353145,2.004552622476989,0.5243930200296919,0.0028384134897621147,0,0.0349182841592796,0.24185635129522
1.0,0.5,4.0,4.0,0.0025,0.005,5.0,1000,two_speed,90,1.0000558447960501,2.0016785507163513,0.5214584434061004,0.00209394065223062,0,0.029622064605973775,0.24185635129522
1.0,0.5,4.0,4.0,0.0025,0.005,10.0,2000,two_speed,90,0.9999165463303555,2.013030735169672,0.5246740128113512,0.0026238434851415197,0,0.037481433769017754,0.24185635129522
1.0,0.5,4.0,4.0,0.0025,0.005,20.0,4000,two_speed,90,1.0003009169321728,2.0127694756510737,0.5249318423612485,0.0020015195574794144,0,0.0362756586007817,0.24185635129522
1.0,0.5,4.0,4.0,0.0025,0.005,0.5,100,two_speed,91,1.000062295400994,1.9998883362821318,0.506252254115475,0.0018668227256341174,0,0.012193982235079321,0.24133323214482516
1.0,0.5,4.0,4.0,0.0025,0.005,1.0,200,two_speed,91,1.0002034314148298,1.9956248438638564,0.510274127253357,0.0013950574358484354,0,0.015531282517635966,0.24133323214482516
1.0,0.5,4.0,4.0,0.0025,0.005,2.0,400,two_speed,91,1.0000247153413693,1.9925588089174477,0.502992166413398,0.0019165627774034545,0,0.013315921311152869,0.24133323214482516
1.0,0.5,4.0,4.0,0.0025,0.005,3.5,700,two_speed,91,1.0001509867696234,1.9984051245786454,0.5110670358321127,0.0017838195828305012,0,0.01672301085186887,0.24133323214482516
1.0,0.5,4.0,4.0,0.0025,0.005,5.0,1000,two_speed,91,1.00041876040054,1.9996196729498212,0.5132162579072437,0.0022936681196128617,0,0.01998768769951768,0.24133323214482516
1.0,0.5,4.0,4.0,0.0025,0.005,10.0,2000,two_speed,91,1.0000963434235137,1.9760769845457633,0.5144007382996513,0.0011082896704722699,0,0.033503011996700194,0.24133323214482516
1.0,0.5,4.0,4.0,0.0025,0.005,20.0,4000,two_speed,91,0.9999852788661348,1.9779267928377195,0.525346523015494,0.0023553125069174807,0,0.04281412973812022,0.24133323214482516
1.0,0.5,4.0,4.0,0.0025,0.005,0.5,100,two_speed,92,1.0002402350473343,1.9903856382424523,0.5014296859941267,0.0022493573060609813,0,0.015747497646320083,0.2408627917258335
1.0,0.5,4.0,4.0,0.0025,0.005,1.0,200,two_speed,92,1.0000841372614844,1.9964202275052683,0.5024495613898518,0.0014222410505569337,0,0.008658743209457207,0.2408627917258335
1.0,0.5,4.0,4.0,0.0025,0.005,2.0,400,two_speed,92,1.0003831555231315,1.9991640272764002,0.5188963749045429,0.0021517235362330154,0,0.02607690901155741,0.2408627917258335
1.0,0.5,4.0,4.0,0.0025,0.005,3.5,700,two_speed,92,1.0002758322081806,2.0052699876953737,0.5079848664275312,0.0020519177653996012,0,0.01537341617092368,0.2408627917258335
1.0,0.5,4.0,4.0,0.0025,0.005,5.0,1000,two_speed,92,1.0005060534403765,2.0247611265259002,0.5148719792099036,0.0025628402394421348,0,0.03614858716375988,0.2408627917258335
1.0,0.5,4.0,4.0,0.0025,0.005,10.0,2000,two_speed,92,1.0000171713558363,2.0426240134723566,0.5293917714638404,0.0015149651541363468,0,0.06206310584502024,0.2408627917258335
1.0,0.5,4.0,4.0,0.0025,0.005,20.0,4000,two_speed,92,0.9999359447354889,2.0423514078856053,0.5337800541110044,0.0017804582949979843,0,0.06553372523492576,0.2408627917258335
1.0,0.5,4.0,4.0,0.0025,0.005,0.5,100,two_speed,93,1.00009868197172,1.994584323609692,0.5024010676907706,0.0015073880349107754,0,0.01012961717733952,0.24049173814377614
1.0,0.5,4.0,4.0,0.0025,0.005,1.0,200,two_speed,93,1.0000423796360718,1.995903821960755,0.5071402253637448,0.0019803104444964916,0,0.01420427500350479,0.24049173814377614
1.0,0.5,4.0,4.0,0.0025,0.005,2.0,400,two_speed,93,1.0003473180945792,1.9937482258445063,0.5170921442203658,0.002089540629786452,0,0.024892503110045802,0.24049173814377614
1.0,0.5,4.0,4.0,0.0025,0.005,3.5,700,two_speed,93,1.000075005680726,1.969821593629209,0.5113375494309028,0.0024697412627319353,0,0.03960722162982631,0.24049173814377614
1.0,0.5,4.0,4.0,0.0025,0.005,5.0,1000,two_speed,93,1.000405794617684,1.959359191169467,0.5173155860873724,0.003059676109512633,0,0.053329087626243665,0.24049173814377614
1.0,0.5,4.0,4.0,0.0025,0.005,10.0,2000,two_speed,93,1.0002368886637476,1.9590594069332015,0.5315034001108324,0.001894955103113926,0,0.06223351462612824,0.24049173814377614
1.0,0.5,4.0,4.0,0.0025,0.005,20.0,4000,two_speed,93,1.000123843641328,1.9128898737195235,0.5304041102574031,0.0017890613623349513,0,0.10705090415605933,0.24049173814377614
1.0,0.5,4.0,4.0,0.0025,0.005,0.5,100,two_speed,94,1.0000236720341578,1.9970847106555785,0.5058243676854514,0.0015971563648480738,0,0.011404475826678835,0.24130832743165748
1.0,0.5,4.0,4.0,0.0025,0.005,1.0,200,two_speed,94,0.9995170921022413,1.9965104616533107,0.5069935412284133,0.0026090907356393477,0,0.01694430844171985,0.24130832743165748
1.0,0.5,4.0,4.0,0.0025,0.005,2.0,400,two_speed,94,1.00001378202829,1.9882965656251335,0.5132533354589441,0.0026929450964795383,0,0.02561878258875045,0.24130832743165748
1.0,0.5,4.0,4.0,0.0025,0.005,3.5,700,two_speed,94,0.9999360657212004,1.9865641588817402,0.5198805757468224,0.0016136767941373853,0,0.031185657674825937,0.24130832743165748
1.0,0.5,4.0,4.0,0.0025,0.005,5.0,1000,two_speed,94,0.9999845612675443,1.9729552871020102,0.5204108140308062,0.001251933902678317,0,0.04124363515407137,0.24130832743165748
1.0,0.5,4.0,4.0,0.0025,0.005,10.0,2000,two_speed,94,0.9997217240411299,1.981056543905885,0.5110482810980841,0.0029116203596537844,0,0.030092607847916873,0.24130832743165748
1.0,0.5,4.0,4.0,0.0025,0.005,20.0,4000,two_speed,94,0.9997118246591661,1.9917903580058316,0.5193584894895319,0.0034238168003482886,0,0.03217115167137868,0.24130832743165748
1.0,0.5,4.0,4.0,0.0025,0.005,0.5,100,two_speed,95,0.9998317366426864,2.0087180496004957,0.4985483235602182,0.0020729433250779705,0,0.014414978910877714,0.2446228274244017
1.0,0.5,4.0,4.0,0.0025,0.005,1.0,200,two_speed,95,0.999550342035097,2.0050455854389817,0.4953695329183366,0.003786552351645452,0,0.020227995996712975,0.2446228274244017
1.0,0.5,4.0,4.0,0.0025,0.005,2.0,400,two_speed,95,1.0001439293000591,1.999510132890522,0.5074898622833943,0.0020467566770540424,0,0.013852089646300218,0.2446228274244017
1.0,0.5,4.0,4.0,0.0025,0.005,3.5,700,two_speed,95,1.0001213449286286,2.000897089598568,0.5154814639703319,0.0019360156853715236,0,0.022082548852779188,0.2446228274244017
1.0,0.5,4.0,4.0,0.0025,0.005,5.0,1000,two_speed,95,1.0001489329762494,1.9997735788859399,0.5221564662721689,0.0024728084857485212,0,0.030929743473819615,0.2446228274244017
1.0,0.5,4.0,4.0,0.0025,0.005,10.0,2000,two_speed,95,1.0001978666869111,2.01127057425876,0.5162943311800959,0.002365915303033928,0,0.02709737937715353,0.2446228274244017
1.0,0.5,4.0,4.0,0.0025,0.005,20.0,4000,two_speed,95,1.0001664344385315,2.0271560229969054,0.5255619387774696,0.0015455339941987483,0,0.04567896327712756,0.2446228274244017
1.0,0.5,4.0,4.0,0.0025,0.005,0.5,100,two_speed,96,0.9998112938135328,2.0120091400305826,0.5054374826724569,0.00224282715345946,0,0.019258873369342802,0.24027951184793242
1.0,0.5,4.0,4.0,0.0025,0.005,1.0,200,two_speed,96,0.9997898525888146,2.0180834516482733,0.5106624957685362,0.002089079210324642,0,0.027341190239792593,0.24027951184793242
1.0,0.5,4.0,4.0,0.0025,0.005,2.0,400,two_speed,96,1.0001393319191034,2.023367555091078,0.5203142553243328,0.0025128956239291195,0,0.039501688919023004,0.24027951184793242
1.0,0.5,4.0,4.0,0.0025,0.005,3.5,700,two_speed,96,0.9997456652065124,2.0194393658644936,0.5130807126096814,0.0024658472486985866,0,0.030864298897645782,0.24027951184793242
1.0,0.5,4.0,4.0,0.0025,0.005,5.0,1000,two_speed,96,1.0000989950185717,2.018635647611311,0.5127898960712743,0.0018455530764611558,0,0.02845322673783292,0.24027951184793242
1.0,0.5,4.0,4.0,0.0025,0.005,10.0,2000,two_speed,96,1.0002435640086815,1.997489293592608,0.5205423602002179,0.0025104249192989224,0,0.029143571752667723,0.24027951184793242
1.0,0.5,4.0,4.0,0.0025,0.005,20.0,4000,two_speed,96,1.0002180761030932,1.9958701465348934,0.5159399059311062,0.002622892995777187,0,0.024516400723482087,0.24027951184793242
1.0,0.5,4.0,4.0,0.0025,0.005,0.5,100,two_speed,97,1.0003681379699403,1.9943211840751536,0.5079615041914617,0.0023851001053241724,0,0.016610586505703514,0.24108737499253557
1.0,0.5,4.0,4.0,0.0025,0.005,1.0,200,two_speed,97,1.0003997127614266,1.9912275748366626,0.5134896388395631,0.0023594238792018682,0,0.022769406947159013,0.24108737499253557
1.0,0.5,4.0,4.0,0.0025,0.005,2.0,400,two_speed,97,1.000290525940588,1.9768686785531555,0.5208203863650346,0.0019676508890193707,0,0.03867773790544939,0.24108737499253557
1.0,0.5,4.0,4.0,0.0025,0.005,3.5,700,two_speed,97,0.9997030695403532,1.9695752002699207,0.5116850162941868,0.0024262718831966562,0,0.040234697590454595,0.24108737499253557
1.0,0.5,4.0,4.0,0.0025,0.005,5.0,1000,two_speed,97,0.999549568020808,1.9756521681502521,0.500650405116273,0.0024832469144734563,0,0.03076141098078262,0.24108737499253557
1.0,0.5,4.0,4.0,0.0025,0.005,10.0,2000,two_speed,97,0.9997403245630966,1.9680009272081653,0.5143950581324842,0.003156094370014648,0,0.04443295687986813,0.24108737499253557
1.0,0.5,4.0,4.0,0.0025,0.005,20.0,4000,two_speed,97,1.0004230034057633,1.976004052323068,0.5369303022329212,0.0018947887201094201,0,0.05504806414890306,0.24108737499253557
1.0,0.5,4.0,4.0,0.0025,0.005,0.5,100,two_speed,98,1.0001529435585472,2.0024712678052454,0.5029608349346056,0.0013551711223383565,0,0.008087380112387207,0.24097916071436234
1.0,0.5,4.0,4.0,0.0025,0.005,1.0,200,two_speed,98,1.000051722183222,1.9953744795913497,0.5057836130749045,0.0021760354291919114,0,0.01406633193989939,0.24097916071436234
1.0,0.5,4.0,4.0,0.0025,0.005,2.0,400,two_speed,98,0.999993781185013,2.0086492532364537,0.5129872962080485,0.0017395177340091457,0,0.0214025999537207,0.24097916071436234
1.0,0.5,4.0,4.0,0.0025,0.005,3.5,700,two_speed,98,1.0004856010267427,2.0006410650622035,0.5187026911170871,0.002380642605822094,0,0.026208956657453285,0.24097916071436234
1.0,0.5,4.0,4.0,0.0025,0.005,5.0,1000,two_speed,98,1.000530765419327,2.012143408665313,0.5271760307526777,0.002028893772173688,0,0.03830213812406974,0.24097916071436234
1.0,0.5,4.0,4.0,0.0025,0.005,10.0,2000,two_speed,98,1.0000711949922172,2.034751340454999,0.5210181462237207,0.001577667478830522,0,0.048685542597267976,0.24097916071436234
1.0,0.5,4.0,4.0,0.0025,0.005,20.0,4000,two_speed,98,0.9998090546238153,2.057337997468085,0.5197876568384692,0.0017205903864600405,0,0.071008550070813,0.24097916071436234
1.0,0.5,4.0,4.0,0.0025,0.005,0.5,100,two_speed,99,1.0000993401395417,1.9898443211127392,0.504106246393845,0.001848825873627956,0,0.015694392553449128,0.24115261299136495
1.0,0.5,4.0,4.0,0.0025,0.005,1.0,200,two_speed,99,0.9999264272746051,1.9861314548052067,0.5003650697593102,0.001649983824867459,0,0.01795426973723041,0.24115261299136495
1.0,0.5,4.0,4.0,0.0025,0.005,2.0,400,two_speed,99,1.0000811942917724,1.9886103803323856,0.5103704301459561,0.0016447013436050966,0,0.020321239146390082,0.24115261299136495
1.0,0.5,4.0,4.0,0.0025,0.005,3.5,700,two_speed,99,1.0000907100565883,1.9945623875147593,0.5156874499566518,0.0027140920703217896,0,0.024957555048464364,0.24115261299136495
1.0,0.5,4.0,4.0,0.0025,0.005,5.0,1000,two_speed,99,1.0000730925028074,1.9874225256917473,0.5236172577399161,0.0016369837266020997,0,0.034645353074547115,0.24115261299136495
1.0,0.5,4.0,4.0,0.0025,0.005,10.0,2000,two_speed,99,1.00017016530777,2.0013305363108396,0.517409686514155,0.0018578974954657059,0,0.024126762357616315,0.24115261299136495
1.0,0.5,4.0,4.0,0.0025,0.005,20.0,4000,two_speed,99,0.99999729646487,1.9654552962431797,0.5316601774908917,0.0018435457044873327,0,0.057271084198896566,0.24115261299136495
1.0,0.5,4.0,4.0,0.0025,0.005,0.5,100,two_speed,100,1.0000100599067427,2.0005747716871434,0.5010296291413062,0.0014500385220373119,0,0.007266324787469831,0.24239854172005185
1.0,0.5,4.0,4.0,0.0025,0.005,1.0,200,two_speed,100,0.999753513866829,1.9919458448433285,0.503038523593446,0.001551362914088086,0,0.012872151172022936,0.24239854172005185
1.0,0.5,4.0,4.0,0.0025,0.005,2.0,400,two_speed,100,0.9999181517806112,1.9691804545525882,0.5080250556782263,0.0016022362842494412,0,0.03782803883220543,0.24239854172005185
1.0,0.5,4.0,4.0,0.0025,0.005,3.5,700,two_speed,100,1.0000314912056363,1.9680968813333832,0.5193251960896927,0.0009762792784548864,0,0.04452227447812656,0.24239854172005185
1.0,0.5,4.0,4.0,0.0025,0.005,5.0,1000,two_speed,100,0.9999141012626875,1.9910962177433533,0.5198896215967765,0.0012984429951818533,0,0.028674235240413536,0.24239854172005185
1.0,0.5,4.0,4.0,0.0025,0.005,10.0,2000,two_speed,100,0.9996093151204998,1.971850873821359,0.5142588273169455,0.0025291536790750585,0,0.03968306137994936,0.24239854172005185
1.0,0.5,4.0,4.0,0.0025,0.005,20.0,4000,two_speed,100,0.9999121453184501,1.9829185974032815,0.5160600096130572,0.0021516855867314555,0,0.03067094149869598,0.24239854172005185
1.0,0.5,4.0,4.0,0.0025,0.005,0.5,100,two_speed,101,1.0003017348587493,2.0046099163392395,0.5110945534949856,0.0015176758367722988,0,0.016650713069216377,0.2415698095823505
1.0,0.5,4.0,4.0,0.0025,0.005,1.0,200,two_speed,101,1.0001212783709894,2.012252550459215,0.5047304668427425,0.0020813258563843143,0,0.018379078803146997,0.2415698095823505
1.0,0.5,4.0,4.0,0.0025,0.005,2.0,400,two_speed,101,1.0003949466798894,2.0132344509103652,0.5137194471309626,0.002568719667657203,0,0.02609680916894525,0.2415698095823505
1.0,0.5,4.0,4.0,0.0025,0.005,3.5,700,two_speed,101,1.0001904222924798,2.0277643817697952,0.5165430768140863,0.0016022838311827135,0,0.03901726745580051,0.2415698095823505
1.0,0.5,4.0,4.0,0.0025,0.005,5.0,1000,two_speed,101,1.0004716656601669,2.02662009370763,0.5248187973931949,0.0025965261971988467,0,0.045340973764641114,0.2415698095823505
1.0,0.5,4.0,4.0,0.0025,0.005,10.0,2000,two_speed,101,1.0002686522106756,2.030446596711583,0.5235627260956649,0.0020263543715314464,0,0.04697643770129381,0.2415698095823505
1.0,0.5,4.0,4.0,0.0025,0.005,20.0,4000,two_speed,101,1.0001415572774242,1.984012814231415,0.5186140667907376,0.0016664842483965516,0,0.031228054210724585,0.2415698095823505
1.0,0.5,4.0,4.0,0.0025,0.005,0.5,100,two_speed,102,1.0001570514111466,2.0012454588227357,0.5010217787278571,0.0016767856432699168,0,0.00843824951098447,0.24166835713133747
1.0,0.5,4.0,4.0,0.0025,0.005,1.0,200,two_speed,102,1.000229645609423,1.9970236410805329,0.5098846684033788,0.0017554587286252295,0,0.015548710301018863,0.24166835713133747
1.0,0.5,4.0,4.0,0.0025,0.005,2.0,400,two_speed,102,1.0002988823364476,1.9890455547667856,0.5106159143243331,0.0017705289999429949,0,0.02026808343908792,0.24166835713133747
1.0,0.5,4.0,4.0,0.0025,0.005,3.5,700,two_speed,102,1.0003538929656552,1.9709816015366433,0.5217099562733496,0.0033618038407256037,0,0.04635463737745172,0.24166835713133747
1.0,0.5,4.0,4.0,0.0025,0.005,5.0,1000,two_speed,102,1.0004727176091024,1.9734445914446803,0.5261268322488086,0.0016556444967809826,0,0.0454943902535691,0.24166835713133747
1.0,0.5,4.0,4.0,0.0025,0.005,10.0,2000,two_speed,102,1.0001512646648656,1.980846639961799,0.5125979184219494,0.002885081713243673,0,0.03058028550152765,0.24166835713133747
1.0,0.5,4.0,4.0,0.0025,0.005,20.0,4000,two_speed,102,0.9998731211961186,1.9514906202181017,0.5024560099161047,0.0020028556992949236,0,0.05692123257534581,0.24166835713133747
1.0,0.5,4.0,4.0,0.0025,0.005,0.5,100,two_speed,103,0.9999601588772067,1.99149540301766,0.5045287876151848,0.002093820256302222,0,0.015400149757595941,0.2407184761583007
1.0,0.5,4.0,4.0,0.0025,0.005,1.0,200,two_speed,103,1.000192523384641,1.9927449639440298,0.5102528171095236,0.0019120953692683957,0,0.018056322024428084,0.2407184761583007
1.0,0.5,4.0,4.0,0.0025,0.005,2.0,400,two_speed,103,1.0003394551435005,2.0042315416192618,0.5214549603273644,0.0017348873965620962,0,0.02896348741943506,0.2407184761583007
1.0,0.5,4.0,4.0,0.0025,0.005,3.5,700,two_speed,103,0.9998767222941755,2.0038493331903684,0.5187630994852523,0.0027461439968628305,0,0.02844208018683723,0.2407184761583007
1.0,0.5,4.0,4.0,0.0025,0.005,5.0,1000,two_speed,103,0.999721278486281,1.9947295273973225,0.5242334854063496,0.00202420919654136,0,0.03398667077573075,0.2407184761583007
1.0,0.5,4.0,4.0,0.0025,0.005,10.0,2000,two_speed,103,1.000120015284154,2.029567323047325,0.5310854149657634,0.0016797522897269487,0,0.052933737901732836,0.2407184761583007
1.0,0.5,4.0,4.0,0.0025,0.005,20.0,4000,two_speed,103,0.9997861802628281,2.00714924571762,0.509999437022937,0.0018474107292712337,0,0.0182433077388543,0.2407184761583007
1.0,0.5,4.0,4.0,0.0025,0.005,0.5,100,two_speed,104,0.9998566353471967,1.9950601160271153,0.504620459787063,0.0023221104990264613,0,0.014252237899117717,0.24181891671781028
1.0,0.5,4.0,4.0,0.0025,0.005,1.0,200,two_speed,104,1.0002153669880847,1.998817286733321,0.5158002493842988,0.0015785703434720913,0,0.02163742868664173,0.24181891671781028
1.0,0.5,4.0,4.0,0.0025,0.005,2.0,400,two_speed,104,0.9999255721392152,1.9967829833566582,0.5140256114870883,0.0018374270875843265,0,0.02079820840374515,0.24181891671781028
1.0,0.5,4.0,4.0,0.0025,0.005,3.5,700,two_speed,104,1.0000040545173627,2.0049212335014235,0.5049140370868382,0.002269180689599899,0,0.014020114839469506,0.24181891671781028
1.0,0.5,4.0,4.0,0.0025,0.005,5.0,1000,two_speed,104,1.0000393490152162,2.0113679498730557,0.5189029878498765,0.002702995392194087,0,0.03082444846167138,0.24181891671781028
1.0,0.5,4.0,4.0,0.0025,0.005,10.0,2000,two_speed,104,1.000134283078592,2.0181424490583626,0.519408311144802,0.0017498654397093386,0,0.03351510969914562,0.24181891671781028
1.0,0.5,4.0,4.0,0.0025,0.005,20.0,4000,two_speed,104,0.9997740234539483,2.034617659557336,0.5167439754000152,0.0019141784722945176,0,0.04650342876177178,0.24181891671781028
1.0,0.5,4.0,4.0,0.0025,0.005,0.5,100,two_speed,105,1.000032172799111,1.9977222611643697,0.5038007835627467,0.0019994635476184505,0,0.01127999012527034,0.24218717257359199
1.0,0.5,4.0,4.0,0.0025,0.005,1.0,200,two_speed,105,1.000077095939468,2.0064288424547594,0.5120070872115092,0.001386119258103272,0,0.018488560695301373,0.24218717257359199
1.0,0.5,4.0,4.0,0.0025,0.005,2.0,400,two_speed,105,1.0002036357469422,2.0181053084945906,0.5159296202971538,0.002228856403100336,0,0.03108788019410061,0.24218717257359199
1.0,0.5,4.0,4.0,0.0025,0.005,3.5,700,two_speed,105,0.9999549785514062,1.9933844176432542,0.5196656349654111,0.0025290475569276012,0,0.029385617142250218,0.24218717257359199
1.0,0.5,4.0,4.0,0.0025,0.005,5.0,1000,two_speed,105,1.0001570077310797,1.9719123169790633,0.5212663126923152,0.002055599722601769,0,0.04318369736949231,0.24218717257359199
1.0,0.5,4.0,4.0,0.0025,0.005,10.0,2000,two_speed,105,1.0004285102216013,1.9678384791403902,0.5182026659951481,0.002639707884341788,0,0.04511908872770055,0.24218717257359199
1.0,0.5,4.0,4.0,0.0025,0.005,20.0,4000,two_speed,105,0.9999937326158491,1.9410949705018632,0.5145908775752451,0.0025570634329810976,0,0.07134829011274624,0.24218717257359199
1.0,0.5,4.0,4.0,0.0025,0.005,0.5,100,two_speed,106,0.999844648914979,1.993968225918324,0.5009289492457415,0.001834343654365852,0,0.011503296313256526,0.24108007743156382
1.0,0.5,4.0,4.0,0.0025,0.005,1.0,200,two_speed,106,0.9997616925394183,2.0009156253282185,0.5043910098642232,0.002927704955911827,0,0.015733945584108476,0.24108007743156382
1.0,0.5,4.0,4.0,0.0025,0.005,2.0,400,two_speed,106,1.000035984536876,1.9947863329383628,0.5117563048249887,0.0019470987280450832,0,0.019010538754186214,0.24108007743156382
1.0,0.5,4.0,4.0,0.0025,0.005,3.5,700,two_speed,106,1.0001735803733007,1.9825016726751197,0.5171533673846482,0.002004411485331375,0,0.031224326351861374,0.24108007743156382
1.0,0.5,4.0,4.0,0.0025,0.005,5.0,1000,two_speed,106,1.000329739389296,1.9813158736436285,0.5278437394953227,0.0017915678180585504,0,0.04229878310206717,0.24108007743156382
1.0,0.5,4.0,4.0,0.0025,0.005,10.0,2000,two_speed,106,1.0003602150512594,1.9964983379714463,0.5223157405179717,0.0020659467586368408,0,0.030319077909138962,0.24108007743156382
1.0,0.5,4.0,4.0,0.0025,0.005,20.0,4000,two_speed,106,1.000000178677804,1.9676400178895637,0.5238031521592288,0.0027317582044411102,0,0.04970590653384768,0.24108007743156382
1.0,0.5,4.0,4.0,0.0025,0.005,0.5,100,two_speed,107,1.00030595671285,2.0045564755662655,0.5009283019234234,0.002162533404962726,0,0.011929358803346201,0.24074037501122802
1.0,0.5,4.0,4.0,0.0025,0.005,1.0,200,two_speed,107,1.0004349118617952,2.0028972388142154,0.5060511381299087,0.0020252376986538046,0,0.012743568141647512,0.24074037501122802
1.0,0.5,4.0,4.0,0.0025,0.005,2.0,400,two_speed,107,1.0004865040669169,2.0002234416719538,0.5152473302347987,0.0027782336000920496,0,0.023401491627048403,0.24074037501122802
1.0,0.5,4.0,4.0,0.0025,0.005,3.5,700,two_speed,107,1.000410282018772,2.0154595866686162,0.523541335289195,0.0028709512545725484,0,0.037449173762225896,0.24074037501122802
1.0,0.5,4.0,4.0,0.0025,0.005,5.0,1000,two_speed,107,0.9998837918947887,2.01874251611899,0.5083426202766159,0.0017475890992561668,0,0.025726889017170025,0.24074037501122802
1.0,0.5,4.0,4.0,0.0025,0.005,10.0,2000,two_speed,107,0.9996114554727432,2.0724782039139664,0.5072046562229849,0.003873621600927498,0,0.08627307628560008,0.24074037501122802
1.0,0.5,4.0,4.0,0.0025,0.005,20.0,4000,two_speed,107,0.9995895570388148,2.067828603742517,0.5077865571704651,0.0028728661243490427,0,0.0801482095154064,0.24074037501122802
1.0,0.5,4.0,4.0,0.0025,0.005,0.5,100,two_speed,108,1.0000422540783496,1.9964128361691178,0.5031123072602149,0.0011612243049773441,0,0.008093083471257978,0.2412167500006035
1.0,0.5,4.0,4.0,0.0025,0.005,1.0,200,two_speed,108,1.0000425242136204,1.993453386339831,0.5072311503382867,0.0012413146974472517,0,0.013467435813031364,0.2412167500006035
1.0,0.5,4.0,4.0,0.0025,0.005,2.0,400,two_speed,108,0.9998558502622216,1.978749364081583,0.5070044125630481,0.001958096481767977,0,0.02788152274213148,0.2412167500006035
1.0,0.5,4.0,4.0,0.0025,0.005,3.5,700,two_speed,108,1.0001421095152379,1.97830397547447,0.5155293912917004,0.0017905879895785779,0,0.03299944579587567,0.2412167500006035
1.0,0.5,4.0,4.0,0.0025,0.005,5.0,1000,two_speed,108,0.9999613366080323,1.995629070246418,0.5187508083664731,0.0021944642950126538,0,0.027159079539202935,0.2412167500006035
1.0,0.5,4.0,4.0,0.0025,0.005,10.0,2000,two_speed,108,0.9998932033445156,2.0362674041779067,0.524265732398695,0.002362256580561431,0,0.05350459037472132,0.2412167500006035
1.0,0.5,4.0,4.0,0.0025,0.005,20.0,4000,two_speed,108,0.9993416479938628,2.010564677033638,0.5162383291322588,0.002795406960508005,0,0.02909657311001782,0.2412167500006035
1.0,0.5,4.0,4.0,0.0025,0.005,0.5,100,two_speed,109,1.0001672386888405,2.0026208063973603,0.5079291123171694,0.0020857344684842094,0,0.014648204057252827,0.24068835114927165
1.0,0.5,4.0,4.0,0.0025,0.005,1.0,200,two_speed,109,1.0001769705057657,2.00459454430875,0.5127293410449202,0.0018140670256592637,0,0.01928505173913132,0.24068835114927165
1.0,0.5,4.0,4.0,0.0025,0.005,2.0,400,two_speed,109,1.0002997753878713,2.0151899774898023,0.5168627540968227,0.00231422481099413,0,0.029784687233758687,0.24068835114927165
1.0,0.5,4.0,4.0,0.0025,0.005,3.5,700,two_speed,109,0.9999800165966413,2.0011664315126243,0.5228622833718857,0.0016287337947482087,0,0.030765686501155052,0.24068835114927165
1.0,0.5,4.0,4.0,0.0025,0.005,5.0,1000,two_speed,109,1.0001999293029524,2.005671276420497,0.5204544595258925,0.002988698724382707,0,0.03063536200191311,0.24068835114927165
1.0,0.5,4.0,4.0,0.0025,0.005,10.0,2000,two_speed,109,1.0000249347840369,1.9688341391979198,0.516942028980918,0.0016292888088246954,0,0.04269597027408359,0.24068835114927165
1.0,0.5,4.0,4.0,0.0025,0.005,20.0,4000,two_speed,109,0.9999468627606374,2.0002405585259506,0.5262720413943246,0.0015600844686414175,0,0.03502911830581262,0.24068835114927165
1.0,0.5,4.0,4.0,0.0025,0.005,0.5,100,two_speed,110,0.9998582487977128,1.9941031004042653,0.5039489073809718,0.0016009999870848165,0,0.01175401617183801,0.2408863094335954
1.0,0.5,4.0,4.0,0.0025,0.005,1.0,200,two_speed,110,0.9997050951559846,1.9875325208067123,0.5009331716449867,0.0019367583704469028,0,0.017397214306348868,0.2408863094335954
1.0,0.5,4.0,4.0,0.0025,0.005,2.0,400,two_speed,110,0.9997058833717605,1.9916052297597693,0.5071326114673828,0.0018940970013303488,0,0.016733585888232892,0.2408863094335954
1.0,0.5,4.0,4.0,0.0025,0.005,3.5,700,two_speed,110,0.9996747883026743,1.9889227669105416,0.5110979593110061,0.0019302142133344323,0,0.021971088120640563,0.2408863094335954
1.0,0.5,4.0,4.0,0.0025,0.005,5.0,1000,two_speed,110,1.0000829030048428,2.0023501919222007,0.5183823792874933,0.0021193595504746844,0,0.026037958385841792,0.2408863094335954
1.0,0.5,4.0,4.0,0.0025,0.005,10.0,2000,two_speed,110,0.9996362786066665,2.0222536537028493,0.5103429897450614,0.0021772333586061454,0,0.03126268940886633,0.2408863094335954
1.0,0.5,4.0,4.0,0.0025,0.005,20.0,4000,two_speed,110,0.9997176165342202,2.0412529711593668,0.5196271365333955,0.0018565838014501174,0,0.054619877990091825,0.2408863094335954
1.0,0.5,4.0,4.0,0.0025,0.005,0.5,100,two_speed,111,0.9999534227346785,1.9994786951195513,0.5084565543457856,0.0027820594095495955,0,0.017621686848563804,0.24159711900366737
1.0,0.5,4.0,4.0,0.0025,0.005,1.0,200,two_speed,111,1.000087191429113,1.9873721264795523,0.5069783217738416,0.0032837372754523854,0,0.023400972068349946,0.24159711900366737
1.0,0.5,4.0,4.0,0.0025,0.005,2.0,400,two_speed,111,1.0002006856179806,1.9835256500182255,0.5168458125294954,0.0020584388037929702,0,0.03031858093488969,0.24159711900366737
1.0,0.5,4.0,4.0,0.0025,0.005,3.5,700,two_speed,111,1.0001412943421462,1.9920429569017657,0.5149134552632312,0.00127860144374358,0,0.02207484818014248,0.24159711900366737
1.0,0.5,4.0,4.0,0.0025,0.005,5.0,1000,two_speed,111,0.9999665879500929,2.00958399474007,0.5187653348159791,0.0018044810574722545,0,0.028176496142358447,0.24159711900366737
1.0,0.5,4.0,4.0,0.0025,0.005,10.0,2000,two_speed,111,1.000014109328593,2.0053779912400507,0.5101259446587925,0.0016742128236694974,0,0.016721614043292695,0.24159711900366737
1.0,0.5,4.0,4.0,0.0025,0.005,20.0,4000,two_speed,111,1.000405409832912,2.0127208252409994,0.5216427035660853,0.0030444121457079776,0,0.034338668563510845,0.24159711900366737
1.0,0.5,4.0,4.0,0.0025,0.005,0.5,100,two_speed,112,1.0000153657020459,2.011651018844135,0.5031197160794815,0.0019004384887478963,0,0.016858515353902287,0.24120220244263432
1.0,0.5,4.0,4.0,0.0025,0.005,1.0,200,two_speed,112,1.0000161971244197,2.008160655044928,0.5042263044213817,0.0017945445478076924,0,0.01400243710685123,0.24120220244263432
1.0,0.5,4.0,4.0,0.0025,0.005,2.0,400,two_speed,112,1.0003700459439728,1.9996555961423144,0.5090474059256446,0.001824468333771513,0,0.014314548875700214,0.24120220244263432
1.0,0.5,4.0,4.0,0.0025,0.005,3.5,700,two_speed,112,1.0000881984656298,2.0019803820022655,0.5185430127974605,0.0020832726014039745,0,0.026111995930317936,0.24120220244263432
1.0,0.5,4.0,4.0,0.0025,0.005,5.0,1000,two_speed,112,1.0002216474808652,2.010068503228066,0.5233478925785764,0.002009434655743162,0,0.0335343465619723,0.24120220244263432
1.0,0.5,4.0,4.0,0.0025,0.005,10.0,2000,two_speed,112,1.0002364125206233,2.000911421275626,0.5204391126970433,0.0023837709535687707,0,0.028619703499432565,0.24120220244263432
1.0,0.5,4.0,4.0,0.0025,0.005,20.0,4000,two_speed,112,0.9996741754320274,2.035837273335213,0.5205405944584621,0.0028025449680852098,0,0.05124382444652896,0.24120220244263432
1.0,0.5,4.0,4.0,0.0025,0.005,0.5,100,two_speed,113,1.0002422878733748,2.0014219084176976,0.5113630957644192,0.002322501339675296,0,0.01841608041438789,0.24096247613696115
1.0,0.5,4.0,4.0,0.0025,0.005,1.0,200,two_speed,113,1.0002882979251404,2.007202550339127,0.5167382551925142,0.0019927146000152398,0,0.024766158929226977,0.24096247613696115
1.0,0.5,4.0,4.0,0.0025,0.005,2.0,400,two_speed,113,0.9999617975702102,1.998170917174883,0.5178974073108169,0.002056988003480602,0,0.025539761660093405,0.24096247613696115
1.0,0.5,4.0,4.0,0.0025,0.005,3.5,700,two_speed,113,0.9998653814522835,1.9676061736459807,0.5161710431854631,0.0018412401771281165,0,0.043772150821936556,0.24096247613696115
1.0,0.5,4.0,4.0,0.0025,0.005,5.0,1000,two_speed,113,0.9997853693899655,1.9785529520399951,0.5214171948474768,0.002688070604419536,0,0.03975553395999488,0.24096247613696115
1.0,0.5,4.0,4.0,0.0025,0.005,10.0,2000,two_speed,113,0.999786224824783,1.9867712848171288,0.5229649998104569,0.0022145643190196553,0,0.03557307438662447,0.24096247613696115
1.0,0.5,4.0,4.0,0.0025,0.005,20.0,4000,two_speed,113,0.9999285933647359,2.0374011085534005,0.5095212414894753,0.0024160890966567474,0,0.046236933872449155,0.24096247613696115
1.0,0.5,4.0,4.0,0.0025,0.005,0.5,100,two_speed,114,1.0000442499008078,2.002182768434812,0.49997523069434335,0.001903322481073173,0,0.009673010089405064,0.24063226184807718
1.0,0.5,4.0,4.0,0.0025,0.005,1.0,200,two_speed,114,0.9999317121360604,2.001359087049754,0.49965578306531755,0.002156785297436341,0,0.01070357207405602,0.24063226184807718
1.0,0.5,4.0,4.0,0.0025,0.005,2.0,400,two_speed,114,1.0000709581883473,2.0100280815756957,0.5076993300368857,0.0018657003940828266,0,0.0177104756495939,0.24063226184807718
1.0,0.5,4.0,4.0,0.0025,0.005,3.5,700,two_speed,114,0.9997081589000965,2.0102844451138804,0.5159386489490361,0.0015279138531399403,0,0.02552011209596002,0.24063226184807718
1.0,0.5,4.0,4.0,0.0025,0.005,5.0,1000,two_speed,114,1.0001412364032913,2.0072586550446103,0.5195225272817771,0.0015431261112374998,0,0.027490604098934546,0.24063226184807718
1.0,0.5,4.0,4.0,0.0025,0.005,10.0,2000,two_speed,114,0.9997822253498505,1.971267197352434,0.5115415405937765,0.00259086078212412,0,0.038520896662462625,0.24063226184807718
1.0,0.5,4.0,4.0,0.0025,0.005,20.0,4000,two_speed,114,1.0001970331235888,1.9622429737386817,0.5243446895386339,0.0012864360283417584,0,0.05356633782958152,0.24063226184807718
1.0,0.5,4.0,4.0,0.0025,0.005,0.5,100,two_speed,115,1.000199407947035,1.997606248437244,0.507097535475589,0.0018170828318834233,0,0.012883015368513126,0.2403980237099209
1.0,0.5,4.0,4.0,0.0025,0.005,1.0,200,two_speed,115,1.0001405654416111,2.0077298054066675,0.509600813511138,0.002130199083847026,0,0.01839449063109109,0.2403980237099209
1.0,0.5,4.0,4.0,0.0025,0.005,2.0,400,two_speed,115,1.0004372397579926,2.0106835733210273,0.5181951129063742,0.0015331376090045362,0,0.026959404901686215,0.2403980237099209
1.0,0.5,4.0,4.0,0.0025,0.005,3.5,700,two_speed,115,1.0004781223907222,2.027739607391431,0.5156385667950708,0.0021285094178972457,0,0.03881997015119955,0.2403980237099209
1.0,0.5,4.0,4.0,0.0025,0.005,5.0,1000,two_speed,115,1.0005840887796311,2.0247149123537387,0.5168871928719414,0.003681017987148275,0,0.03976801243891457,0.2403980237099209
1.0,0.5,4.0,4.0,0.0025,0.005,10.0,2000,two_speed,115,0.9999000401230842,2.015106192386078,0.5202446256322174,0.0021164946557326483,0,0.03319510319465065,0.2403980237099209
1.0,0.5,4.0,4.0,0.0025,0.005,20.0,4000,two_speed,115,0.9999602447635526,2.0160455151885355,0.5185938973258889,0.001802468158551,0,0.03161076858915428,0.2403980237099209
1.0,0.5,4.0,4.0,0.0025,0.005,0.5,100,two_speed,116,1.0004167876814152,2.0025257483132046,0.514505672294908,0.001953507993614271,0,0.020735815465556036,0.240890095276492
1.0,0.5,4.0,4.0,0.0025,0.005,1.0,200,two_speed,116,1.000439327534775,1.9999008792804194,0.519633099492622,0.0023071293325134475,0,0.02716305501054797,0.240890095276492
1.0,0.5,4.0,4.0,0.0025,0.005,2.0,400,two_speed,116,1.0004469514884997,2.0043187086355827,0.524471874948162,0.0016625940207572862,0,0.032334656134179976,0.240890095276492
1.0,0.5,4.0,4.0,0.0025,0.005,3.5,700,two_speed,116,1.0002449185739553,2.036384127031953,0.5152879880020468,0.0025255140732617356,0,0.04780054439332025,0.240890095276492
1.0,0.5,4.0,4.0,0.0025,0.005,5.0,1000,two_speed,116,1.0003667672855827,2.0201972159508688,0.5135155930403549,0.00187741149784956,0,0.03012645420655743,0.240890095276492
1.0,0.5,4.0,4.0,0.0025,0.005,10.0,2000,two_speed,116,1.0000263456631415,2.0418072341092115,0.5126780710053435,0.0019475100732799229,0,0.051652888243657956,0.240890095276492
1.0,0.5,4.0,4.0,0.0025,0.005,20.0,4000,two_speed,116,1.0003967680875698,2.040636214893448,0.525010759469845,0.0019188077490133997,0,0.05702956284189486,0.240890095276492
1.0,0.5,4.0,4.0,0.0025,0.005,0.5,100,two_speed,117,0.9999376261473941,2.0045615584906047,0.5016777408379739,0.002091517593014694,0,0.011773349726151778,0.24224594642873853
1.0,0.5,4.0,4.0,0.0025,0.005,1.0,200,two_speed,117,1.0000592982089742,2.0096118930821154,0.5101654373251323,0.0017544687190479218,0,0.019230896563857673,0.24224594642873853
1.0,0.5,4.0,4.0,0.0025,0.005,2.0,400,two_speed,117,0.9998775708414352,2.0165149875467514,0.5080884342853966,0.0018994780335703431,0,0.023827195071021802,0.24224594642873853
1.0,0.5,4.0,4.0,0.0025,0.005,3.5,700,two_speed,117,1.0001725743993397,2.007085910420644,0.5213343722560583,0.0015413291059866426,0,0.029525736065389534,0.24224594642873853
1.0,0.5,4.0,4.0,0.0025,0.005,5.0,1000,two_speed,117,0.9997923821250546,2.0115639199242725,0.5171305464060313,0.00196087615024518,0,0.027906475815714444,0.24224594642873853
1.0,0.5,4.0,4.0,0.0025,0.005,10.0,2000,two_speed,117,1.0001857657898416,2.027918931158803,0.5360802480399114,0.0024848421624759772,0,0.057337740176275014,0.24224594642873853
1.0,0.5,4.0,4.0,0.0025,0.005,20.0,4000,two_speed,117,1.000041391648363,2.0876652951905763,0.5102130495354429,0.0017031722227390368,0,0.10190452739420675,0.24224594642873853
1.0,0.5,4.0,4.0,0.0025,0.005,0.5,100,two_speed,118,0.9999952440080234,1.994138804444621,0.5054707089816082,0.0015303657516209186,0,0.01237619730864126,0.24035623213941498
1.0,0.5,4.0,4.0,0.0025,0.005,1.0,200,two_speed,118,1.0001371801992838,1.9933871408719412,0.5184526963309866,0.0018406755908806634,0,0.02649283022262334,0.24035623213941498
1.0,0.5,4.0,4.0,0.0025,0.005,2.0,400,two_speed,118,1.0001431318050806,1.997926176461361,0.5246144686285302,0.002239417751025773,0,0.03363525799310716,0.24035623213941498
1.0,0.5,4.0,4.0,0.0025,0.005,3.5,700,two_speed,118,1.0001058359449635,1.9931256120704146,0.5225715644559564,0.00200178510495339,0,0.03171134452271551,0.24035623213941498
1.0,0.5,4.0,4.0,0.0025,0.005,5.0,1000,two_speed,118,0.9998935427991392,1.989054738023994,0.5257720316070706,0.0022026651696434043,0,0.03728010829460687,0.24035623213941498
1.0,0.5,4.0,4.0,0.0025,0.005,10.0,2000,two_speed,118,0.9999568404972826,2.0173861334504717,0.5156216989710992,0.0018536573501296194,0,0.029963207890724906,0.24035623213941498
1.0,0.5,4.0,4.0,0.0025,0.005,20.0,4000,two_speed,118,1.0001646144051775,1.9794289993067526,0.5275069673571351,0.0035840058109433788,0,0.045548005659743505,0.24035623213941498
1.0,0.5,4.0,4.0,0.0025,0.005,0.5,100,two_speed,119,1.0002073077852822,1.9916172144676496,0.5037240329557879,0.0019085482826393116,0,0.014198469337233427,0.2405609047273174
1.0,0.5,4.0,4.0,0.0025,0.005,1.0,200,two_speed,119,1.0000604211496211,1.9849864205014949,0.5093005518103781,0.0022262515920809032,0,0.023741980409437497,0.2405609047273174
1.0,0.5,4.0,4.0,0.0025,0.005,2.0,400,two_speed,119,0.9998555545679377,1.9889829887457606,0.5084804144481349,0.0022584245574969347,0,0.02035026840554468,0.2405609047273174
1.0,0.5,4.0,4.0,0.0025,0.005,3.5,700,two_speed,119,1.0005969711402865,1.9873441260424995,0.5198806702107166,0.002789851455998567,0,0.031800819884072795,0.2405609047273174
1.0,0.5,4.0,4.0,0.0025,0.005,5.0,1000,two_speed,119,1.0001750175700763,1.9962127820696196,0.5160270061593447,0.0017215690047879036,0,0.0226266428455913,0.2405609047273174
1.0,0.5,4.0,4.0,0.0025,0.005,10.0,2000,two_speed,119,1.0000642318214326,1.9882179702101175,0.527465359754342,0.004062267338965569,0,0.04268323489810984,0.2405609047273174
1.0,0.5,4.0,4.0,0.0025,0.005,20.0,4000,two_speed,119,0.9999962027856819,1.968904195296129,0.5274522889225361,0.001679627262168203,0,0.050924706771068196,0.2405609047273174
1.0,0.5,4.0,4.0,0.0025,0.005,0.5,100,two_speed,120,1.0002677832936417,2.00121389480189,0.5105077840995063,0.001879622565631111,0,0.016181267475222985,0.24093626185120748
1.0,0.5,4.0,4.0,0.0025,0.005,1.0,200,two_speed,120,1.0001493656869003,1.9902871565354172,0.5142364614876436,0.0020946076384034326,0,0.02373660205677654,0.24093626185120748
1.0,0.5,4.0,4.0,0.0025,0.005,2.0,400,two_speed,120,1.0000108847641667,2.0093983987453226,0.5187642741703012,0.0014429878510484311,0,0.0275134944870548,0.24093626185120748
1.0,0.5,4.0,4.0,0.0025,0.005,3.5,700,two_speed,120,1.0000684188267799,2.0104510451506785,0.5196774138056733,0.0014886836641194805,0,0.028976905647193935,0.24093626185120748
1.0,0.5,4.0,4.0,0.0025,0.005,5.0,1000,two_speed,120,0.9998474006316527,2.0225673010765957,0.5182403725850837,0.0025030390894306416,0,0.03724346339311146,0.24093626185120748
1.0,0.5,4.0,4.0,0.0025,0.005,10.0,2000,two_speed,120,1.0001951790798327,2.036284166259628,0.5219592310601447,0.002578123993308127,0,0.051799218627135726,0.24093626185120748
1.0,0.5,4.0,4.0,0.0025,0.005,20.0,4000,two_speed,120,1.0002554451096166,2.0356946547649657,0.534669884276205,0.001995622282787784,0,0.06087920295446092,0.24093626185120748
1.0,0.5,4.0,4.0,0.0025,0.005,0.5,100,two_speed,121,0.9999295184565462,2.0038623266424667,0.50541684158007,0.0015546148364197587,0,0.011416777789201074,0.24152136900063073
1.0,0.5,4.0,4.0,0.0025,0.005,1.0,200,two_speed,121,0.9999110717940302,2.0026135158635308,0.5071067868975957,0.00161689654488328,0,0.012720757356906112,0.24152136900063073
1.0,0.5,4.0,4.0,0.0025,0.005,2.0,400,two_speed,121,1.0003236037927743,1.9917602013133553,0.5155824966319399,0.0022174853700532974,0,0.024402742180994554,0.24152136900063073
1.0,0.5,4.0,4.0,0.0025,0.005,3.5,700,two_speed,121,0.9999254311189019,1.9989137745505718,0.5092758901006216,0.0017324284539842179,0,0.014970000707470394,0.24152136900063073
1.0,0.5,4.0,4.0,0.0025,0.005,5.0,1000,two_speed,121,0.9998617916735096,1.9785159210484016,0.5154201638454071,0.0014405262062897903,0,0.03274623963322508,0.24152136900063073
1.0,0.5,4.0,4.0,0.0025,0.005,10.0,2000,two_speed,121,0.9998455176022931,1.967041420611767,0.5164164771132415,0.00243635647198004,0,0.045148338205105686,0.24152136900063073
1.0,0.5,4.0,4.0,0.0025,0.005,20.0,4000,two_speed,121,0.9999890075601223,1.9421468851233425,0.5289037695463492,0.0014490302262455334,0,0.07608407787129952,0.24152136900063073
1.0,0.5,4.0,4.0,0.0025,0.005,0.5,100,two_speed,122,1.0000456185997484,2.0077258546123913,0.5060721599055228,0.0019001402889293262,0,0.015086552318285493,0.24052296429207282
1.0,0.5,4.0,4.0,0.0025,0.005,1.0,200,two_speed,122,1.0000785862954895,2.0089809566842423,0.5034828520712529,0.0018037320075278726,0,0.01432812239920314,0.24052296429207282
1.0,0.5,4.0,4.0,0.0025,0.005,2.0,400,two_speed,122,1.0000274534307652,2.0017502804998015,0.5130468091246597,0.002277272428803789,0,0.0204438719957261,0.24052296429207282
1.0,0.5,4.0,4.0,0.0025,0.005,3.5,700,two_speed,122,1.000118229531336,2.008575002709393,0.5191802398416967,0.0029695090849962704,0,0.030269568657843766,0.24052296429207282
1.0,0.5,4.0,4.0,0.0025,0.005,5.0,1000,two_speed,122,1.0006547592097113,2.020112916600438,0.516413956207312,0.0027774680088296943,0,0.033608988245667264,0.24052296429207282
1.0,0.5,4.0,4.0,0.0025,0.005,10.0,2000,two_speed,122,1.0005114915872504,2.043103307235922,0.533585490077305,0.0020818895832944197,0,0.06544880084874595,0.24052296429207282
1.0,0.5,4.0,4.0,0.0025,0.005,20.0,4000,two_speed,122,1.000061248834548,2.058707243904589,0.5263065385079033,0.002178538764226768,0,0.07559781262974614,0.24052296429207282
1.0,0.5,4.0,4.0,0.0025,0.005,0.5,100,two_speed,123,1.0000196841041145,2.0090664649205805,0.5000499297803084,0.0025697347465712716,0,0.016385598392664704,0.2400611011377935
1.0,0.5,4.0,4.0,0.0025,0.005,1.0,200,two_speed,123,1.000275095047922,2.003562946612977,0.5094340932756668,0.0025764251682509776,0,0.017810379697191462,0.2400611011377935
1.0,0.5,4.0,4.0,0.0025,0.005,2.0,400,two_speed,123,1.0000149093709771,2.003104880852494,0.5123539795355475,0.002236568004259706,0,0.01976978554342716,0.2400611011377935
1.0,0.5,4.0,4.0,0.0025,0.005,3.5,700,two_speed,123,1.0000194658179615,1.9919511950127318,0.5123753060736776,0.0018039002293590393,0,0.020592900945192463,0.2400611011377935
1.0,0.5,4.0,4.0,0.0025,0.005,5.0,1000,two_speed,123,0.9999681647065918,1.974082680938277,0.5216521419560713,0.0018337538118782192,0,0.04187189949916332,0.2400611011377935
1.0,0.5,4.0,4.0,0.0025,0.005,10.0,2000,two_speed,123,1.0005090274032018,1.9627318298627516,0.5239661535864605,0.0031923607313024804,0,0.05415998799558867,0.2400611011377935
1.0,0.5,4.0,4.0,0.0025,0.005,20.0,4000,two_speed,123,1.0001496790598843,1.9338665234219328,0.5250776295841686,0.0016582905306425015,0,0.08224416739166589,0.2400611011377935
1.0,0.5,4.0,4.0,0.0025,0.005,0.5,100,two_speed,124,0.9999380345228257,1.9896353878437776,0.5045275475247843,0.002273700141944637,0,0.017455265049976482,0.24286835713844215
1.0,0.5,4.0,4.0,0.0025,0.005,1.0,200,two_speed,124,1.0002712858457052,1.988602097434437,0.5065201134019122,0.0021002789554418464,0,0.018547614045075916,0.24286835713844215
1.0,0.5,4.0,4.0,0.0025,0.005,2.0,400,two_speed,124,0.9999854876206277,1.989608227446063,0.5100149064728986,0.0017637628711136086,0,0.019725484778000867,0.24286835713844215
1.0,0.5,4.0,4.0,0.0025,0.005,3.5,700,two_speed,124,1.0000814448396238,2.009217948718809,0.5159642479742693,0.0013899816857459925,0,0.024130223058177254,0.24286835713844215
1.0,0.5,4.0,4.0,0.0025,0.005,5.0,1000,two_speed,124,0.9997338871231567,2.00017906134191,0.5119894418382911,0.002038936916754129,0,0.019073225080445927,0.24286835713844215
1.0,0.5,4.0,4.0,0.0025,0.005,10.0,2000,two_speed,124,1.0004784264534905,2.010479505674378,0.5204147300227703,0.001978027398486562,0,0.02988380596564478,0.24286835713844215
1.0,0.5,4.0,4.0,0.0025,0.005,20.0,4000,two_speed,124,0.9999323320012251,2.032426315134279,0.5168853817148938,0.0020084225916657105,0,0.044245192382585015,0.24286835713844215
1.0,0.5,4.0,4.0,0.0025,0.005,0.5,100,two_speed,125,1.0003823239178846,2.0002589521741845,0.5095256436782971,0.0020978042212888683,0,0.015651222200200893,0.24300838100524352
1.0,0.5,4.0,4.0,0.0025,0.005,1.0,200,two_speed,125,1.0001567844930803,2.0000738801852744,0.5102461099957529,0.0017945396813381367,0,0.015770401969701135,0.24300838100524352
1.0,0.5,4.0,4.0,0.0025,0.005,2.0,400,two_speed,125,1.0003245318963987,1.9932219736863397,0.5154510430503696,0.0022713133148833304,0,0.02374200191184179,0.24300838100524352
1.0,0.5,4.0,4.0,0.0025,0.005,3.5,700,two_speed,125,0.9998331184058034,1.9755429941240035,0.5030180354239475,0.0024891139247216467,0,0.031055035020577753,0.24300838100524352
1.0,0.5,4.0,4.0,0.0025,0.005,5.0,1000,two_speed,125,1.0000255005182332,1.9624374239150122,0.5082168122457291,0.0014090786100591983,0,0.04506539067918665,0.24300838100524352
1.0,0.5,4.0,4.0,0.0025,0.005,10.0,2000,two_speed,125,1.0000769115899975,1.9639346621336866,0.5125850688674071,0.0016698625577720799,0,0.04514671953768369,0.24300838100524352
1.0,0.5,4.0,4.0,0.0025,0.005,20.0,4000,two_speed,125,0.9999510624066803,1.965818108638485,0.5099492565627559,0.0013291210688709204,0,0.04192697555633712,0.24300838100524352
1.0,0.5,4.0,4.0,0.0025,0.005,0.5,100,two_speed,126,0.9999663685080133,2.0009343795644696,0.5025089946193743,0.0019212513339666767,0,0.01006527437259959,0.2412353630144415
1.0,0.5,4.0,4.0,0.0025,0.005,1.0,200,two_speed,126,1.0001279621568508,2.0058351178601233,0.5053223042259671,0.0026709379556272795,0,0.016208909821810145,0.2412353630144415
1.0,0.5,4.0,4.0,0.0025,0.005,2.0,400,two_speed,126,1.0001972290112544,2.005086516777136,0.5153269943373437,0.0020350097257121106,0,0.022784529175986844,0.2412353630144415
1.0,0.5,4.0,4.0,0.0025,0.005,3.5,700,two_speed,126,1.0003581011368021,2.0109345145321633,0.5203092370012569,0.0027065953455597774,0,0.031509479785793756,0.2412353630144415
1.0,0.5,4.0,4.0,0.0025,0.005,5.0,1000,two_speed,126,1.0002125269090696,1.9927499118920247,0.507076179894578,0.0033086726739496907,0,0.02033540473228766,0.2412353630144415
1.0,0.5,4.0,4.0,0.0025,0.005,10.0,2000,two_speed,126,1.0001248993431344,2.032310427486617,0.5091004976458143,0.0015909335611224368,0,0.03971850957411041,0.2412353630144415
1.0,0.5,4.0,4.0,0.0025,0.005,20.0,4000,two_speed,126,0.9997899611351836,2.0141043972125035,0.5174101276122278,0.0017640304323817595,0,0.02954111704717589,0.2412353630144415
1.0,0.5,4.0,4.0,0.0025,0.005,0.5,100,two_speed,127,0.9999341682359066,2.0005878981660707,0.5008949826449433,0.0023614387660533614,0,0.01168041889522624,0.24125084528766041
1.0,0.5,4.0,4.0,0.0025,0.005,1.0,200,two_speed,127,0.9998842158948245,2.006623027319775,0.5029881746094303,0.0015850774886858223,0,0.011670877268911188,0.24125084528766041
1.0,0.5,4.0,4.0,0.0025,0.005,2.0,400,two_speed,127,0.9998522946788927,2.0007714089006914,0.5145423703460902,0.002208144542799894,0,0.022085802141327302,0.24125084528766041
1.0,0.5,4.0,4.0,0.0025,0.005,3.5,700,two_speed,127,0.9997086161560726,1.982713184855093,0.515865760962117,0.0022016713709590084,0,0.0310043863937133,0.24125084528766041
1.0,0.5,4.0,4.0,0.0025,0.005,5.0,1000,two_speed,127,1.000334824447886,1.9960491195217613,0.529025282961659,0.0016891883843507271,0,0.0381160380000202,0.24125084528766041
1.0,0.5,4.0,4.0,0.0025,0.005,10.0,2000,two_speed,127,1.000336955083338,2.0070291438928374,0.5258669032892116,0.002146942476083507,0,0.035503955973978846,0.24125084528766041
1.0,0.5,4.0,4.0,0.0025,0.005,20.0,4000,two_speed,127,0.9999654217436114,2.0109811329189555,0.5094453941222228,0.00157138918367372,0,0.019302287564296323,0.24125084528766041
1.0,0.5,4.0,4.0,0.0025,0.005,0.5,100,two_speed,128,0.9998510761192272,2.0113586428538768,0.501502339140723,0.0022709242999190034,0,0.01736376033254828,0.24131519643456809
1.0,0.5,4.0,4.0,0.0025,0.005,1.0,200,two_speed,128,0.999883164751246,2.0110779748292558,0.5094668274802052,0.0023513935095217484,0,0.02133098693240886,0.24131519643456809
1.0,0.5,4.0,4.0,0.0025,0.005,2.0,400,two_speed,128,1.00001960654327,2.0157435858846484,0.5092002059600659,0.0014975000908582577,0,0.0228890305351393,0.24131519643456809
1.0,0.5,4.0,4.0,0.0025,0.005,3.5,700,two_speed,128,0.9999190976047463,1.999571828006536,0.509049501521712,0.001687062691016885,0,0.014552757155980875,0.24131519643456809
1.0,0.5,4.0,4.0,0.0025,0.005,5.0,1000,two_speed,128,1.0003915879659144,2.0014813175579347,0.5099530297605163,0.0020663602064334113,0,0.016030708916944476,0.24131519643456809
1.0,0.5,4.0,4.0,0.0025,0.005,10.0,2000,two_speed,128,0.9996030162016393,2.003859202180063,0.5202391207096889,0.001937820310004281,0,0.029043520670771077,0.24131519643456809
1.0,0.5,4.0,4.0,0.0025,0.005,20.0,4000,two_speed,128,1.0000023626006822,2.0149792836941116,0.5106336251377607,0.0021119446753454464,0,0.02432992103863416,0.24131519643456809
1.0,0.5,4.0,4.0,0.0025,0.005,0.5,100,two_speed,129,1.0000910216400256,1.9939982525344602,0.5011200838349321,0.0017102421040032154,0,0.010963810434863625,0.24096227971105172
1.0,0.5,4.0,4.0,0.0025,0.005,1.0,200,two_speed,129,1.0001176902482547,1.9998208264332564,0.5031730418085373,0.0013625807901405612,0,0.007758650514508095,0.24096227971105172
1.0,0.5,4.0,4.0,0.0025,0.005,2.0,400,two_speed,129,1.0002221084883636,1.9952806722605936,0.5088037741865509,0.0018424431648780255,0,0.015272369212370266,0.24096227971105172
1.0,0.5,4.0,4.0,0.0025,0.005,3.5,700,two_speed,129,1.0005640289407878,1.9788163357483917,0.5145524662016036,0.002311711386052212,0,0.03227001146586086,0.24096227971105172
1.0,0.5,4.0,4.0,0.0025,0.005,5.0,1000,two_speed,129,1.0000570823573793,1.9974949340015793,0.5099336860195698,0.0018983771711023898,0,0.0160948443791337,0.24096227971105172
1.0,0.5,4.0,4.0,0.0025,0.005,10.0,2000,two_speed,129,1.0000387239227584,2.021297107379084,0.5195929307045523,0.0018539762233490574,0,0.03629279770844572,0.24096227971105172
1.0,0.5,4.0,4.0,0.0025,0.005,20.0,4000,two_speed,129,1.0000786574068525,1.9775966106692418,0.5304019511746727,0.0017408683857723045,0,0.04739444978324382,0.24096227971105172
1.0,0.5,4.0,4.0,0.0025,0.005,0.5,100,two_speed,130,1.0001831028947548,1.989584361591953,0.5074832239350373,0.0016926143912749621,0,0.017361739190137507,0.2417827678478456
1.0,0.5,4.0,4.0,0.0025,0.005,1.0,200,two_speed,130,1.0000847365318912,1.9862124528497986,0.5128168904464001,0.0016977581625294723,0,0.02435756376622164,0.2417827678478456
1.0,0.5,4.0,4.0,0.0025,0.005,2.0,400,two_speed,130,0.9996899654399327,1.9874233983304441,0.5104206650772519,0.0016569051691663606,0,0.0219053502306722,0.2417827678478456
1.0,0.5,4.0,4.0,0.0025,0.005,3.5,700,two_speed,130,1.000163732627176,1.9763219310051563,0.5119660948186262,0.0015766720708041723,0,0.0321716470792275,0.2417827678478456
1.0,0.5,4.0,4.0,0.0025,0.005,5.0,1000,two_speed,130,0.9998122697027596,1.9457332488880612,0.5093636815216568,0.0017482792610310522,0,0.0641750038880151,0.2417827678478456
1.0,0.5,4.0,4.0,0.0025,0.005,10.0,2000,two_speed,130,1.00010832509673,2.0040893005779896,0.5298284245499657,0.00222492725210133,0,0.04020415549050051,0.2417827678478456
1.0,0.5,4.0,4.0,0.0025,0.005,20.0,4000,two_speed,130,1.000239827164381,2.0655022746039453,0.5214193817579158,0.00222335653870937,0,0.08024328664750065,0.2417827678478456
1.0,0.5,4.0,4.0,0.0025,0.005,0.5,100,two_speed,131,1.0000423193362271,1.9933398024014783,0.5022417578352754,0.0024238173932273352,0,0.014451571652232912,0.24134827385257399
1.0,0.5,4.0,4.0,0.0025,0.005,1.0,200,two_speed,131,0.9999768292779295,1.9914268255003946,0.5041551943568516,0.002044473311401573,0,0.015118968352853075,0.24134827385257399
1.0,0.5,4.0,4.0,0.0025,0.005,2.0,400,two_speed,131,0.9999895540339974,2.003013215174661,0.5078920556311014,0.0021257636304302923,0,0.015096394956452899,0.24134827385257399
1.0,0.5,4.0,4.0,0.0025,0.005,3.5,700,two_speed,131,1.000232438840508,2.0028610778981433,0.5234577010833019,0.001750520835969335,0,0.03128173829244031,0.24134827385257399
1.0,0.5,4.0,4.0,0.0025,0.005,5.0,1000,two_speed,131,1.0002836428107982,2.024102140338214,0.5249334256435403,0.0021674629315776546,0,0.043457318210927603,0.24134827385257399
1.0,0.5,4.0,4.0,0.0025,0.005,10.0,2000,two_speed,131,1.0002101251740527,2.044661281976735,0.5245047355040608,0.001498456277890011,0,0.0602658731682317,0.24134827385257399
1.0,0.5,4.0,4.0,0.0025,0.005,20.0,4000,two_speed,131,0.9999435812989125,2.0397755412018252,0.5261264347770295,0.002011303903750216,0,0.057588073592555945,0.24134827385257399
1.0,0.5,4.0,4.0,0.0025,0.005,0.5,100,two_speed,132,1.0000261112200703,1.9962867101618662,0.5037898825138456,0.002435957129017805,0,0.013612471582445183,0.2408486727259255
1.0,0.5,4.0,4.0,0.0025,0.005,1.0,200,two_speed,132,1.0001632524345405,2.0100871459105853,0.508813781042334,0.0017568357681972894,0,0.0183047447676087,0.2408486727259255
1.0,0.5,4.0,4.0,0.0025,0.005,2.0,400,two_speed,132,1.0004294310328743,2.0151050582114056,0.5203320073643681,0.0026995342273616538,0,0.03373207989109455,0.2408486727259255
1.0,0.5,4.0,4.0,0.0025,0.005,3.5,700,two_speed,132,1.0000057494593273,2.029767608960487,0.5108951296916173,0.001466088546633232,0,0.03771815830597887,0.2408486727259255
1.0,0.5,4.0,4.0,0.0025,0.005,5.0,1000,two_speed,132,1.0005213634054915,2.02821566423422,0.529929336049575,0.001799028074977298,0,0.05042567395214546,0.2408486727259255
1.0,0.5,4.0,4.0,0.0025,0.005,10.0,2000,two_speed,132,1.0004191364522166,2.0265196855347227,0.5259343238980491,0.0028692764089223396,0,0.04674722330347782,0.2408486727259255
1.0,0.5,4.0,4.0,0.0025,0.005,20.0,4000,two_speed,132,1.0001042161364333,2.039821327952529,0.538725275062798,0.0016817605046464436,0,0.06767721169190544,0.2408486727259255
1.0,0.5,4.0,4.0,0.0025,0.005,0.5,100,two_speed,133,1.0000616260442805,1.994266264254388,0.5011140857706398,0.0013901759266725764,0,0.009598599668946009,0.2414686129860846
1.0,0.5,4.0,4.0,0.0025,0.005,1.0,200,two_speed,133,0.9999837981750734,1.9831026931561082,0.5037736755456356,0.0012827080238455274,0,0.021061520745800418,0.2414686129860846
1.0,0.5,4.0,4.0,0.0025,0.005,2.0,400,two_speed,133,0.9997552500020273,1.9882546050334875,0.5077617253952389,0.001656032500185967,0,0.019068678677586645,0.2414686129860846
1.0,0.5,4.0,4.0,0.0025,0.005,3.5,700,two_speed,133,1.0002842286107636,1.9583898440509921,0.5169969703991246,0.0025807807340381263,0,0.05389345213471632,0.2414686129860846
1.0,0.5,4.0,4.0,0.0025,0.005,5.0,1000,two_speed,133,1.0004288532840326,1.9443024473243555,0.5208870608053808,0.002643907753027629,0,0.0702817234853523,0.2414686129860846
1.0,0.5,4.0,4.0,0.0025,0.005,10.0,2000,two_speed,133,1.0001554895931546,1.9493504484876796,0.5243639161820769,0.002237720676675526,0,0.06656540369395096,0.2414686129860846
1.0,0.5,4.0,4.0,0.0025,0.005,20.0,4000,two_speed,133,1.000209877582312,1.9076412119565378,0.5272437334422567,0.001808844939443901,0,0.11129374290337213,0.2414686129860846
1.0,0.5,4.0,4.0,0.0025,0.005,0.5,100,two_speed,134,1.0002617043615085,2.0027496780825302,0.509384617414737,0.002239554618108974,0,0.016397675177064617,0.24119857741918946
1.0,0.5,4.0,4.0,0.0025,0.005,1.0,200,two_speed,134,1.0002639756845662,2.0149500785667245,0.513229108240753,0.002138270033526893,0,0.02621714722836002,0.24119857741918946
1.0,0.5,4.0,4.0,0.0025,0.005,2.0,400,two_speed,134,0.9999922771889266,2.0156550494941445,0.5132168810537646,0.002081256671289156,0,0.026907840432592908,0.24119857741918946
1.0,0.5,4.0,4.0,0.0025,0.005,3.5,700,two_speed,134,1.0002101616449768,2.0116573529216386,0.516547506081855,0.002522821780304599,0,0.027979866281102127,0.24119857741918946
1.0,0.5,4.0,4.0,0.0025,0.005,5.0,1000,two_speed,134,0.9999702431994286,2.005420084656032,0.520302749131784,0.0025044427113431965,0,0.029870332933136238,0.24119857741918946
1.0,0.5,4.0,4.0,0.0025,0.005,10.0,2000,two_speed,134,1.0001355183774778,1.9943903090459072,0.5250379612661534,0.002158913691947423,0,0.03456968713206893,0.24119857741918946
1.0,0.5,4.0,4.0,0.0025,0.005,20.0,4000,two_speed,134,1.0000609266681353,1.9777953536066335,0.5084771039697178,0.002366618170069418,0,0.03001571672584507,0.24119857741918946
1.0,0.5,4.0,4.0,0.0025,0.005,0.5,100,two_speed,135,0.9999927828517515,1.995537304875589,0.49856573042268976,0.0019021590503460165,0,0.010821898871955688,0.2420195417112804
1.0,0.5,4.0,4.0,0.0025,0.005,1.0,200,two_speed,135,1.000019984833205,2.0025221245949725,0.4988514493066567,0.0015116185046332381,0,0.008116061603180999,0.2420195417112804
1.0,0.5,4.0,4.0,0.0025,0.005,2.0,400,two_speed,135,1.0005403603533394,2.0244079641493506,0.516649099755291,0.0024603317002759154,0,0.03694098406095804,0.2420195417112804
1.0,0.5,4.0,4.0,0.0025,0.005,3.5,700,two_speed,135,1.0000949390296796,2.031441848763375,0.5130575238315425,0.0018941676327353513,0,0.04088117153981278,0.2420195417112804
1.0,0.5,4.0,4.0,0.0025,0.005,5.0,1000,two_speed,135,0.9999592177297355,2.041077751018146,0.5078372563773264,0.001972802264158422,0,0.04927846109849489,0.2420195417112804
1.0,0.5,4.0,4.0,0.0025,0.005,10.0,2000,two_speed,135,1.0000609220223917,2.054993685851385,0.5151061345380681,0.001924371798630534,0,0.0665627660669358,0.2420195417112804
1.0,0.5,4.0,4.0,0.0025,0.005,20.0,4000,two_speed,135,0.9998201682255401,2.040981668588137,0.5200185135405849,0.003259743726247307,0,0.055806245617682194,0.2420195417112804
1.0,0.5,4.0,4.0,0.0025,0.005,0.5,100,two_speed,136,1.0003465185427831,2.0007251591508517,0.5075664991800707,0.0021453274338064186,0,0.014068966598337534,0.24025136900932662
1.0,0.5,4.0,4.0,0.0025,0.005,1.0,200,two_speed,136,1.000125453588354,1.984365306571936,0.5067569562745498,0.00246535200694197,0,0.02336518817899875,0.24025136900932662
1.0,0.5,4.0,4.0,0.0025,0.005,2.0,400,two_speed,136,0.9997749294584928,2.000790853267591,0.5037770436408525,0.0026360032649987808,0,0.014088837239490276,0.24025136900932662
1.0,0.5,4.0,4.0,0.0025,0.005,3.5,700,two_speed,136,0.9997966137841858,1.979317609816269,0.5096521798365922,0.0022115337248970078,0,0.029145026461428115,0.24025136900932662
1.0,0.5,4.0,4.0,0.0025,0.005,5.0,1000,two_speed,136,0.999859251611366,1.961572309476802,0.5121763395355868,0.002256812186101974,0,0.04836578266507295,0.24025136900932662
1.0,0.5,4.0,4.0,0.0025,0.005,10.0,2000,two_speed,136,1.0003028238900546,2.0158229786445245,0.5226918456508038,0.002172885430145376,0,0.035783840107943346,0.24025136900932662
1.0,0.5,4.0,4.0,0.0025,0.005,20.0,4000,two_speed,136,1.0005228259482377,1.9881889692182733,0.5308830961429516,0.0033310246938724896,0,0.04457290757424879,0.24025136900932662
1.0,0.5,4.0,4.0,0.0025,0.005,0.5,100,two_speed,137,0.9999764103973305,1.992536633916538,0.5068311740762077,0.0016514146665503803,0,0.01485760594880677,0.2417006131394633
1.0,0.5,4.0,4.0,0.0025,0.005,1.0,200,two_speed,137,0.9998239467846352,1.993135354178423,0.5001975509835392,0.0017205255667024362,0,0.011622564813728574,0.2417006131394633
1.0,0.5,4.0,4.0,0.0025,0.005,2.0,400,two_speed,137,0.99987621926745,1.998408737992249,0.5128705826793125,0.0026697366489263005,0,0.02156247812160659,0.2417006131394633
1.0,0.5,4.0,4.0,0.0025,0.005,3.5,700,two_speed,137,1.000225017225926,2.0101931571892067,0.5199362543305031,0.0018101967379937558,0,0.02940082432610092,0.2417006131394633
1.0,0.5,4.0,4.0,0.0025,0.005,5.0,1000,two_speed,137,1.0000086021055665,2.008494000267168,0.5252654862044621,0.0018252175265455,0,0.03529122504422693,0.2417006131394633
1.0,0.5,4.0,4.0,0.0025,0.005,10.0,2000,two_speed,137,0.9999765213283417,2.0011628900556064,0.521114434080234,0.0021195003394025727,0,0.0293920937994502,0.2417006131394633
1.0,0.5,4.0,4.0,0.0025,0.005,20.0,4000,two_speed,137,1.0000992511246583,2.006756638353405,0.5220542019005644,0.0020155803959763605,0,0.031036566075113854,0.2417006131394633
1.0,0.5,4.0,4.0,0.0025,0.005,0.5,100,two_speed,138,1.0002643740104704,2.005496049528686,0.5095206849776848,0.0020983205159641476,0,0.016989394337575695,0.24073319042301072
1.0,0.5,4.0,4.0,0.0025,0.005,1.0,200,two_speed,138,1.0003240802597069,2.006906124108792,0.5132338770522564,0.0016941814106892267,0,0.020218680382559192,0.24073319042301072
1.0,0.5,4.0,4.0,0.0025,0.005,2.0,400,two_speed,138,1.0002390605168532,2.021387830223955,0.5158441837367915,0.0014913541142110552,0,0.032562132068103475,0.24073319042301072
1.0,0.5,4.0,4.0,0.0025,0.005,3.5,700,two_speed,138,1.0000555012446493,2.030426957937126,0.5144122139329128,0.0014533014595443947,0,0.040132957486336475,0.24073319042301072
1.0,0.5,4.0,4.0,0.0025,0.005,5.0,1000,two_speed,138,1.0001716695359146,2.0183875470341506,0.5198887610134648,0.0018983000027201268,0,0.03440715438168729,0.24073319042301072
1.0,0.5,4.0,4.0,0.0025,0.005,10.0,2000,two_speed,138,1.0003405592827688,1.97633002991245,0.5253609230143413,0.0016444409730626537,0,0.04273191986197951,0.24073319042301072
1.0,0.5,4.0,4.0,0.0025,0.005,20.0,4000,two_speed,138,0.9995835504982078,1.9990429613930787,0.5151117429476822,0.0020942853154022256,0,0.023074927790123732,0.24073319042301072
1.0,0.5,4.0,4.0,0.0025,0.005,0.5,100,two_speed,139,1.0003054605271602,1.995269563021035,0.5105196542749842,0.0018696700472640277,0,0.016935638607847473,0.24146642271495825
1.0,0.5,4.0,4.0,0.0025,0.005,1.0,200,two_speed,139,1.000102635503143,2.004176197938259,0.5126525393826897,0.0019273049439333557,0,0.01945422152241391,0.24146642271495825
1.0,0.5,4.0,4.0,0.0025,0.005,2.0,400,two_speed,139,1.0000767976180114,2.0151278620339657,0.5159234556898312,0.0017694140636718982,0,0.028314050345536038,0.24146642271495825
1.0,0.5,4.0,4.0,0.0025,0.005,3.5,700,two_speed,139,1.0002452958701034,2.0168680741667018,0.5236681947373983,0.0017045856053422904,0,0.03674625266461028,0.24146642271495825
1.0,0.5,4.0,4.0,0.0025,0.005,5.0,1000,two_speed,139,1.0001590848987476,2.025583785487429,0.523937035806518,0.0013824379470041305,0,0.042863726827163114,0.24146642271495825
1.0,0.5,4.0,4.0,0.0025,0.005,10.0,2000,two_speed,139,1.0000253954942755,2.0245037932495924,0.5230259499169482,0.001669178889335621,0,0.041757841108646616,0.24146642271495825
1.0,0.5,4.0,4.0,0.0025,0.005,20.0,4000,two_speed,139,0.9997550622472287,1.9887067646028143,0.5179046714514557,0.0023900928484493177,0,0.02958789006548427,0.24146642271495825
1.0,0.5,4.0,4.0,0.0025,0.005,0.5,100,two_speed,140,1.0003155984892733,2.004168450543127,0.5098498202962178,0.0023305122325809335,0,0.017466966019738392,0.2402323155630646
1.0,0.5,4.0,4.0,0.0025,0.005,1.0,200,two_speed,140,1.0004214704033407,2.0020668473576038,0.5134597454409586,0.00275196400947172,0,0.021704429175961177,0.2402323155630646
1.0,0.5,4.0,4.0,0.0025,0.005,2.0,400,two_speed,140,1.000159983315739,1.9985807836318568,0.5188271098172468,0.0018697616659802887,0,0.025943109775129796,0.2402323155630646
1.0,0.5,4.0,4.0,0.0025,0.005,3.5,700,two_speed,140,0.9999239558746871,1.9815629491242224,0.5131646323872384,0.001776694506832879,0,0.02869255612896437,0.2402323155630646
1.0,0.5,4.0,4.0,0.0025,0.005,5.0,1000,two_speed,140,0.9997261902535551,1.9794815513344701,0.5075359305424364,0.002338262862135625,0,0.028199888185862096,0.2402323155630646
1.0,0.5,4.0,4.0,0.0025,0.005,10.0,2000,two_speed,140,0.9998175155820328,1.9892217349877548,0.5171322054634965,0.0014276409962407316,0,0.0268086884643314,0.2402323155630646
1.0,0.5,4.0,4.0,0.0025,0.005,20.0,4000,two_speed,140,0.9999108123833539,1.9890406617808278,0.5172177190739234,0.0018359225398350688,0,0.027293837083314537,0.2402323155630646
1.0,0.5,4.0,4.0,0.0025,0.005,0.5,100,two_speed,141,1.0000944247136532,2.000607432993955,0.5090626406288649,0.0019425593490762535,0,0.015044640995243396,0.24157533929350652
1.0,0.5,4.0,4.0,0.0025,0.005,1.0,200,two_speed,141,1.0000108647412589,2.0075567358015722,0.5123385174070823,0.002073764256988093,0,0.020837485188112778,0.24157533929350652
1.0,0.5,4.0,4.0,0.0025,0.005,2.0,400,two_speed,141,1.0001473458874293,2.016128582077315,0.5228302794627688,0.0018392840916933956,0,0.035692091631084194,0.24157533929350652
1.0,0.5,4.0,4.0,0.0025,0.005,3.5,700,two_speed,141,1.0001735952785782,2.015623420952641,0.5084314799978876,0.0016014711218310022,0,0.0223593096733591,0.24157533929350652
1.0,0.5,4.0,4.0,0.0025,0.005,5.0,1000,two_speed,141,1.0002723887325744,2.0135243769142352,0.5201346924633615,0.002083188149799065,0,0.031642379082307374,0.24157533929350652
1.0,0.5,4.0,4.0,0.0025,0.005,10.0,2000,two_speed,141,0.9999487576115135,2.0091948687041805,0.5204864920033581,0.0014062127853916985,0,0.029486161913653993,0.24157533929350652
1.0,0.5,4.0,4.0,0.0025,0.005,20.0,4000,two_speed,141,1.000019695254047,2.0402978511077308,0.5266850172701705,0.002087613342319784,0,0.05839552849167921,0.24157533929350652
1.0,0.5,4.0,4.0,0.0025,0.005,0.5,100,two_speed,142,1.000034758940153,1.9988582812306874,0.505246286335702,0.002116124890165239,0,0.012478964691711765,0.24193708344163106
1.0,0.5,4.0,4.0,0.0025,0.005,1.0,200,two_speed,142,1.0001767458605677,1.9949927780707486,0.50567258208607,0.001811123070889471,0,0.012753681203198239,0.24193708344163106
1.0,0.5,4.0,4.0,0.0025,0.005,2.0,400,two_speed,142,1.0003696719672879,1.9727780461610962,0.5105998193639956,0.0020267777202600448,0,0.03539700786497284,0.24193708344163106
1.0,0.5,4.0,4.0,0.0025,0.005,3.5,700,two_speed,142,1.0002482571142264,1.9711873833714701,0.5211091651841346,0.002372915788334965,0,0.04422618999907924,0.24193708344163106
1.0,0.5,4.0,4.0,0.0025,0.005,5.0,1000,two_speed,142,1.0000340228288933,1.962585381016258,0.516698082409089,0.0013846733751732105,0,0.04847740471275815,0.24193708344163106
1.0,0.5,4.0,4.0,0.0025,0.005,10.0,2000,two_speed,142,0.9997032069466564,1.9676088272737586,0.5164474658224129,0.0020888461970136676,0,0.044270254981518146,0.24193708344163106
1.0,0.5,4.0,4.0,0.0025,0.005,20.0,4000,two_speed,142,1.000156407078687,1.9358545761886379,0.5250652988565272,0.00169874358809996,0,0.08024495063953385,0.24193708344163106
1.0,0.5,4.0,4.0,0.0025,0.005,0.5,100,two_speed,143,1.000086774643428,1.9932561134537778,0.5029002568313068,0.0016231612748265048,0,0.011700359846472611,0.24015036313461938
1.0,0.5,4.0,4.0,0.0025,0.005,1.0,200,two_speed,143,1.000188877838647,1.990022855919152,0.5090730626673948,0.0018113142835202043,0,0.01850048727724963,0.24015036313461938
1.0,0.5,4.0,4.0,0.0025,0.005,2.0,400,two_speed,143,0.9998446420450579,1.9929328497186767,0.5031212437845216,0.002245557330157176,0,0.014422156588408255,0.24015036313461938
1.0,0.5,4.0,4.0,0.0025,0.005,3.5,700,two_speed,143,1.0002957075599184,2.006744186950283,0.5157675298681553,0.0018135172066955777,0,0.023205518592564825,0.24015036313461938
1.0,0.5,4.0,4.0,0.0025,0.005,5.0,1000,two_speed,143,1.0000796693481104,2.011145889544787,0.5207790643269032,0.0025725971034813466,0,0.0322681875878506,0.24015036313461938
1.0,0.5,4.0,4.0,0.0025,0.005,10.0,2000,two_speed,143,0.9999039533626113,2.0583457809763894,0.5263348553678666,0.0016602213870868191,0,0.07527056341022022,0.24015036313461938
1.0,0.5,4.0,4.0,0.0025,0.005,20.0,4000,two_speed,143,1.0000425794218204,2.0666544734618575,0.5183788100594372,0.0028701848875519334,0,0.08097640586166664,0.24015036313461938
1.0,0.5,4.0,4.0,0.0025,0.005,0.5,100,two_speed,144,1.0001779818667458,2.0010885479690144,0.4981001426608702,0.0023013830637315094,0,0.011748038023728298,0.24127602384292654
1.0,0.5,4.0,4.0,0.0025,0.005,1.0,200,two_speed,144,1.000006343036987,2.0034949862342843,0.49667553309627765,0.001476128092430829,0,0.009375927008044762,0.24127602384292654
1.0,0.5,4.0,4.0,0.0025,0.005,2.0,400,two_speed,144,0.9998607346432389,2.001991319031964,0.4956508952087758,0.0014966048573499676,0,0.009422486662624812,0.24127602384292654
1.0,0.5,4.0,4.0,0.0025,0.005,3.5,700,two_speed,144,1.0001501788441114,1.9871195229461098,0.4980983604462848,0.001702010796895396,0,0.017313443845068673,0.24127602384292654
1.0,0.5,4.0,4.0,0.0025,0.005,5.0,1000,two_speed,144,1.0001996317656405,1.9913697347853454,0.5111809951370606,0.0035825687662841507,0,0.024736115891616235,0.24127602384292654
1.0,0.5,4.0,4.0,0.0025,0.005,10.0,2000,two_speed,144,1.0005439953581683,1.98518204575071,0.5230898632169141,0.002077594642035198,0,0.0350544709129511,0.24127602384292654
1.0,0.5,4.0,4.0,0.0025,0.005,20.0,4000,two_speed,144,1.0001745973636307,1.9550325346207806,0.5212543393056055,0.0013182785947539874,0,0.058503018605405153,0.24127602384292654
1.0,0.5,4.0,4.0,0.0025,0.005,0.5,100,two_speed,145,0.9999364048281424,2.0020373004178977,0.5062348687401823,0.0019778062708911484,0,0.01295623624861382,0.2405151607069586
1.0,0.5,4.0,4.0,0.0025,0.005,1.0,200,two_speed,145,1.000045259124986,2.0028091421942236,0.5105490780296027,0.0020647444319571648,0,0.017304368105574976,0.2405151607069586
1.0,0.5,4.0,4.0,0.0025,0.005,2.0,400,two_speed,145,1.0000384445321098,2.003915686062815,0.5181972950215573,0.0017193380454690779,0,0.025402479485681254,0.2405151607069586
1.0,0.5,4.0,4.0,0.0025,0.005,3.5,700,two_speed,145,0.9999307235983711,2.026026600697464,0.525168521567827,0.0031870583928079402,0,0.04656978443436973,0.2405151607069586
1.0,0.5,4.0,4.0,0.0025,0.005,5.0,1000,two_speed,145,0.9994767932629183,2.0341052642561017,0.5105615673067404,0.002622574488441008,0,0.04380445905261485,0.2405151607069586
1.0,0.5,4.0,4.0,0.0025,0.005,10.0,2000,two_speed,145,1.000206658888351,2.0769842420925846,0.5128354360027859,0.0015170260082749236,0,0.09009628731990516,0.2405151607069586
1.0,0.5,4.0,4.0,0.0025,0.005,20.0,4000,two_speed,145,1.0003031956794872,2.061188664910869,0.5232746719077347,0.003594340413185698,0,0.07758267628509669,0.2405151607069586
1.0,0.5,4.0,4.0,0.0025,0.005,0.5,100,two_speed,146,1.0002390458291315,2.007406665983343,0.5035343690187333,0.002195356758020901,0,0.01438456021883785,0.24121379770804197
1.0,0.5,4.0,4.0,0.0025,0.005,1.0,200,two_speed,146,1.000002205648674,1.9987293065335883,0.4983270145315396,0.0021591100883689438,0,0.010914622041624652,0.24121379770804197
1.0,0.5,4.0,4.0,0.0025,0.005,2.0,400,two_speed,146,0.9999699021815411,1.9997374047112983,0.5079927539814086,0.0021136999574589213,0,0.014758430940212562,0.24121379770804197
1.0,0.5,4.0,4.0,0.0025,0.005,3.5,700,two_speed,146,0.9999659302666102,1.9982882205848886,0.5098549123744602,0.0018869992868982201,0,0.01601384289843386,0.24121379770804197
1.0,0.5,4.0,4.0,0.0025,0.005,5.0,1000,two_speed,146,0.9998639312568213,1.9996226704537214,0.5058305927453618,0.0016132219079431872,0,0.011223275850077508,0.24121379770804197
1.0,0.5,4.0,4.0,0.0025,0.005,10.0,2000,two_speed,146,1.000150650560899,2.0119063804262964,0.5177566946757342,0.0021594465646742568,0,0.028575439226301833,0.24121379770804197
1.0,0.5,4.0,4.0,0.0025,0.005,20.0,4000,two_speed,146,0.9998092407411932,1.9888091262738261,0.5112427168810306,0.0016130954265525061,0,0.021324878341605676,0.24121379770804197
1.0,0.5,4.0,4.0,0.0025,0.005,0.5,100,two_speed,147,1.0002310038223428,1.9912073667089776,0.5072416884273293,0.001721415884172701,0,0.015949329210929546,0.24070215471354978
1.0,0.5,4.0,4.0,0.0025,0.005,1.0,200,two_speed,147,1.0004926092829407,1.9770801503413828,0.5166007166733203,0.0020275822785580035,0,0.03484878191759734,0.24070215471354978
1.0,0.5,4.0,4.0,0.0025,0.005,2.0,400,two_speed,147,1.0003819192196446,1.9555500220207833,0.5179978334847796,0.0015568246763853117,0,0.056202236577499454,0.24070215471354978
1.0,0.5,4.0,4.0,0.0025,0.005,3.5,700,two_speed,147,1.0003041115748805,1.9357204670996713,0.5211663397239794,0.0023987291402172866,0,0.07908208330627248,0.24070215471354978
1.0,0.5,4.0,4.0,0.0025,0.005,5.0,1000,two_speed,147,1.0000245181325707,1.9344414820191722,0.5185072132295396,0.001298641913066287,0,0.07899071682574298,0.24070215471354978
1.0,0.5,4.0,4.0,0.0025,0.005,10.0,2000,two_speed,147,0.9997588072932433,1.9500253656080357,0.5120374679630668,0.0015807658942881735,0,0.06006007327029876,0.24070215471354978
1.0,0.5,4.0,4.0,0.0025,0.005,20.0,4000,two_speed,147,1.0000476937794407,1.9281174987675262,0.5285160783067251,0.0018513963914931098,0,0.09020223615111016,0.24070215471354978
1.0,0.5,4.0,4.0,0.0025,0.005,0.5,100,two_speed,148,1.0001253957315936,2.002977826917572,0.5007243144178812,0.0021405938460858417,0,0.011081891750221314,0.24031827971339226
1.0,0.5,4.0,4.0,0.0025,0.005,1.0,200,two_speed,148,0.9999406952829806,1.9952678268143533,0.4983780946826301,0.0021161123058888384,0,0.011901007216687211,0.24031827971339226
1.0,0.5,4.0,4.0,0.0025,0.005,2.0,400,two_speed,148,0.9997876820435562,1.9829898890326545,0.5024501411383334,0.0019607280723507856,0,0.022184414921360807,0.24031827971339226
1.0,0.5,4.0,4.0,0.0025,0.005,3.5,700,two_speed,148,0.9998233451071861,1.9786820990039562,0.5088491326556421,0.001936393923631682,0,0.028909567291639186,0.24031827971339226
1.0,0.5,4.0,4.0,0.0025,0.005,5.0,1000,two_speed,148,1.0002901318437558,1.9808367017468915,0.5166539136579419,0.0016719112221627297,0,0.031555728918100386,0.24031827971339226
1.0,0.5,4.0,4.0,0.0025,0.005,10.0,2000,two_speed,148,1.0002499970795744,1.9638225525672384,0.5312981289138646,0.0022537295408198497,0,0.05848325831649694,0.24031827971339226
1.0,0.5,4.0,4.0,0.0025,0.005,20.0,4000,two_speed,148,1.0004886591796078,1.9786326459908132,0.5280407353234896,0.002276501751075415,0,0.04443265295287175,0.24031827971339226
1.0,0.5,4.0,4.0,0.0025,0.005,0.5,100,two_speed,149,1.0001178416475969,1.9952770813714764,0.5076248363468603,0.001938788663322848,0,0.01462403579458415,0.24050354758011444
1.0,0.5,4.0,4.0,0.0025,0.005,1.0,200,two_speed,149,1.0003534496769007,1.9978498493020551,0.5122090498860119,0.002157448755933423,0,0.01871844045240609,0.24050354758011444
1.0,0.5,4.0,4.0,0.0025,0.005,2.0,400,two_speed,149,1.0002757102692754,1.990666723593138,0.5113966121208093,0.00269509968645044,0,0.022340229088890468,0.24050354758011444
1.0,0.5,4.0,4.0,0.0025,0.005,3.5,700,two_speed,149,0.9999455378727595,1.9966638463905386,0.5068530584249306,0.003790271808677313,0,0.02107278892000449,0.24050354758011444
1.0,0.5,4.0,4.0,0.0025,0.005,5.0,1000,two_speed,149,0.9998710261892002,1.9810835845705346,0.5111950435506271,0.002216488190327385,0,0.028563923268277377,0.24050354758011444
1.0,0.5,4.0,4.0,0.0025,0.005,10.0,2000,two_speed,149,1.0001938429791555,2.00062305720315,0.519682504619301,0.0018526931277611596,0,0.02681999330425616,0.24050354758011444
1.0,0.5,4.0,4.0,0.0025,0.005,20.0,4000,two_speed,149,1.0000226897013298,2.0000639556129753,0.513910503426959,0.0020186826487228232,0,0.020638535874076668,0.24050354758011444
1.0,0.5,4.0,4.0,0.0025,0.005,0.5,100,two_speed,150,0.9999942318057863,1.9978994438815865,0.4997969139204473,0.0017298117139342216,0,0.00882845386023004,0.24061380356683262
1.0,0.5,4.0,4.0,0.0025,0.005,1.0,200,two_speed,150,1.0000979704028303,2.0005325389253743,0.49970709614406483,0.001810257328486789,0,0.00893136535805948,0.24061380356683262
1.0,0.5,4.0,4.0,0.0025,0.005,2.0,400,two_speed,150,1.0002454743800222,2.0014195055966675,0.510345233602026,0.001992827191584885,0,0.016389203013037035,0.24061380356683262
1.0,0.5,4.0,4.0,0.0025,0.005,3.5,700,two_speed,150,1.0001649727745672,1.9918330993017117,0.5128513589694419,0.0020948908187129376,0,0.021479455014083253,0.24061380356683262
1.0,0.5,4.0,4.0,0.0025,0.005,5.0,1000,two_speed,150,1.0002717522780393,1.992576770323934,0.519141726089698,0.001878642961594066,0,0.02741903790654745,0.24061380356683262
1.0,0.5,4.0,4.0,0.0025,0.005,10.0,2000,two_speed,150,0.9998871363790811,2.0088739861172207,0.5215553663966607,0.0024642648161343674,0,0.03239423985110019,0.24061380356683262
1.0,0.5,4.0,4.0,0.0025,0.005,20.0,4000,two_speed,150,0.9999446011220422,1.9640128975858193,0.5188141550956715,0.00145841308069245,0,0.04850004632353503,0.24061380356683262
1.0,0.5,4.0,4.0,0.0025,0.005,0.5,100,two_speed,151,0.9999494841140896,1.9945633590390683,0.5001334449924162,0.0021441079294010753,0,0.012253206632021394,0.23972597630095802
1.0,0.5,4.0,4.0,0.0025,0.005,1.0,200,two_speed,151,0.9999642830404969,1.9963566223605063,0.500463019864127,0.0018796765390121169,0,0.010159491053840307,0.23972597630095802
1.0,0.5,4.0,4.0,0.0025,0.005,2.0,400,two_speed,151,0.9998454251436292,1.9939685931767768,0.49932300682862524,0.0020764031375838025,0,0.012372019995367937,0.23972597630095802
1.0,0.5,4.0,4.0,0.0025,0.005,3.5,700,two_speed,151,1.0001680632635523,2.0002506393280606,0.5132023581666847,0.0017645137224236772,0,0.018971383780819587,0.23972597630095802
1.0,0.5,4.0,4.0,0.0025,0.005,5.0,1000,two_speed,151,1.0000773896026491,2.014974078804785,0.5174593343347994,0.0017567389944831814,0,0.029606252306654774,0.23972597630095802
1.0,0.5,4.0,4.0,0.0025,0.005,10.0,2000,two_speed,151,1.0002946591371138,2.008876761337609,0.5285165672755231,0.002406132240968596,0,0.03948341339385266,0.23972597630095802
1.0,0.5,4.0,4.0,0.0025,0.005,20.0,4000,two_speed,151,1.0001532644638649,2.0456036076888506,0.519753474287037,0.0021501947700564884,0,0.058877154369756955,0.23972597630095802
1.0,0.5,4.0,4.0,0.0025,0.005,0.5,100,two_speed,152,1.000033352875093,1.9963213779207258,0.5029166955942278,0.002014409426664053,0,0.011375357815349532,0.24164014286361635
1.0,0.5,4.0,4.0,0.0025,0.005,1.0,200,two_speed,152,1.0001606711106037,1.9953151878189732,0.5026399218742919,0.0015997757645659911,0,0.0100431221657527,0.24164014286361635
1.0,0.5,4.0,4.0,0.0025,0.005,2.0,400,two_speed,152,1.000296663437667,1.9939689341280304,0.510413574352633,0.002287760364842542,0,0.01854560163619549,0.24164014286361635
1.0,0.5,4.0,4.0,0.0025,0.005,3.5,700,two_speed,152,0.9997432988181624,2.003971353382183,0.5067011926179622,0.003078017274140185,0,0.018354892955468913,0.24164014286361635
1.0,0.5,4.0,4.0,0.0025,0.005,5.0,1000,two_speed,152,1.0001743986240592,2.0013801384322276,0.5142675333185139,0.0021228701705538386,0,0.021095060064415447,0.24164014286361635
1.0,0.5,4.0,4.0,0.0025,0.005,10.0,2000,two_speed,152,1.0002019239750741,1.9794976363669141,0.5148959554450379,0.001597868942614834,0,0.0312220345921221,0.24164014286361635
1.0,0.5,4.0,4.0,0.0025,0.005,20.0,4000,two_speed,152,0.9999333929202653,1.9648236083016022,0.5256470074268502,0.0014190804082734017,0,0.052598760904423295,0.24164014286361635
1.0,0.5,4.0,4.0,0.0025,0.005,0.5,100,two_speed,153,1.0002519835270722,2.0111547892607193,0.5094403814471254,0.002241422593865385,0,0.020661367121708758,0.24142707144242845
1.0,0.5,4.0,4.0,0.0025,0.005,1.0,200,two_speed,153,1.0006967934242978,2.010655455410863,0.5176056407134965,0.0026610463900252424,0,0.028173446864806526,0.24142707144242845
1.0,0.5,4.0,4.0,0.0025,0.005,2.0,400,two_speed,153,1.0004835153388922,2.0065159166304585,0.518148447490876,0.002887380743377546,0,0.027873414669990177,0.24142707144242845
1.0,0.5,4.0,4.0,0.0025,0.005,3.5,700,two_speed,153,0.9999879401816971,2.0000501476062373,0.5038651417797958,0.001668182737893211,0,0.009635314554042729,0.24142707144242845
1.0,0.5,4.0,4.0,0.0025,0.005,5.0,1000,two_speed,153,1.0000999440340037,2.000410341713629,0.5099768498429706,0.0021393212047283593,0,0.016554656684989327,0.24142707144242845
1.0,0.5,4.0,4.0,0.0025,0.005,10.0,2000,two_speed,153,0.9995905389510422,2.007863885052058,0.5264533584383781,0.003256863025027005,0,0.03939865984119141,0.24142707144242845
1.0,0.5,4.0,4.0,0.0025,0.005,20.0,4000,two_speed,153,1.000422392529483,2.0407173965782355,0.5361109104217099,0.002823713646637113,0,0.06627665830735596,0.24142707144242845
1.0,0.5,4.0,4.0,0.0025,0.005,0.5,100,two_speed,154,0.9999015524608128,2.0012732862757603,0.5055944230687747,0.001990603304555125,0,0.012406617076429953,0.23983795827786838
1.0,0.5,4.0,4.0,0.0025,0.005,1.0,200,two_speed,154,1.0002391905870023,2.006595353188035,0.5094670433653495,0.0014117738905280739,0,0.015736946496277552,0.23983795827786838
1.0,0.5,4.0,4.0,0.0025,0.005,2.0,400,two_speed,154,1.0001100108863858,2.003943648891257,0.509868631087305,0.002050451221291453,0,0.01677671849222782,0.23983795827786838
1.0,0.5,4.0,4.0,0.0025,0.005,3.5,700,two_speed,154,0.9998370822305117,1.9978781467594053,0.5036648536790542,0.0022441099877490442,0,0.012419017214137717,0.23983795827786838
1.0,0.5,4.0,4.0,0.0025,0.005,5.0,1000,two_speed,154,0.9998119856972462,1.9928322416509816,0.5129027887537211,0.001968769354154507,0,0.021367007737682474,0.23983795827786838
1.0,0.5,4.0,4.0,0.0025,0.005,10.0,2000,two_speed,154,0.9999127007625684,2.022658631539595,0.5137936807540071,0.003045004099248614,0,0.03515439407481667,0.23983795827786838
1.0,0.5,4.0,4.0,0.0025,0.005,20.0,4000,two_speed,154,0.9995455258588534,1.9962152283937709,0.523799971251514,0.0018457744007882302,0,0.03331878031438022,0.23983795827786838
1.0,0.5,4.0,4.0,0.0025,0.005,0.5,100,two_speed,155,1.0001402465068496,2.0003946509494086,0.5055343928110331,0.0017120483934975473,0,0.010913604448071528,0.24158838685668474
1.0,0.5,4.0,4.0,0.0025,0.005,1.0,200,two_speed,155,1.0004583258305457,1.9988305024005895,0.5092982107589068,0.002148859140446767,0,0.015569186923993577,0.24158838685668474
1.0,0.5,4.0,4.0,0.0025,0.005,2.0,400,two_speed,155,1.0005442882982531,1.9853801401792965,0.5107713785935295,0.0026624134813573717,0,0.025095174795765295,0.24158838685668474
1.0,0.5,4.0,4.0,0.0025,0.005,3.5,700,two_speed,155,1.0002314234936152,1.985494746601738,0.5095315793994319,0.0032095891191641934,0,0.025972132075970877,0.24158838685668474
1.0,0.5,4.0,4.0,0.0025,0.005,5.0,1000,two_speed,155,0.9998822839344345,1.989374014364389,0.5079517098917099,0.0020316244694504335,0,0.019000991563782918,0.24158838685668474
1.0,0.5,4.0,4.0,0.0025,0.005,10.0,2000,two_speed,155,1.0000414173488543,2.0381849542243056,0.5164515198074504,0.0014293829483052242,0,0.04920468456478098,0.24158838685668474
1.0,0.5,4.0,4.0,0.0025,0.005,20.0,4000,two_speed,155,0.9997318579200732,2.034481311406212,0.5165038476760556,0.001813035799192014,0,0.046066586874592946,0.24158838685668474
1.0,0.5,4.0,4.0,0.0025,0.005,0.5,100,two_speed,156,0.9999540296491519,1.9926959928789432,0.49731613954043224,0.002031601481557121,0,0.013506740436744933,0.2412096844221066
1.0,0.5,4.0,4.0,0.0025,0.005,1.0,200,two_speed,156,1.0000118596561844,1.9915667222670794,0.5042938477959101,0.002009519416921549,0,0.014907044846969166,0.2412096844221066
1.0,0.5,4.0,4.0,0.0025,0.005,2.0,400,two_speed,156,1.0002230549152467,1.9880441599324483,0.5118626745427924,0.002052932090306763,0,0.022710183045338745,0.2412096844221066
1.0,0.5,4.0,4.0,0.0025,0.005,3.5,700,two_speed,156,1.0002678236508915,1.9760059505250618,0.5157806687859198,0.00198724075198948,0,0.03534800732285789,0.2412096844221066
1.0,0.5,4.0,4.0,0.0025,0.005,5.0,1000,two_speed,156,1.000132502499636,1.970157877517615,0.504763709773379,0.0018079583518824905,0,0.03601479966701983,0.2412096844221066
1.0,0.5,4.0,4.0,0.0025,0.005,10.0,2000,two_speed,156,1.000220092992627,1.9609934069801718,0.5183895035278607,0.0029884392396914835,0,0.05234008248571979,0.2412096844221066
1.0,0.5,4.0,4.0,0.0025,0.005,20.0,4000,two_speed,156,1.0002516710959417,1.9401858479484573,0.535096184966205,0.0021766806650380384,0,0.08220289235728445,0.2412096844221066
1.0,0.5,4.0,4.0,0.0025,0.005,0.5,100,two_speed,157,1.0002243842985457,2.0029425955671925,0.5097235204526188,0.0020893800828497414,0,0.01634769029071047,0.24081295843435718
1.0,0.5,4.0,4.0,0.0025,0.005,1.0,200,two_speed,157,1.0002272070444937,1.9981627029616207,0.5168510520915519,0.0021742588689300916,0,0.02407687536120197,0.24081295843435718
1.0,0.5,4.0,4.0,0.0025,0.005,2.0,400,two_speed,157,1.0003905400881015,1.9910412230846048,0.5207064117075967,0.0016215929833719848,0,0.02921976632530882,0.24081295843435718
1.0,0.5,4.0,4.0,0.0025,0.005,3.5,700,two_speed,157,1.0002638559050425,1.9824361412695324,0.5212071271371663,0.0023495516482522423,0,0.03570293867645546,0.24081295843435718
1.0,0.5,4.0,4.0,0.0025,0.005,5.0,1000,two_speed,157,1.000052413939189,1.9722456873325382,0.5239275136221525,0.0021648542231740625,0,0.04532829154064966,0.24081295843435718
1.0,0.5,4.0,4.0,0.0025,0.005,10.0,2000,two_speed,157,1.0002429680691278,1.9721015752297741,0.5142213170214585,0.002487638029618623,0,0.038618369585840154,0.24081295843435718
1.0,0.5,4.0,4.0,0.0025,0.005,20.0,4000,two_speed,157,0.9999197694687708,1.9470562469694102,0.507824377132518,0.0016665809241458824,0,0.0623336921951572,0.24081295843435718
1.0,0.5,4.0,4.0,0.0025,0.005,0.5,100,two_speed,158,1.00025268046652,1.9985460482820003,0.5028269321107662,0.0017952979162033963,0,0.009573871111022238,0.23820446428310657
1.0,0.5,4.0,4.0,0.0025,0.005,1.0,200,two_speed,158,1.0002470728369506,2.0093477780000586,0.5091786503208372,0.002117551842289151,0,0.018890248541833465,0.23820446428310657
1.0,0.5,4.0,4.0,0.0025,0.005,2.0,400,two_speed,158,0.9998364718565691,1.990025040216516,0.5071794623522087,0.002220572688609542,0,0.018621747171050012,0.23820446428310657
1.0,0.5,4.0,4.0,0.0025,0.005,3.5,700,two_speed,158,0.9997042817745426,1.9779213690497743,0.5167899155432375,0.0019742727862645795,0,0.035240440400873756,0.23820446428310657
1.0,0.5,4.0,4.0,0.0025,0.005,5.0,1000,two_speed,158,0.9997888134670353,1.9848432156099451,0.5118306354004492,0.002530270944955443,0,0.02653422024663315,0.23820446428310657
1.0,0.5,4.0,4.0,0.0025,0.005,10.0,2000,two_speed,158,0.999888725302824,1.9896140931938398,0.5208225069987508,0.0015814700321362602,0,0.030782487789012342,0.23820446428310657
1.0,0.5,4.0,4.0,0.0025,0.005,20.0,4000,two_speed,158,0.9999347797830698,1.9842842741520454,0.5221231560463676,0.001347392337884891,0,0.03463071459900534,0.23820446428310657
1.0,0.5,4.0,4.0,0.0025,0.005,0.5,100,two_speed,159,0.9996385413656322,2.0024555059172067,0.5011692452141963,0.002043231422996993,0,0.010792458096818336,0.24236250000207551
1.0,0.5,4.0,4.0,0.0025,0.005,1.0,200,two_speed,159,0.9999851495072309,1.9978940745064253,0.5111246985840079,0.0015643919079687861,0,0.01664597891180271,0.24236250000207551
1.0,0.5,4.0,4.0,0.0025,0.005,2.0,400,two_speed,159,1.000070929926066,1.9870466286433424,0.5138801565715474,0.001943316077017565,0,0.0251118420513385,0.24236250000207551
1.0,0.5,4.0,4.0,0.0025,0.005,3.5,700,two_speed,159,1.0001939922530605,1.9974217193644423,0.5204481612723253,0.002791582477102428,0,0.029661264261338575,0.24236250000207551
1.0,0.5,4.0,4.0,0.0025,0.005,5.0,1000,two_speed,159,0.9996501252024412,1.9995736180746337,0.5156040089620788,0.0025441810135256103,0,0.024477719743293394,0.24236250000207551
1.0,0.5,4.0,4.0,0.0025,0.005,10.0,2000,two_speed,159,1.0002641716045946,2.022161241808604,0.5152898927377811,0.0018650972705737212,0,0.03328246736800177,0.24236250000207551
1.0,0.5,4.0,4.0,0.0025,0.005,20.0,4000,two_speed,159,1.0003571759950138,2.0274159870481427,0.5310309669889389,0.002035006544833083,0,0.051213660156158684,0.24236250000207551
1.0,0.5,4.0,4.0,0.0025,0.005,0.5,100,two_speed,160,0.999945176617922,2.0006103772632255,0.500608857061349,0.0019432964010284153,0,0.009605041464193862,0.24072379171515682
1.0,0.5,4.0,4.0,0.0025,0.005,1.0,200,two_speed,160,1.0000564450483245,2.0039022689519705,0.5047300990547344,0.0017987466362465586,0,0.011617190840608523,0.24072379171515682
1.0,0.5,4.0,4.0,0.0025,0.005,2.0,400,two_speed,160,1.0002438737226054,2.015279495774331,0.517224798450062,0.0018162111765771792,0,0.02948237664520717,0.24072379171515682
1.0,0.5,4.0,4.0,0.0025,0.005,3.5,700,two_speed,160,1.0004125633790217,2.0169172612611117,0.5282538092294239,0.0023061366593166662,0,0.04224750024040968,0.24072379171515682
1.0,0.5,4.0,4.0,0.0025,0.005,5.0,1000,two_speed,160,1.000179799931523,2.0031885090117822,0.5383055788628339,0.0017706410260308928,0,0.049902937748030195,0.24072379171515682
1.0,0.5,4.0,4.0,0.0025,0.005,10.0,2000,two_speed,160,0.9998635590112965,2.0511268069742328,0.5150782240753962,0.0019782385867259254,0,0.06274832066120348,0.24072379171515682
1.0,0.5,4.0,4.0,0.0025,0.005,20.0,4000,two_speed,160,1.000194110800228,2.066937991698794,0.5136090389705616,0.0019965065814557615,0,0.0792693068729413,0.24072379171515682
1.0,0.5,4.0,4.0,0.0025,0.005,0.5,100,two_speed,161,1.000079527350363,1.996245473600151,0.5009121891146732,0.0020449757789897,0,0.01098249107964858,0.2394865655639608
1.0,0.5,4.0,4.0,0.0025,0.005,1.0,200,two_speed,161,0.9999752276250208,1.9924805474637701,0.5025468061139519,0.002532185022043786,0,0.015537241828951522,0.2394865655639608
1.0,0.5,4.0,4.0,0.0025,0.005,2.0,400,two_speed,161,1.0001894484785039,1.9836579825411995,0.5112425518393341,0.0015784252021894493,0,0.024829766066268345,0.2394865655639608
1.0,0.5,4.0,4.0,0.0025,0.005,3.5,700,two_speed,161,0.9999177704243997,1.9945477824602365,0.5092479718119559,0.002332288221633647,0,0.01787917841542024,0.2394865655639608
1.0,0.5,4.0,4.0,0.0025,0.005,5.0,1000,two_speed,161,1.0001312954270036,1.9845259017863304,0.5239143291727161,0.0029768932573264475,0,0.03856127596787223,0.2394865655639608
1.0,0.5,4.0,4.0,0.0025,0.005,10.0,2000,two_speed,161,0.999717241169693,2.00409183335044,0.5136564696794343,0.0025058606695760924,0,0.022637627790146716,0.2394865655639608
1.0,0.5,4.0,4.0,0.0025,0.005,20.0,4000,two_speed,161,1.0000063018647063,1.990974240362228,0.5231959185457998,0.002207927759388669,0,0.03363592581193388,0.2394865655639608
1.0,0.5,4.0,4.0,0.0025,0.005,0.5,100,two_speed,162,1.0003573089388251,2.0028428720298335,0.5051222119571993,0.0021681892843499377,0,0.012719949747558785,0.24084254171300148
1.0,0.5,4.0,4.0,0.0025,0.005,1.0,200,two_speed,162,1.0003165750613743,2.0036508855670188,0.5034462527897985,0.002313779181831457,0,0.012767592752957095,0.24084254171300148
1.0,0.5,4.0,4.0,0.0025,0.005,2.0,400,two_speed,162,0.9997240963040389,2.0237925116329567,0.49202749307627464,0.001965531266266011,0,0.030811188269704658,0.24084254171300148
1.0,0.5,4.0,4.0,0.0025,0.005,3.5,700,two_speed,162,1.0000119988403926,2.0354386877510535,0.506429933355846,0.0016783024781458667,0,0.042482408543252664,0.24084254171300148
1.0,0.5,4.0,4.0,0.0025,0.005,5.0,1000,two_speed,162,0.9999534854489065,2.049603905940823,0.5126612500911015,0.002573614435099956,0,0.060588994338027224,0.24084254171300148
1.0,0.5,4.0,4.0,0.0025,0.005,10.0,2000,two_speed,162,1.0000479689138324,2.075368944797764,0.5231312759627362,0.002004320546168855,0,0.09167404348353482,0.24084254171300148
1.0,0.5,4.0,4.0,0.0025,0.005,20.0,4000,two_speed,162,1.0000542441214824,2.0651044457753422,0.521203176483747,0.0018214563019106034,0,0.07968697228658461,0.24084254171300148
1.0,0.5,4.0,4.0,0.0025,0.005,0.5,100,two_speed,163,0.9999841668410537,1.9984879310071484,0.5056023383505514,0.0013718204527914052,0,0.01012065191659429,0.23989941672022855
1.0,0.5,4.0,4.0,0.0025,0.005,1.0,200,two_speed,163,0.9999985406424245,2.0058072967338885,0.5007572336522492,0.0019726659309171504,0,0.01181223671118424,0.23989941672022855
1.0,0.5,4.0,4.0,0.0025,0.005,2.0,400,two_speed,163,1.0001476754234553,2.0024287788118653,0.5081476065033114,0.0016096440550013756,0,0.01331479259531947,0.23989941672022855
1.0,0.5,4.0,4.0,0.0025,0.005,3.5,700,two_speed,163,1.0001190355875715,1.999767885080259,0.508404658359282,0.002102713007747459,0,0.014882251214508087,0.23989941672022855
1.0,0.5,4.0,4.0,0.0025,0.005,5.0,1000,two_speed,163,1.000123188262611,2.01918130756563,0.5173427383597022,0.0022773737184303457,0,0.033135214902197736,0.23989941672022855
1.0,0.5,4.0,4.0,0.0025,0.005,10.0,2000,two_speed,163,0.9998918260197335,2.0518542171127976,0.5154205519695507,0.002086820363110187,0,0.06364386983456877,0.23989941672022855
1.0,0.5,4.0,4.0,0.0025,0.005,20.0,4000,two_speed,163,0.9995654398695406,2.067763267966331,0.5225585263745601,0.0021664533821149174,0,0.08371861350997098,0.23989941672022855
1.0,0.5,4.0,4.0,0.0025,0.005,0.5,100,two_speed,164,0.999829236633199,1.9906477599431898,0.5011903453000238,0.002239104032500598,0,0.015532395202489438,0.24029989284463227
1.0,0.5,4.0,4.0,0.0025,0.005,1.0,200,two_speed,164,0.9999585719492698,1.9851949998409633,0.5030636752952776,0.001992786275201745,0,0.020085036677276874,0.24029989284463227
1.0,0.5,4.0,4.0,0.0025,0.005,2.0,400,two_speed,164,1.000051336915804,1.9786426255605392,0.5153520724413719,0.001610305245327375,0,0.03243991328638828,0.24029989284463227
1.0,0.5,4.0,4.0,0.0025,0.005,3.5,700,two_speed,164,0.9998991130687311,1.9574510876355202,0.5133135885004516,0.0023222242977907802,0,0.05323122447409581,0.24029989284463227
1.0,0.5,4.0,4.0,0.0025,0.005,5.0,1000,two_speed,164,0.999954797775022,1.948719626682814,0.5187794050345369,0.0019779886146626202,0,0.06414853359625966,0.24029989284463227
1.0,0.5,4.0,4.0,0.0025,0.005,10.0,2000,two_speed,164,0.9998250175233419,1.949916148083949,0.5282001047285452,0.0017227257064746362,0,0.0683668114174006,0.24029989284463227
1.0,0.5,4.0,4.0,0.0025,0.005,20.0,4000,two_speed,164,1.0001791506203876,1.9553478731644391,0.5248118400045688,0.0024539334693776354,0,0.06145295960787501,0.24029989284463227
1.0,0.5,4.0,4.0,0.0025,0.005,0.5,100,two_speed,165,1.0000024013519133,1.9962701349238319,0.5055439666842793,0.0013115978664301091,0,0.010609548918266808,0.2406948392911415
1.0,0.5,4.0,4.0,0.0025,0.005,1.0,200,two_speed,165,0.9999543870911395,1.999084426667334,0.4996208235147718,0.0019332667680886774,0,0.009551919995343083,0.2406948392911415
1.0,0.5,4.0,4.0,0.0025,0.005,2.0,400,two_speed,165,1.0000076673187221,2.020368949041204,0.4994556099841164,0.0021558510783540297,0,0.02579552639247864,0.2406948392911415
1.0,0.5,4.0,4.0,0.0025,0.005,3.5,700,two_speed,165,1.0000319412395993,2.0017936448026417,0.5075285351867159,0.0020999539572796565,0,0.014363461995365753,0.2406948392911415
1.0,0.5,4.0,4.0,0.0025,0.005,5.0,1000,two_speed,165,1.0003803136753475,1.9992990157814698,0.519147986446782,0.002128719170598759,0,0.0263944264821327,0.2406948392911415
1.0,0.5,4.0,4.0,0.0025,0.005,10.0,2000,two_speed,165,1.0004019996000832,2.000835092200847,0.5259361726897951,0.0028194414369746724,0,0.035744281615577335,0.2406948392911415
1.0,0.5,4.0,4.0,0.0025,0.005,20.0,4000,two_speed,165,1.0003755301336887,1.9803283139912646,0.5328689400892745,0.0027250546053226997,0,0.0493386161766563,0.2406948392911415
1.0,0.5,4.0,4.0,0.0025,0.005,0.5,100,two_speed,166,0.9999345661405352,1.987234748690538,0.5060857839253691,0.0017969393223063051,0,0.0189525988903933,0.24160472029221378
1.0,0.5,4.0,4.0,0.0025,0.005,1.0,200,two_speed,166,0.9999595552926304,1.9897664682467762,0.5066165220441677,0.001603015920108464,0,0.016654934739528893,0.24160472029221378
1.0,0.5,4.0,4.0,0.0025,0.005,2.0,400,two_speed,166,1.0001561433897508,1.989523325907405,0.5221629804660183,0.002139473163107295,0,0.03264763264668993,0.24160472029221378
1.0,0.5,4.0,4.0,0.0025,0.005,3.5,700,two_speed,166,0.9999483605023107,1.968273035033563,0.5097539592665669,0.0017384321832656295,0,0.0396091605558925,0.24160472029221378
1.0,0.5,4.0,4.0,0.0025,0.005,5.0,1000,two_speed,166,1.0005714022578267,1.9333016250459287,0.5251398778292555,0.0031929892572687656,0,0.08411111638521747,0.24160472029221378
1.0,0.5,4.0,4.0,0.0025,0.005,10.0,2000,two_speed,166,1.0000629826235394,1.9324317171953624,0.5283196645582272,0.001961649704656668,0,0.08589015275222808,0.24160472029221378
1.0,0.5,4.0,4.0,0.0025,0.005,20.0,4000,two_speed,166,0.999744152376683,1.9264705338850718,0.5108575008249991,0.0029561295412198264,0,0.0870664748581426,0.24160472029221378
1.0,0.5,4.0,4.0,0.0025,0.005,0.5,100,two_speed,167,0.9999432489608914,2.005373078131542,0.502066524117617,0.00226099274902624,0,0.013028702761801837,0.2395793691477073
1.0,0.5,4.0,4.0,0.0025,0.005,1.0,200,two_speed,167,0.9997097137178722,2.008353598094536,0.49997009501127093,0.0027188497153413133,0,0.01652233306681741,0.2395793691477073
1.0,0.5,4.0,4.0,0.0025,0.005,2.0,400,two_speed,167,0.9999283135821585,2.0230177256273176,0.5064982932835349,0.0017657522569373837,0,0.0292121499131442,0.2395793691477073
1.0,0.5,4.0,4.0,0.0025,0.005,3.5,700,two_speed,167,0.9999548790205421,2.0102819486401997,0.5132135682526171,0.0028744191355955786,0,0.02534401635115896,0.2395793691477073
1.0,0.5,4.0,4.0,0.0025,0.005,5.0,1000,two_speed,167,1.0003396739630284,2.0385329303889432,0.5207331703243859,0.0026318150175250873,0,0.05301141156125882,0.2395793691477073
1.0,0.5,4.0,4.0,0.0025,0.005,10.0,2000,two_speed,167,1.0004456747035717,2.0347249734827764,0.5264555818240387,0.002268014437596128,0,0.05301218942048602,0.2395793691477073
1.0,0.5,4.0,4.0,0.0025,0.005,20.0,4000,two_speed,167,0.9997600589290585,2.0615492840160092,0.5132188949937742,0.0017430221784352994,0,0.07328315148815133,0.2395793691477073
1.0,0.5,4.0,4.0,0.0025,0.005,0.5,100,two_speed,168,1.000058918622076,1.9946897297521142,0.5100732911571416,0.0020998324623795694,0,0.01772280449015136,0.23986895828108704
1.0,0.5,4.0,4.0,0.0025,0.005,1.0,200,two_speed,168,0.9996258597992059,1.9933830108295407,0.5047001403004225,0.002432134100710381,0,0.01583735226693888,0.23986895828108704
1.0,0.5,4.0,4.0,0.0025,0.005,2.0,400,two_speed,168,1.0000862431117492,1.9921186984617814,0.5173936200117858,0.0017032633053740748,0,0.025641955273857243,0.23986895828108704
1.0,0.5,4.0,4.0,0.0025,0.005,3.5,700,two_speed,168,0.9999252580339179,2.0055724105861663,0.5240709595281842,0.0019121051185117313,0,0.033301118140415316,0.23986895828108704
1.0,0.5,4.0,4.0,0.0025,0.005,5.0,1000,two_speed,168,0.9998383760063055,1.981651750597511,0.5196056116581981,0.0028154720562570115,0,0.035858565588470837,0.23986895828108704
1.0,0.5,4.0,4.0,0.0025,0.005,10.0,2000,two_speed,168,0.9997531571146379,1.9829083719502874,0.5196076611965273,0.002208291225514154,0,0.03418100728198071,0.23986895828108704
1.0,0.5,4.0,4.0,0.0025,0.005,20.0,4000,two_speed,168,1.0001045498946157,1.9925093002959422,0.5311054674163331,0.0024843322439117026,0,0.042715463564451474,0.23986895828108704
1.0,0.5,4.0,4.0,0.0025,0.005,0.5,100,two_speed,169,1.0000150657708216,1.9883429005506164,0.49557479340554683,0.0016713461279991367,0,0.016847676481327838,0.24034354172181338
1.0,0.5,4.0,4.0,0.0025,0.005,1.0,200,two_speed,169,1.000081318723605,1.9961562710322953,0.5006920965417477,0.0014275034370395596,0,0.008329787819011485,0.24034354172181338
1.0,0.5,4.0,4.0,0.0025,0.005,2.0,400,two_speed,169,1.0002926751787717,1.9934685848803633,0.5034864319711587,0.0013624815883012118,0,0.010878072899158042,0.24034354172181338
1.0,0.5,4.0,4.0,0.0025,0.005,3.5,700,two_speed,169,1.0001131256498776,1.9873096438705027,0.5072056246986746,0.0018956874620065687,0,0.019610550143205303,0.24034354172181338
1.0,0.5,4.0,4.0,0.0025,0.005,5.0,1000,two_speed,169,1.000419589758738,2.0107534996295304,0.5156024604661024,0.0021793305561659945,0,0.025505708386881227,0.24034354172181338
1.0,0.5,4.0,4.0,0.0025,0.005,10.0,2000,two_speed,169,1.0005566308144536,1.9354263136259837,0.5211351519063492,0.0024790136192148152,0,0.07944616913502105,0.24034354172181338
1.0,0.5,4.0,4.0,0.0025,0.005,20.0,4000,two_speed,169,1.0002128780300439,1.917029443908688,0.5217791821250275,0.0025102895918061056,0,0.09951110977017535,0.24034354172181338
1.0,0.5,4.0,4.0,0.0025,0.005,0.5,100,two_speed,170,0.9998840664393492,2.0053999859131717,0.4996251832763299,0.0018512818657929445,0,0.011030777473003421,0.24122486313405847
1.0,0.5,4.0,4.0,0.0025,0.005,1.0,200,two_speed,170,0.999995407663296,2.009424183707111,0.5049500576737687,0.0018969732570514445,0,0.01571710898945342,0.24122486313405847
1.0,0.5,4.0,4.0,0.0025,0.005,2.0,400,two_speed,170,0.9999965379650252,1.9989520449012503,0.5052522596049184,0.0021371138807789094,0,0.012587080114630307,0.24122486313405847
1.0,0.5,4.0,4.0,0.0025,0.005,3.5,700,two_speed,170,0.9999818076728568,2.002844714601587,0.5071304896819933,0.002715423138396893,0,0.016620606181315938,0.24122486313405847
1.0,0.5,4.0,4.0,0.0025,0.005,5.0,1000,two_speed,170,0.9999016771748082,2.004613467232976,0.5116842722230405,0.0014608907022618136,0,0.017854780552642974,0.24122486313405847
1.0,0.5,4.0,4.0,0.0025,0.005,10.0,2000,two_speed,170,1.0003162808781745,2.0143146309976805,0.5234846045316203,0.0030171954877622853,0,0.0370212443810963,0.24122486313405847
1.0,0.5,4.0,4.0,0.0025,0.005,20.0,4000,two_speed,170,1.0001847317820967,2.051912543383331,0.5143575606135833,0.0017445835302047964,0,0.06284900425719175,0.24122486313405847
1.0,0.5,4.0,4.0,0.0025,0.005,0.5,100,two_speed,171,1.0002890826640518,2.001813911118489,0.5083723165476917,0.0018903097879743099,0,0.014110600453019916,0.24015728570520878
1.0,0.5,4.0,4.0,0.0025,0.005,1.0,200,two_speed,171,1.000175446636648,1.998231670748774,0.5085901890788341,0.002092264716288484,0,0.015090754787260194,0.24015728570520878
1.0,0.5,4.0,4.0,0.0025,0.005,2.0,400,two_speed,171,1.00017278666789,2.000304286919158,0.5162773411657168,0.0017730158699752912,0,0.022570474659313725,0.24015728570520878
1.0,0.5,4.0,4.0,0.0025,0.005,3.5,700,two_speed,171,1.0002857136336485,2.0078986827242167,0.5216236622106143,0.0020944691244398047,0,0.03075020538690231,0.24015728570520878
1.0,0.5,4.0,4.0,0.0025,0.005,5.0,1000,two_speed,171,0.9997744701332052,1.9966801078017935,0.5048954561665246,0.0017637518770948011,0,0.011739015525835958,0.24015728570520878
1.0,0.5,4.0,4.0,0.0025,0.005,10.0,2000,two_speed,171,0.9997377090297586,1.9812154437872505,0.5218460749025824,0.0023613001760730353,0,0.03768315644622899,0.24015728570520878
1.0,0.5,4.0,4.0,0.0025,0.005,20.0,4000,two_speed,171,1.0000149173015254,1.986441883020347,0.5159579310529572,0.0018826904326443056,0,0.027543076820151176,0.24015728570520878
1.0,0.5,4.0,4.0,0.0025,0.005,0.5,100,two_speed,172,0.9999583013797124,2.0007344442251482,0.5079436595740885,0.0019477591185377418,0,0.014182863346011577,0.23977506541580493
1.0,0.5,4.0,4.0,0.0025,0.005,1.0,200,two_speed,172,1.0000703633075514,1.998097416205576,0.5105407375883145,0.0013610338284041794,0,0.015313096669397806,0.23977506541580493
1.0,0.5,4.0,4.0,0.0025,0.005,2.0,400,two_speed,172,1.0000840879379598,1.9958195185056034,0.5066374295467581,0.002697608651023374,0,0.01642298230992052,0.23977506541580493
1.0,0.5,4.0,4.0,0.0025,0.005,3.5,700,two_speed,172,1.0001679366818266,2.003094642084397,0.5132662292834566,0.0016245341030135896,0,0.019087100331940117,0.23977506541580493
1.0,0.5,4.0,4.0,0.0025,0.005,5.0,1000,two_speed,172,1.0004791917119293,1.99891071235328,0.5154401569492625,0.0021846317176311527,0,0.022049554735569903,0.23977506541580493
1.0,0.5,4.0,4.0,0.0025,0.005,10.0,2000,two_speed,172,0.9998936085564791,2.010852882679262,0.5195522771437071,0.0022821725374679224,0,0.030572213988251735,0.23977506541580493
1.0,0.5,4.0,4.0,0.0025,0.005,20.0,4000,two_speed,172,1.0000013197422144,1.992361767133648,0.5278414560207861,0.002038438478442464,0,0.038435896906087876,0.23977506541580493
1.0,0.5,4.0,4.0,0.0025,0.005,0.5,100,two_speed,173,1.0000950893664209,1.9986899067806745,0.5066471800642641,0.0020258356118823097,0,0.013158499551212654,0.23990784513963653
1.0,0.5,4.0,4.0,0.0025,0.005,1.0,200,two_speed,173,1.0001852728488154,2.0089404916904474,0.5104548092927371,0.0022025609982396295,0,0.020003745756698155,0.23990784513963653
1.0,0.5,4.0,4.0,0.0025,0.005,2.0,400,two_speed,173,1.0002031810031946,2.0061061597895335,0.5089928013307397,0.0016226976391449511,0,0.015554876209215977,0.23990784513963653
1.0,0.5,4.0,4.0,0.0025,0.005,3.5,700,two_speed,173,1.0005884317733142,2.022984934490135,0.5254936446973613,0.002096626034288646,0,0.04262615509713676,0.23990784513963653
1.0,0.5,4.0,4.0,0.0025,0.005,5.0,1000,two_speed,173,1.0001919889267528,1.9993376708959651,0.5197956099055009,0.0029033323882093898,0,0.029107725473740534,0.23990784513963653
1.0,0.5,4.0,4.0,0.0025,0.005,10.0,2000,two_speed,173,1.0003354429767417,2.0207888886863317,0.5225829243340876,0.0026805130191092747,0,0.03956409273383058,0.23990784513963653
1.0,0.5,4.0,4.0,0.0025,0.005,20.0,4000,two_speed,173,1.000131736000775,1.9856631381091059,0.5102820250009382,0.0016571436439903188,0,0.022572359625883862,0.23990784513963653
1.0,0.5,4.0,4.0,0.0025,0.005,0.5,100,two_speed,174,1.0001067390138219,1.9966961062834057,0.5038734797732835,0.0024432580448356532,0,0.01349762212730179,0.24064090485418482
1.0,0.5,4.0,4.0,0.0025,0.005,1.0,200,two_speed,174,1.000315779607112,1.9994271094426923,0.5099480427562154,0.0033818993277625804,0,0.0207429156716115,0.24064090485418482
1.0,0.5,4.0,4.0,0.0025,0.005,2.0,400,two_speed,174,1.0002110512786107,1.9874282860103212,0.5112603340491518,0.0027617626851889083,0,0.024491800518223753,0.24064090485418482
1.0,0.5,4.0,4.0,0.0025,0.005,3.5,700,two_speed,174,1.0004328017562387,2.001793249670745,0.5222096267071596,0.0017471406994768422,0,0.02940740211382018,0.24064090485418482
1.0,0.5,4.0,4.0,0.0025,0.005,5.0,1000,two_speed,174,1.0001850292060723,1.9835262710752144,0.5210272035994299,0.002077837849928653,0,0.0343442160843056,0.24064090485418482
1.0,0.5,4.0,4.0,0.0025,0.005,10.0,2000,two_speed,174,1.000223444953282,2.00257462049854,0.5123822567394993,0.001624737263856716,0,0.017883101709609602,0.24064090485418482
1.0,0.5,4.0,4.0,0.0025,0.005,20.0,4000,two_speed,174,0.9999632020954307,2.0328303756152124,0.5230279861888902,0.002515349642154823,0,0.04964357265474681,0.24064090485418482
1.0,0.5,4.0,4.0,0.0025,0.005,0.5,100,two_speed,175,1.0002430193168772,2.0025851468387126,0.5033619664674452,0.0019208002535943745,0,0.010667281161745213,0.24120779170854284
1.0,0.5,4.0,4.0,0.0025,0.005,1.0,200,two_speed,175,1.000327523566139,2.0008998010230905,0.5020241059028874,0.002578282936994331,0,0.012921859193097228,0.24120779170854284
1.0,0.5,4.0,4.0,0.0025,0.005,2.0,400,two_speed,175,1.0002332191678185,2.0126001410986296,0.502101702382088,0.003093956532376017,0,0.02117710152470147,0.24120779170854284
1.0,0.5,4.0,4.0,0.0025,0.005,3.5,700,two_speed,175,1.000542305015627,2.0190384832539916,0.509195084391516,0.0030205562331673116,0,0.02870647596531057,0.24120779170854284
1.0,0.5,4.0,4.0,0.0025,0.005,5.0,1000,two_speed,175,1.0001350055392624,2.012033014626862,0.5144718747506437,0.0024058893367911952,0,0.02602948290086847,0.24120779170854284
1.0,0.5,4.0,4.0,0.0025,0.005,10.0,2000,two_speed,175,0.9996757788321107,1.9866640404372164,0.5100782263826381,0.0017567083241677348,0,0.022421592409606644,0.24120779170854284
1.0,0.5,4.0,4.0,0.0025,0.005,20.0,4000,two_speed,175,0.9999405452457112,1.9516060132611013,0.5144548912951449,0.002006169319518629,0,0.059461095866249904,0.24120779170854284
1.0,0.5,4.0,4.0,0.0025,0.005,0.5,100,two_speed,176,1.000040500168894,2.0057803410890895,0.5049839440550996,0.0022361966009788563,0,0.01434836166418029,0.24025835128434533
1.0,0.5,4.0,4.0,0.0025,0.005,1.0,200,two_speed,176,1.0001934243299786,1.9945472416397518,0.5014308189057073,0.0018426644986000414,0,0.011143184736010751,0.24025835128434533
1.0,0.5,4.0,4.0,0.0025,0.005,2.0,400,two_speed,176,0.9999989286763471,1.9820811694005716,0.5077853938451038,0.0015698729153099215,0,0.02426429741489534,0.24025835128434533
1.0,0.5,4.0,4.0,0.0025,0.005,3.5,700,two_speed,176,1.0002093173547015,1.9737565086708149,0.5198325243810225,0.0016825545059212612,0,0.04021989742775983,0.24025835128434533
1.0,0.5,4.0,4.0,0.0025,0.005,5.0,1000,two_speed,176,1.0001491932385647,1.9953513039006028,0.5254769293278176,0.0017137828135646007,0,0.0341586527502974,0.24025835128434533
1.0,0.5,4.0,4.0,0.0025,0.005,10.0,2000,two_speed,176,1.0003057905738248,1.994758591745902,0.5236905220675288,0.0027473400546575307,0,0.03352042290085875,0.24025835128434533
1.0,0.5,4.0,4.0,0.0025,0.005,20.0,4000,two_speed,176,0.9999887025322052,1.9960897458619717,0.5204842502041336,0.0015706927048675253,0,0.02804430870825568,0.24025835128434533
1.0,0.5,4.0,4.0,0.0025,0.005,0.5,100,two_speed,177,1.0001909291455875,1.9900574563990787,0.5059637569912655,0.0012310057589694362,0,0.014931212420900866,0.23860442856260175
1.0,0.5,4.0,4.0,0.0025,0.005,1.0,200,two_speed,177,1.0003328773907632,1.9920995491490272,0.5143908847690634,0.0015414625794062144,0,0.02164888285213501,0.23860442856260175
1.0,0.5,4.0,4.0,0.0025,0.005,2.0,400,two_speed,177,1.0004254116328952,2.0046693337155213,0.5196300870903652,0.0027721672181770653,0,0.028736659415663928,0.23860442856260175
1.0,0.5,4.0,4.0,0.0025,0.005,3.5,700,two_speed,177,1.0000681148667072,2.0120852701349423,0.5156216823503701,0.0018376564311233215,0,0.02612252573196674,0.23860442856260175
1.0,0.5,4.0,4.0,0.0025,0.005,5.0,1000,two_speed,177,0.9998901278401613,2.0174172725632986,0.5163744242442241,0.0020578075437712464,0,0.031064129921004383,0.23860442856260175
1.0,0.5,4.0,4.0,0.0025,0.005,10.0,2000,two_speed,177,1.0001667321965764,2.0346670865732954,0.5309684677574981,0.0020096061905927323,0,0.05688208841158108,0.23860442856260175
1.0,0.5,4.0,4.0,0.0025,0.005,20.0,4000,two_speed,177,0.9997059377592975,2.0450899932908366,0.5223728360198567,0.0022130039002324015,0,0.06034476558963949,0.23860442856260175
1.0,0.5,4.0,4.0,0.0025,0.005,0.5,100,two_speed,178,1.0001495525247468,1.9892319636110434,0.5019530238541994,0.0020019966345244038,0,0.016013845002977024,0.24041819643961
1.0,0.5,4.0,4.0,0.0025,0.005,1.0,200,two_speed,178,1.0001834362803297,2.0007175298970497,0.5069753329388729,0.0026260013407128717,0,0.015607792625306902,0.24041819643961
1.0,0.5,4.0,4.0,0.0025,0.005,2.0,400,two_speed,178,1.000193043268622,2.0002723473330732,0.5102978468529538,0.0020835641228964708,0,0.01660549815021051,0.24041819643961
1.0,0.5,4.0,4.0,0.0025,0.005,3.5,700,two_speed,178,1.000483176226065,1.9996029522540848,0.5186530052720031,0.002157756220263209,0,0.025651775216287198,0.24041819643961
1.0,0.5,4.0,4.0,0.0025,0.005,5.0,1000,two_speed,178,1.0000104701499566,2.022287957403986,0.5140839086217721,0.0020494222066566774,0,0.033056928662608516,0.24041819643961
1.0,0.5,4.0,4.0,0.0025,0.005,10.0,2000,two_speed,178,1.0000645918757936,1.9893869040047847,0.5222894814790163,0.002072898795404125,0,0.0327918804907116,0.24041819643961
1.0,0.5,4.0,4.0,0.0025,0.005,20.0,4000,two_speed,178,0.9998369053955203,1.9194910587950704,0.5144442425645344,0.0016813963548318735,0,0.09467673437515378,0.24041819643961
1.0,0.5,4.0,4.0,0.0025,0.005,0.5,100,two_speed,179,0.9998858810403004,2.008187918676493,0.4998927327903488,0.001378510660579723,0,0.011635638217068476,0.24065335114885653
1.0,0.5,4.0,4.0,0.0025,0.005,1.0,200,two_speed,179,0.999814307857726,2.0112356147510084,0.4990384073270291,0.0021439167203831542,0,0.016743009387933796,0.24065335114885653
1.0,0.5,4.0,4.0,0.0025,0.005,2.0,400,two_speed,179,1.0002968797143057,2.021241641692824,0.5170910976130728,0.0020871470104205513,0,0.03423243443375074,0.24065335114885653
1.0,0.5,4.0,4.0,0.0025,0.005,3.5,700,two_speed,179,1.0003873860371195,2.026057839533789,0.5124225751403533,0.0019541745134268166,0,0.0350394749357365,0.24065335114885653
1.0,0.5,4.0,4.0,0.0025,0.005,5.0,1000,two_speed,179,1.0002236141921885,2.0207223423905747,0.5168859469782314,0.0014352507898344733,0,0.032797470208809305,0.24065335114885653
1.0,0.5,4.0,4.0,0.0025,0.005,10.0,2000,two_speed,179,1.0000308337107302,1.9946740648621641,0.5258016550825477,0.002045880108126293,0,0.0353415064574849,0.24065335114885653
1.0,0.5,4.0,4.0,0.0025,0.005,20.0,4000,two_speed,179,1.0001052705200317,1.9817301179340616,0.5238530159726088,0.002189262056165026,0,0.038660599284895555,0.24065335114885653
1.0,0.5,4.0,4.0,0.0025,0.005,0.5,100,two_speed,180,0.9998545749581162,2.018580963860491,0.5026100983287898,0.0016911895449089318,0,0.02329658774812097,0.2392329167175506
1.0,0.5,4.0,4.0,0.0025,0.005,1.0,200,two_speed,180,0.9999619534520322,2.02512176349987,0.5106179208605223,0.0015818769122240607,0,0.033019099164161826,0.2392329167175506
1.0,0.5,4.0,4.0,0.0025,0.005,2.0,400,two_speed,180,1.0000233978878972,2.0216865104623474,0.5228444833317314,0.002521201836541126,0,0.04059728637849798,0.2392329167175506
1.0,0.5,4.0,4.0,0.0025,0.005,3.5,700,two_speed,180,0.9998838081897387,2.0094594538352855,0.523023810804247,0.0017572023163494764,0,0.03317916882029003,0.2392329167175506
1.0,0.5,4.0,4.0,0.0025,0.005,5.0,1000,two_speed,180,0.9999818798545741,1.9951992544071242,0.5308558110110501,0.0018987154575912605,0,0.041305808668749285,0.2392329167175506
1.0,0.5,4.0,4.0,0.0025,0.005,10.0,2000,two_speed,180,0.9999010647467611,1.9692939101267832,0.5296944169562122,0.0019844713051118167,0,0.05300200699657838,0.2392329167175506
1.0,0.5,4.0,4.0,0.0025,0.005,20.0,4000,two_speed,180,1.0002681881828566,1.973657026829806,0.5245313347553062,0.002017936096828624,0,0.04458978613926661,0.2392329167175506
1.0,0.5,4.0,4.0,0.0025,0.005,0.5,100,two_speed,181,0.9999387723522822,1.99791309312689,0.49271786913595683,0.0028534145462335942,0,0.017042622164674056,0.24141236314816134
1.0,0.5,4.0,4.0,0.0025,0.005,1.0,200,two_speed,181,1.0002819761644,1.9862587594093108,0.5006418198444473,0.0019520409804189183,0,0.018572587400577885,0.24141236314816134
1.0,0.5,4.0,4.0,0.0025,0.005,2.0,400,two_speed,181,0.9999379431104057,1.9655659250460389,0.5020143532141096,0.002735354760319391,0,0.042037802241534646,0.24141236314816134
1.0,0.5,4.0,4.0,0.0025,0.005,3.5,700,two_speed,181,1.0000398363892093,1.971192778269076,0.5151697880894591,0.0016501695795538218,0,0.03924399406620509,0.24141236314816134
1.0,0.5,4.0,4.0,0.0025,0.005,5.0,1000,two_speed,181,1.0000365540811862,1.961065120159875,0.5159217599371567,0.002913857027998321,0,0.05099869194037456,0.24141236314816134
1.0,0.5,4.0,4.0,0.0025,0.005,10.0,2000,two_speed,181,1.0001930787270104,1.9778168743958828,0.5189755950186095,0.0030781566292387252,0,0.03823242614220568,0.24141236314816134
1.0,0.5,4.0,4.0,0.0025,0.005,20.0,4000,two_speed,181,1.000113293488105,2.01596131454814,0.5226855687672559,0.0017358046817639659,0,0.03551981267627125,0.24141236314816134
1.0,0.5,4.0,4.0,0.0025,0.005,0.5,100,two_speed,182,0.9998577286499131,1.9990138041719154,0.5059148359408296,0.002342764749351193,0,0.014068529069471567,0.24081199399993888
1.0,0.5,4.0,4.0,0.0025,0.005,1.0,200,two_speed,182,0.9999220972873727,2.0011253599685226,0.5045593560483149,0.002116772926389863,0,0.012130229740057667,0.24081199399993888
1.0,0.5,4.0,4.0,0.0025,0.005,2.0,400,two_speed,182,1.0000465634580793,1.999812917704971,0.5188488888836771,0.0015315028744140432,0,0.025522228072910352,0.24081199399993888
1.0,0.5,4.0,4.0,0.0025,0.005,3.5,700,two_speed,182,0.9999760870247635,1.989503065862826,0.5156252085492428,0.0016077335328888314,0,0.024996383212016526,0.24081199399993888
1.0,0.5,4.0,4.0,0.0025,0.005,5.0,1000,two_speed,182,0.9998218765652582,1.982511673215548,0.5098531357746124,0.0018424205377690684,0,0.025657337541938337,0.24081199399993888
1.0,0.5,4.0,4.0,0.0025,0.005,10.0,2000,two_speed,182,0.9998141409135685,1.9833055866091607,0.5139090993905762,0.001688421373508981,0,0.02790832767820031,0.24081199399993888
1.0,0.5,4.0,4.0,0.0025,0.005,20.0,4000,two_speed,182,1.0001415405501017,2.0211007840360624,0.5139821746205482,0.0015687925262532708,0,0.03103317526134978,0.24081199399993888
1.0,0.5,4.0,4.0,0.0025,0.005,0.5,100,two_speed,183,1.0000319045358084,1.9965597793127452,0.5027159267227055,0.0016556718197397594,0,0.009695528176728786,0.23964113100165768
1.0,0.5,4.0,4.0,0.0025,0.005,1.0,200,two_speed,183,0.9999757418387425,1.9948822410420861,0.49996946882558385,0.0016135410438943415,0,0.009877597979497674,0.23964113100165768
1.0,0.5,4.0,4.0,0.0025,0.005,2.0,400,two_speed,183,1.0002631757707534,1.9926366659251629,0.5093893053022096,0.002388399818936513,0,0.018687014738812274,0.23964113100165768
1.0,0.5,4.0,4.0,0.0025,0.005,3.5,700,two_speed,183,1.0001555692888944,2.0088254017092426,0.5227009570407927,0.001808520154710574,0,0.03208869017241019,0.23964113100165768
1.0,0.5,4.0,4.0,0.0025,0.005,5.0,1000,two_speed,183,0.9998821062350033,2.0113122322508628,0.5289908286685164,0.001996060710017626,0,0.040997124296544556,0.23964113100165768
1.0,0.5,4.0,4.0,0.0025,0.005,10.0,2000,two_speed,183,0.999900282334967,2.0044824552412503,0.5226438501078964,0.0015705267324059712,0,0.030998332911772467,0.23964113100165768
1.0,0.5,4.0,4.0,0.0025,0.005,20.0,4000,two_speed,183,1.0000694133276082,1.9882793199202844,0.5227848697149415,0.0016078502494899516,0,0.033351728841637215,0.23964113100165768
1.0,0.5,4.0,4.0,0.0025,0.005,0.5,100,two_speed,184,0.9999731179994052,2.000828494946319,0.5044532700942083,0.0025520875083596094,0,0.013867909847843855,0.24088862500086958
1.0,0.5,4.0,4.0,0.0025,0.005,1.0,200,two_speed,184,0.9998662731968695,2.0001316856387543,0.5040367320647908,0.0015409352308154993,0,0.009406323341052911,0.24088862500086958
1.0,0.5,4.0,4.0,0.0025,0.005,2.0,400,two_speed,184,0.9997286944003247,1.9925774670881062,0.5095387652557691,0.0020534338934268255,0,0.018539955919146887,0.24088862500086958
1.0,0.5,4.0,4.0,0.0025,0.005,3.5,700,two_speed,184,1.0000278643732958,1.9801740304650044,0.5182772020630938,0.0015456421213148536,0,0.03370876151520019,0.24088862500086958
1.0,0.5,4.0,4.0,0.0025,0.005,5.0,1000,two_speed,184,1.00045777169053,1.9714382215923802,0.5241520937508455,0.002327417442532754,0,0.04599155841420341,0.24088862500086958
1.0,0.5,4.0,4.0,0.0025,0.005,10.0,2000,two_speed,184,0.9998908243629218,1.9176104025837757,0.524660945449739,0.002175402299668155,0,0.10002612520077306,0.24088862500086958
1.0,0.5,4.0,4.0,0.0025,0.005,20.0,4000,two_speed,184,0.9997177208632027,1.9328430965370789,0.5174059309206118,0.0013459105884815101,0,0.08060342002810557,0.24088862500086958
1.0,0.5,4.0,4.0,0.0025,0.005,0.5,100,two_speed,185,0.9998009448111332,2.000014009514035,0.4988364409816761,0.0018704417403584551,0,0.00928105913215886,0.2400170060074223
1.0,0.5,4.0,4.0,0.0025,0.005,1.0,200,two_speed,185,0.9998440164774112,2.016032286306448,0.5050037078986471,0.0016006676084728913,0,0.02120324647037203,0.2400170060074223
1.0,0.5,4.0,4.0,0.0025,0.005,2.0,400,two_speed,185,0.9998404588919494,2.0163847443633327,0.5104879984629705,0.0017366190176289933,0,0.024923617974974478,0.2400170060074223
1.0,0.5,4.0,4.0,0.0025,0.005,3.5,700,two_speed,185,0.9994975016283766,2.026594739076289,0.5078319132014323,0.002902611687584326,0,0.03557376063175098,0.2400170060074223
1.0,0.5,4.0,4.0,0.0025,0.005,5.0,1000,two_speed,185,1.0001618014424345,2.009224099847812,0.5053459694571137,0.002435136032219006,0,0.017328775770820287,0.2400170060074223
1.0,0.5,4.0,4.0,0.0025,0.005,10.0,2000,two_speed,185,1.0001753221274965,2.0135857665243937,0.5165196496498197,0.002307358514802794,0,0.028565531337458025,0.2400170060074223
1.0,0.5,4.0,4.0,0.0025,0.005,20.0,4000,two_speed,185,1.0004148537228865,1.9865426093690721,0.5224397777051502,0.002181572008996824,0,0.03399025789202982,0.2400170060074223
1.0,0.5,4.0,4.0,0.0025,0.005,0.5,100,two_speed,186,1.0000936135020335,2.008788116040705,0.5102109360739551,0.001749352904932338,0,0.01869941624601275,0.24138992256484926
1.0,0.5,4.0,4.0,0.0025,0.005,1.0,200,two_speed,186,1.0000263387929476,2.001915839488344,0.5097536980933328,0.0021202120629457864,0,0.01656025702858189,0.24138992256484926
1.0,0.5,4.0,4.0,0.0025,0.005,2.0,400,two_speed,186,0.9997328729299059,1.9979307719269601,0.5078623164806702,0.0022075577034857516,0,0.015544114743158574,0.24138992256484926
1.0,0.5,4.0,4.0,0.0025,0.005,3.5,700,two_speed,186,0.9999503933365712,1.9731604216312277,0.5031609368476487,0.001666344258888138,0,0.03226958600397535,0.24138992256484926
1.0,0.5,4.0,4.0,0.0025,0.005,5.0,1000,two_speed,186,0.9999505477606405,1.9561079160981385,0.5080922026108061,0.0018720658836804615,0,0.052364662387263526,0.24138992256484926
1.0,0.5,4.0,4.0,0.0025,0.005,10.0,2000,two_speed,186,1.0000907657895766,1.951228428428285,0.5162979599755471,0.001811216759486561,0,0.06043025702171323,0.24138992256484926
1.0,0.5,4.0,4.0,0.0025,0.005,20.0,4000,two_speed,186,1.000050907958778,1.9903248474283535,0.5100018221742578,0.001862132432454761,0,0.019393944816389876,0.24138992256484926
1.0,0.5,4.0,4.0,0.0025,0.005,0.5,100,two_speed,187,0.99997473853117,1.9907221861173914,0.5059946476215601,0.001970200837082263,0,0.016435045539132224,0.2410780118578779
1.0,0.5,4.0,4.0,0.0025,0.005,1.0,200,two_speed,187,0.9999806628365842,1.9901709349124104,0.5147575607303646,0.0015203523371364485,0,0.02352145713244236,0.2410780118578779
1.0,0.5,4.0,4.0,0.0025,0.005,2.0,400,two_speed,187,0.99975073240225,1.9953965432601168,0.5103669424772073,0.0021297894381916544,0,0.018288430627787382,0.2410780118578779
1.0,0.5,4.0,4.0,0.0025,0.005,3.5,700,two_speed,187,0.9995448628978264,1.9902374372183396,0.518610140678232,0.003105805083687226,0,0.031333430493252185,0.2410780118578779
1.0,0.5,4.0,4.0,0.0025,0.005,5.0,1000,two_speed,187,1.0003392424787967,1.9939691718005708,0.5320121120268096,0.002936514746715502,0,0.04388602379885631,0.2410780118578779
1.0,0.5,4.0,4.0,0.0025,0.005,10.0,2000,two_speed,187,0.999431124870968,2.0057756402405635,0.5101000409284346,0.0026543294118697904,0,0.02061290567348443,0.2410780118578779
1.0,0.5,4.0,4.0,0.0025,0.005,20.0,4000,two_speed,187,1.0002871030227003,1.9722457941156686,0.527918530972689,0.003910285954684475,0,0.05100156069778986,0.2410780118578779
1.0,0.5,4.0,4.0,0.0025,0.005,0.5,100,two_speed,188,1.0000248674929646,2.0027380405431923,0.504445398957344,0.002315715713610755,0,0.013123386732897249,0.2397780714257221
1.0,0.5,4.0,4.0,0.0025,0.005,1.0,200,two_speed,188,1.000099650622625,2.0048820986916738,0.5086342181053187,0.001613503226024292,0,0.014735410063780235,0.2397780714257221
1.0,0.5,4.0,4.0,0.0025,0.005,2.0,400,two_speed,188,1.0002901315917314,2.0078422026885656,0.5156707714941512,0.0018384283336625006,0,0.023612897777383006,0.2397780714257221
1.0,0.5,4.0,4.0,0.0025,0.005,3.5,700,two_speed,188,1.0002466911479178,1.9833525691424279,0.5173328802003185,0.002047828096618668,0,0.030914463966311555,0.2397780714257221
1.0,0.5,4.0,4.0,0.0025,0.005,5.0,1000,two_speed,188,1.0003842934798608,1.996573378985158,0.5231533386109907,0.00216492106428022,0,0.03140662930300519,0.2397780714257221
1.0,0.5,4.0,4.0,0.0025,0.005,10.0,2000,two_speed,188,0.9999915932390299,2.0216659099465146,0.5231964895493958,0.0016490280685838754,0,0.039824390688898044,0.2397780714257221
1.0,0.5,4.0,4.0,0.0025,0.005,20.0,4000,two_speed,188,0.9999888817030544,2.0350148394636176,0.5267819541523278,0.0016013670707918084,0,0.05337949527759441,0.2397780714257221
1.0,0.5,4.0,4.0,0.0025,0.005,0.5,100,two_speed,189,0.9998613924314077,1.998355313626207,0.5006733496534785,0.001685403244079607,0,0.008586240548435885,0.23973200584961368
1.0,0.5,4.0,4.0,0.0025,0.005,1.0,200,two_speed,189,1.0002360094771168,1.9984212388640676,0.5036945968031901,0.0017556466363638213,0,0.009866079951154497,0.23973200584961368
1.0,0.5,4.0,4.0,0.0025,0.005,2.0,400,two_speed,189,1.000076005172122,1.9888787482595351,0.5001259041755838,0.0015824048650416554,0,0.015008288628797562,0.23973200584961368
1.0,0.5,4.0,4.0,0.0025,0.005,3.5,700,two_speed,189,1.0003011097508392,1.981909910030473,0.5121846493167255,0.0021220976926379065,0,0.02782436761658762,0.23973200584961368
1.0,0.5,4.0,4.0,0.0025,0.005,5.0,1000,two_speed,189,1.0001594091694477,1.986212849040178,0.5130575377266615,0.0016475212140044473,0,0.024333258879350735,0.23973200584961368
1.0,0.5,4.0,4.0,0.0025,0.005,10.0,2000,two_speed,189,1.0003757487260494,1.9627704178709917,0.522869975167388,0.0022039546070341657,0,0.052660907380701394,0.23973200584961368
1.0,0.5,4.0,4.0,0.0025,0.005,20.0,4000,two_speed,189,0.9999327335466772,1.9755373346702936,0.5145294735880577,0.0012744800022086358,0,0.034482196204930246,0.23973200584961368
1.0,0.5,4.0,4.0,0.0025,0.005,0.5,100,two_speed,190,1.0002369618516849,2.005961919861938,0.5063421503092674,0.002267255982349072,0,0.015235303339644983,0.23968663099887116
1.0,0.5,4.0,4.0,0.0025,0.005,1.0,200,two_speed,190,1.000109492772348,2.013180100592238,0.5108433741436604,0.001329933896939942,0,0.02160162104662532,0.23968663099887116
1.0,0.5,4.0,4.0,0.0025,0.005,2.0,400,two_speed,190,0.9999940200293357,2.0144651263591724,0.5179883338783864,0.002653594592695503,0,0.031353578486359036,0.23968663099887116
1.0,0.5,4.0,4.0,0.0025,0.005,3.5,700,two_speed,190,1.0001320031445264,2.0111338291232856,0.5181718941522113,0.002198228971641999,0,0.028681758775616947,0.23968663099887116
1.0,0.5,4.0,4.0,0.0025,0.005,5.0,1000,two_speed,190,0.9999729023761874,2.014681019139744,0.5158535598341967,0.002107466449371904,0,0.028656213893066294,0.23968663099887116
1.0,0.5,4.0,4.0,0.0025,0.005,10.0,2000,two_speed,190,0.9999540830383004,2.0163076542101876,0.5109131570456679,0.002419528049646524,0,0.02649895043295164,0.23968663099887116
1.0,0.5,4.0,4.0,0.0025,0.005,20.0,4000,two_speed,190,1.0004192587298741,2.0513549518160703,0.5205031505999193,0.0019825085747071157,0,0.06478186970599713,0.23968663099887116
1.0,0.5,4.0,4.0,0.0025,0.005,0.5,100,two_speed,191,1.0003102603321323,1.9939499258325983,0.5102132019272411,0.0023098180674971706,0,0.018455757096196297,0.241547666556601
1.0,0.5,4.0,4.0,0.0025,0.005,1.0,200,two_speed,191,1.000499667483232,2.0045103746620576,0.5144709622435684,0.002797585710291303,0,0.0231793268730084,0.241547666556601
1.0,0.5,4.0,4.0,0.0025,0.005,2.0,400,two_speed,191,1.0001248053407445,2.0227178842596882,0.513916419744691,0.0025098170118047066,0,0.03397388103243046,0.241547666556601
1.0,0.5,4.0,4.0,0.0025,0.005,3.5,700,two_speed,191,1.0002435607428393,2.0429352549288637,0.5200388879544566,0.0021766804712842263,0,0.056500693172302725,0.241547666556601
1.0,0.5,4.0,4.0,0.0025,0.005,5.0,1000,two_speed,191,1.0001944462131986,2.0371562821892044,0.5218697927050014,0.002781054098399152,0,0.05240428275847887,0.241547666556601
1.0,0.5,4.0,4.0,0.0025,0.005,10.0,2000,two_speed,191,0.9998362318633701,2.0423161181212817,0.5176434569676117,0.0014703084588295796,0,0.054177907711921755,0.241547666556601
1.0,0.5,4.0,4.0,0.0025,0.005,20.0,4000,two_speed,191,0.999992964842761,2.0319554976489216,0.509848052806154,0.002526196783299237,0,0.04084294608870946,0.241547666556601
1.0,0.5,4.0,4.0,0.0025,0.005,0.5,100,two_speed,192,1.0001143188297217,2.003218977842894,0.5080464513117363,0.0015841250773451204,0,0.013416166200471383,0.24070489285181143
1.0,0.5,4.0,4.0,0.0025,0.005,1.0,200,two_speed,192,1.0001722608105583,1.9892997398033774,0.5096164143935846,0.0014685657186472593,0,0.01876175572307618,0.24070489285181143
1.0,0.5,4.0,4.0,0.0025,0.005,2.0,400,two_speed,192,1.0002367373524093,1.996857841765399,0.5107715028011803,0.0017245876186481326,0,0.016441826625237032,0.24070489285181143
1.0,0.5,4.0,4.0,0.0025,0.005,3.5,700,two_speed,192,1.0004680966890853,1.9987304427945949,0.515634032810482,0.0021659829940897986,0,0.02230477661616546,0.24070489285181143
1.0,0.5,4.0,4.0,0.0025,0.005,5.0,1000,two_speed,192,1.0001002819455431,2.001852241318709,0.5109816272198836,0.001764369254854684,0,0.01670657118759489,0.24070489285181143
1.0,0.5,4.0,4.0,0.0025,0.005,10.0,2000,two_speed,192,1.0001832756480626,1.9748732966710525,0.5178153691289769,0.0023615525434170573,0,0.03862909521501825,0.24070489285181143
1.0,0.5,4.0,4.0,0.0025,0.005,20.0,4000,two_speed,192,1.0002978967586995,1.987258790054106,0.532787025951399,0.0025367543857030537,0,0.045797418841945756,0.24070489285181143
1.0,0.5,4.0,4.0,0.0025,0.005,0.5,100,two_speed,193,0.9998327305532493,2.0008476491679734,0.5016044761298762,0.0017816667872944509,0,0.00916350461633827,0.23957672015032067
1.0,0.5,4.0,4.0,0.0025,0.005,1.0,200,two_speed,193,0.9998858427266989,1.9939584186278465,0.5039695624591715,0.0021041245917287035,0,0.013600455299355309,0.23957672015032067
1.0,0.5,4.0,4.0,0.0025,0.005,2.0,400,two_speed,193,0.9999496041318927,1.9975012547038145,0.5129743324346208,0.002537314234308725,0,0.021241031478316994,0.23957672015032067
1.0,0.5,4.0,4.0,0.0025,0.005,3.5,700,two_speed,193,0.9995623333000595,1.9923361464716112,0.5190896802566707,0.002676418590298783,0,0.030115734272111845,0.23957672015032067
1.0,0.5,4.0,4.0,0.0025,0.005,5.0,1000,two_speed,193,1.0004146160710714,1.9817167325088538,0.5338588835420425,0.0017320722437291819,0,0.04844197702364794,0.23957672015032067
1.0,0.5,4.0,4.0,0.0025,0.005,10.0,2000,two_speed,193,1.0005917433765603,1.9698601507401678,0.5323511406639709,0.0019133703108206895,0,0.05395537205494978,0.23957672015032067
1.0,0.5,4.0,4.0,0.0025,0.005,20.0,4000,two_speed,193,0.9998186342065953,1.966771284877448,0.5219397747077409,0.0024885333275424426,0,0.049123894012924274,0.23957672015032067
1.0,0.5,4.0,4.0,0.0025,0.005,0.5,100,two_speed,194,0.9999452494402875,1.9956752249317042,0.5010228434358364,0.0015110393756693923,0,0.009059247947364162,0.24065995828381606
1.0,0.5,4.0,4.0,0.0025,0.005,1.0,200,two_speed,194,0.9999835879365813,1.9950664543065597,0.5052431237299987,0.0023482481200667034,0,0.014596142123895768,0.24065995828381606
1.0,0.5,4.0,4.0,0.0025,0.005,2.0,400,two_speed,194,1.0001620460519305,1.977083169198272,0.5123517469061899,0.0026484312216851877,0,0.033435666112328996,0.24065995828381606
1.0,0.5,4.0,4.0,0.0025,0.005,3.5,700,two_speed,194,0.9997763347010042,1.9886021491588255,0.5127315807948746,0.0015705858932172998,0,0.022892211581177335,0.24065995828381606
1.0,0.5,4.0,4.0,0.0025,0.005,5.0,1000,two_speed,194,1.0001773279569162,1.968899675406323,0.523977304828826,0.0013875445929592749,0,0.047470115012708106,0.24065995828381606
1.0,0.5,4.0,4.0,0.0025,0.005,10.0,2000,two_speed,194,1.0000894063647976,1.9653868076590781,0.5262565140219807,0.001647504759077175,0,0.052529160099953474,0.24065995828381606
1.0,0.5,4.0,4.0,0.0025,0.005,20.0,4000,two_speed,194,1.0004866336635143,1.9323284190477066,0.5260655322681034,0.0027913418359297184,0,0.0849315778283353,0.24065995828381606
1.0,0.5,4.0,4.0,0.0025,0.005,0.5,100,two_speed,195,1.0000834019895721,2.0020845272500294,0.5081090971309771,0.002560708972350127,0,0.0165062937435839,0.23924957742981082
1.0,0.5,4.0,4.0,0.0025,0.005,1.0,200,two_speed,195,0.9998187618435093,2.0018600059307676,0.5055194053233795,0.0016089594230502913,0,0.011189268293334992,0.23924957742981082
1.0,0.5,4.0,4.0,0.0025,0.005,2.0,400,two_speed,195,0.9999625371091375,2.0137592559981283,0.5134869835195769,0.002300011330136505,0,0.026299114468036497,0.23924957742981082
1.0,0.5,4.0,4.0,0.0025,0.005,3.5,700,two_speed,195,0.9994444788901482,2.0358035669908063,0.5027427631922369,0.0037788783171098924,0,0.04562098737845737,0.23924957742981082
1.0,0.5,4.0,4.0,0.0025,0.005,5.0,1000,two_speed,195,0.9997615565577952,2.0254560619277866,0.5104829197498557,0.002393557738936763,0,0.03464169229684986,0.23924957742981082
1.0,0.5,4.0,4.0,0.0025,0.005,10.0,2000,two_speed,195,0.9998368996448578,1.980962883237413,0.5209567203572387,0.0017870937600748562,0,0.03610900884761081,0.23924957742981082
1.0,0.5,4.0,4.0,0.0025,0.005,20.0,4000,two_speed,195,1.0000552283071205,1.9204662999808082,0.5226380982858565,0.001931382730838875,0,0.09579202533918957,0.23924957742981082
1.0,0.5,4.0,4.0,0.0025,0.005,0.5,100,two_speed,196,1.0000178189001083,1.9885912524269218,0.5023391099496294,0.001313050264431913,0,0.014955766340727471,0.2402977022741522
1.0,0.5,4.0,4.0,0.0025,0.005,1.0,200,two_speed,196,0.9999268013950376,2.0022521670710125,0.5024221680090537,0.0021638300573408814,0,0.011432134213243473,0.2402977022741522
1.0,0.5,4.0,4.0,0.0025,0.005,2.0,400,two_speed,196,0.9998748860529865,1.9900391459782047,0.5011428734288539,0.001456166808456925,0,0.013657878843428334,0.2402977022741522
1.0,0.5,4.0,4.0,0.0025,0.005,3.5,700,two_speed,196,0.9998238768098634,1.9825444143722994,0.5080637834544046,0.0018732765982756186,0,0.02468567165535382,0.2402977022741522
1.0,0.5,4.0,4.0,0.0025,0.005,5.0,1000,two_speed,196,0.9999662862643168,1.9560314491243844,0.5155567800969159,0.002275850454743226,0,0.05552965306137124,0.2402977022741522
1.0,0.5,4.0,4.0,0.0025,0.005,10.0,2000,two_speed,196,0.999976629646735,1.9836541023366827,0.5150625290898858,0.0019945963402047797,0,0.02888580464906141,0.2402977022741522
1.0,0.5,4.0,4.0,0.0025,0.005,20.0,4000,two_speed,196,1.000167294712822,1.9567411565204205,0.5304363994915693,0.002503533053097024,0,0.0642128168922669,0.2402977022741522
1.0,0.5,4.0,4.0,0.0025,0.005,0.5,100,two_speed,197,0.9999158664691453,1.9971855482196919,0.4988896512269648,0.0020266543421303285,0,0.010541482580843482,0.2412644404186202
1.0,0.5,4.0,4.0,0.0025,0.005,1.0,200,two_speed,197,1.0002784291259832,1.9947569858004421,0.5062349868724593,0.002294394898305333,0,0.014899038267509138,0.2412644404186202
1.0,0.5,4.0,4.0,0.0025,0.005,2.0,400,two_speed,197,1.0004984406024682,1.9955843064346548,0.5178542855401436,0.0024337553952336597,0,0.025817479706401907,0.2412644404186202
1.0,0.5,4.0,4.0,0.0025,0.005,3.5,700,two_speed,197,1.0003210988536817,2.0051329299705505,0.5170735399501475,0.0020920315015253324,0,0.02460406594166659,0.2412644404186202
1.0,0.5,4.0,4.0,0.0025,0.005,5.0,1000,two_speed,197,1.000347147478748,2.0004516202890303,0.5223276823766967,0.00351495322800111,0,0.03310099862008645,0.2412644404186202
1.0,0.5,4.0,4.0,0.0025,0.005,10.0,2000,two_speed,197,1.00042529248113,2.0133390278688417,0.519763273915935,0.0021605609693552026,0,0.031014411668795677,0.2412644404186202
1.0,0.5,4.0,4.0,0.0025,0.005,20.0,4000,two_speed,197,1.0002489849517116,1.945681499256174,0.5210051910819505,0.001860227286150536,0,0.06825996089142528,0.2412644404186202
1.0,0.5,4.0,4.0,0.0025,0.005,0.5,100,two_speed,198,1.0001864126740843,2.00082334860508,0.5087796628075232,0.0025639505483460974,0,0.01678683318762484,0.2414405595710767
1.0,0.5,4.0,4.0,0.0025,0.005,1.0,200,two_speed,198,0.9998725465908465,2.004047128071992,0.5131159621255901,0.0020249091697101314,0,0.020485702246293647,0.2414405595710767
1.0,0.5,4.0,4.0,0.0025,0.005,2.0,400,two_speed,198,1.0000510308003534,2.000322061529742,0.5196448862026378,0.0020889219025241297,0,0.02742514546303912,0.2414405595710767
1.0,0.5,4.0,4.0,0.0025,0.005,3.5,700,two_speed,198,0.9999186623085325,2.0280078830090305,0.5236023709500685,0.0019784973988260764,0,0.04543521137724219,0.2414405595710767
1.0,0.5,4.0,4.0,0.0025,0.005,5.0,1000,two_speed,198,1.0000405512587613,2.025712388294495,0.5270819873633585,0.0013326320969801308,0,0.04608342445124549,0.2414405595710767
1.0,0.5,4.0,4.0,0.0025,0.005,10.0,2000,two_speed,198,0.9997919224204084,1.9947161549588428,0.5199429736577187,0.0010819055778573635,0,0.027539936636089078,0.2414405595710767
1.0,0.5,4.0,4.0,0.0025,0.005,20.0,4000,two_speed,198,0.9995882049127085,2.0173664717561466,0.5176785650326158,0.003307560261260874,0,0.03518882069295135,0.2414405595710767
1.0,0.5,4.0,4.0,0.0025,0.005,0.5,100,two_speed,199,0.9999763245976001,2.0008527093121384,0.5066521497886619,0.002203914138320016,0,0.013931031395714158,0.243722910726709
1.0,0.5,4.0,4.0,0.0025,0.005,1.0,200,two_speed,199,0.999787018770866,1.9897782114531595,0.5071651074933319,0.001643225434859496,0,0.01736641591316808,0.243722910726709
1.0,0.5,4.0,4.0,0.0025,0.005,2.0,400,two_speed,199,1.0002986931523934,1.9799907298389638,0.5220889049158794,0.002694518995810068,0,0.038678866459704496,0.243722910726709
1.0,0.5,4.0,4.0,0.0025,0.005,3.5,700,two_speed,199,0.9997005058569848,1.9926909636194854,0.5203216621100867,0.0027641406433799786,0,0.031272572516706204,0.243722910726709
1.0,0.5,4.0,4.0,0.0025,0.005,5.0,1000,two_speed,199,1.0001310422918286,1.9890250596497923,0.5292731259708547,0.001944004585197773,0,0.04076867166805869,0.243722910726709
1.0,0.5,4.0,4.0,0.0025,0.005,10.0,2000,two_speed,199,1.0000126110576484,1.9807082807206893,0.5178198981555846,0.0013892369135009878,0,0.03269026579746266,0.243722910726709
1.0,0.5,4.0,4.0,0.0025,0.005,20.0,4000,two_speed,199,1.000060891977048,1.9841231797248282,0.5254828428865442,0.0013056449553874297,0,0.03808472060865351,0.243722910726709
1.0,0.5,4.0,4.0,0.0025,0.005,0.5,100,two_speed,200,1.000175645873854,2.0074882948915533,0.5060449935744015,0.0024575177990429453,0,0.016611660952654192,0.2426197857130319
1.0,0.5,4.0,4.0,0.0025,0.005,1.0,200,two_speed,200,1.000228484352064,1.9948131540430984,0.5106755470449116,0.0017954588504724728,0,0.01719898730558799,0.2426197857130319
1.0,0.5,4.0,4.0,0.0025,0.005,2.0,400,two_speed,200,0.9999904192054244,1.9994000718843892,0.5120423361312965,0.0019943174125755477,0,0.018532534999896516,0.2426197857130319
1.0,0.5,4.0,4.0,0.0025,0.005,3.5,700,two_speed,200,1.0001399520598786,1.988188130093959,0.5172075674545255,0.0025633757779893623,0,0.028693097760075375,0.2426197857130319
1.0,0.5,4.0,4.0,0.0025,0.005,5.0,1000,two_speed,200,1.0003054117524615,1.9994019582964102,0.5151811050755305,0.002479356527955027,0,0.02272360513480801,0.2426197857130319
1.0,0.5,4.0,4.0,0.0025,0.005,10.0,2000,two_speed,200,0.9999802720055558,2.010550066841289,0.5065438045333932,0.0017581655212456423,0,0.017221106085340006,0.2426197857130319
1.0,0.5,4.0,4.0,0.0025,0.005,20.0,4000,two_speed,200,0.9999585463478999,2.0660694780808613,0.5222130307243341,0.0020124391749452917,0,0.08131417905479896,0.2426197857130319
1.0,0.5,4.0,4.0,0.0025,0.005,0.5,100,two_speed,201,1.0001982632045228,2.0030065659707432,0.504142310659329,0.002909840864687638,0,0.01554974561105756,0.24330292271250592
1.0,0.5,4.0,4.0,0.0025,0.005,1.0,200,two_speed,201,1.0003726067172305,1.9935441123056168,0.508820918849783,0.002961471409259329,0,0.01961985761201,0.24330292271250592
1.0,0.5,4.0,4.0,0.0025,0.005,2.0,400,two_speed,201,1.0003920063630782,1.991843247165066,0.5107796076515346,0.0022270878231541755,0,0.01968565490021663,0.24330292271250592
1.0,0.5,4.0,4.0,0.0025,0.005,3.5,700,two_speed,201,1.0005111579349983,1.9766453758119027,0.5201243147747693,0.002574057320839504,0,0.03890347110646341,0.24330292271250592
1.0,0.5,4.0,4.0,0.0025,0.005,5.0,1000,two_speed,201,0.9998397378198854,1.9888577809057562,0.5162513900534186,0.0017499649805438704,0,0.0263582087672307,0.24330292271250592
1.0,0.5,4.0,4.0,0.0025,0.005,10.0,2000,two_speed,201,1.0000444508710145,1.9719546063153157,0.5150723103435427,0.0016802959141963864,0,0.03852477488750874,0.24330292271250592
1.0,0.5,4.0,4.0,0.0025,0.005,20.0,4000,two_speed,201,1.0000784818957764,1.9289055233031016,0.5134070417479842,0.0022535347367130185,0,0.08410286681670297,0.24330292271250592
1.0,0.5,4.0,4.0,0.0025,0.005,0.5,100,two_speed,202,1.0002805184786074,1.9996019032630494,0.5124712000142055,0.0017928489759400788,0,0.018041284161423275,0.24254041071981192
1.0,0.5,4.0,4.0,0.0025,0.005,1.0,200,two_speed,202,1.0002333559664873,2.0097288306369423,0.5110634999388022,0.0027625268715776373,0,0.022456402586556512,0.24254041071981192
1.0,0.5,4.0,4.0,0.0025,0.005,2.0,400,two_speed,202,1.0002796764888762,1.9996874645886593,0.5145574610621358,0.00209870805264309,0,0.02109115312832185,0.24254041071981192
1.0,0.5,4.0,4.0,0.0025,0.005,3.5,700,two_speed,202,0.9999954402940977,1.9963014385482105,0.5171118678523274,0.0022669647834335834,0,0.025281778362199102,0.24254041071981192
1.0,0.5,4.0,4.0,0.0025,0.005,5.0,1000,two_speed,202,1.0001032455698442,2.0037806953966624,0.5257669059321145,0.0012028641074745328,0,0.033938709656153476,0.24254041071981192
1.0,0.5,4.0,4.0,0.0025,0.005,10.0,2000,two_speed,202,0.9998891443932674,2.009898612117065,0.5208712384299485,0.0018929879876042274,0,0.030930715281647543,0.24254041071981192
1.0,0.5,4.0,4.0,0.0025,0.005,20.0,4000,two_speed,202,0.9998645093277352,1.9822989694936948,0.5097943513664464,0.0019063353912117237,0,0.025877189474920445,0.24254041071981192
1.0,0.5,4.0,4.0,0.0025,0.005,0.5,100,two_speed,203,1.0004532950817178,2.010436026971093,0.5115929966630358,0.0024988941954846595,0,0.02235893616928175,0.2429802560114435
1.0,0.5,4.0,4.0,0.0025,0.005,1.0,200,two_speed,203,1.0003441917430396,2.0036211684742216,0.5171463379650502,0.0017330650107320747,0,0.02365954451548348,0.2429802560114435
1.0,0.5,4.0,4.0,0.0025,0.005,2.0,400,two_speed,203,0.9999952736108192,2.0018103824635207,0.50967042796699,0.001566223516980661,0,0.01492290273937995,0.2429802560114435
1.0,0.5,4.0,4.0,0.0025,0.005,3.5,700,two_speed,203,1.0002079167419795,2.0046642134559196,0.5107062454285036,0.0017781720924225982,0,0.017005562179972927,0.2429802560114435
1.0,0.5,4.0,4.0,0.0025,0.005,5.0,1000,two_speed,203,0.9999808579232212,2.0139758069267124,0.510641991679468,0.0016906653415483495,0,0.02281722601414812,0.2429802560114435
1.0,0.5,4.0,4.0,0.0025,0.005,10.0,2000,two_speed,203,1.0003134528268416,2.0200348128851164,0.5167295370511029,0.0019048915061781505,0,0.03256123726180217,0.2429802560114435
1.0,0.5,4.0,4.0,0.0025,0.005,20.0,4000,two_speed,203,1.0001946813458982,1.9981379520908307,0.5239755941641092,0.0025140829872398987,0,0.03323730457680625,0.2429802560114435
1.0,0.5,4.0,4.0,0.0025,0.005,0.5,100,two_speed,204,1.000243096355967,2.0020270312628985,0.5025403838990287,0.001720904035206145,0,0.009262189898670435,0.24065825599245727
1.0,0.5,4.0,4.0,0.0025,0.005,1.0,200,two_speed,204,1.0003016565932252,2.0062789120767675,0.5109848745856609,0.0018743554867758285,0,0.018089481075331825,0.24065825599245727
1.0,0.5,4.0,4.0,0.0025,0.005,2.0,400,two_speed,204,1.0000342093171062,1.9998939360827859,0.5098564381426949,0.0019827591786023466,0,0.016075342458916675,0.24065825599245727
1.0,0.5,4.0,4.0,0.0025,0.005,3.5,700,two_speed,204,0.9999511136583793,2.010824208276218,0.5090804162870699,0.0017263505162444619,0,0.019247525701881072,0.24065825599245727
1.0,0.5,4.0,4.0,0.0025,0.005,5.0,1000,two_speed,204,0.9999336734116794,2.0045826482466014,0.5199604204031503,0.0015418795523391776,0,0.027648459280395183,0.24065825599245727
1.0,0.5,4.0,4.0,0.0025,0.005,10.0,2000,two_speed,204,1.0000762771980316,1.9926298654412413,0.5282741331854791,0.0025775788118080306,0,0.03937799578620357,0.24065825599245727
1.0,0.5,4.0,4.0,0.0025,0.005,20.0,4000,two_speed,204,0.9999273443695268,1.9977538612513954,0.5310854415864446,0.0018092462305464199,0,0.041396383666987294,0.24065825599245727
1.0,0.5,4.0,4.0,0.0025,0.005,0.5,100,two_speed,205,1.0003092065732475,2.0044784650669443,0.509577446012199,0.001914937031437172,0,0.016064996365682625,0.24340100584751262
1.0,0.5,4.0,4.0,0.0025,0.005,1.0,200,two_speed,205,1.0001879763473234,2.004689179739067,0.5055256357518657,0.0018956147070855235,0,0.0127724732065826,0.24340100584751262
1.0,0.5,4.0,4.0,0.0025,0.005,2.0,400,two_speed,205,0.9998228326811738,1.988218501627248,0.5034579199320648,0.0023990942409180607,0,0.0186527819496422,0.24340100584751262
1.0,0.5,4.0,4.0,0.0025,0.005,3.5,700,two_speed,205,1.0000487669565368,1.9902786018607233,0.514087855298121,0.0015985104868118292,0,0.022804328353771344,0.24340100584751262
1.0,0.5,4.0,4.0,0.0025,0.005,5.0,1000,two_speed,205,0.9999857492695962,1.9818493610877757,0.5160837735307371,0.002237451655705359,0,0.031607671863642,0.24340100584751262
1.0,0.5,4.0,4.0,0.0025,0.005,10.0,2000,two_speed,205,1.0001444185012403,1.9874637073166836,0.5276884807583742,0.0016347765081625055,0,0.039236789518177405,0.24340100584751262
1.0,0.5,4.0,4.0,0.0025,0.005,20.0,4000,two_speed,205,1.0003332318792835,1.9351038226640402,0.5403798751655974,0.0017207315938153993,0,0.09019686320829838,0.24340100584751262
1.0,0.5,4.0,4.0,0.0025,0.005,0.5,100,two_speed,206,1.0000885712854737,2.0020916456560878,0.5022559135134649,0.001492211855980357,0,0.008196469571342058,0.25724441671211806
1.0,0.5,4.0,4.0,0.0025,0.005,1.0,200,two_speed,206,0.9999616096193402,2.0087568828737252,0.49914519086213405,0.0015363669399635338,0,0.012656457277738115,0.25724441671211806
1.0,0.5,4.0,4.0,0.0025,0.005,2.0,400,two_speed,206,0.9996437045186112,2.0227348322048035,0.4975578940060396,0.0027092666860247857,0,0.029572503623589978,0.25724441671211806
1.0,0.5,4.0,4.0,0.0025,0.005,3.5,700,two_speed,206,1.0001835253138331,2.02120532822219,0.51356782987911,0.0025275506710774587,0,0.03239880506891963,0.25724441671211806
1.0,0.5,4.0,4.0,0.0025,0.005,5.0,1000,two_speed,206,0.9999273153882243,2.0285848489672675,0.5066878623921349,0.0016490689726714751,0,0.03500613722722975,0.25724441671211806
1.0,0.5,4.0,4.0,0.0025,0.005,10.0,2000,two_speed,206,1.0001114325382396,1.9900151272816433,0.5155103029785701,0.002860404948482021,0,0.02704486966703882,0.25724441671211806
1.0,0.5,4.0,4.0,0.0025,0.005,20.0,4000,two_speed,206,1.0003191852926605,1.9638846953030058,0.5273875254768559,0.002666980363497716,0,0.05574448218436799,0.25724441671211806
1.0,0.5,4.0,4.0,0.0025,0.005,0.5,100,two_speed,207,1.0001365194379508,1.998379119671449,0.5059357411991622,0.002010388722238895,0,0.012531864361530923,0.23911291671850318
1.0,0.5,4.0,4.0,0.0025,0.005,1.0,200,two_speed,207,1.0001388491421765,1.9943496425705014,0.5068582088957996,0.0016876843248282017,0,0.01366491417279042,0.23911291671850318
1.0,0.5,4.0,4.0,0.0025,0.005,2.0,400,two_speed,207,1.0003392568789107,2.0039833330850074,0.5234217710385327,0.001929382457368,0,0.03151161687879888,0.23911291671850318
1.0,0.5,4.0,4.0,0.0025,0.005,3.5,700,two_speed,207,0.9999563831399509,2.000969447156414,0.5194059195918067,0.004066806968425362,0,0.03223965837666678,0.23911291671850318
1.0,0.5,4.0,4.0,0.0025,0.005,5.0,1000,two_speed,207,0.9998317863937063,2.0050154820591946,0.5248271416850798,0.0028615964832219578,0,0.0358791636436132,0.23911291671850318
1.0,0.5,4.0,4.0,0.0025,0.005,10.0,2000,two_speed,207,0.9999891011083001,2.01722330210311,0.5184245621639075,0.0029721792385947457,0,0.034378128229430566,0.23911291671850318
1.0,0.5,4.0,4.0,0.0025,0.005,20.0,4000,two_speed,207,1.0002553369204557,1.9933583730545035,0.5184106960933668,0.003837383767922614,0,0.03107573884231277,0.23911291671850318
1.0,0.5,4.0,4.0,0.0025,0.005,0.5,100,two_speed,208,1.0005139130616079,1.992420318398998,0.5104006575528689,0.0027386563936635227,0,0.020417932773137436,0.23961332728088433
1.0,0.5,4.0,4.0,0.0025,0.005,1.0,200,two_speed,208,1.000352766111478,1.993519910896304,0.5085716563947434,0.002334944153472673,0,0.017252927326161994,0.23961332728088433
1.0,0.5,4.0,4.0,0.0025,0.005,2.0,400,two_speed,208,0.9999125940416372,1.989265603366904,0.49790184296919376,0.002557502186904505,0,0.01784707624338904,0.23961332728088433
1.0,0.5,4.0,4.0,0.0025,0.005,3.5,700,two_speed,208,1.0002916462229834,1.9989092696373352,0.510622438208239,0.001465216174191948,0,0.015188615562693438,0.23961332728088433
1.0,0.5,4.0,4.0,0.0025,0.005,5.0,1000,two_speed,208,1.000045681330747,2.008508518737029,0.5132119054873825,0.001436026690801277,0,0.02094027230631976,0.23961332728088433
1.0,0.5,4.0,4.0,0.0025,0.005,10.0,2000,two_speed,208,0.9998356588622117,1.977489883289773,0.5168069636602104,0.0019740851913905766,0,0.035418111135509814,0.23961332728088433
1.0,0.5,4.0,4.0,0.0025,0.005,20.0,4000,two_speed,208,0.9998756609686421,1.9936051852805194,0.5131315744073442,0.0027071907772522135,0,0.02300585581207878,0.23961332728088433
1.0,0.5,4.0,4.0,0.0025,0.005,0.5,100,two_speed,209,1.0002597583774844,2.0077669054803353,0.5045631201915312,0.0017622996975120628,0,0.013616971305072435,0.25338824399347815
1.0,0.5,4.0,4.0,0.0025,0.005,1.0,200,two_speed,209,1.0003205008885208,2.0140834605117037,0.5115126433671121,0.0022777317277138205,0,0.02443271098494394,0.25338824399347815
1.0,0.5,4.0,4.0,0.0025,0.005,2.0,400,two_speed,209,1.0004237976160446,2.0126756122188882,0.5115317130510367,0.0019935842816297955,0,0.022645077375364833,0.25338824399347815
1.0,0.5,4.0,4.0,0.0025,0.005,3.5,700,two_speed,209,1.000574037549948,2.0167616199874905,0.5180712584851604,0.002450738716433407,0,0.0319831878613798,0.25338824399347815
1.0,0.5,4.0,4.0,0.0025,0.005,5.0,1000,two_speed,209,1.000120995889633,2.029984184019077,0.515321643328093,0.0032681648188797987,0,0.04293987165488737,0.25338824399347815
1.0,0.5,4.0,4.0,0.0025,0.005,10.0,2000,two_speed,209,1.0000977089471774,1.996224914513756,0.5236796330398629,0.001921654166852871,0,0.03217301784066642,0.25338824399347815
1.0,0.5,4.0,4.0,0.0025,0.005,20.0,4000,two_speed,209,0.999984523230157,1.9975739424110153,0.5272060216546618,0.002641312471955241,0,0.037709604960721343,0.25338824399347815
1.0,0.5,4.0,4.0,0.0025,0.005,0.5,100,two_speed,210,1.0000094931420829,2.0057363015830383,0.5025943775323584,0.001748193211675921,0,0.011341879742104141,0.23980247613508254
1.0,0.5,4.0,4.0,0.0025,0.005,1.0,200,two_speed,210,1.0000801587770654,2.0114795386261317,0.5086368452497136,0.0016144483724908575,0,0.018993520439318998,0.23980247613508254
1.0,0.5,4.0,4.0,0.0025,0.005,2.0,400,two_speed,210,0.9998758103831141,2.0045647650079315,0.5062798469027372,0.0026991725177248887,0,0.016600083352531707,0.23980247613508254
1.0,0.5,4.0,4.0,0.0025,0.005,3.5,700,two_speed,210,1.0000292894589664,1.9861821550427625,0.5136263383433433,0.0018564047915116525,0,0.025436677127145795,0.23980247613508254
1.0,0.5,4.0,4.0,0.0025,0.005,5.0,1000,two_speed,210,1.000281916556729,2.0037256394635365,0.5244133105759681,0.0019271760439244872,0,0.03277017039758264,0.23980247613508254
1.0,0.5,4.0,4.0,0.0025,0.005,10.0,2000,two_speed,210,0.9999215254913415,2.034735288022235,0.5195363094596699,0.0019294941010206909,0,0.048251573214863695,0.23980247613508254
1.0,0.5,4.0,4.0,0.0025,0.005,20.0,4000,two_speed,210,0.999638202648021,2.037699109393257,0.5186512662086956,0.0031387616817535316,0,0.051911850007603504,0.23980247613508254
1.0,0.5,4.0,4.0,0.0025,0.005,0.5,100,two_speed,211,1.0002808366753035,1.9994573873935666,0.5085230019257237,0.002598848184299186,0,0.01661879902563717,0.2399764227115416
1.0,0.5,4.0,4.0,0.0025,0.005,1.0,200,two_speed,211,1.0001691467757037,2.003630846192094,0.5095125252913104,0.0017982578488519227,0,0.015557837721180284,0.2399764227115416
1.0,0.5,4.0,4.0,0.0025,0.005,2.0,400,two_speed,211,1.0001627412534009,2.0064863015145953,0.5039582868845845,0.0017367637181885138,0,0.012352843733284944,0.2399764227115416
1.0,0.5,4.0,4.0,0.0025,0.005,3.5,700,two_speed,211,0.9998360549349364,2.0007220881480214,0.5063151303165357,0.0018984827543783616,0,0.012730513979953041,0.2399764227115416
1.0,0.5,4.0,4.0,0.0025,0.005,5.0,1000,two_speed,211,0.9998426424427723,2.00352913606552,0.5110365065374781,0.002617709310109772,0,0.019944262337632357,0.2399764227115416
1.0,0.5,4.0,4.0,0.0025,0.005,10.0,2000,two_speed,211,1.0000624262236342,2.0573129789836173,0.5278533012309958,0.001393978117763549,0,0.07478366997993188,0.2399764227115416
1.0,0.5,4.0,4.0,0.0025,0.005,20.0,4000,two_speed,211,0.9998715949278292,2.128743045965221,0.5184408170920214,0.0015439349081318692,0,0.14949009300562555,0.2399764227115416
1.0,0.5,4.0,4.0,0.0025,0.005,0.5,100,two_speed,212,1.0005258377021968,1.9928534257608854,0.5060120630012402,0.0031606286701066624,0,0.018972063038426763,0.24244468442962638
1.0,0.5,4.0,4.0,0.0025,0.005,1.0,200,two_speed,212,1.000328960342176,1.999398823171952,0.5049580434773759,0.0021994045037469195,0,0.012357804133172418,0.24244468442962638
1.0,0.5,4.0,4.0,0.0025,0.005,2.0,400,two_speed,212,1.0000026687974901,1.9967585056165624,0.5006500698249577,0.0017860103002838167,0,0.009564782557845777,0.24244468442962638
1.0,0.5,4.0,4.0,0.0025,0.005,3.5,700,two_speed,212,0.9998918563686476,2.0029850740423947,0.5024931625131872,0.0016223923834597078,0,0.009358417810177802,0.24244468442962638
1.0,0.5,4.0,4.0,0.0025,0.005,5.0,1000,two_speed,212,0.9999744572812496,1.9925147832837982,0.5148985066725669,0.0014291030676373924,0,0.022421299268190142,0.24244468442962638
1.0,0.5,4.0,4.0,0.0025,0.005,10.0,2000,two_speed,212,0.9999838596628216,1.9588373972757296,0.5147430444742358,0.0021105088088719114,0,0.05213698592229356,0.24244468442962638
1.0,0.5,4.0,4.0,0.0025,0.005,20.0,4000,two_speed,212,1.0000424391182432,1.9584038399811825,0.5269406351427953,0.0026275762743894994,0,0.06042857498090962,0.24244468442962638
1.0,0.5,4.0,4.0,0.0025,0.005,0.5,100,two_speed,213,1.0002191550711843,2.0121545989721237,0.5121037528553444,0.0021716866487737217,0,0.023369329426375388,0.24320463101113482
1.0,0.5,4.0,4.0,0.0025,0.005,1.0,200,two_speed,213,1.0001455124347263,2.0064944216684975,0.5140086182185011,0.001230728586106095,0,0.020348980727005216,0.24320463101113482
1.0,0.5,4.0,4.0,0.0025,0.005,2.0,400,two_speed,213,0.9998957398098394,2.0041455661845875,0.5132105634049879,0.001352871671693046,0,0.01924609913584386,0.24320463101113482
1.0,0.5,4.0,4.0,0.0025,0.005,3.5,700,two_speed,213,1.0001029990032995,2.018117676922966,0.5184163491082361,0.0020072214603167773,0,0.033119644142956324,0.24320463101113482
1.0,0.5,4.0,4.0,0.0025,0.005,5.0,1000,two_speed,213,1.000113579255901,2.015043129583671,0.5164324183883935,0.0024105003589553445,0,0.029838247972429566,0.24320463101113482
1.0,0.5,4.0,4.0,0.0025,0.005,10.0,2000,two_speed,213,1.0002955326214382,1.9609905809966954,0.519227025857251,0.0018091151173474354,0,0.05170980423482621,0.24320463101113482
1.0,0.5,4.0,4.0,0.0025,0.005,20.0,4000,two_speed,213,0.9999892919156462,1.9818618955838128,0.5184908869047883,0.0018236271803930987,0,0.033030241517196315,0.24320463101113482
1.0,0.5,4.0,4.0,0.0025,0.005,0.5,100,two_speed,214,1.0001254812000346,2.004883265865862,0.5083243778483825,0.0018052752922568466,0,0.014941876447142009,0.2435231309916292
1.0,0.5,4.0,4.0,0.0025,0.005,1.0,200,two_speed,214,1.0000829667988445,1.997913801185293,0.5094636019102312,0.0028852270456131914,0,0.018811662454213725,0.2435231309916292
1.0,0.5,4.0,4.0,0.0025,0.005,2.0,400,two_speed,214,1.0001070059596413,2.0115560434295094,0.5197398608399262,0.0018245581724272606,0,0.029993409576527186,0.2435231309916292
1.0,0.5,4.0,4.0,0.0025,0.005,3.5,700,two_speed,214,1.0000366378755023,2.0251166283870523,0.5227401930684944,0.0016692915815036452,0,0.0418701602823387,0.2435231309916292
1.0,0.5,4.0,4.0,0.0025,0.005,5.0,1000,two_speed,214,1.000393843982427,2.04336207372969,0.5211654748462952,0.0023679897164660853,0,0.05755170232285648,0.2435231309916292
1.0,0.5,4.0,4.0,0.0025,0.005,10.0,2000,two_speed,214,1.00019229960801,2.025435040139061,0.5175294118994522,0.002065339243854066,0,0.038099874259861444,0.2435231309916292
1.0,0.5,4.0,4.0,0.0025,0.005,20.0,4000,two_speed,214,1.000202238119461,2.043786102619123,0.5190149561512638,0.0029693655311594054,0,0.05779963716459488,0.2435231309916292
1.0,0.5,4.0,4.0,0.0025,0.005,0.5,100,two_speed,215,1.0004438381727339,1.9943628180187374,0.5125264043312289,0.002334930217652408,0,0.020384362786179968,0.24449077369977854
1.0,0.5,4.0,4.0,0.0025,0.005,1.0,200,two_speed,215,1.0001989013917731,2.0070860236729815,0.5062158202473038,0.0016760691656529023,0,0.013912628645328395,0.24449077369977854
1.0,0.5,4.0,4.0,0.0025,0.005,2.0,400,two_speed,215,1.000314635577068,2.006527040855112,0.5078802896462599,0.0016915721985773658,0,0.01484532960127561,0.24449077369977854
1.0,0.5,4.0,4.0,0.0025,0.005,3.5,700,two_speed,215,1.000404878073267,2.0094697914843933,0.5187405140064967,0.0021278403334284535,0,0.027942901160059732,0.24449077369977854
1.0,0.5,4.0,4.0,0.0025,0.005,5.0,1000,two_speed,215,1.0001531188705113,2.0167738664165853,0.516164275723004,0.0020693914469764258,0,0.02998603689719554,0.24449077369977854
1.0,0.5,4.0,4.0,0.0025,0.005,10.0,2000,two_speed,215,1.000157099435369,2.0643101860176967,0.5242670705973398,0.0017634049490749793,0,0.08006928223893428,0.24449077369977854
1.0,0.5,4.0,4.0,0.0025,0.005,20.0,4000,two_speed,215,0.9999740614050188,2.100428290760456,0.5177558866765439,0.001772632526121204,0,0.11747311052900775,0.24449077369977854
1.0,0.5,4.0,4.0,0.0025,0.005,0.5,100,two_speed,216,1.0000501909697934,2.008402081296557,0.505308366641511,0.0014725699049539785,0,0.013897495061275343,0.24301782742674863
1.0,0.5,4.0,4.0,0.0025,0.005,1.0,200,two_speed,216,1.0002645580733454,2.009501981341467,0.5104277928002117,0.0018246916866223738,0,0.019281355451266167,0.24301782742674863
1.0,0.5,4.0,4.0,0.0025,0.005,2.0,400,two_speed,216,1.0001166372723582,2.003367229911988,0.5140819033156085,0.00228257195011541,0,0.021601738368753905,0.24301782742674863
1.0,0.5,4.0,4.0,0.0025,0.005,3.5,700,two_speed,216,1.000276938713461,2.0170490269545454,0.5145619772624697,0.001735932605052579,0,0.028239408963197404,0.24301782742674863
1.0,0.5,4.0,4.0,0.0025,0.005,5.0,1000,two_speed,216,1.000134163379885,2.0114998029573536,0.5173752249524753,0.0015517865231096393,0,0.027016073481501264,0.24301782742674863
1.0,0.5,4.0,4.0,0.0025,0.005,10.0,2000,two_speed,216,1.0003550663552299,2.0559911815909997,0.5168290250056722,0.0016702559668884181,0,0.06805336423497885,0.24301782742674863
1.0,0.5,4.0,4.0,0.0025,0.005,20.0,4000,two_speed,216,0.9998397000771975,2.104269617648235,0.5168340958327211,0.001599643439875642,0,0.12168350992402747,0.24301782742674863
1.0,0.5,4.0,4.0,0.0025,0.005,0.5,100,two_speed,217,0.9999210370660698,1.9969109431949081,0.49856158098610054,0.002805156359219456,0,0.014317610470606826,0.24411732142990722
1.0,0.5,4.0,4.0,0.0025,0.005,1.0,200,two_speed,217,1.0000130440994988,2.005483221925617,0.49733415633972095,0.0014947573565336338,0,0.010310656048285393,0.24411732142990722
1.0,0.5,4.0,4.0,0.0025,0.005,2.0,400,two_speed,217,0.9998774181904002,2.0054615666343723,0.49959174335795115,0.0029526946801140866,0,0.01580669858271374,0.24411732142990722
1.0,0.5,4.0,4.0,0.0025,0.005,3.5,700,two_speed,217,1.000423610519851,1.9959354851056699,0.5194940903916591,0.0021234204480621724,0,0.027102911767552522,0.24411732142990722
1.0,0.5,4.0,4.0,0.0025,0.005,5.0,1000,two_speed,217,0.999837106788289,1.993342345038154,0.5226766280950582,0.0021365078657968046,0,0.03232139359826259,0.24411732142990722
1.0,0.5,4.0,4.0,0.0025,0.005,10.0,2000,two_speed,217,1.0002829238321107,1.9944853787599168,0.5144630902292837,0.0022725273881197107,0,0.022347858336808926,0.24411732142990722
1.0,0.5,4.0,4.0,0.0025,0.005,20.0,4000,two_speed,217,1.000239009995198,1.9624523984161064,0.5250887995278163,0.0034207135393885466,0,0.05571072630920706,0.24411732142990722
1.0,0.5,4.0,4.0,0.0025,0.005,0.5,100,two_speed,218,0.9999749321484286,1.992518658668119,0.5039526599128975,0.0027456007908296886,0,0.016846735079326495,0.2414221785729751
1.0,0.5,4.0,4.0,0.0025,0.005,1.0,200,two_speed,218,0.9999886823872456,1.9911071918462093,0.5048600700019856,0.0027757463866683444,0,0.018185989894299086,0.2414221785729751
1.0,0.5,4.0,4.0,0.0025,0.005,2.0,400,two_speed,218,0.9996342296771316,1.9907673798903993,0.5021012781088412,0.0032578032745295745,0,0.01958803888809388,0.2414221785729751
1.0,0.5,4.0,4.0,0.0025,0.005,3.5,700,two_speed,218,1.000245887255646,1.9888706264919886,0.5221562288829344,0.0017698371730329784,0,0.03220840500209929,0.2414221785729751
1.0,0.5,4.0,4.0,0.0025,0.005,5.0,1000,two_speed,218,1.0002403572539516,1.9731427992313186,0.5178335016321204,0.0017049620367368583,0,0.039099760563662746,0.2414221785729751
1.0,0.5,4.0,4.0,0.0025,0.005,10.0,2000,two_speed,218,0.9999934975381185,1.9702965772101255,0.5200561563724131,0.0023634803902920303,0,0.044364207658299494,0.2414221785729751
1.0,0.5,4.0,4.0,0.0025,0.005,20.0,4000,two_speed,218,1.00015857846055,1.911857454519026,0.5164703480454158,0.003698531204337286,0,0.10478915590221255,0.2414221785729751
1.0,0.5,4.0,4.0,0.0025,0.005,0.5,100,two_speed,219,0.9998807287001352,1.997001874425504,0.4993937548302456,0.001766125965549657,0,0.009359804153543075,0.23928616658252264
1.0,0.5,4.0,4.0,0.0025,0.005,1.0,200,two_speed,219,0.9997628582392727,1.9877168813747652,0.4957953420401447,0.001983946953143259,0,0.017967136048947067,0.23928616658252264
1.0,0.5,4.0,4.0,0.0025,0.005,2.0,400,two_speed,219,0.9994311511186288,1.9747386945005587,0.49882246188916585,0.0022461852800071814,0,0.03129514442767198,0.23928616658252264
1.0,0.5,4.0,4.0,0.0025,0.005,3.5,700,two_speed,219,0.9998220814721454,1.9730260530805959,0.5183720363519203,0.002131720347948168,0,0.04069692648194103,0.23928616658252264
1.0,0.5,4.0,4.0,0.0025,0.005,5.0,1000,two_speed,219,0.9996507167531389,1.9682603531456848,0.5176478498258749,0.002770738895483645,0,0.045562874248173575,0.23928616658252264
1.0,0.5,4.0,4.0,0.0025,0.005,10.0,2000,two_speed,219,0.9999871037584896,1.960394145810882,0.528980119298569,0.0026162826249285973,0,0.05976664949146245,0.23928616658252264
1.0,0.5,4.0,4.0,0.0025,0.005,20.0,4000,two_speed,219,0.9998294323796303,1.9659363811986033,0.5301646074309972,0.0019473848503338835,0,0.056008605908005445,0.23928616658252264
1.0,0.5,4.0,4.0,0.0025,0.005,0.5,100,two_speed,220,0.9999543181349992,1.9947766366400383,0.5007512211456451,0.0014692230458152697,0,0.009461119882543301,0.24006597612917954
1.0,0.5,4.0,4.0,0.0025,0.005,1.0,200,two_speed,220,1.0001398857680341,1.9959970606014612,0.5062777581060148,0.001752653136159515,0,0.012565012837945304,0.24006597612917954
1.0,0.5,4.0,4.0,0.0025,0.005,2.0,400,two_speed,220,1.000148576680481,1.9974113472072312,0.5097918168009857,0.002015928353140131,0,0.016211166022029544,0.24006597612917954
1.0,0.5,4.0,4.0,0.0025,0.005,3.5,700,two_speed,220,1.000517699437198,1.9881068563550652,0.5158196009514624,0.002042877920023434,0,0.0259133994023642,0.24006597612917954
1.0,0.5,4.0,4.0,0.0025,0.005,5.0,1000,two_speed,220,1.000058830855868,1.9831032618151792,0.509170644460862,0.0017417214162976802,0,0.02431920764705736,0.24006597612917954
1.0,0.5,4.0,4.0,0.0025,0.005,10.0,2000,two_speed,220,1.0000516327242186,1.957975215054848,0.5145786225614154,0.00302629388652708,0,0.05400728220650267,0.24006597612917954
1.0,0.5,4.0,4.0,0.0025,0.005,20.0,4000,two_speed,220,0.9998388482400485,1.9962132669085908,0.5227794943620347,0.002672675835290802,0,0.03295116620374254,0.24006597612917954
1.0,0.5,4.0,4.0,0.0025,0.005,0.5,100,two_speed,221,0.9999432937897937,1.9907195610379398,0.5012064059520746,0.0022108881205052445,0,0.015331158253980385,0.24027855957059988
1.0,0.5,4.0,4.0,0.0025,0.005,1.0,200,two_speed,221,0.9999099836555292,1.9910948588417337,0.4972059946534647,0.0026182166269108397,0,0.016849487457196673,0.24027855957059988
1.0,0.5,4.0,4.0,0.0025,0.005,2.0,400,two_speed,221,1.0000761992102785,1.981358378875504,0.5014493487201126,0.0021028413779543304,0,0.023911061154170587,0.24027855957059988
1.0,0.5,4.0,4.0,0.0025,0.005,3.5,700,two_speed,221,0.999907352601473,1.9577095739006407,0.5002148886404482,0.0017082592450565475,0,0.049546670570372785,0.24027855957059988
1.0,0.5,4.0,4.0,0.0025,0.005,5.0,1000,two_speed,221,0.9998767179214235,1.9628194451932508,0.5089522232006987,0.002017428926793985,0,0.04554327559360283,0.24027855957059988
1.0,0.5,4.0,4.0,0.0025,0.005,10.0,2000,two_speed,221,1.0003917973328686,1.944513623381325,0.5322020956654817,0.0016930645842723694,0,0.07561418640121585,0.24027855957059988
1.0,0.5,4.0,4.0,0.0025,0.005,20.0,4000,two_speed,221,1.0000565196072537,1.9252923836501235,0.5210100866915766,0.002354832215623021,0,0.09043882422410011,0.24027855957059988
1.0,0.5,4.0,4.0,0.0025,0.005,0.5,100,two_speed,222,1.0000361892249139,2.0025008877390547,0.504609472010472,0.0018079026839715542,0,0.011072639418493561,0.2415381310108517
1.0,0.5,4.0,4.0,0.0025,0.005,1.0,200,two_speed,222,1.0001490720776343,2.009188192737127,0.510423558726063,0.0026607124906288062,0,0.021445554789296457,0.2415381310108517
1.0,0.5,4.0,4.0,0.0025,0.005,2.0,400,two_speed,222,1.0002471885197277,1.9985656989340779,0.5191183828715378,0.002496831463079794,0,0.0273512379397972,0.2415381310108517
1.0,0.5,4.0,4.0,0.0025,0.005,3.5,700,two_speed,222,1.0001918441201618,2.003454129039423,0.5148931231500311,0.0018773419631383358,0,0.021491750057643685,0.2415381310108517
1.0,0.5,4.0,4.0,0.0025,0.005,5.0,1000,two_speed,222,1.0004184331564032,2.0099496757562814,0.5166895733685826,0.002418737764071533,0,0.026653646022808876,0.2415381310108517
1.0,0.5,4.0,4.0,0.0025,0.005,10.0,2000,two_speed,222,0.9998423943580369,2.0234589811570376,0.5029780289133792,0.0017573809854816024,0,0.028730671689336157,0.2415381310108517
1.0,0.5,4.0,4.0,0.0025,0.005,20.0,4000,two_speed,222,0.9995411330336642,2.0862189115524705,0.5152224567821502,0.002312463348509651,0,0.10168843412333893,0.2415381310108517
1.0,0.5,4.0,4.0,0.0025,0.005,0.5,100,two_speed,223,1.0002014141653917,2.0002867217219062,0.5027598062646587,0.0019537280316668766,0,0.010141561983473301,0.2423757857011099
1.0,0.5,4.0,4.0,0.0025,0.005,1.0,200,two_speed,223,1.0001222288383829,2.010385304076189,0.5062586677000932,0.0021598642378374286,0,0.017869407728373737,0.2423757857011099
1.0,0.5,4.0,4.0,0.0025,0.005,2.0,400,two_speed,223,1.0001660431197985,2.006265419091079,0.5123597804874569,0.0016987310407287008,0,0.019261742783696002,0.2423757857011099
1.0,0.5,4.0,4.0,0.0025,0.005,3.5,700,two_speed,223,1.0002397026712644,2.011191079342097,0.5183438465742178,0.0020749054957801753,0,0.028489848415412078,0.2423757857011099
1.0,0.5,4.0,4.0,0.0025,0.005,5.0,1000,two_speed,223,1.0001674756282979,2.0172007728416195,0.5181936402852066,0.0019190756824620473,0,0.03193921839219996,0.2423757857011099
1.0,0.5,4.0,4.0,0.0025,0.005,10.0,2000,two_speed,223,1.0001944400973595,2.014718229922061,0.5176992495293113,0.0016230604850857213,0,0.029331496535735174,0.2423757857011099
1.0,0.5,4.0,4.0,0.0025,0.005,20.0,4000,two_speed,223,1.000196782094904,2.0121439606325087,0.5163189073018045,0.0018659700615065889,0,0.02671315884488054,0.2423757857011099
1.0,0.5,4.0,4.0,0.0025,0.005,0.5,100,two_speed,224,1.0002348153241911,1.9966554691071776,0.5061830929554155,0.0013327631081511842,0,0.010778802839759453,0.23995679771594172
1.0,0.5,4.0,4.0,0.0025,0.005,1.0,200,two_speed,224,1.0002427018884317,1.9994525534005843,0.5064987856075275,0.002138174581855318,0,0.01324240592082445,0.23995679771594172
1.0,0.5,4.0,4.0,0.0025,0.005,2.0,400,two_speed,224,1.0003964216062697,1.9976830418836593,0.5142390288735087,0.002436796214487544,0,0.02163627479326378,0.23995679771594172
1.0,0.5,4.0,4.0,0.0025,0.005,3.5,700,two_speed,224,1.0003840906800572,1.976896829162425,0.5205484160598904,0.002399026607104849,0,0.03883637137102106,0.23995679771594172
1.0,0.5,4.0,4.0,0.0025,0.005,5.0,1000,two_speed,224,0.9999628862204364,1.99221970235697,0.5259737891896978,0.0016247670738330897,0,0.03579746233894016,0.23995679771594172
1.0,0.5,4.0,4.0,0.0025,0.005,10.0,2000,two_speed,224,1.0002849650691368,1.9740544849096293,0.5424323660562334,0.002199643953896667,0,0.06234219894336214,0.23995679771594172
1.0,0.5,4.0,4.0,0.0025,0.005,20.0,4000,two_speed,224,0.9998666766359735,1.9587056615399092,0.5116635603014227,0.002150031858871151,0,0.051036933668338995,0.23995679771594172
1.0,0.5,4.0,4.0,0.0025,0.005,0.5,100,two_speed,225,0.9999138801728229,2.0060471043389474,0.5062734621134651,0.002072066128819118,0,0.014875916452924158,0.24035106544449394
1.0,0.5,4.0,4.0,0.0025,0.005,1.0,200,two_speed,225,0.9997554648325724,1.991752146440015,0.5008088594973138,0.0019239117091886051,0,0.013545969917831689,0.24035106544449394
1.0,0.5,4.0,4.0,0.0025,0.005,2.0,400,two_speed,225,1.0003736464170012,1.9951071970141685,0.5197550896902364,0.0024471498740799786,0,0.028340445792978744,0.24035106544449394
1.0,0.5,4.0,4.0,0.0025,0.005,3.5,700,two_speed,225,1.0000566913017213,2.0130497364360482,0.5146393182995335,0.0016537595238813592,0,0.025443673772095676,0.24035106544449394
1.0,0.5,4.0,4.0,0.0025,0.005,5.0,1000,two_speed,225,0.9999329107344208,1.99178040023112,0.5106751587823263,0.0015254723961234502,0,0.01850254306552273,0.24035106544449394
1.0,0.5,4.0,4.0,0.0025,0.005,10.0,2000,two_speed,225,0.9997659773602903,1.9851799114358442,0.5106139675006678,0.0018790304034102681,0,0.024100469329587808,0.24035106544449394
1.0,0.5,4.0,4.0,0.0025,0.005,20.0,4000,two_speed,225,1.0007216780271744,2.011446750197928,0.5301988779194113,0.002665048475171132,0,0.04213826671397413,0.24035106544449394
1.0,0.5,4.0,4.0,0.0025,0.005,0.5,100,two_speed,226,1.000069682156838,1.9996346898756787,0.5072655465638881,0.0016131297597090132,0,0.012263053561320212,0.24120414285321853
1.0,0.5,4.0,4.0,0.0025,0.005,1.0,200,two_speed,226,0.999909063777078,2.0087653113138333,0.5096197196128417,0.0027145378293262764,0,0.021057397927456506,0.24120414285321853
1.0,0.5,4.0,4.0,0.0025,0.005,2.0,400,two_speed,226,1.000179362429983,2.015151877934829,0.5119499018850925,0.00225618764137562,0,0.02569193078883631,0.24120414285321853
1.0,0.5,4.0,4.0,0.0025,0.005,3.5,700,two_speed,226,1.00029319558059,2.0234765510298747,0.5161941163729904,0.002343414770326836,0,0.035831709204378795,0.24120414285321853
1.0,0.5,4.0,4.0,0.0025,0.005,5.0,1000,two_speed,226,0.9998368916591809,2.0133392950720177,0.5148349154419596,0.0020377118762688194,0,0.026752040109350336,0.24120414285321853
1.0,0.5,4.0,4.0,0.0025,0.005,10.0,2000,two_speed,226,1.0003188967471421,2.0188827338130078,0.5267516010440719,0.0021206109501952317,0,0.04168405308689682,0.24120414285321853
1.0,0.5,4.0,4.0,0.0025,0.005,20.0,4000,two_speed,226,0.9996841092684563,2.0492624978067213,0.5292843210268015,0.0020746282611963404,0,0.06872227322452379,0.24120414285321853
1.0,0.5,4.0,4.0,0.0025,0.005,0.5,100,two_speed,227,0.999888997675757,2.0067307106360754,0.5020676630297184,0.0017485345933495962,0,0.011956873804404597,0.24039536914122955
1.0,0.5,4.0,4.0,0.0025,0.005,1.0,200,two_speed,227,0.9998531534372881,1.9984721643755028,0.49777228827208125,0.0018636747632672652,0,0.009687342769485557,0.24039536914122955
1.0,0.5,4.0,4.0,0.0025,0.005,2.0,400,two_speed,227,1.0004023540415976,2.0008874168812136,0.5099368354923115,0.0031355326642354495,0,0.019704820105144245,0.24039536914122955
1.0,0.5,4.0,4.0,0.0025,0.005,3.5,700,two_speed,227,1.000501736927545,1.9911352321426454,0.517885450701665,0.0026480822697243305,0,0.02781862477008063,0.24039536914122955
1.0,0.5,4.0,4.0,0.0025,0.005,5.0,1000,two_speed,227,1.0002586663033475,1.980449484671374,0.5187364299069246,0.0025963748576983466,0,0.034992415768867496,0.24039536914122955
1.0,0.5,4.0,4.0,0.0025,0.005,10.0,2000,two_speed,227,1.0002909181143413,1.9844149928850199,0.5150906619006329,0.0044856953545136,0,0.03437296030942155,0.24039536914122955
1.0,0.5,4.0,4.0,0.0025,0.005,20.0,4000,two_speed,227,0.9996387946505153,1.9700380098468877,0.5154955924588612,0.002541973574036719,0,0.04196978491888456,0.24039536914122955
1.0,0.5,4.0,4.0,0.0025,0.005,0.5,100,two_speed,228,0.9998900125073041,1.9990035240895843,0.5028498754674163,0.0020556921846897535,0,0.010911677775524774,0.2401234107092023
1.0,0.5,4.0,4.0,0.0025,0.005,1.0,200,two_speed,228,0.9997195951818536,1.9998210233862572,0.505906327669507,0.0021607223289831887,0,0.013536789108762912,0.2401234107092023
1.0,0.5,4.0,4.0,0.0025,0.005,2.0,400,two_speed,228,0.9996607537439237,2.0020317667313057,0.5064406942712216,0.0029951391420499273,0,0.017511899243354355,0.2401234107092023
1.0,0.5,4.0,4.0,0.0025,0.005,3.5,700,two_speed,228,0.9999070440167496,2.0070036973224132,0.5137698251473559,0.0020708775023118146,0,0.02223904452863624,0.2401234107092023
1.0,0.5,4.0,4.0,0.0025,0.005,5.0,1000,two_speed,228,1.0000434211990368,2.029276109655798,0.5171079248715239,0.0021346394311791785,0,0.041593578458369446,0.2401234107092023
1.0,0.5,4.0,4.0,0.0025,0.005,10.0,2000,two_speed,228,0.9999443604937575,2.0379212316672444,0.5313711400013257,0.0021723143848466878,0,0.06038289438403159,0.2401234107092023
1.0,0.5,4.0,4.0,0.0025,0.005,20.0,4000,two_speed,228,0.999945843695523,2.000988350246727,0.5129461568773522,0.001703254188393269,0,0.01896490117229156,0.2401234107092023
1.0,0.5,4.0,4.0,0.0025,0.005,0.5,100,two_speed,229,1.0000562014559344,2.0042339772752253,0.49983344483774517,0.0014470129498118092,0,0.00862903964454876,0.24134604172182403
1.0,0.5,4.0,4.0,0.0025,0.005,1.0,200,two_speed,229,0.9999459979272067,2.0090308691397905,0.5058425315861949,0.0016339769938541315,0,0.015252983867149168,0.24134604172182403
1.0,0.5,4.0,4.0,0.0025,0.005,2.0,400,two_speed,229,0.9999999265253425,2.0118916490565697,0.5073480367006313,0.0017703581185364533,0,0.018817107427964556,0.24134604172182403
1.0,0.5,4.0,4.0,0.0025,0.005,3.5,700,two_speed,229,0.9998147913599855,2.025030045043474,0.5090142771359246,0.002413548804968077,0,0.033484262283703874,0.24134604172182403
1.0,0.5,4.0,4.0,0.0025,0.005,5.0,1000,two_speed,229,1.0003224224359368,2.013427160343885,0.5097187637345015,0.002477638356973438,0,0.02306758797055764,0.24134604172182403
1.0,0.5,4.0,4.0,0.0025,0.005,10.0,2000,two_speed,229,1.0001702778526584,2.0263035185046463,0.5304025008233725,0.001868305793977653,0,0.050044035669141916,0.24134604172182403
1.0,0.5,4.0,4.0,0.0025,0.005,20.0,4000,two_speed,229,0.9999084858092671,2.019336318343867,0.5185814236716552,0.002280044049886887,0,0.03461460082661679,0.24134604172182403
1.0,0.5,4.0,4.0,0.0025,0.005,0.5,100,two_speed,230,1.0001005741003106,2.006404695768331,0.5082372321347248,0.0017806137878923559,0,0.015524315206291254,0.24118605357528264
1.0,0.5,4.0,4.0,0.0025,0.005,1.0,200,two_speed,230,1.0000126180714541,2.0157147092142695,0.5042587696569644,0.0014351757306321979,0,0.020198973545364488,0.24118605357528264
1.0,0.5,4.0,4.0,0.0025,0.005,2.0,400,two_speed,230,1.0003382802870642,2.024355892033703,0.5031592328197377,0.00349202830273645,0,0.033066251864131924,0.24118605357528264
1.0,0.5,4.0,4.0,0.0025,0.005,3.5,700,two_speed,230,0.9999316823189855,2.043940125140856,0.5037763671145913,0.0021257329736794595,0,0.05194941904744767,0.24118605357528264
1.0,0.5,4.0,4.0,0.0025,0.005,5.0,1000,two_speed,230,1.0000073965096792,2.066062797045927,0.5164969795939853,0.0020965000909577585,0,0.07913874966324297,0.24118605357528264
1.0,0.5,4.0,4.0,0.0025,0.005,10.0,2000,two_speed,230,1.0003275037649806,2.0629573784937993,0.52876112573902,0.0020158436536571677,0,0.08097025783291713,0.24118605357528264
1.0,0.5,4.0,4.0,0.0025,0.005,20.0,4000,two_speed,230,0.9999838739167969,2.059821617664968,0.5185440275195006,0.001498003546114716,0,0.07301104088367018,0.24118605357528264
1.0,0.5,4.0,4.0,0.0025,0.005,0.5,100,two_speed,231,1.0002707933754094,2.002917837543176,0.5019077095047844,0.0021212997074969812,0,0.011173141574328133,0.24077084529147083
1.0,0.5,4.0,4.0,0.0025,0.005,1.0,200,two_speed,231,1.0002230837429122,2.008936300045373,0.5050623023099133,0.0019393909405027033,0,0.015338402896099976,0.24077084529147083
1.0,0.5,4.0,4.0,0.0025,0.005,2.0,400,two_speed,231,1.0003426615807056,2.014616041307906,0.516347202949522,0.002522674533403121,0,0.029335762088095435,0.24077084529147083
1.0,0.5,4.0,4.0,0.0025,0.005,3.5,700,two_speed,231,1.0001015509267894,2.014950262290301,0.5085880161619505,0.002229887567842162,0,0.023122001889883198,0.24077084529147083
1.0,0.5,4.0,4.0,0.0025,0.005,5.0,1000,two_speed,231,1.0001970834912604,1.9954875873641027,0.523565866085668,0.0023542308666186177,0,0.03276252139902756,0.24077084529147083
1.0,0.5,4.0,4.0,0.0025,0.005,10.0,2000,two_speed,231,0.9997661614356949,1.982683865074827,0.5193749343775459,0.0021849497854429267,0,0.0340478311898881,0.24077084529147083
1.0,0.5,4.0,4.0,0.0025,0.005,20.0,4000,two_speed,231,1.0001664890643327,1.9628974551629645,0.5238668197837433,0.001903852984576738,0,0.05323610769956721,0.24077084529147083
1.0,0.5,4.0,4.0,0.0025,0.005,0.5,100,two_speed,232,0.9999009599821399,1.996378474639098,0.5005077328316673,0.0020783004135675074,0,0.011063408100336371,0.24079553570066178
1.0,0.5,4.0,4.0,0.0025,0.005,1.0,200,two_speed,232,0.9999458519194566,1.9955796438113687,0.5106986723413799,0.0015866198452204362,0,0.016878055663776186,0.24079553570066178
1.0,0.5,4.0,4.0,0.0025,0.005,2.0,400,two_speed,232,1.0002111258436779,2.004558408868378,0.5205008949230822,0.0018195146041860343,0,0.028148788165620244,0.24079553570066178
1.0,0.5,4.0,4.0,0.0025,0.005,3.5,700,two_speed,232,1.000175283356528,2.011129898629202,0.517088686231721,0.0016395685898029984,0,0.02656788951612371,0.24079553570066178
1.0,0.5,4.0,4.0,0.0025,0.005,5.0,1000,two_speed,232,1.0000721788101279,2.002698150388127,0.5174689933832425,0.0015241845537472254,0,0.023985460077335423,0.24079553570066178
1.0,0.5,4.0,4.0,0.0025,0.005,10.0,2000,two_speed,232,1.0000627110158038,1.9770945490213128,0.5178348309199944,0.0018469325983318681,0,0.036072596420436316,0.24079553570066178
1.0,0.5,4.0,4.0,0.0025,0.005,20.0,4000,two_speed,232,1.000244578365177,2.006232426000647,0.5140544702208893,0.002366492977495484,0,0.022409489293525126,0.24079553570066178
1.0,0.5,4.0,4.0,0.0025,0.005,0.5,100,two_speed,233,0.9999295253647201,2.002009072610532,0.5088765576458093,0.0012868909448504736,0,0.013520710406501948,0.24170813100811625
1.0,0.5,4.0,4.0,0.0025,0.005,1.0,200,two_speed,233,1.0000623354303106,2.0005187153432646,0.5144305791880632,0.0016786447808152603,0,0.020395193985732373,0.24170813100811625
1.0,0.5,4.0,4.0,0.0025,0.005,2.0,400,two_speed,233,1.0002117293974213,1.982741163510994,0.5227672405812678,0.00190698037711536,0,0.03635907196487951,0.24170813100811625
1.0,0.5,4.0,4.0,0.0025,0.005,3.5,700,two_speed,233,1.000118667111464,1.9812118260673794,0.5219409493605762,0.00209141221666282,0,0.03690145182859571,0.24170813100811625
1.0,0.5,4.0,4.0,0.0025,0.005,5.0,1000,two_speed,233,1.0001407668305031,1.9885141644385445,0.5312451169867056,0.0019829013556102453,0,0.043316107735577584,0.24170813100811625
1.0,0.5,4.0,4.0,0.0025,0.005,10.0,2000,two_speed,233,0.9997799193528351,2.005459378338595,0.5236664773008992,0.002405322460453347,0,0.03387874695593618,0.24170813100811625
1.0,0.5,4.0,4.0,0.0025,0.005,20.0,4000,two_speed,233,0.9999592721621929,2.028707180115642,0.5177865943483071,0.0018709973629612504,0,0.041229684945028294,0.24170813100811625
1.0,0.5,4.0,4.0,0.0025,0.005,0.5,100,two_speed,234,1.0000960926600593,1.9837124838224935,0.4987892227121997,0.0018911795292666015,0,0.021069794776013055,0.24059897029240215
1.0,0.5,4.0,4.0,0.0025,0.005,1.0,200,two_speed,234,0.9999340662015511,1.9772655499788006,0.499982187370075,0.001762846637871217,0,0.02764624539556685,0.24059897029240215
1.0,0.5,4.0,4.0,0.0025,0.005,2.0,400,two_speed,234,1.000087241949388,1.9754618334032916,0.5086495313183513,0.0018414026914823501,0,0.0316268084336491,0.24059897029240215
1.0,0.5,4.0,4.0,0.0025,0.005,3.5,700,two_speed,234,1.0000333001120267,1.963779026908791,0.5077553223518457,0.0017705329068920018,0,0.04373822759545729,0.24059897029240215
1.0,0.5,4.0,4.0,0.0025,0.005,5.0,1000,two_speed,234,0.9996354694439855,1.9684779483378623,0.51763868852739,0.0018467601404134485,0,0.04404092018438633,0.24059897029240215
1.0,0.5,4.0,4.0,0.0025,0.005,10.0,2000,two_speed,234,0.9999620400679115,1.936460159258479,0.5157998424615625,0.002069383254904017,0,0.07633244784801496,0.24059897029240215
1.0,0.5,4.0,4.0,0.0025,0.005,20.0,4000,two_speed,234,1.000119147294189,1.9207132193493917,0.5140778581655987,0.0019515576228496688,0,0.09327502691517384,0.24059897029240215
1.0,0.5,4.0,4.0,0.0025,0.005,0.5,100,two_speed,235,0.9998497678751948,1.9966085333767207,0.49498191873364494,0.0019089263472216477,0,0.011932825064416801,0.24042450001330248
1.0,0.5,4.0,4.0,0.0025,0.005,1.0,200,two_speed,235,1.0000048977868659,2.001735101724188,0.499804065409329,0.0025951400997923924,0,0.012889420595112028,0.24042450001330248
1.0,0.5,4.0,4.0,0.0025,0.005,2.0,400,two_speed,235,0.9997025721431451,1.9930389252911487,0.5037285687353417,0.0028063916545067904,0,0.01693238374000762,0.24042450001330248
1.0,0.5,4.0,4.0,0.0025,0.005,3.5,700,two_speed,235,1.000262373255811,1.9931795072212872,0.5153508405393119,0.0019548826361346027,0,0.02313199606051673,0.24042450001330248
1.0,0.5,4.0,4.0,0.0025,0.005,5.0,1000,two_speed,235,0.9999555108616661,1.9947830784407172,0.5216746858548222,0.0021647038615468855,0,0.030759324568167053,0.24042450001330248
1.0,0.5,4.0,4.0,0.0025,0.005,10.0,2000,two_speed,235,0.9998184150823146,2.0138023779975947,0.510542730192162,0.0019259633891900736,0,0.023308161394268275,0.24042450001330248
1.0,0.5,4.0,4.0,0.0025,0.005,20.0,4000,two_speed,235,0.9998921089898913,2.0100711622124674,0.5202677410166724,0.002326631841342125,0,0.03107038378669729,0.24042450001330248
1.0,0.5,4.0,4.0,0.0025,0.005,0.5,100,two_speed,236,0.9999433644968811,1.9959881671783102,0.501305510467379,0.0021486900600246883,0,0.011656977280562449,0.23941961300027156
1.0,0.5,4.0,4.0,0.0025,0.005,1.0,200,two_speed,236,0.9999869131870998,1.9895855458219793,0.5054274046642242,0.0013201748497601866,0,0.015382623861692814,0.23941961300027156
1.0,0.5,4.0,4.0,0.0025,0.005,2.0,400,two_speed,236,1.0002325156947953,1.9977691822442734,0.5134651328692796,0.0017536739871668189,0,0.019325660697591663,0.23941961300027156
1.0,0.5,4.0,4.0,0.0025,0.005,3.5,700,two_speed,236,1.0003092919253755,1.9861214816004686,0.5187068410259434,0.0037230721620585584,0,0.034109622604160825,0.23941961300027156
1.0,0.5,4.0,4.0,0.0025,0.005,5.0,1000,two_speed,236,0.9999139585921676,1.9775904313174402,0.5153548849650833,0.0039650341847169744,0,0.038236674715320634,0.23941961300027156
1.0,0.5,4.0,4.0,0.0025,0.005,10.0,2000,two_speed,236,1.0002471332242067,2.0193388589282835,0.5184435961676955,0.0020783250036431203,0,0.033744417175961945,0.23941961300027156
1.0,0.5,4.0,4.0,0.0025,0.005,20.0,4000,two_speed,236,1.0001401190544825,1.9971783201728446,0.5257612771871423,0.0016527278637829476,0,0.03424052863669535,0.23941961300027156
1.0,0.5,4.0,4.0,0.0025,0.005,0.5,100,two_speed,237,0.9999854745411797,1.999971187424629,0.5029692222099206,0.0016656008348479383,0,0.009060143856562838,0.24310553571142787
1.0,0.5,4.0,4.0,0.0025,0.005,1.0,200,two_speed,237,0.9999357862910355,1.9935022077839397,0.5039865114810023,0.0017422292153240196,0,0.012553906850901901,0.24310553571142787
1.0,0.5,4.0,4.0,0.0025,0.005,2.0,400,two_speed,237,0.9996803148511251,1.9879174881667334,0.5062061678551251,0.0023670595385443887,0,0.020195661508210706,0.24310553571142787
1.0,0.5,4.0,4.0,0.0025,0.005,3.5,700,two_speed,237,0.9999192186146972,1.9784552505579378,0.5146436407476727,0.002318297884740785,0,0.03336327026882882,0.24310553571142787
1.0,0.5,4.0,4.0,0.0025,0.005,5.0,1000,two_speed,237,1.0001748170156628,1.9682267270902294,0.5180244339606657,0.0011375924133971466,0,0.043434293621319904,0.24310553571142787
1.0,0.5,4.0,4.0,0.0025,0.005,10.0,2000,two_speed,237,1.0002925055806888,1.9867692378191548,0.5177427271060747,0.0014643037523192901,0,0.028049275434547723,0.24310553571142787
1.0,0.5,4.0,4.0,0.0025,0.005,20.0,4000,two_speed,237,0.9999084321249386,1.994970775242548,0.5318113009789649,0.0024478202976624245,0,0.043216222075521074,0.24310553571142787
1.0,0.5,4.0,4.0,0.0025,0.005,0.5,100,two_speed,238,1.000065704969514,1.9905621348039029,0.5030384188269122,0.0017941591060061297,0,0.014527401184370051,0.24133169042345667
1.0,0.5,4.0,4.0,0.0025,0.005,1.0,200,two_speed,238,0.9999931275288163,1.982008243249849,0.5035378710186632,0.0014841468102827085,0,0.02246622555560639,0.24133169042345667
1.0,0.5,4.0,4.0,0.0025,0.005,2.0,400,two_speed,238,0.9996904821739375,1.978164948954468,0.5061270743687798,0.0018861747356801375,0,0.028176220685965127,0.24133169042345667
1.0,0.5,4.0,4.0,0.0025,0.005,3.5,700,two_speed,238,0.999594519120794,1.9850601018634717,0.5125932853074336,0.0023327934068829753,0,0.026957352432550614,0.24133169042345667
1.0,0.5,4.0,4.0,0.0025,0.005,5.0,1000,two_speed,238,0.9996872131041679,1.9986121536549757,0.5103566867937166,0.0019239901986122093,0,0.017143358384100072,0.24133169042345667
1.0,0.5,4.0,4.0,0.0025,0.005,10.0,2000,two_speed,238,0.9999169308815146,2.0186202347074538,0.5274992974857794,0.0022514947955202,0,0.04316261965433756,0.24133169042345667
1.0,0.5,4.0,4.0,0.0025,0.005,20.0,4000,two_speed,238,1.0000718842413192,1.9822824241861274,0.5211896358683453,0.0033384476330125656,0,0.03801059744631948,0.24133169042345667
1.0,0.5,4.0,4.0,0.0025,0.005,0.5,100,two_speed,239,1.000081913196322,1.9995225103461867,0.5093401117236948,0.001670621142589418,0,0.014575236108648118,0.24021549399809114
1.0,0.5,4.0,4.0,0.0025,0.005,1.0,200,two_speed,239,1.0000507487000667,2.002352954073959,0.5076966629121635,0.002162780817776089,0,0.014808982276566414,0.24021549399809114
1.0,0.5,4.0,4.0,0.0025,0.005,2.0,400,two_speed,239,0.9998796748489497,1.989395483753905,0.5076133289512919,0.0024077042659306986,0,0.019759340823557063,0.24021549399809114
1.0,0.5,4.0,4.0,0.0025,0.005,3.5,700,two_speed,239,1.0002198567710867,1.983977950296306,0.5249419166037005,0.0022516684672921287,0,0.03848723487289568,0.24021549399809114
1.0,0.5,4.0,4.0,0.0025,0.005,5.0,1000,two_speed,239,1.0002712120748858,1.9657535056670792,0.5221440576615833,0.0024421899709362676,0,0.04981125220889223,0.24021549399809114
1.0,0.5,4.0,4.0,0.0025,0.005,10.0,2000,two_speed,239,1.0004500385714277,1.992332246948892,0.5286082296297466,0.0026313040113024938,0,0.039469954449552924,0.24021549399809114
1.0,0.5,4.0,4.0,0.0025,0.005,20.0,4000,two_speed,239,0.9999419772178111,2.0436471856752885,0.5187415999521479,0.0017968477322120309,0,0.05616291699534714,0.24021549399809114
1.0,0.5,4.0,4.0,0.0025,0.005,0.5,100,two_speed,240,0.9999085717723365,2.006204694171718,0.5048638773772565,0.0024481645018248786,0,0.015462113585071123,0.24111860714453673
1.0,0.5,4.0,4.0,0.0025,0.005,1.0,200,two_speed,240,0.9995985828208483,1.9998478571512446,0.500699106846116,0.0027381546643480766,0,0.01366715682471405,0.24111860714453673
1.0,0.5,4.0,4.0,0.0025,0.005,2.0,400,two_speed,240,1.0001667474014115,2.007863602689239,0.5109119074037195,0.00210108334878439,0,0.019567629890705207,0.24111860714453673
1.0,0.5,4.0,4.0,0.0025,0.005,3.5,700,two_speed,240,1.0003661409082287,2.007692933371878,0.5235541527910051,0.0027965557898046254,0,0.03415295199643066,0.24111860714453673
1.0,0.5,4.0,4.0,0.0025,0.005,5.0,1000,two_speed,240,0.9996976855701747,2.012598890651815,0.5161743352121322,0.0024247971702215103,0,0.02854155060955409,0.24111860714453673
1.0,0.5,4.0,4.0,0.0025,0.005,10.0,2000,two_speed,240,1.0004973834032511,2.052311220905499,0.518899857307886,0.0032456796799907356,0,0.06602109090268839,0.24111860714453673
1.0,0.5,4.0,4.0,0.0025,0.005,20.0,4000,two_speed,240,1.0001605700618157,2.0730990961316493,0.5184493981328937,0.002538026458349742,0,0.0877656856713527,0.24111860714453673
1.0,0.5,4.0,4.0,0.0025,0.005,0.5,100,two_speed,241,0.999842523668099,1.9911112726598896,0.4988827989765721,0.001511478528687545,0,0.012736349984403888,0.24050041071937553
1.0,0.5,4.0,4.0,0.0025,0.005,1.0,200,two_speed,241,1.0000681099553295,1.9839931565000568,0.5053057012074984,0.0017698129447333577,0,0.021495523371940484,0.24050041071937553
1.0,0.5,4.0,4.0,0.0025,0.005,2.0,400,two_speed,241,1.0002269247167572,1.9875770559067358,0.5052813454587302,0.002015515231112874,0,0.018598069491858264,0.24050041071937553
1.0,0.5,4.0,4.0,0.0025,0.005,3.5,700,two_speed,241,1.0000381910056753,1.9862505466192448,0.5050219791184571,0.0015139372317057112,0,0.01866123216100064,0.24050041071937553
1.0,0.5,4.0,4.0,0.0025,0.005,5.0,1000,two_speed,241,1.0005685230713275,1.9811389542097013,0.5134031094933008,0.0027800240795478985,0,0.03045560390192725,0.24050041071937553
1.0,0.5,4.0,4.0,0.0025,0.005,10.0,2000,two_speed,241,1.0000907010180276,1.9868198670477109,0.520785334097869,0.0019380834844835006,0,0.03224474630739763,0.24050041071937553
1.0,0.5,4.0,4.0,0.0025,0.005,20.0,4000,two_speed,241,1.000350568281645,1.9576243635960344,0.5310812264147403,0.0019112603899970584,0,0.06292102048708885,0.24050041071937553
1.0,0.5,4.0,4.0,0.0025,0.005,0.5,100,two_speed,242,0.9999536695964756,2.00820384734728,0.5069537570581124,0.001551703324379786,0,0.015236910534838444,0.23991534514685295
1.0,0.5,4.0,4.0,0.0025,0.005,1.0,200,two_speed,242,1.000227516695951,2.0079762664215903,0.5090468260438294,0.0019705039141112504,0,0.017547160304261025,0.23991534514685295
1.0,0.5,4.0,4.0,0.0025,0.005,2.0,400,two_speed,242,1.0002320115844967,1.99478787026112,0.5077385512531272,0.0015328709030184254,0,0.013638666083902715,0.23991534514685295
1.0,0.5,4.0,4.0,0.0025,0.005,3.5,700,two_speed,242,1.0004337345374428,1.989920822434071,0.5178224437257057,0.002944895475587627,0,0.028960879807125212,0.23991534514685295
1.0,0.5,4.0,4.0,0.0025,0.005,5.0,1000,two_speed,242,1.0001093848290812,1.9975818792865212,0.5162017464746881,0.001923834418263776,0,0.02303986059724469,0.23991534514685295
1.0,0.5,4.0,4.0,0.0025,0.005,10.0,2000,two_speed,242,1.0004186411351323,1.981044342066478,0.519389563544004,0.002585666669383018,0,0.03507516962422076,0.23991534514685295
1.0,0.5,4.0,4.0,0.0025,0.005,20.0,4000,two_speed,242,1.0002842030213168,1.9656400755902095,0.5210916180618567,0.0015421720496869155,0,0.04812341162332212,0.23991534514685295
1.0,0.5,4.0,4.0,0.0025,0.005,0.5,100,two_speed,243,1.0001520321657185,1.9993695171389643,0.5111450865323668,0.0014621387349759048,0,0.0159643953836497,0.24031439884233155
1.0,0.5,4.0,4.0,0.0025,0.005,1.0,200,two_speed,243,1.0005428062939656,2.000935475627996,0.5150896991462307,0.0031469035976956373,0,0.024338920338948578,0.24031439884233155
1.0,0.5,4.0,4.0,0.0025,0.005,2.0,400,two_speed,243,1.0006110720813832,2.0049217014795775,0.5196596668475224,0.002516458069933824,0,0.028016061616696775,0.24031439884233155
1.0,0.5,4.0,4.0,0.0025,0.005,3.5,700,two_speed,243,1.0001037462423208,2.0012205870524715,0.5221015381689958,0.0029206630082833553,0,0.031853175496895376,0.24031439884233155
1.0,0.5,4.0,4.0,0.0025,0.005,5.0,1000,two_speed,243,1.0002482873458125,2.0094773686734864,0.5290400587253262,0.003261234538047508,0,0.04187701870536055,0.24031439884233155
1.0,0.5,4.0,4.0,0.0025,0.005,10.0,2000,two_speed,243,1.0004618938811647,1.986777352059192,0.5139304469007199,0.002512307099251239,0,0.026141337578744636,0.24031439884233155
1.0,0.5,4.0,4.0,0.0025,0.005,20.0,4000,two_speed,243,1.0001844626741725,2.0163224614150783,0.5260213546301169,0.001831554205216925,0,0.03913857463668074,0.24031439884233155
1.0,0.5,4.0,4.0,0.0025,0.005,0.5,100,two_speed,244,1.0001616455139735,1.9981600327854172,0.504330069648078,0.0013747157079405721,0,0.008879073918484698,0.2399755834235943
1.0,0.5,4.0,4.0,0.0025,0.005,1.0,200,two_speed,244,1.000023983407929,1.987038252071656,0.5082788957883623,0.001879972969037318,0,0.02061564611409878,0.2399755834235943
1.0,0.5,4.0,4.0,0.0025,0.005,2.0,400,two_speed,244,1.0003030726833524,1.9827005667773632,0.5140944618835318,0.003337503770703842,0,0.03143074751158168,0.2399755834235943
1.0,0.5,4.0,4.0,0.0025,0.005,3.5,700,two_speed,244,1.0002950896946097,2.010658581712524,0.5198684592257534,0.0020937525463345353,0,0.029866485027938133,0.2399755834235943
1.0,0.5,4.0,4.0,0.0025,0.005,5.0,1000,two_speed,244,1.0000764682948116,1.9978576073971466,0.517047082757493,0.0021905560911481933,0,0.02458196206750828,0.2399755834235943
1.0,0.5,4.0,4.0,0.0025,0.005,10.0,2000,two_speed,244,1.0000233632817497,1.9939112086799038,0.5187026504321476,0.0018904840553914243,0,0.02689801614328585,0.2399755834235943
1.0,0.5,4.0,4.0,0.0025,0.005,20.0,4000,two_speed,244,1.0003103433815848,2.022401001837311,0.5248624324157288,0.0014662826084579578,0,0.041317389926083394,0.2399755834235943
1.0,0.5,4.0,4.0,0.0025,0.005,0.5,100,two_speed,245,0.9999726195768739,1.9993892579443713,0.5021885979673796,0.002390406942545605,0,0.0121042377437197,0.24108776185728079
1.0,0.5,4.0,4.0,0.0025,0.005,1.0,200,two_speed,245,1.0003253788701512,2.008491196749655,0.5102266482078069,0.0017792515372727562,0,0.018292197987943,0.24108776185728079
1.0,0.5,4.0,4.0,0.0025,0.005,2.0,400,two_speed,245,1.0003852640082256,2.0034517952946813,0.5220225283780511,0.002125366687791536,0,0.030042844823890493,0.24108776185728079
1.0,0.5,4.0,4.0,0.0025,0.005,3.5,700,two_speed,245,1.0003360629399818,2.0073014305175003,0.5292052511188202,0.0016597606451759193,0,0.038930515650161826,0.24108776185728079
1.0,0.5,4.0,4.0,0.0025,0.005,5.0,1000,two_speed,245,1.000017814235438,1.999401972088543,0.5184507384438711,0.0022553369450414792,0,0.026365120471455433,0.24108776185728079
1.0,0.5,4.0,4.0,0.0025,0.005,10.0,2000,two_speed,245,1.0003888832560344,1.9877428327212519,0.5085407763440422,0.001579409876563788,0,0.019199551799054155,0.24108776185728079
1.0,0.5,4.0,4.0,0.0025,0.005,20.0,4000,two_speed,245,0.9999882721439598,1.997060968024726,0.5228258113151676,0.0014421660318142307,0,0.030653048546304372,0.24108776185728079
1.0,0.5,4.0,4.0,0.0025,0.005,0.5,100,two_speed,246,1.0001405653745523,2.007570524162978,0.5085571536578919,0.001488285030030074,0,0.01575339019030977,0.24035333928519062
1.0,0.5,4.0,4.0,0.0025,0.005,1.0,200,two_speed,246,1.0003052845759215,2.0080125469069823,0.5118593313522078,0.00231180863512836,0,0.02083466840436101,0.24035333928519062
1.0,0.5,4.0,4.0,0.0025,0.005,2.0,400,two_speed,246,1.0002611264520664,2.0300101847364767,0.5110622889403443,0.0019128612272676588,0,0.03832285532303037,0.24035333928519062
1.0,0.5,4.0,4.0,0.0025,0.005,3.5,700,two_speed,246,0.9998389133734017,2.0185949915001618,0.5033607698110958,0.0020672729717038005,0,0.02419915487619591,0.24035333928519062
1.0,0.5,4.0,4.0,0.0025,0.005,5.0,1000,two_speed,246,1.000330431540412,2.0254411611045753,0.5149655759287443,0.002216156402491396,0,0.036341492021567286,0.24035333928519062
1.0,0.5,4.0,4.0,0.0025,0.005,10.0,2000,two_speed,246,1.000391598349567,2.0380612336423556,0.5324750732272652,0.0022273833745040986,0,0.06077648612142445,0.24035333928519062
1.0,0.5,4.0,4.0,0.0025,0.005,20.0,4000,two_speed,246,1.0004104819127706,2.034006977180484,0.5159479705521973,0.003111204472065663,0,0.04634228507553062,0.24035333928519062
1.0,0.5,4.0,4.0,0.0025,0.005,0.5,100,two_speed,247,0.999886169954011,1.9923196119130147,0.5038790255518407,0.001627578707153332,0,0.013069567373595452,0.24009639285837434
1.0,0.5,4.0,4.0,0.0025,0.005,1.0,200,two_speed,247,1.0000006969515256,1.991758617157932,0.5059322988254564,0.0018041868966205193,0,0.01511000489158405,0.24009639285837434
1.0,0.5,4.0,4.0,0.0025,0.005,2.0,400,two_speed,247,1.000280460842733,1.993165925252215,0.5127669913443752,0.0019438242274989357,0,0.02025773297618611,0.24009639285837434
1.0,0.5,4.0,4.0,0.0025,0.005,3.5,700,two_speed,247,1.0001601330195689,1.9731551582247147,0.5150016732065676,0.001647643522045589,0,0.037202490507525214,0.24009639285837434
1.0,0.5,4.0,4.0,0.0025,0.005,5.0,1000,two_speed,247,0.9998872576818436,1.9797550805510524,0.5177177769588627,0.0017988174811184054,0,0.03396453863026218,0.24009639285837434
1.0,0.5,4.0,4.0,0.0025,0.005,10.0,2000,two_speed,247,1.0006700165880242,1.9589432256691597,0.521588078599085,0.002524059939483874,0,0.05556988159144275,0.24009639285837434
1.0,0.5,4.0,4.0,0.0025,0.005,20.0,4000,two_speed,247,0.9994998094687076,2.0172323200856486,0.5045185661724187,0.0031362281548202096,0,0.026176429711026076,0.24009639285837434
1.0,0.5,4.0,4.0,0.0025,0.005,0.5,100,two_speed,248,0.9998125343627798,1.9868779545738091,0.49906544902578465,0.0016894313282447956,0,0.017315241975878644,0.23945967858058534
1.0,0.5,4.0,4.0,0.0025,0.005,1.0,200,two_speed,248,0.9998318897483625,2.0024098440485365,0.5031645271185746,0.001951271753798992,0,0.010966227782974979,0.23945967858058534
1.0,0.5,4.0,4.0,0.0025,0.005,2.0,400,two_speed,248,0.9999541300836479,2.02414479206588,0.5086773190471924,0.0014277054416771636,0,0.03079195431154919,0.23945967858058534
1.0,0.5,4.0,4.0,0.0025,0.005,3.5,700,two_speed,248,1.0000529114043901,2.0260332397772256,0.5152838528193583,0.0014436544291037995,0,0.036458444631341756,0.23945967858058534
1.0,0.5,4.0,4.0,0.0025,0.005,5.0,1000,two_speed,248,1.0006073386136458,2.036745654144537,0.5257993693286951,0.0030267450542007697,0,0.05497957293460111,0.23945967858058534
1.0,0.5,4.0,4.0,0.0025,0.005,10.0,2000,two_speed,248,1.0001861277085558,2.0670030227640277,0.5242785044521021,0.0022831302702215374,0,0.08340617321301627,0.23945967858058534
1.0,0.5,4.0,4.0,0.0025,0.005,20.0,4000,two_speed,248,1.0003371731355457,2.0457944115761584,0.5262903914931123,0.0017663808625534283,0,0.0626081155766746,0.23945967858058534
1.0,0.5,4.0,4.0,0.0025,0.005,0.5,100,two_speed,249,1.0001305379565006,1.9985221040406957,0.5070113641655833,0.0013445294916521887,0,0.0112064397559679,0.24093877386102186
1.0,0.5,4.0,4.0,0.0025,0.005,1.0,200,two_speed,249,1.000197607736607,2.0043789313676696,0.5138504083666975,0.0023554773944040714,0,0.021679942628166343,0.24093877386102186
1.0,0.5,4.0,4.0,0.0025,0.005,2.0,400,two_speed,249,1.0001311142187481,2.000916047279435,0.5203577436853518,0.0014680323136773692,0,0.02711973422726048,0.24093877386102186
1.0,0.5,4.0,4.0,0.0025,0.005,3.5,700,two_speed,249,0.9997781426574907,2.0021773464964596,0.5198669463318011,0.0018285973751832685,0,0.0277900636514113,0.24093877386102186
1.0,0.5,4.0,4.0,0.0025,0.005,5.0,1000,two_speed,249,1.0001937954107982,2.0175469475684515,0.5196760943733026,0.002415735839590143,0,0.03438351256465157,0.24093877386102186
1.0,0.5,4.0,4.0,0.0025,0.005,10.0,2000,two_speed,249,1.0001103721782005,2.031264833470067,0.5253585594175665,0.0017611385566434297,0,0.04916289604673711,0.24093877386102186
1.0,0.5,4.0,4.0,0.0025,0.005,20.0,4000,two_speed,249,0.9999678126762945,2.0559194796865343,0.5273412964353161,0.002406606840856457,0,0.07368553037691254,0.24093877386102186
1.0,0.5,4.0,4.0,0.0025,0.005,0.5,100,two_speed,250,0.9999860250313626,1.9966350546630105,0.49977161796236136,0.0015400783746687343,0,0.00850013985433472,0.24106765471931016
1.0,0.5,4.0,4.0,0.0025,0.005,1.0,200,two_speed,250,1.0000509890462568,2.005537413211485,0.4993119708189573,0.0021485699424398127,0,0.01237055015349864,0.24106765471931016
1.0,0.5,4.0,4.0,0.0025,0.005,2.0,400,two_speed,250,1.0000377273244985,2.0117533457138497,0.49992752727956774,0.0017482137900543902,0,0.016055104336891647,0.24106765471931016
1.0,0.5,4.0,4.0,0.0025,0.005,3.5,700,two_speed,250,1.0002255720095299,2.015691769108659,0.5157892000921728,0.002314577472456114,0,0.029184121006697178,0.24106765471931016
1.0,0.5,4.0,4.0,0.0025,0.005,5.0,1000,two_speed,250,1.0001733193667732,2.0113189839819796,0.5218098590182861,0.001823384162370083,0,0.03204762980159751,0.24106765471931016
1.0,0.5,4.0,4.0,0.0025,0.005,10.0,2000,two_speed,250,1.000272644423438,2.018735990409816,0.5124493421656664,0.0023650958683736722,0,0.029094610944391256,0.24106765471931016
1.0,0.5,4.0,4.0,0.0025,0.005,20.0,4000,two_speed,250,1.000095502239224,2.0749470618200916,0.5225441998647181,0.001625622298460609,0,0.09061120513616941,0.24106765471931016
1.0,0.5,4.0,4.0,0.0025,0.005,0.5,100,two_speed,251,1.0000035080532255,2.0043027616836224,0.5024609766682845,0.0028834752745073764,0,0.015331579622872411,0.24011370827377373
1.0,0.5,4.0,4.0,0.0025,0.005,1.0,200,two_speed,251,1.0003929025877192,2.0087592932779836,0.5095918768134087,0.0029734266679175285,0,0.021372657938532002,0.24011370827377373
1.0,0.5,4.0,4.0,0.0025,0.005,2.0,400,two_speed,251,0.9998240213191429,2.001256133148885,0.501683511221393,0.002269626237033102,0,0.011545163021986037,0.24011370827377373
1.0,0.5,4.0,4.0,0.0025,0.005,3.5,700,two_speed,251,0.9998972904043413,2.0103912467864693,0.5137458382331106,0.0020286520931583254,0,0.02379258799671362,0.24011370827377373
1.0,0.5,4.0,4.0,0.0025,0.005,5.0,1000,two_speed,251,1.0000971451725238,2.017575038232394,0.5152738640600985,0.0018267153042086659,0,0.029569205559747572,0.24011370827377373
1.0,0.5,4.0,4.0,0.0025,0.005,10.0,2000,two_speed,251,1.0002606981697117,1.9932828831607357,0.5186057415428107,0.0017506559515030023,0,0.02627519277816531,0.24011370827377373
1.0,0.5,4.0,4.0,0.0025,0.005,20.0,4000,two_speed,251,1.0001023488937026,1.9673198956118838,0.5246472646104529,0.002354285375800974,0,0.05019166427523343,0.24011370827377373
1.0,0.5,4.0,4.0,0.0025,0.005,0.5,100,two_speed,252,1.0001218652493216,1.996710167884512,0.5030749958603713,0.0023063708286260713,0,0.012534189704490271,0.2408198035721268
1.0,0.5,4.0,4.0,0.0025,0.005,1.0,200,two_speed,252,1.0000618219784185,1.9885230305714972,0.5054791246434757,0.0019810616595914415,0,0.017867213799518326,0.2408198035721268
1.0,0.5,4.0,4.0,0.0025,0.005,2.0,400,two_speed,252,0.9999296478407145,1.9944686316347888,0.5058484116847416,0.0019433718246268032,0,0.013849073991937737,0.2408198035721268
1.0,0.5,4.0,4.0,0.0025,0.005,3.5,700,two_speed,252,0.9997350710698348,1.983632998462118,0.5106402947567591,0.001733799420238955,0,0.025174499804171774,0.2408198035721268
1.0,0.5,4.0,4.0,0.0025,0.005,5.0,1000,two_speed,252,0.9998687238494148,1.9659117439137648,0.5181399825358832,0.0023597149355854565,0,0.04707864121322114,0.2408198035721268
1.0,0.5,4.0,4.0,0.0025,0.005,10.0,2000,two_speed,252,1.0000155017807253,1.954296262409806,0.5181783465452904,0.0019824158917242764,0,0.058241687258010155,0.2408198035721268
1.0,0.5,4.0,4.0,0.0025,0.005,20.0,4000,two_speed,252,1.0001521803622813,1.9632845368020728,0.5248083244707966,0.0018068604778087496,0,0.05328901351635363,0.2408198035721268
1.0,0.5,4.0,4.0,0.0025,0.005,0.5,100,two_speed,253,1.0003480322092675,2.0126200686549005,0.5033824853509055,0.0019173485123756956,0,0.017787379406099642,0.2398717321422217
1.0,0.5,4.0,4.0,0.0025,0.005,1.0,200,two_speed,253,1.0002294658816135,2.0053964479526116,0.5089606232221373,0.0016115324071650553,0,0.015094973206227904,0.2398717321422217
1.0,0.5,4.0,4.0,0.0025,0.005,2.0,400,two_speed,253,1.0002425058502988,2.004172238513513,0.5153149320489023,0.0021344405486900192,0,0.02263580252593971,0.2398717321422217
1.0,0.5,4.0,4.0,0.0025,0.005,3.5,700,two_speed,253,0.9999415647267436,2.00387397741284,0.5077027011928458,0.002987424728055878,0,0.018426357878802254,0.2398717321422217
1.0,0.5,4.0,4.0,0.0025,0.005,5.0,1000,two_speed,253,1.0001315202410355,2.013709065185927,0.5133710524902189,0.0020886538403696387,0,0.025506262210839178,0.2398717321422217
1.0,0.5,4.0,4.0,0.0025,0.005,10.0,2000,two_speed,253,0.9997839148474539,2.0254738922108446,0.5193635370937459,0.0015606670255386556,0,0.039526035333389005,0.2398717321422217
1.0,0.5,4.0,4.0,0.0025,0.005,20.0,4000,two_speed,253,0.999779703485434,2.045694590073864,0.5150118034929708,0.0013855598395928104,0,0.056488882231573306,0.2398717321422217
1.0,0.5,4.0,4.0,0.0025,0.005,0.5,100,two_speed,254,0.9999858490606615,2.0025694070074613,0.5058476620295658,0.002765365915306326,0,0.015872834742341385,0.26066805956153466
1.0,0.5,4.0,4.0,0.0025,0.005,1.0,200,two_speed,254,1.0001135565093202,2.0046819283611006,0.5104283673904579,0.0019190393510483575,0,0.017231920099049454,0.26066805956153466
1.0,0.5,4.0,4.0,0.0025,0.005,2.0,400,two_speed,254,0.9999680830269095,2.0133171368109584,0.5129818488554921,0.0027633815306301094,0,0.026639816514281277,0.26066805956153466
1.0,0.5,4.0,4.0,0.0025,0.005,3.5,700,two_speed,254,1.0000772826841648,1.9894163394755042,0.5227331779275484,0.0018726632588853033,0,0.0330194621676672,0.26066805956153466
1.0,0.5,4.0,4.0,0.0025,0.005,5.0,1000,two_speed,254,0.9999981557259046,2.0022803181757385,0.5331263756135038,0.001877496950422227,0,0.04370584277934561,0.26066805956153466
1.0,0.5,4.0,4.0,0.0025,0.005,10.0,2000,two_speed,254,0.999956840467669,2.0006392679727187,0.5137015290961904,0.00221389308342296,0,0.020991309088293737,0.26066805956153466
1.0,0.5,4.0,4.0,0.0025,0.005,20.0,4000,two_speed,254,1.0002398996848336,2.0128852512186026,0.5209293207394193,0.0023435589524344273,0,0.0324861297737726,0.26066805956153466
1.0,0.5,4.0,4.0,0.0025,0.005,0.5,100,two_speed,255,1.0003245131609768,2.0021818485565697,0.5067424763977806,0.0015234746720435637,0,0.011418215827070258,0.24134988685338093
1.0,0.5,4.0,4.0,0.0025,0.005,1.0,200,two_speed,255,1.0000115728700438,2.0024232589906807,0.5064299605666437,0.00252924357510908,0,0.015236051525459687,0.24134988685338093
1.0,0.5,4.0,4.0,0.0025,0.005,2.0,400,two_speed,255,1.000290379236595,2.005019456689328,0.5125979869478547,0.002210451340594834,0,0.020103904390748863,0.24134988685338093
1.0,0.5,4.0,4.0,0.0025,0.005,3.5,700,two_speed,255,1.0004864533520301,1.9979041590955524,0.5227467233414762,0.0027269143141438108,0,0.031732708194912584,0.24134988685338093
1.0,0.5,4.0,4.0,0.0025,0.005,5.0,1000,two_speed,255,1.0000948826120022,2.023524212414694,0.5295687762123601,0.002117498019610561,0,0.047580529878234086,0.24134988685338093
1.0,0.5,4.0,4.0,0.0025,0.005,10.0,2000,two_speed,255,1.0000011925986698,2.024077308189418,0.5168872933601769,0.003504642900036194,0,0.03945289863463203,0.24134988685338093
1.0,0.5,4.0,4.0,0.0025,0.005,20.0,4000,two_speed,255,1.0000544007936243,2.013018701103815,0.5202749135858119,0.001621851241435193,0,0.031194782727280483,0.24134988685338093
1.0,0.5,4.0,4.0,0.0025,0.005,0.5,100,two_speed,256,0.9999022981606744,2.004250517655581,0.5018651773329026,0.0017314091719747248,0,0.010167167059508687,0.24096898214026755
1.0,0.5,4.0,4.0,0.0025,0.005,1.0,200,two_speed,256,0.9996799404592677,2.0040778517322844,0.5047392364975113,0.0022739007137393672,0,0.013990767519072796,0.24096898214026755
1.0,0.5,4.0,4.0,0.0025,0.005,2.0,400,two_speed,256,1.0004662725978657,2.0148437396766505,0.5198956064930681,0.0020576456512564215,0,0.0318719200686018,0.24096898214026755
1.0,0.5,4.0,4.0,0.0025,0.005,3.5,700,two_speed,256,1.000099305942858,2.0061785742966456,0.5171150031607243,0.0022571975712892757,0,0.025718624717181504,0.24096898214026755
1.0,0.5,4.0,4.0,0.0025,0.005,5.0,1000,two_speed,256,1.0000981621170921,1.9967445821603764,0.5153258229816446,0.001361215398957425,0,0.021196464115306173,0.24096898214026755
1.0,0.5,4.0,4.0,0.0025,0.005,10.0,2000,two_speed,256,1.0000505155538262,2.024824474052269,0.5135810967334156,0.0018884556317894051,0,0.034673060786976,0.24096898214026755
1.0,0.5,4.0,4.0,0.0025,0.005,20.0,4000,two_speed,256,0.9999886136777297,2.004230196571338,0.5261769094669739,0.0020994336832086064,0,0.03583053792712804,0.24096898214026755
1.0,0.5,4.0,4.0,0.0025,0.005,0.5,100,two_speed,257,0.9999993833446019,1.9946135321761587,0.5069020361361952,0.0015582194823313676,0,0.01334647865053614,0.24088407743589155
1.0,0.5,4.0,4.0,0.0025,0.005,1.0,200,two_speed,257,1.00032769889919,1.9927708947672866,0.5150383176083314,0.0019541350391945726,0,0.022839750012773125,0.24088407743589155
1.0,0.5,4.0,4.0,0.0025,0.005,2.0,400,two_speed,257,1.0005701271879315,1.9982951954666102,0.5111116856437731,0.002720945053674732,0,0.019145821429428948,0.24088407743589155
1.0,0.5,4.0,4.0,0.0025,0.005,3.5,700,two_speed,257,1.0003467846274605,1.9953718596803909,0.5151614971461184,0.002213921494646948,0,0.022598640694894916,0.24088407743589155
1.0,0.5,4.0,4.0,0.0025,0.005,5.0,1000,two_speed,257,0.9999407016057127,2.0021534929765767,0.5064906984363563,0.0021116318395844563,0,0.01370275818547074,0.24088407743589155
1.0,0.5,4.0,4.0,0.0025,0.005,10.0,2000,two_speed,257,0.9997703070500668,2.0028577324198795,0.5197919455409123,0.002155751101638028,0,0.028400425696220186,0.24088407743589155
1.0,0.5,4.0,4.0,0.0025,0.005,20.0,4000,two_speed,257,0.9997489776430839,1.9908268535358984,0.5189696293757999,0.001587543741035034,0,0.028343769445135596,0.24088407743589155
1.0,0.5,4.0,4.0,0.0025,0.005,0.5,100,two_speed,258,0.9998246724171269,1.9992695257183528,0.5042915783900656,0.002580299324931523,0,0.014046681260291878,0.24063130943769856
1.0,0.5,4.0,4.0,0.0025,0.005,1.0,200,two_speed,258,0.9997898909538159,2.0035834278898803,0.5016069496970628,0.0015009026620462105,0,0.008870326010564387,0.24063130943769856
1.0,0.5,4.0,4.0,0.0025,0.005,2.0,400,two_speed,258,1.00002722242298,2.0038818734698727,0.5054883802754706,0.001397604307615003,0,0.010847934342413794,0.24063130943769856
1.0,0.5,4.0,4.0,0.0025,0.005,3.5,700,two_speed,258,0.9998479506827739,2.0143171435203793,0.5059663158290274,0.0015874730419598749,0,0.01994352572777876,0.24063130943769856
1.0,0.5,4.0,4.0,0.0025,0.005,5.0,1000,two_speed,258,0.9997891170128176,2.0187352387424253,0.5082499122019397,0.0015548494604915556,0,0.025479042724178922,0.24063130943769856
1.0,0.5,4.0,4.0,0.0025,0.005,10.0,2000,two_speed,258,1.0002235599983744,2.010619719032189,0.5194176595322135,0.0018732351128472084,0,0.029066894393480654,0.24063130943769856
1.0,0.5,4.0,4.0,0.0025,0.005,20.0,4000,two_speed,258,0.999938193493913,2.049179411503354,0.521472838084396,0.0016109205927506659,0,0.06320393894718171,0.24063130943769856
1.0,0.5,4.0,4.0,0.0025,0.005,0.5,100,two_speed,259,0.99998209713101,2.0037591181169367,0.5009308521930659,0.0013733269102483654,0,0.008111977126484147,0.23949460114818066
1.0,0.5,4.0,4.0,0.0025,0.005,1.0,200,two_speed,259,1.0001458100662666,1.9964306760046764,0.507384728111738,0.0022453249740386266,0,0.015025822283540994,0.23949460114818066
1.0,0.5,4.0,4.0,0.0025,0.005,2.0,400,two_speed,259,1.0000526625853978,1.987614437302685,0.5121319335299945,0.0026600510627791626,0,0.024975741177248368,0.23949460114818066
1.0,0.5,4.0,4.0,0.0025,0.005,3.5,700,two_speed,259,0.9999054615474862,1.9870189794804343,0.5119142444408928,0.0024090286027793,0,0.0247303701519473,0.23949460114818066
1.0,0.5,4.0,4.0,0.0025,0.005,5.0,1000,two_speed,259,0.9997570627719252,2.003179855783572,0.5083182195612823,0.00239737932704662,0,0.016777500965201076,0.23949460114818066
1.0,0.5,4.0,4.0,0.0025,0.005,10.0,2000,two_speed,259,1.0001679369085037,2.0475985608187877,0.5183242139484081,0.002170000463306625,0,0.06034986911608716,0.23949460114818066
1.0,0.5,4.0,4.0,0.0025,0.005,20.0,4000,two_speed,259,1.0001874564457187,2.019677521934222,0.5220206877414558,0.0015698609361566845,0,0.036907937420869834,0.23949460114818066
1.0,0.5,4.0,4.0,0.0025,0.005,0.5,100,two_speed,260,0.9999217744633037,2.0049936489414133,0.5022190244786661,0.0013451113451589298,0,0.009286937888026356,0.24583406556796814
1.0,0.5,4.0,4.0,0.0025,0.005,1.0,200,two_speed,260,1.0000789950729139,2.0059765762487247,0.5094478147155787,0.002144449016631774,0,0.01749492763525537,0.24583406556796814
1.0,0.5,4.0,4.0,0.0025,0.005,2.0,400,two_speed,260,0.9997760034709254,2.0064371429229197,0.5069915902811906,0.002215257862849826,0,0.016320013223267326,0.24583406556796814
1.0,0.5,4.0,4.0,0.0025,0.005,3.5,700,two_speed,260,0.9998953279775242,2.018582590022402,0.510583281447424,0.0012928729801977355,0,0.026321470604808217,0.24583406556796814
1.0,0.5,4.0,4.0,0.0025,0.005,5.0,1000,two_speed,260,1.0000717378957449,2.002980710587651,0.5128914981632657,0.001917594808091418,0,0.019470560337906125,0.24583406556796814
1.0,0.5,4.0,4.0,0.0025,0.005,10.0,2000,two_speed,260,0.9997449049042817,2.003895310379333,0.5120325037633277,0.0018588677001352052,0,0.019160057010350347,0.24583406556796814
1.0,0.5,4.0,4.0,0.0025,0.005,20.0,4000,two_speed,260,0.9995281275168564,2.004791319269085,0.5156693196741767,0.004030345621876251,0,0.029754698585246816,0.24583406556796814
1.0,0.5,4.0,4.0,0.0025,0.005,0.5,100,two_speed,261,1.0000113635775516,2.0021258190439735,0.5016680015584342,0.0014160527543061333,0,0.0076791256441711584,0.24086739285849035
1.0,0.5,4.0,4.0,0.0025,0.005,1.0,200,two_speed,261,1.0000232417313506,1.9905796261779967,0.5020729040634471,0.002062583121305645,0,0.015079376404681188,0.24086739285849035
1.0,0.5,4.0,4.0,0.0025,0.005,2.0,400,two_speed,261,0.9999135661529484,1.9881344658762405,0.5071823261364641,0.0017153028786643545,0,0.01868641653262661,0.24086739285849035
1.0,0.5,4.0,4.0,0.0025,0.005,3.5,700,two_speed,261,1.0001832111519524,2.0020448882724495,0.5083197221723954,0.001888327452189406,0,0.014184104785196694,0.24086739285849035
1.0,0.5,4.0,4.0,0.0025,0.005,5.0,1000,two_speed,261,0.99998416304775,2.0265611672939494,0.5115393395839893,0.002104294685785908,0,0.035640941001747924,0.24086739285849035
1.0,0.5,4.0,4.0,0.0025,0.005,10.0,2000,two_speed,261,1.0003803050099518,2.047541001449295,0.5139639726220248,0.0019838329058052347,0,0.058039636439597246,0.24086739285849035
1.0,0.5,4.0,4.0,0.0025,0.005,20.0,4000,two_speed,261,1.0001591045010914,2.0497133810761046,0.5144382171167876,0.001627453902998097,0,0.06044628735153833,0.24086739285849035
1.0,0.5,4.0,4.0,0.0025,0.005,0.5,100,two_speed,262,0.9998723725238021,2.0005026599402362,0.504837861607579,0.0015903547330271192,0,0.010252307895271316,0.24063202971592546
1.0,0.5,4.0,4.0,0.0025,0.005,1.0,200,two_speed,262,1.000131189501213,1.9927390498863748,0.5106453112559741,0.002245308301286557,0,0.019437199891914333,0.24063202971592546
1.0,0.5,4.0,4.0,0.0025,0.005,2.0,400,two_speed,262,0.9997287208949979,1.9861383018746308,0.5096739511949583,0.0026832093307852627,0,0.024550936968885616,0.24063202971592546
1.0,0.5,4.0,4.0,0.0025,0.005,3.5,700,two_speed,262,0.9998525283938183,1.983237303924777,0.5094104544135233,0.0025050334868790725,0,0.02602867733696134,0.24063202971592546
1.0,0.5,4.0,4.0,0.0025,0.005,5.0,1000,two_speed,262,0.9998452921730162,1.973984341563954,0.5072482256193741,0.002690935008170868,0,0.03407469155822762,0.24063202971592546
1.0,0.5,4.0,4.0,0.0025,0.005,10.0,2000,two_speed,262,1.0000766072297924,1.9570351501582681,0.5180713760858198,0.002491081881786276,0,0.055800434346002535,0.24063202971592546
1.0,0.5,4.0,4.0,0.0025,0.005,20.0,4000,two_speed,262,1.0001883865273213,1.9949639553998628,0.5184408456250152,0.002632934132098619,0,0.027547767435511582,0.24063202971592546
1.0,0.5,4.0,4.0,0.0025,0.005,0.5,100,two_speed,263,1.000212965534926,1.9977789490490838,0.5033764480971189,0.0018831065164223158,0,0.010420467842092584,0.24074850000241504
1.0,0.5,4.0,4.0,0.0025,0.005,1.0,200,two_speed,263,1.0003850371105079,1.9885058442145125,0.5111922913027105,0.0021826601119890503,0,0.02196449654661588,0.24074850000241504
1.0,0.5,4.0,4.0,0.0025,0.005,2.0,400,two_speed,263,1.000157478571041,1.9962489515517206,0.5105227425657947,0.0016840544666821215,0,0.01634176198138825,0.24074850000241504
1.0,0.5,4.0,4.0,0.0025,0.005,3.5,700,two_speed,263,1.0001737298451598,2.0012654699134607,0.5162872295284443,0.0025547537158120146,0,0.02430298404900887,0.24074850000241504
1.0,0.5,4.0,4.0,0.0025,0.005,5.0,1000,two_speed,263,1.0002725189057198,2.0042356369084215,0.5235863559577087,0.001650791586602794,0,0.03146584032738516,0.24074850000241504
1.0,0.5,4.0,4.0,0.0025,0.005,10.0,2000,two_speed,263,1.0000461658698878,2.026719353402981,0.5222729573434234,0.0022688108121064463,0,0.043354645744331864,0.24074850000241504
1.0,0.5,4.0,4.0,0.0025,0.005,20.0,4000,two_speed,263,1.0001708224167116,1.9997245445261047,0.5119738579203047,0.0019542446578730685,0,0.018043612486378938,0.24074850000241504
1.0,0.5,4.0,4.0,0.0025,0.005,0.5,100,two_speed,264,1.0000539944358862,2.0038731249090613,0.5018737373063156,0.0020356735707759426,0,0.011182256980497003,0.24244308328655148
1.0,0.5,4.0,4.0,0.0025,0.005,1.0,200,two_speed,264,1.0001369328915242,1.9965722163514952,0.5078954375903804,0.0023336351901434107,0,0.015745978131940022,0.24244308328655148
1.0,0.5,4.0,4.0,0.0025,0.005,2.0,400,two_speed,264,0.9997922715443447,2.0054632843480125,0.5008605509920144,0.002033018767436064,0,0.011941486014695078,0.24244308328655148
1.0,0.5,4.0,4.0,0.0025,0.005,3.5,700,two_speed,264,1.0002414483051931,2.0151936536011474,0.5116587625071253,0.002012703120979288,0,0.02489442738793605,0.24244308328655148
1.0,0.5,4.0,4.0,0.0025,0.005,5.0,1000,two_speed,264,1.0000234771558028,1.992767009862573,0.5066545108461072,0.001701580641642781,0,0.014608811621768202,0.24244308328655148
1.0,0.5,4.0,4.0,0.0025,0.005,10.0,2000,two_speed,264,0.999834452903016,1.9780395051293955,0.5141091309724387,0.0026996159617590073,0,0.03419881483454917,0.24244308328655148
1.0,0.5,4.0,4.0,0.0025,0.005,20.0,4000,two_speed,264,1.0004236481961577,2.0116852542872117,0.5172551307873534,0.0022849523993481425,0,0.02774699602691296,0.24244308328655148
1.0,0.5,4.0,4.0,0.0025,0.005,0.5,100,two_speed,265,1.0002301396726816,2.003692794714798,0.5132304500472268,0.0016364862705476046,0,0.019072876381637037,0.24017747029262995
1.0,0.5,4.0,4.0,0.0025,0.005,1.0,200,two_speed,265,1.0001311922081177,1.995382738631802,0.5090570952884206,0.0018742155096648182,0,0.015723563107932156,0.24017747029262995
1.0,0.5,4.0,4.0,0.0025,0.005,2.0,400,two_speed,265,1.00013699447051,1.9905832025031458,0.513503689001685,0.002130910483191227,0,0.02296412791232371,0.24017747029262995
1.0,0.5,4.0,4.0,0.0025,0.005,3.5,700,two_speed,265,1.0004856397628148,2.002628307796419,0.5265232969662701,0.0038643416824760747,0,0.03861018207836737,0.24017747029262995
1.0,0.5,4.0,4.0,0.0025,0.005,5.0,1000,two_speed,265,0.9998133502381009,2.0058708562174217,0.5127864119911817,0.0017738025058289782,0,0.020277374144254037,0.24017747029262995
1.0,0.5,4.0,4.0,0.0025,0.005,10.0,2000,two_speed,265,1.0003385974389978,2.0240068580888573,0.5273913721910858,0.0019136123800078929,0,0.04524006652043877,0.24017747029262995
1.0,0.5,4.0,4.0,0.0025,0.005,20.0,4000,two_speed,265,1.0000294685629483,2.0366922007228614,0.5230383468054798,0.002198593252975339,0,0.052574724053950916,0.24017747029262995
1.0,0.5,4.0,4.0,0.0025,0.005,0.5,100,two_speed,266,0.9996966129971743,1.998951969582245,0.5027606695318665,0.0015223986385560556,0,0.00879031322929859,0.2405902082765741
1.0,0.5,4.0,4.0,0.0025,0.005,1.0,200,two_speed,266,0.9995315076902604,1.9986266443646055,0.5054724111218077,0.00262285937788674,0,0.015440368607635964,0.2405902082765741
1.0,0.5,4.0,4.0,0.0025,0.005,2.0,400,two_speed,266,1.0001483340100528,1.9910135286714281,0.5141915245304515,0.0016826013775563871,0,0.02251201566167483,0.2405902082765741
1.0,0.5,4.0,4.0,0.0025,0.005,3.5,700,two_speed,266,1.000245032501563,1.9985385899847528,0.5117437875583615,0.0028033936131526683,0,0.020317614340500348,0.2405902082765741
1.0,0.5,4.0,4.0,0.0025,0.005,5.0,1000,two_speed,266,1.00021229020452,1.980385216098928,0.5105369332946592,0.0020446013276795515,0,0.02809397356143121,0.2405902082765741
1.0,0.5,4.0,4.0,0.0025,0.005,10.0,2000,two_speed,266,1.000090333227337,1.997018571579735,0.521465122570642,0.00178772234866052,0,0.029233945892002452,0.2405902082765741
1.0,0.5,4.0,4.0,0.0025,0.005,20.0,4000,two_speed,266,1.0006581717951206,1.9496828279185905,0.5259913193167737,0.0037107420915434824,0,0.06875382755822612,0.2405902082765741
1.0,0.5,4.0,4.0,0.0025,0.005,0.5,100,two_speed,267,1.0000194496875772,2.0048276015209145,0.5058067206854486,0.0014039247022308732,0,0.011636368736210202,0.2403331904206425
1.0,0.5,4.0,4.0,0.0025,0.005,1.0,200,two_speed,267,1.0002025021645282,2.00369724021668,0.5089889243502093,0.002177188535862587,0,0.01615922033754878,0.2403331904206425
1.0,0.5,4.0,4.0,0.0025,0.005,2.0,400,two_speed,267,1.0001975488966541,2.0115130562870593,0.5075657120418656,0.002106249010391546,0,0.019324887760029687,0.2403331904206425
1.0,0.5,4.0,4.0,0.0025,0.005,3.5,700,two_speed,267,0.9999222320354086,2.0246711277036504,0.5120789205467668,0.0014637530146546275,0,0.03332361548165213,0.2403331904206425
1.0,0.5,4.0,4.0,0.0025,0.005,5.0,1000,two_speed,267,0.9998534387450821,2.016848558290483,0.5127031322780197,0.0017356250873388447,0,0.02705516944130688,0.2403331904206425
1.0,0.5,4.0,4.0,0.0025,0.005,10.0,2000,two_speed,267,1.000007290881913,1.990684752003165,0.5193492237414744,0.0015172101514341917,0,0.028233752457647646,0.2403331904206425
1.0,0.5,4.0,4.0,0.0025,0.005,20.0,4000,two_speed,267,1.000286637636284,1.971484618086098,0.5266537554873216,0.002658825042988424,0,0.04900988557715877,0.2403331904206425
1.0,0.5,4.0,4.0,0.0025,0.005,0.5,100,two_speed,268,1.000276073064921,1.9993641275306249,0.5083009196846909,0.0021281207321798275,0,0.014728693863227664,0.23863875599844114
1.0,0.5,4.0,4.0,0.0025,0.005,1.0,200,two_speed,268,1.0001703570470977,2.0009402889702375,0.5118144402916082,0.0015713898465485616,0,0.016981243649590708,0.23863875599844114
1.0,0.5,4.0,4.0,0.0025,0.005,2.0,400,two_speed,268,1.0001209985007278,2.016232212688512,0.5141874871397623,0.002531348018619136,0,0.028966892839625696,0.23863875599844114
1.0,0.5,4.0,4.0,0.0025,0.005,3.5,700,two_speed,268,0.9998187777162608,2.0050642244449817,0.5110693912803416,0.0025054390085480884,0,0.02013572564798856,0.23863875599844114
1.0,0.5,4.0,4.0,0.0025,0.005,5.0,1000,two_speed,268,1.000181644808712,2.0077597953276722,0.5219771217098188,0.0025747687162825036,0,0.03206101632119777,0.23863875599844114
1.0,0.5,4.0,4.0,0.0025,0.005,10.0,2000,two_speed,268,0.9998814460562006,2.0353565999627605,0.5103399059500231,0.001814497146226357,0,0.04386308328177789,0.23863875599844114
1.0,0.5,4.0,4.0,0.0025,0.005,20.0,4000,two_speed,268,1.0004321980040884,2.0353653789419996,0.5350734400891519,0.001695703282339412,0,0.0604806638645426,0.23863875599844114
1.0,0.5,4.0,4.0,0.0025,0.005,0.5,100,two_speed,269,1.000286856242579,2.0110040437225316,0.5105807140415335,0.0018416434666845055,0,0.02044596932729103,0.23850383928843907
1.0,0.5,4.0,4.0,0.0025,0.005,1.0,200,two_speed,269,1.0001734068575197,2.011480855639615,0.5170481828048483,0.0021761996466099246,0,0.027550216770895374,0.23850383928843907
1.0,0.5,4.0,4.0,0.0025,0.005,2.0,400,two_speed,269,0.9999808219011992,2.0034345545702292,0.5237585763347177,0.002662332212615843,0,0.03371822405338484,0.23850383928843907
1.0,0.5,4.0,4.0,0.0025,0.005,3.5,700,two_speed,269,0.9998887974966629,1.9966871417094794,0.5232473851081176,0.001555761734510034,0,0.03149118218747195,0.23850383928843907
1.0,0.5,4.0,4.0,0.0025,0.005,5.0,1000,two_speed,269,0.9998197482180182,2.004146387208213,0.522270416288112,0.0022719445583745793,0,0.031653204974687946,0.23850383928843907
1.0,0.5,4.0,4.0,0.0025,0.005,10.0,2000,two_speed,269,0.9998887007660792,2.024275608862493,0.5329612493527274,0.002884221324546701,0,0.053083235445453764,0.23850383928843907
1.0,0.5,4.0,4.0,0.0025,0.005,20.0,4000,two_speed,269,1.0002130974446242,2.014407714681996,0.5201720407949267,0.0015022076214220867,0,0.031488799259647995,0.23850383928843907
1.0,0.5,4.0,4.0,0.0025,0.005,0.5,100,two_speed,270,0.9999574590631165,1.9916770267581794,0.5005403385294951,0.002349568812004029,0,0.01503009067853337,0.23945695828712946
1.0,0.5,4.0,4.0,0.0025,0.005,1.0,200,two_speed,270,1.0001748857487278,1.9951888267645506,0.5103419579809285,0.00187721526630428,0,0.01700346564228115,0.23945695828712946
1.0,0.5,4.0,4.0,0.0025,0.005,2.0,400,two_speed,270,1.000213692753564,1.9992129087263066,0.5196309451969615,0.0013802300328478343,0,0.025990991191029447,0.23945695828712946
1.0,0.5,4.0,4.0,0.0025,0.005,3.5,700,two_speed,270,1.0000845729983425,2.0071374873379475,0.5189934432309601,0.002186830101671729,0,0.028026229522660918,0.23945695828712946
1.0,0.5,4.0,4.0,0.0025,0.005,5.0,1000,two_speed,270,1.0003783652155671,1.9923321267605452,0.5249069976988742,0.003012543503112586,0,0.0360786274608368,0.23945695828712946
1.0,0.5,4.0,4.0,0.0025,0.005,10.0,2000,two_speed,270,0.9998514229291744,2.024174680659173,0.5139041482828989,0.0021855144810082514,0,0.03506636126072356,0.23945695828712946
1.0,0.5,4.0,4.0,0.0025,0.005,20.0,4000,two_speed,270,0.999616826563693,2.0455837832939183,0.5147343699391154,0.00249924130590983,0,0.057130450615921355,0.23945695828712946
1.0,0.5,4.0,4.0,0.0025,0.005,0.5,100,two_speed,271,0.9998372217483938,2.000812398022531,0.5007881411667332,0.0021206528929922494,0,0.010560213915178376,0.24085055943578482
1.0,0.5,4.0,4.0,0.0025,0.005,1.0,200,two_speed,271,0.9998475088470355,1.9944107125750792,0.5056076654315617,0.0018708037770713709,0,0.013598373073897005,0.24085055943578482
1.0,0.5,4.0,4.0,0.0025,0.005,2.0,400,two_speed,271,1.000046106591024,2.0105898247146503,0.5166448679299798,0.002541611459601225,0,0.02771268018055139,0.24085055943578482
1.0,0.5,4.0,4.0,0.0025,0.005,3.5,700,two_speed,271,1.000238499180034,2.0020963341237668,0.5181281356306842,0.0015400947007195222,0,0.024399982701465338,0.24085055943578482
1.0,0.5,4.0,4.0,0.0025,0.005,5.0,1000,two_speed,271,1.0000335041207158,2.0246949580735567,0.5098726547044974,0.0028021646185107,0,0.03411693791968128,0.24085055943578482
1.0,0.5,4.0,4.0,0.0025,0.005,10.0,2000,two_speed,271,1.000184772673608,1.989793827394013,0.5155667170981546,0.0014408153575729454,0,0.024115351121304657,0.24085055943578482
1.0,0.5,4.0,4.0,0.0025,0.005,20.0,4000,two_speed,271,1.0001766450633152,2.0116052413006136,0.517622027686412,0.0016880474824304589,0,0.02747239198600834,0.24085055943578482
1.0,0.5,4.0,4.0,0.0025,0.005,0.5,100,two_speed,272,0.9999901105902417,1.990788695311092,0.5033604424721293,0.0012370175692007724,0,0.013001247194703499,0.23940760715465462
1.0,0.5,4.0,4.0,0.0025,0.005,1.0,200,two_speed,272,1.0000930867991908,1.9905298004384542,0.5113713747697936,0.0017723717567921338,0,0.02024033977079603,0.23940760715465462
1.0,0.5,4.0,4.0,0.0025,0.005,2.0,400,two_speed,272,1.0001091513577998,1.9923682546674948,0.5187966961267122,0.0020181287573532362,0,0.027607841888270472,0.23940760715465462
1.0,0.5,4.0,4.0,0.0025,0.005,3.5,700,two_speed,272,1.0002806701051947,1.9976493048028487,0.5207877729712945,0.0022260684183875727,0,0.028806282918009837,0.23940760715465462
1.0,0.5,4.0,4.0,0.0025,0.005,5.0,1000,two_speed,272,1.0001166822359056,1.979728063836672,0.5143364254540215,0.002516142313412226,0,0.03205741404037036,0.23940760715465462
1.0,0.5,4.0,4.0,0.0025,0.005,10.0,2000,two_speed,272,1.0002463928178593,1.960111078785765,0.5317804490722188,0.002622110204014983,0,0.061938870942461983,0.23940760715465462
1.0,0.5,4.0,4.0,0.0025,0.005,20.0,4000,two_speed,272,0.9996561947626564,1.9697810004698213,0.5176177083512659,0.00227774634388156,0,0.04335102861756528,0.23940760715465462
1.0,0.5,4.0,4.0,0.0025,0.005,0.5,100,two_speed,273,1.0000921731321981,2.0046376800959043,0.49957439932577324,0.001481513039162218,0,0.009068060982182536,0.24033615472061293
1.0,0.5,4.0,4.0,0.0025,0.005,1.0,200,two_speed,273,1.0000714259649413,2.009101295751156,0.5018338665045633,0.0018138882363321826,0,0.013952146228090852,0.24033615472061293
1.0,0.5,4.0,4.0,0.0025,0.005,2.0,400,two_speed,273,1.0001134371728106,2.012597877048296,0.5132555580294142,0.0018171238014802781,0,0.02408510858768534,0.24033615472061293
1.0,0.5,4.0,4.0,0.0025,0.005,3.5,700,two_speed,273,0.999851609223192,2.024716960218553,0.5050221660883024,0.002797210065514707,0,0.032404096307322966,0.24033615472061293
1.0,0.5,4.0,4.0,0.0025,0.005,5.0,1000,two_speed,273,1.0001324059809042,2.012540668232692,0.5103977153918887,0.001803432532505189,0,0.021465192041167317,0.24033615472061293
1.0,0.5,4.0,4.0,0.0025,0.005,10.0,2000,two_speed,273,1.0001739955245015,2.0348072758765077,0.5175482152141421,0.0013024541642970404,0,0.046190208876877824,0.24033615472061293
1.0,0.5,4.0,4.0,0.0025,0.005,20.0,4000,two_speed,273,0.9998170717949795,2.060714765581587,0.5205441468237316,0.0020243550861420404,0,0.0750647793125584,0.24033615472061293
1.0,0.5,4.0,4.0,0.0025,0.005,0.5,100,two_speed,274,0.999926897979492,1.997780508362174,0.4995053795726453,0.0024547149835113715,0,0.01232512271063888,0.23904229171707161
1.0,0.5,4.0,4.0,0.0025,0.005,1.0,200,two_speed,274,1.0000114776998996,1.9884443627339305,0.5047322325255114,0.002983436816412823,0,0.020676541280995178,0.23904229171707161
1.0,0.5,4.0,4.0,0.0025,0.005,2.0,400,two_speed,274,1.000167217482134,2.0152228235145198,0.5007066065847198,0.0034857166274598127,0,0.02453895873994244,0.23904229171707161
1.0,0.5,4.0,4.0,0.0025,0.005,3.5,700,two_speed,274,1.0001621306995474,2.0300161341789864,0.5074484152762447,0.0029005769346305632,0,0.03861487954665402,0.23904229171707161
1.0,0.5,4.0,4.0,0.0025,0.005,5.0,1000,two_speed,274,0.9997813704019533,2.037185109878932,0.5106588391682647,0.0021479749262022915,0,0.04631859137110971,0.23904229171707161
1.0,0.5,4.0,4.0,0.0025,0.005,10.0,2000,two_speed,274,1.0003561956439346,2.027568701135454,0.5292225079355884,0.0018977821973704886,0,0.04952785265172239,0.23904229171707161
1.0,0.5,4.0,4.0,0.0025,0.005,20.0,4000,two_speed,274,1.0000192062756355,2.0164835157151577,0.5261908951434264,0.0019051256955891576,0,0.039733945462680206,0.23904229171707161
1.0,0.5,4.0,4.0,0.0025,0.005,0.5,100,two_speed,275,0.9998497617858378,2.0117988445638866,0.5009563206064984,0.00276827771938262,0,0.01931783423090719,0.23950600599138333
1.0,0.5,4.0,4.0,0.0025,0.005,1.0,200,two_speed,275,0.9998050068262637,1.9995408438180275,0.5080114615072423,0.0029694533905465625,0,0.018184973132553354,0.23950600599138333
1.0,0.5,4.0,4.0,0.0025,0.005,2.0,400,two_speed,275,1.0001464069570458,2.003338656152723,0.5160668895328105,0.0023858671150260866,0,0.024023160170884895,0.23950600599138333
1.0,0.5,4.0,4.0,0.0025,0.005,3.5,700,two_speed,275,0.999926443886299,2.0189058490213876,0.513135392687264,0.002450443901923897,0,0.03033146130302559,0.23950600599138333
1.0,0.5,4.0,4.0,0.0025,0.005,5.0,1000,two_speed,275,1.0003392327480918,2.0146565613131764,0.5188553201526165,0.0019235464025060716,0,0.030636998482310468,0.23950600599138333
1.0,0.5,4.0,4.0,0.0025,0.005,10.0,2000,two_speed,275,0.999712010109845,2.045563267002669,0.5050062391106479,0.002385998406263281,0,0.05424261918864161,0.23950600599138333
1.0,0.5,4.0,4.0,0.0025,0.005,20.0,4000,two_speed,275,1.000394014124905,2.0384600277833465,0.5301243537286132,0.0022326104566591943,0,0.05902748310927978,0.23950600599138333
1.0,0.5,4.0,4.0,0.0025,0.005,0.5,100,two_speed,276,1.0003114147925094,2.0039096608894122,0.506935017730221,0.002613654418571933,0,0.016051811952759832,0.23894595228401677
1.0,0.5,4.0,4.0,0.0025,0.005,1.0,200,two_speed,276,1.0001916687897072,1.9986117185663779,0.5058037758336562,0.0019976078177496403,0,0.012291668619274016,0.23894595228401677
1.0,0.5,4.0,4.0,0.0025,0.005,2.0,400,two_speed,276,1.0002862906914352,2.006232213208874,0.5121495275248621,0.0038604503192430717,0,0.025417922178674668,0.23894595228401677
1.0,0.5,4.0,4.0,0.0025,0.005,3.5,700,two_speed,276,1.0002972628771447,1.99827050660394,0.5079290492143835,0.0021036941022064106,0,0.014384133342419727,0.23894595228401677
1.0,0.5,4.0,4.0,0.0025,0.005,5.0,1000,two_speed,276,1.0001214732287862,2.013574568467328,0.5049434009910018,0.0015933119571163521,0,0.018555867074703313,0.23894595228401677
1.0,0.5,4.0,4.0,0.0025,0.005,10.0,2000,two_speed,276,1.0005684353376734,1.9942605656277703,0.5244793814163178,0.0022885193402689104,0,0.033374651743888005,0.23894595228401677
1.0,0.5,4.0,4.0,0.0025,0.005,20.0,4000,two_speed,276,1.0000403657093582,1.9848807401508506,0.508648079845258,0.0015608011630814233,0,0.022024520098576254,0.23894595228401677
1.0,0.5,4.0,4.0,0.0025,0.005,0.5,100,two_speed,277,1.000156503964583,1.9993659120999248,0.5045253233253515,0.0019656504749408065,0,0.011194892747093711,0.23998037501171762
1.0,0.5,4.0,4.0,0.0025,0.005,1.0,200,two_speed,277,1.0002511294803318,1.9954090351609945,0.509188690295492,0.003007207870254983,0,0.019466572117643223,0.23998037501171762
1.0,0.5,4.0,4.0,0.0025,0.005,2.0,400,two_speed,277,1.0001755231889649,1.9985910867619754,0.5105790783094906,0.002294617280731601,0,0.017633730498984482,0.23998037501171762
1.0,0.5,4.0,4.0,0.0025,0.005,3.5,700,two_speed,277,0.9998318204112848,1.9762815863698346,0.5072388968817226,0.0016045687445508073,0,0.030029617521836537,0.23998037501171762
1.0,0.5,4.0,4.0,0.0025,0.005,5.0,1000,two_speed,277,0.999763514233306,1.974736426495634,0.5087960285476207,0.0018689177598038887,0,0.03277771161246985,0.23998037501171762
1.0,0.5,4.0,4.0,0.0025,0.005,10.0,2000,two_speed,277,0.9998546560477464,1.9778330200247531,0.5211050935349857,0.001316400465455029,0,0.03807226970462219,0.23998037501171762
1.0,0.5,4.0,4.0,0.0025,0.005,20.0,4000,two_speed,277,1.0001401297658499,1.9593666016969737,0.522794975931333,0.0015656840978715218,0,0.055462341002001175,0.23998037501171762
1.0,0.5,4.0,4.0,0.0025,0.005,0.5,100,two_speed,278,0.9998474532928407,2.013396239342216,0.5061958242187795,0.0013134329019378812,0,0.018701205523512506,0.25346688099671155
1.0,0.5,4.0,4.0,0.0025,0.005,1.0,200,two_speed,278,0.9998653351266029,2.0141853503042237,0.5009102202653033,0.0024615587146087593,0,0.020397749875983296,0.25346688099671155
1.0,0.5,4.0,4.0,0.0025,0.005,2.0,400,two_speed,278,0.9999050215877654,2.0072364332323174,0.5001090891030913,0.0016978271231544247,0,0.011809916075831525,0.25346688099671155
1.0,0.5,4.0,4.0,0.0025,0.005,3.5,700,two_speed,278,0.9999070016306127,1.998396190003078,0.5041841478253943,0.0018504528749261197,0,0.0108700435925132,0.25346688099671155
1.0,0.5,4.0,4.0,0.0025,0.005,5.0,1000,two_speed,278,0.9999371252728828,1.9774114276946002,0.513936999649092,0.001958711612452651,0,0.033152066778779354,0.25346688099671155
1.0,0.5,4.0,4.0,0.0025,0.005,10.0,2000,two_speed,278,1.000226852198854,1.9543218667356248,0.5252019902508073,0.0015846057211460413,0,0.061714621397326364,0.25346688099671155
1.0,0.5,4.0,4.0,0.0025,0.005,20.0,4000,two_speed,278,1.000626934457388,1.911679717355687,0.5302556124908372,0.0032813625520072753,0,0.10896502053318016,0.25346688099671155
1.0,0.5,4.0,4.0,0.0025,0.005,0.5,100,two_speed,279,1.0000135759209705,1.9959568538045491,0.5017262948962741,0.002068429059226586,0,0.011387447913949569,0.2416988214245066
1.0,0.5,4.0,4.0,0.0025,0.005,1.0,200,two_speed,279,1.000066363283574,2.005087076617972,0.5033804986264839,0.0020481493419980657,0,0.012400072422108933,0.2416988214245066
1.0,0.5,4.0,4.0,0.0025,0.005,2.0,400,two_speed,279,1.000362627845299,2.014381297128568,0.5124111518529825,0.002307280818859275,0,0.02538382913950592,0.2416988214245066
1.0,0.5,4.0,4.0,0.0025,0.005,3.5,700,two_speed,279,1.0002399887323103,2.023028011977845,0.5136993495601797,0.0018026785046993373,0,0.03279227707868188,0.2416988214245066
1.0,0.5,4.0,4.0,0.0025,0.005,5.0,1000,two_speed,279,1.0001982536215677,2.0233867985600362,0.521937166104483,0.0017371785710162417,0,0.0396202103287292,0.2416988214245066
1.0,0.5,4.0,4.0,0.0025,0.005,10.0,2000,two_speed,279,1.0001396919608716,2.056686142064884,0.5341175757715538,0.0031996373096438444,0,0.0790052194095884,0.2416988214245066
1.0,0.5,4.0,4.0,0.0025,0.005,20.0,4000,two_speed,279,0.9997002836385822,2.077290280422369,0.5126686552518317,0.004078511314645425,0,0.09224524393341564,0.2416988214245066
1.0,0.5,4.0,4.0,0.0025,0.005,0.5,100,two_speed,280,1.0001490156341428,2.0026435139669228,0.5082161086554345,0.0013503498554225941,0,0.012733668656405964,0.23827549999779357
1.0,0.5,4.0,4.0,0.0025,0.005,1.0,200,two_speed,280,1.0002156413060073,2.006061284974536,0.5133264715753876,0.001363537670274572,0,0.01950765650578334,0.23827549999779357
1.0,0.5,4.0,4.0,0.0025,0.005,2.0,400,two_speed,280,1.0001308514735583,1.9991074441752559,0.5216670899015167,0.0020934019772189333,0,0.029644460480411045,0.23827549999779357
1.0,0.5,4.0,4.0,0.0025,0.005,3.5,700,two_speed,280,1.0001262971659666,1.9868800583361892,0.5170657764754323,0.0012077576282899267,0,0.027215610122754152,0.23827549999779357
1.0,0.5,4.0,4.0,0.0025,0.005,5.0,1000,two_speed,280,0.9997856696462298,1.9755057464244585,0.5278462299710468,0.0016252570472936566,0,0.04662223460719975,0.23827549999779357
1.0,0.5,4.0,4.0,0.0025,0.005,10.0,2000,two_speed,280,1.0000681137842709,1.9696003014784946,0.5216294595395856,0.0016814262851744498,0,0.045256204564738986,0.23827549999779357
1.0,0.5,4.0,4.0,0.0025,0.005,20.0,4000,two_speed,280,0.999959918282104,1.9433257267935506,0.5215736629996555,0.0018363518849618698,0,0.07110486163383625,0.23827549999779357
1.0,0.5,4.0,4.0,0.0025,0.005,0.5,100,two_speed,281,0.9998655241668405,2.013280917788792,0.5038576475829905,0.002175640144087057,0,0.019430255484500183,0.23938896428860193
1.0,0.5,4.0,4.0,0.0025,0.005,1.0,200,two_speed,281,1.0001025534034784,1.9982591565586323,0.5045681052657138,0.0010893618733960107,0,0.008123458847891535,0.23938896428860193
1.0,0.5,4.0,4.0,0.0025,0.005,2.0,400,two_speed,281,1.0001542125448353,1.9909787863779558,0.5059270060880542,0.0013416732496846352,0,0.014390641076911456,0.23938896428860193
1.0,0.5,4.0,4.0,0.0025,0.005,3.5,700,two_speed,281,1.000402762316169,2.0066583571258922,0.5167105643561558,0.0017912357259835063,0,0.024034592761269298,0.23938896428860193
1.0,0.5,4.0,4.0,0.0025,0.005,5.0,1000,two_speed,281,1.0000881302033997,1.999966287100118,0.515780091249636,0.00236531774022402,0,0.02347534116066296,0.23938896428860193
1.0,0.5,4.0,4.0,0.0025,0.005,10.0,2000,two_speed,281,1.0001056359608969,2.0230537370474604,0.5134777497722874,0.002032773163684268,0,0.033216533484609095,0.23938896428860193
1.0,0.5,4.0,4.0,0.0025,0.005,20.0,4000,two_speed,281,1.0000907692006331,2.004469853292883,0.5324252554632022,0.0025487011153110567,0,0.043699683029909744,0.23938896428860193
1.0,0.5,4.0,4.0,0.0025,0.005,0.5,100,two_speed,282,1.0002678501375253,2.009877198831197,0.5069965838139714,0.001461520703746331,0,0.015982071027223977,0.23830686915399774
1.0,0.5,4.0,4.0,0.0025,0.005,1.0,200,two_speed,282,1.0003244544874286,2.011835817983461,0.5129557716869797,0.001606611216430409,0,0.022571775742599155,0.23830686915399774
1.0,0.5,4.0,4.0,0.0025,0.005,2.0,400,two_speed,282,0.9999690188403801,2.0294473241846736,0.5103233688654649,0.0012810310836558459,0,0.03697865194414494,0.23830686915399774
1.0,0.5,4.0,4.0,0.0025,0.005,3.5,700,two_speed,282,1.0000890699666145,2.025920450605647,0.515908704049802,0.001795641705300383,0,0.03715706507553012,0.23830686915399774
1.0,0.5,4.0,4.0,0.0025,0.005,5.0,1000,two_speed,282,1.0000927730957585,2.0363946346698123,0.5131540261659506,0.0019339400395800984,0,0.04600351850166575,0.23830686915399774
1.0,0.5,4.0,4.0,0.0025,0.005,10.0,2000,two_speed,282,1.0000006621565711,2.025852584029278,0.5249170893963168,0.0019742242218588686,0,0.044885077901003635,0.23830686915399774
1.0,0.5,4.0,4.0,0.0025,0.005,20.0,4000,two_speed,282,1.0000411051362055,2.0109551178369665,0.528852695299916,0.0025524387482689427,0,0.04103041764687589,0.23830686915399774
1.0,0.5,4.0,4.0,0.0025,0.005,0.5,100,two_speed,283,0.9999283180047205,2.005687043682139,0.5020134070156289,0.00218509474522968,0,0.012881988439235771,0.2409900832821482
1.0,0.5,4.0,4.0,0.0025,0.005,1.0,200,two_speed,283,0.9998023006009968,1.9991816606450175,0.5035798660602391,0.0025258598797075972,0,0.013461242297899917,0.2409900832821482
1.0,0.5,4.0,4.0,0.0025,0.005,2.0,400,two_speed,283,1.000320949623055,1.9986333811939105,0.5086624741223909,0.00209487101277166,0,0.014954598039950582,0.2409900832821482
1.0,0.5,4.0,4.0,0.0025,0.005,3.5,700,two_speed,283,0.999902670809915,2.0060109457564375,0.5068509719729556,0.0025486987455315244,0,0.017003743037818445,0.2409900832821482
1.0,0.5,4.0,4.0,0.0025,0.005,5.0,1000,two_speed,283,0.9996104348040133,2.008463818092982,0.49983111138428915,0.0023309410560318398,0,0.015155703808493128,0.2409900832821482
1.0,0.5,4.0,4.0,0.0025,0.005,10.0,2000,two_speed,283,1.0001743394929525,1.985442411675598,0.5164572696390671,0.0024061764765045653,0,0.029435028345303333,0.2409900832821482
1.0,0.5,4.0,4.0,0.0025,0.005,20.0,4000,two_speed,283,1.0004129405184485,2.0235729844580117,0.5277513223139187,0.001780064426231719,0,0.04515808427427748,0.2409900832821482
1.0,0.5,4.0,4.0,0.0025,0.005,0.5,100,two_speed,284,0.9998478639779387,2.0068851195346924,0.5036908032695804,0.0022390803471889664,0,0.014524200675305578,0.2381565535574087
1.0,0.5,4.0,4.0,0.0025,0.005,1.0,200,two_speed,284,0.9996407263582024,2.0078819677348814,0.5033212771035483,0.0018623130627212678,0,0.013946781871719282,0.2381565535574087
1.0,0.5,4.0,4.0,0.0025,0.005,2.0,400,two_speed,284,0.9996772615012355,2.0204835269448633,0.5053262155349318,0.0019693268889689535,0,0.026643615255693233,0.2381565535574087
1.0,0.5,4.0,4.0,0.0025,0.005,3.5,700,two_speed,284,0.9995827509177916,2.030012056288023,0.5125530812627869,0.0025997636060013426,0,0.04051193513501975,0.2381565535574087
1.0,0.5,4.0,4.0,0.0025,0.005,5.0,1000,two_speed,284,0.9999199426606521,2.039310033209535,0.5214394059920586,0.001815769908038266,0,0.053645469517366096,0.2381565535574087
1.0,0.5,4.0,4.0,0.0025,0.005,10.0,2000,two_speed,284,1.0000373826095252,2.0259033624333593,0.5145720315217887,0.0018523674893135003,0,0.03626885068290087,0.2381565535574087
1.0,0.5,4.0,4.0,0.0025,0.005,20.0,4000,two_speed,284,1.0001816105157724,2.0580101376195907,0.5143765368704866,0.001402750643875289,0,0.0693358133175252,0.2381565535574087
1.0,0.5,4.0,4.0,0.0025,0.005,0.5,100,two_speed,285,0.9998753188455177,2.0094303753853877,0.5015341390779146,0.002121665073746005,0,0.015243459433804504,0.23959116070597833
1.0,0.5,4.0,4.0,0.0025,0.005,1.0,200,two_speed,285,1.0003651670135927,2.006521251872559,0.509386529080102,0.0018199997788655746,0,0.016423976723815674,0.23959116070597833
1.0,0.5,4.0,4.0,0.0025,0.005,2.0,400,two_speed,285,1.0002476274452818,2.0071766393981454,0.5183038958650314,0.0013816721183659553,0,0.025633909892292445,0.23959116070597833
1.0,0.5,4.0,4.0,0.0025,0.005,3.5,700,two_speed,285,0.9999910080008928,1.9974343658257436,0.5102952127808723,0.002160578522317184,0,0.017402137770905157,0.23959116070597833
1.0,0.5,4.0,4.0,0.0025,0.005,5.0,1000,two_speed,285,1.0003141619120857,1.997481793932486,0.5191814472678411,0.0025727665720727388,0,0.0276074404674243,0.23959116070597833
1.0,0.5,4.0,4.0,0.0025,0.005,10.0,2000,two_speed,285,0.9997128395186344,1.9661781861936756,0.5048237519737586,0.0015565016957006911,0,0.040344981960415666,0.23959116070597833
1.0,0.5,4.0,4.0,0.0025,0.005,20.0,4000,two_speed,285,1.0002892071564131,1.9580878197039266,0.5276774061351466,0.001507934316925515,0,0.05975205936176789,0.23959116070597833
1.0,0.5,4.0,4.0,0.0025,0.005,0.5,100,two_speed,286,1.000040332581363,2.0014502925061612,0.5111070252506869,0.0013329135952466638,0,0.01590065132881776,0.240466690422701
1.0,0.5,4.0,4.0,0.0025,0.005,1.0,200,two_speed,286,1.0003910871404917,1.993804290608171,0.52439821518594,0.00201587579193029,0,0.033204732885113906,0.240466690422701
1.0,0.5,4.0,4.0,0.0025,0.005,2.0,400,two_speed,286,1.0001736379636799,1.9831418579748232,0.5160158931293602,0.002003829717899574,0,0.02991775738400168,0.240466690422701
1.0,0.5,4.0,4.0,0.0025,0.005,3.5,700,two_speed,286,1.0000133257934913,1.9905295959598737,0.5183393362323576,0.0019699458751355472,0,0.027826324390978024,0.240466690422701
1.0,0.5,4.0,4.0,0.0025,0.005,5.0,1000,two_speed,286,1.0000608892069531,1.9677299391910723,0.5256525566500874,0.0022380050945712627,0,0.050813922375541797,0.240466690422701
1.0,0.5,4.0,4.0,0.0025,0.005,10.0,2000,two_speed,286,1.0004147488984891,1.9256279445624687,0.5142282174201469,0.002283199387315065,0,0.08780457017101591,0.240466690422701
1.0,0.5,4.0,4.0,0.0025,0.005,20.0,4000,two_speed,286,1.0000363876322036,1.9430996273170371,0.5117933070000331,0.0025517532475393327,0,0.06817830072356502,0.240466690422701
1.0,0.5,4.0,4.0,0.0025,0.005,0.5,100,two_speed,287,1.0003409158044132,1.9947526549871197,0.507614811606445,0.0020174724785602194,0,0.014911298656347403,0.2390139939961955
1.0,0.5,4.0,4.0,0.0025,0.005,1.0,200,two_speed,287,1.0003714795158123,2.0037466153228003,0.5109639926483458,0.0020990358863236017,0,0.01760370277181245,0.2390139939961955
1.0,0.5,4.0,4.0,0.0025,0.005,2.0,400,two_speed,287,0.9999954852417073,1.9901222693747864,0.5167388405844372,0.0014555592211475232,0,0.025510896012230753,0.2390139939961955
1.0,0.5,4.0,4.0,0.0025,0.005,3.5,700,two_speed,287,1.0001951857352764,1.9755514454881615,0.5160105688090941,0.0018255293861864713,0,0.035827762170349206,0.2390139939961955
1.0,0.5,4.0,4.0,0.0025,0.005,5.0,1000,two_speed,287,1.0002269339909136,1.9787095997596207,0.5245835386774462,0.0020891790618143054,0,0.04101894900633365,0.2390139939961955
1.0,0.5,4.0,4.0,0.0025,0.005,10.0,2000,two_speed,287,1.0000318399408723,1.9266733090494284,0.5137759660742666,0.002402005935474464,0,0.0866270204436475,0.2390139939961955
1.0,0.5,4.0,4.0,0.0025,0.005,20.0,4000,two_speed,287,1.0002658397084887,1.9794347526027454,0.5330332938961313,0.0021587005597224432,0,0.04950184546185929,0.2390139939961955
1.0,0.5,4.0,4.0,0.0025,0.005,0.5,100,two_speed,288,0.999838753807218,1.9979889195460656,0.4991428883704078,0.0019905529792911478,0,0.010092373589977062,0.23826570243441633
1.0,0.5,4.0,4.0,0.0025,0.005,1.0,200,two_speed,288,1.0000051038393658,2.0015729659778323,0.5058755836084811,0.0014059720013174027,0,0.010475897345581263,0.23826570243441633
1.0,0.5,4.0,4.0,0.0025,0.005,2.0,400,two_speed,288,0.9999414955249133,1.9884243345340151,0.5144674893349033,0.001918643453451719,0,0.025024650412799953,0.23826570243441633
1.0,0.5,4.0,4.0,0.0025,0.005,3.5,700,two_speed,288,0.9999963414355111,1.9881634927468135,0.526028844940344,0.0013799238282658421,0,0.03690763523648325,0.23826570243441633
1.0,0.5,4.0,4.0,0.0025,0.005,5.0,1000,two_speed,288,0.9996103344471158,1.9829350395714986,0.5223334067993708,0.002696500900964927,0,0.038089776780086966,0.23826570243441633
1.0,0.5,4.0,4.0,0.0025,0.005,10.0,2000,two_speed,288,1.0001066039609146,1.9942227655190732,0.5236341750486793,0.0019900121162141553,0,0.032522453704700756,0.23826570243441633
1.0,0.5,4.0,4.0,0.0025,0.005,20.0,4000,two_speed,288,0.9999592068111312,1.960747783298902,0.5125294712332615,0.0018356794786253804,0,0.048799521926730136,0.23826570243441633
1.0,0.5,4.0,4.0,0.0025,0.005,0.5,100,two_speed,289,1.0000466654876725,1.9985109262788017,0.5021619249959565,0.0017973636049326471,0,0.009386797159933019,0.2378750417181956
1.0,0.5,4.0,4.0,0.0025,0.005,1.0,200,two_speed,289,0.9998771016888878,1.9975733280301977,0.5035383442309931,0.0018181103442254645,0,0.010568484819631456,0.2378750417181956
1.0,0.5,4.0,4.0,0.0025,0.005,2.0,400,two_speed,289,0.99990107614079,2.0191212105192693,0.5138855517998878,0.0016675994406817388,0,0.02972825577383001,0.2378750417181956
1.0,0.5,4.0,4.0,0.0025,0.005,3.5,700,two_speed,289,0.9998752458525381,2.00758659645777,0.5198327806045904,0.0015412878746111326,0,0.028384316531127333,0.2378750417181956
1.0,0.5,4.0,4.0,0.0025,0.005,5.0,1000,two_speed,289,0.9996992716085031,1.9990640889556262,0.5290631495507863,0.002815499048718361,0,0.040571452974356895,0.2378750417181956
1.0,0.5,4.0,4.0,0.0025,0.005,10.0,2000,two_speed,289,0.9999390501098631,2.010945601505546,0.523574867452262,0.0020648813300685274,0,0.03463061336006835,0.2378750417181956
1.0,0.5,4.0,4.0,0.0025,0.005,20.0,4000,two_speed,289,0.9999789126557804,2.003689635820365,0.5238959948402817,0.0032009254741968275,0,0.03508517029723618,0.2378750417181956
1.0,0.5,4.0,4.0,0.0025,0.005,0.5,100,two_speed,290,1.0000171029865554,2.0001626538292174,0.49716513547828156,0.0015460843758687908,0,0.008466198742124426,0.23724028571242733
1.0,0.5,4.0,4.0,0.0025,0.005,1.0,200,two_speed,290,1.0001753070724184,1.9880274162838556,0.5062567947833356,0.002604223303571495,0,0.020424034620658994,0.23724028571242733
1.0,0.5,4.0,4.0,0.0025,0.005,2.0,400,two_speed,290,1.0001675067307494,1.9955740388373642,0.5144059957687387,0.0015822711007743159,0,0.020613227474000413,0.23724028571242733
1.0,0.5,4.0,4.0,0.0025,0.005,3.5,700,two_speed,290,1.0002712327666103,1.9832770283477177,0.5206394555253553,0.002259409464402599,0,0.03444905362634909,0.23724028571242733
1.0,0.5,4.0,4.0,0.0025,0.005,5.0,1000,two_speed,290,1.0002313151572566,1.9979956593621235,0.5288120003110469,0.0017072227309344915,0,0.037862348065910725,0.23724028571242733
1.0,0.5,4.0,4.0,0.0025,0.005,10.0,2000,two_speed,290,0.9998311334297341,2.0072534678698175,0.5244372658662618,0.0019688649134146246,0,0.03451543520107758,0.23724028571242733
1.0,0.5,4.0,4.0,0.0025,0.005,20.0,4000,two_speed,290,0.9998436504657269,1.9914920992862293,0.5245940502722355,0.0021311551796410737,0,0.035111523297852755,0.23724028571242733
1.0,0.5,4.0,4.0,0.0025,0.005,0.5,100,two_speed,291,0.9997061148378825,2.0027229060831133,0.49856308252820003,0.002001201736409175,0,0.010467127926403003,0.23872769041918218
1.0,0.5,4.0,4.0,0.0025,0.005,1.0,200,two_speed,291,0.9998330560588712,1.9966218102556863,0.5047046269664957,0.002418165012077125,0,0.014112812413963576,0.23872769041918218
1.0,0.5,4.0,4.0,0.0025,0.005,2.0,400,two_speed,291,1.000312780456515,2.0027148591722335,0.5171811708596135,0.001932120518175307,0,0.02397419755971454,0.23872769041918218
1.0,0.5,4.0,4.0,0.0025,0.005,3.5,700,two_speed,291,1.0006355200614572,2.01068499248916,0.5234740083841215,0.0024657091974567644,0,0.03398877920915759,0.23872769041918218
1.0,0.5,4.0,4.0,0.0025,0.005,5.0,1000,two_speed,291,0.9997961955162212,2.0137177203404493,0.5167687727058748,0.002762491749050316,0,0.03028831710564812,0.23872769041918218
1.0,0.5,4.0,4.0,0.0025,0.005,10.0,2000,two_speed,291,1.0001776529772919,1.9931682008803138,0.527833206072013,0.0017605604718632913,0,0.03746758823999925,0.23872769041918218
1.0,0.5,4.0,4.0,0.0025,0.005,20.0,4000,two_speed,291,0.9995385450968214,2.016215032592351,0.5093845134940747,0.0019188603416975206,0,0.0248167472386561,0.23872769041918218
1.0,0.5,4.0,4.0,0.0025,0.005,0.5,100,two_speed,292,1.0002308641735542,1.999500923572021,0.5070673923831607,0.0026210686350013994,0,0.015610050054392264,0.23961917858105153
1.0,0.5,4.0,4.0,0.0025,0.005,1.0,200,two_speed,292,1.000231636349511,2.0000287125133913,0.5159669363257288,0.002222116125311719,0,0.023097777454888797,0.23961917858105153
1.0,0.5,4.0,4.0,0.0025,0.005,2.0,400,two_speed,292,1.0003957857962946,1.9958797237069028,0.5241199863646697,0.0030034062137432468,0,0.034322613746338375,0.23961917858105153
1.0,0.5,4.0,4.0,0.0025,0.005,3.5,700,two_speed,292,1.0001924121120596,1.9881552617313527,0.5138317390618461,0.0020772476506749384,0,0.02452239057817049,0.23961917858105153
1.0,0.5,4.0,4.0,0.0025,0.005,5.0,1000,two_speed,292,1.0003964004142785,1.990559324877284,0.5237221605111,0.0023160506341133287,0,0.033849116719807566,0.23961917858105153
1.0,0.5,4.0,4.0,0.0025,0.005,10.0,2000,two_speed,292,1.000120435232613,1.9735255642446419,0.5247085273606675,0.0016947935843812894,0,0.04465008563954933,0.23961917858105153
1.0,0.5,4.0,4.0,0.0025,0.005,20.0,4000,two_speed,292,1.0000413073294836,1.9670150922324205,0.5237975932307083,0.002386949161944767,0,0.05020530184404031,0.23961917858105153
1.0,0.5,4.0,4.0,0.0025,0.005,0.5,100,two_speed,293,1.000094455891643,2.011418928767866,0.5078507174455382,0.0023435721111020203,0,0.020203862971000505,0.23981999399672663
1.0,0.5,4.0,4.0,0.0025,0.005,1.0,200,two_speed,293,0.9995765079697729,2.009404954358492,0.49718161235115316,0.0030934759494503296,0,0.01894263796703722,0.23981999399672663
1.0,0.5,4.0,4.0,0.0025,0.005,2.0,400,two_speed,293,0.9999942732964192,1.9955571480614276,0.5064032924565405,0.0014225803695315392,0,0.012048359383081594,0.23981999399672663
1.0,0.5,4.0,4.0,0.0025,0.005,3.5,700,two_speed,293,0.9999504947855269,1.9807056440618362,0.5129145076066101,0.0016432149059415445,0,0.02899849128349517,0.23981999399672663
1.0,0.5,4.0,4.0,0.0025,0.005,5.0,1000,two_speed,293,0.999869559005516,1.9837600594623763,0.5130856056103542,0.002104451414854076,0,0.027370223170142347,0.23981999399672663
1.0,0.5,4.0,4.0,0.0025,0.005,10.0,2000,two_speed,293,1.000243525599229,1.9841138007299028,0.51793386120889,0.0018172095929008096,0,0.030501667696065694,0.23981999399672663
1.0,0.5,4.0,4.0,0.0025,0.005,20.0,4000,two_speed,293,1.000023096066011,1.97507707403302,0.5179415614920391,0.0016070537842378773,0,0.03763706372055037,0.23981999399672663
1.0,0.5,4.0,4.0,0.0025,0.005,0.5,100,two_speed,294,1.0001382457052765,1.989502020578349,0.5078295415074172,0.002287417166858125,0,0.01930551417261807,0.24132640470218444
1.0,0.5,4.0,4.0,0.0025,0.005,1.0,200,two_speed,294,1.000169445521685,2.001089660499812,0.5089062844045911,0.0019737367793452414,0,0.01493589688244224,0.24132640470218444
1.0,0.5,4.0,4.0,0.0025,0.005,2.0,400,two_speed,294,1.0002775983449115,2.0037732281725757,0.5199425691134278,0.0018209666534672222,0,0.027188309499492923,0.24132640470218444
1.0,0.5,4.0,4.0,0.0025,0.005,3.5,700,two_speed,294,1.0005718887464832,2.009257318808152,0.5253386193079204,0.002476808517297634,0,0.0356114755521174,0.24132640470218444
1.0,0.5,4.0,4.0,0.0025,0.005,5.0,1000,two_speed,294,1.0003232320884234,2.0081001727121097,0.5186619893838288,0.0017631835542062117,0,0.026853633910772917,0.24132640470218444
1.0,0.5,4.0,4.0,0.0025,0.005,10.0,2000,two_speed,294,1.0003529866078877,2.030237013797808,0.5210994988732187,0.002469570297092899,0,0.045418090756962716,0.24132640470218444
1.0,0.5,4.0,4.0,0.0025,0.005,20.0,4000,two_speed,294,0.99982187845931,2.046368575614888,0.511817306477941,0.0034565350849124986,0,0.05822829934829503,0.24132640470218444
1.0,0.5,4.0,4.0,0.0025,0.005,0.5,100,two_speed,295,1.000024192825696,1.9958250728202103,0.5027866963377378,0.0014847659995885253,0,0.009447913999493487,0.23830422013998032
1.0,0.5,4.0,4.0,0.0025,0.005,1.0,200,two_speed,295,0.9997675141217999,1.9985379653692084,0.5026219962770745,0.002505980181245106,0,0.013057209149803984,0.23830422013998032
1.0,0.5,4.0,4.0,0.0025,0.005,2.0,400,two_speed,295,0.9996708930579219,2.0026972403605843,0.5125300002028549,0.0032034272435380604,0,0.02341579595548932,0.23830422013998032
1.0,0.5,4.0,4.0,0.0025,0.005,3.5,700,two_speed,295,0.9998657438171096,1.9992388046782912,0.5183445792494644,0.0013740929685834668,0,0.025086240451713804,0.23830422013998032
1.0,0.5,4.0,4.0,0.0025,0.005,5.0,1000,two_speed,295,0.9997952520107228,2.0111943179752463,0.512183224268467,0.00302390946366603,0,0.02547834258538373,0.23830422013998032
1.0,0.5,4.0,4.0,0.0025,0.005,10.0,2000,two_speed,295,0.9998589807646049,2.033066030124411,0.5066049937033454,0.0025235268660055723,0,0.0409462939476722,0.23830422013998032
1.0,0.5,4.0,4.0,0.0025,0.005,20.0,4000,two_speed,295,1.0003870928455212,2.0666809946002993,0.5323644130532107,0.0030321237346952945,0,0.08763269504428695,0.23830422013998032
1.0,0.5,4.0,4.0,0.0025,0.005,0.5,100,two_speed,296,1.000344757258863,1.9969899080891726,0.5068943692047563,0.0017210784400914663,0,0.01242328809035659,0.23961464886087924
1.0,0.5,4.0,4.0,0.0025,0.005,1.0,200,two_speed,296,1.0001355080859453,1.9951198196613857,0.5032379907374758,0.0018637849995005538,0,0.01146178257759381,0.23961464886087924
1.0,0.5,4.0,4.0,0.0025,0.005,2.0,400,two_speed,296,0.9997532317526471,1.9849290606822727,0.5029206548814189,0.0027638481725631246,0,0.022460075659429455,0.23961464886087924
1.0,0.5,4.0,4.0,0.0025,0.005,3.5,700,two_speed,296,1.00011053682495,1.9911827208879147,0.5085136914793005,0.003000692285147401,0,0.020857526607817287,0.23961464886087924
1.0,0.5,4.0,4.0,0.0025,0.005,5.0,1000,two_speed,296,1.0000632341180669,1.9970262578603566,0.5181969460853421,0.0027812320152395707,0,0.027396115327124992,0.23961464886087924
1.0,0.5,4.0,4.0,0.0025,0.005,10.0,2000,two_speed,296,1.0002500216407015,1.9955562204670008,0.5342227921190353,0.0020680567521331396,0,0.04519169993284247,0.23961464886087924
1.0,0.5,4.0,4.0,0.0025,0.005,20.0,4000,two_speed,296,1.0000891498039104,2.008166031273789,0.5220480405797432,0.002985278006624195,0,0.033299952320333726,0.23961464886087924
1.0,0.5,4.0,4.0,0.0025,0.005,0.5,100,two_speed,297,1.0000051335063007,2.0070885842645243,0.509347288704444,0.0015037734360129566,0,0.016405172467524813,0.23773644056304225
1.0,0.5,4.0,4.0,0.0025,0.005,1.0,200,two_speed,297,1.0000246831175559,2.000111223987979,0.5099572754982633,0.0014561598563068625,0,0.014783129880647686,0.23773644056304225
1.0,0.5,4.0,4.0,0.0025,0.005,2.0,400,two_speed,297,1.0000131940306904,2.0232642825451803,0.5157486077599488,0.002397430782807932,0,0.03571158481407034,0.23773644056304225
1.0,0.5,4.0,4.0,0.0025,0.005,3.5,700,two_speed,297,0.9999540552649504,2.028847834898696,0.5183711806394743,0.0024295597968066614,0,0.042392115261461985,0.23773644056304225
1.0,0.5,4.0,4.0,0.0025,0.005,5.0,1000,two_speed,297,0.9998999464890692,2.0192806119446263,0.5175785902273075,0.0016545688325436763,0,0.032998660201943544,0.23773644056304225
1.0,0.5,4.0,4.0,0.0025,0.005,10.0,2000,two_speed,297,1.0001233806501493,1.98123775597918,0.5178788592358774,0.0016391404958754768,0,0.032541266731087384,0.23773644056304225
1.0,0.5,4.0,4.0,0.0025,0.005,20.0,4000,two_speed,297,0.9996071057004764,1.9630982791542766,0.5243411697183322,0.002228559020415868,0,0.054077805607952535,0.23773644056304225
1.0,0.5,4.0,4.0,0.0025,0.005,0.5,100,two_speed,298,1.0000495556697204,1.9954315188267573,0.5018679755425681,0.001961373144259394,0,0.011217000472831286,0.24028152970796718
1.0,0.5,4.0,4.0,0.0025,0.005,1.0,200,two_speed,298,0.9999536309197067,1.9947102993446155,0.5093199738554257,0.0022706871226697814,0,0.017629889233211907,0.24028152970796718
1.0,0.5,4.0,4.0,0.0025,0.005,2.0,400,two_speed,298,1.0001631380887013,2.0056024065076246,0.510903178631883,0.0015126204446560029,0,0.017043106475557464,0.24028152970796718
1.0,0.5,4.0,4.0,0.0025,0.005,3.5,700,two_speed,298,0.9999331477747458,1.9851329867045027,0.5029673584663187,0.001904108326398691,0,0.019942173307549372,0.24028152970796718
1.0,0.5,4.0,4.0,0.0025,0.005,5.0,1000,two_speed,298,1.0000094045318626,1.9712390753926001,0.5059602078864522,0.001940777201121192,0,0.035349784199012683,0.24028152970796718
1.0,0.5,4.0,4.0,0.0025,0.005,10.0,2000,two_speed,298,0.9997698040869878,1.9775151423291009,0.5194205242820787,0.0019278162425047376,0,0.03767215056065557,0.24028152970796718
1.0,0.5,4.0,4.0,0.0025,0.005,20.0,4000,two_speed,298,0.9997595977125293,1.9996851703915797,0.5224158958898463,0.002443625027232498,0,0.03195637033297265,0.24028152970796718
1.0,0.5,4.0,4.0,0.0025,0.005,0.5,100,two_speed,299,0.9998993310808914,1.999175237583481,0.49733375147869213,0.0022356686600926916,0,0.011495904413657925,0.23901160713285208
1.0,0.5,4.0,4.0,0.0025,0.005,1.0,200,two_speed,299,1.000121613944515,2.001078629153837,0.5033868814872896,0.0023902347434724713,0,0.012522066027371142,0.23901160713285208
1.0,0.5,4.0,4.0,0.0025,0.005,2.0,400,two_speed,299,1.000117611253673,1.9894665387826562,0.5103938043028229,0.0023782666340519277,0,0.021453030222173413,0.23901160713285208
1.0,0.5,4.0,4.0,0.0025,0.005,3.5,700,two_speed,299,1.000331031526109,2.004888779586396,0.5209809471132629,0.0026040218687740256,0,0.029965038028090512,0.23901160713285208
1.0,0.5,4.0,4.0,0.0025,0.005,5.0,1000,two_speed,299,1.0003820504226708,2.004018432410041,0.5269431380519153,0.003528045109367072,0,0.03860826585538609,0.23901160713285208
1.0,0.5,4.0,4.0,0.0025,0.005,10.0,2000,two_speed,299,0.9998658476974496,1.99781418123653,0.5254658043021685,0.0017753074313098507,0,0.03442791591312543,0.23901160713285208
1.0,0.5,4.0,4.0,0.0025,0.005,20.0,4000,two_speed,299,1.0001480421677742,1.9818180212757919,0.5173194492018198,0.0014278072601779253,0,0.031266672139522195,0.23901160713285208
1.0,0.5,4.0,4.0,0.0025,0.005,0.5,100,two_speed,300,0.9997622991185556,1.998443971688381,0.49490748042540283,0.00242131887657746,0,0.013530092341529238,0.2385471428611449
1.0,0.5,4.0,4.0,0.0025,0.005,1.0,200,two_speed,300,1.0002780600071464,2.000665458206422,0.5019811858945068,0.001835590072736222,0,0.009337055076166565,0.2385471428611449
1.0,0.5,4.0,4.0,0.0025,0.005,2.0,400,two_speed,300,1.000292856201827,1.9871581277815316,0.5095314859590532,0.00195872949046432,0,0.021226334405144168,0.2385471428611449
1.0,0.5,4.0,4.0,0.0025,0.005,3.5,700,two_speed,300,1.0000871480589055,1.9992714790444375,0.5129984544198434,0.0021267244931004454,0,0.019741833456205327,0.2385471428611449
1.0,0.5,4.0,4.0,0.0025,0.005,5.0,1000,two_speed,300,0.9999911861932531,1.9724527874057372,0.5102498007595057,0.001973656722084882,0,0.0357414279283642,0.2385471428611449
1.0,0.5,4.0,4.0,0.0025,0.005,10.0,2000,two_speed,300,0.9999745573829082,2.0027983767819557,0.5205273562971953,0.0016009650628315657,0,0.027983179385036226,0.2385471428611449
1.0,0.5,4.0,4.0,0.0025,0.005,20.0,4000,two_speed,300,1.0004433751679411,2.0498156120073547,0.5266193056347392,0.0037456667966664623,0,0.06821012247457564,0.2385471428611449
1.0,0.5,4.0,4.0,0.0025,0.005,0.5,100,two_speed,301,1.000262830980247,2.000174093078929,0.5081406268278956,0.002054110163760782,0,0.014304268410723612,0.24619486899713852
1.0,0.5,4.0,4.0,0.0025,0.005,1.0,200,two_speed,301,1.00024747994186,2.0043459713214924,0.5046146745580606,0.0023613833416335044,0,0.013824659614736516,0.24619486899713852
1.0,0.5,4.0,4.0,0.0025,0.005,2.0,400,two_speed,301,1.000402163599158,1.9995652288420842,0.5191700310529893,0.0024235933155953206,0,0.026952061733519384,0.24619486899713852
1.0,0.5,4.0,4.0,0.0025,0.005,3.5,700,two_speed,301,0.999915201551145,2.0091724976294025,0.5176877606842682,0.0016961121667493204,0,0.026794514710132677,0.24619486899713852
1.0,0.5,4.0,4.0,0.0025,0.005,5.0,1000,two_speed,301,1.0000421076450232,2.0047724571527126,0.5138540121356914,0.0015246218205256438,0,0.02017058388734502,0.24619486899713852
1.0,0.5,4.0,4.0,0.0025,0.005,10.0,2000,two_speed,301,0.9998175479355972,1.9805408010666734,0.5101769532116794,0.0019286161127434571,0,0.027794390368194637,0.24619486899713852
1.0,0.5,4.0,4.0,0.0025,0.005,20.0,4000,two_speed,301,1.0001303094115743,1.9711690873054613,0.5242347564460302,0.00151495124076332,0,0.04586008842578564,0.24619486899713852
1.0,0.5,4.0,4.0,0.0025,0.005,0.5,100,two_speed,302,1.0000620802401698,1.9905379704125885,0.5039615966117817,0.0016276451057283797,0,0.014445251375884418,0.2475313332730106
1.0,0.5,4.0,4.0,0.0025,0.005,1.0,200,two_speed,302,0.9999831340195577,1.9968351919639415,0.506639752195206,0.0017538871719919589,0,0.012770843852478137,0.2475313332730106
1.0,0.5,4.0,4.0,0.0025,0.005,2.0,400,two_speed,302,1.0002320910186757,1.9917971635949216,0.5203159255481618,0.0018659618074767443,0,0.0289855307649483,0.2475313332730106
1.0,0.5,4.0,4.0,0.0025,0.005,3.5,700,two_speed,302,0.9997695430997571,1.9935635063205195,0.5164579487955747,0.0020213963642316183,0,0.025092388319087937,0.2475313332730106
1.0,0.5,4.0,4.0,0.0025,0.005,5.0,1000,two_speed,302,0.9997027735892039,1.966439559191956,0.5161317636875135,0.002142276821965648,0,0.04537313788586042,0.2475313332730106
1.0,0.5,4.0,4.0,0.0025,0.005,10.0,2000,two_speed,302,1.0002528579745196,1.9691273269553566,0.5125325528879828,0.0024577872494591087,0,0.040643044162580876,0.2475313332730106
1.0,0.5,4.0,4.0,0.0025,0.005,20.0,4000,two_speed,302,1.0002108204091655,1.9953663962848105,0.5136419973362457,0.0025428547327077428,0,0.02200709136300882,0.2475313332730106
1.0,0.5,4.0,4.0,0.0025,0.005,0.5,100,two_speed,303,1.0000387326153923,1.9890995240677694,0.504685208923645,0.0015433481419908051,0,0.015873727801474502,0.2388052439949076
1.0,0.5,4.0,4.0,0.0025,0.005,1.0,200,two_speed,303,0.9998726163722543,1.9863954604652125,0.5055143092031629,0.0016013364561222572,0,0.019092069503544834,0.2388052439949076
1.0,0.5,4.0,4.0,0.0025,0.005,2.0,400,two_speed,303,0.9999488138608983,1.9963963959019606,0.5104583924489839,0.0024647729324301757,0,0.018768743933543875,0.2388052439949076
1.0,0.5,4.0,4.0,0.0025,0.005,3.5,700,two_speed,303,1.0000837415652803,1.9852117951965675,0.5211891937746427,0.0015563419784139544,0,0.03295911726695283,0.2388052439949076
1.0,0.5,4.0,4.0,0.0025,0.005,5.0,1000,two_speed,303,1.0001962670949367,1.9818596050619555,0.5291787332329844,0.0014427571567690173,0,0.04323716235795724,0.2388052439949076
1.0,0.5,4.0,4.0,0.0025,0.005,10.0,2000,two_speed,303,0.9999700228385651,1.948737850016424,0.5311517615139291,0.0023245106571228593,0,0.07171767223590672,0.2388052439949076
1.0,0.5,4.0,4.0,0.0025,0.005,20.0,4000,two_speed,303,1.0002660628548363,1.926000210312387,0.5284823870116004,0.0018966037600398997,0,0.09228698489690315,0.2388052439949076
1.0,0.5,4.0,4.0,0.0025,0.005,0.5,100,two_speed,304,1.0001892024923074,1.99844424689887,0.5005219195792576,0.002804057407008388,0,0.01389973849707471,0.23816158343106508
1.0,0.5,4.0,4.0,0.0025,0.005,1.0,200,two_speed,304,0.9998877411242475,2.010025347794464,0.5055331350796515,0.0020970026888963416,0,0.017177046909502832,0.23816158343106508
1.0,0.5,4.0,4.0,0.0025,0.005,2.0,400,two_speed,304,0.9998088269137744,2.0192535970784635,0.5041934325494952,0.0018557290210100058,0,0.02468492343691257,0.23816158343106508
1.0,0.5,4.0,4.0,0.0025,0.005,3.5,700,two_speed,304,1.0003767046769756,2.0304529675641945,0.5197092317422927,0.0020008311482603808,0,0.043919715844325136,0.23816158343106508
1.0,0.5,4.0,4.0,0.0025,0.005,5.0,1000,two_speed,304,1.0003687014307456,2.0228808994002554,0.5239783463016362,0.0023939103101199856,0,0.04172605661852884,0.23816158343106508
1.0,0.5,4.0,4.0,0.0025,0.005,10.0,2000,two_speed,304,0.9999437697992924,2.0037585796591713,0.5266520945910341,0.0017084426817074218,0,0.035919975329562336,0.23816158343106508
1.0,0.5,4.0,4.0,0.0025,0.005,20.0,4000,two_speed,304,0.9998420002196514,1.9794029222219738,0.5092911848086531,0.0018176590346664439,0,0.028249686006167483,0.23816158343106508
1.0,0.5,4.0,4.0,0.0025,0.005,0.5,100,two_speed,305,1.0000510982039736,1.9974276059510443,0.502679885376728,0.0018764120251093409,0,0.010258886494944235,0.2408705060037651
1.0,0.5,4.0,4.0,0.0025,0.005,1.0,200,two_speed,305,1.0001789442420614,1.994192010221868,0.5070380520245346,0.0025741449238730705,0,0.016829159324270173,0.2408705060037651
1.0,0.5,4.0,4.0,0.0025,0.005,2.0,400,two_speed,305,0.9999483717002954,2.005702866417978,0.5099226961911792,0.002074010351872258,0,0.017827393337285884,0.2408705060037651
1.0,0.5,4.0,4.0,0.0025,0.005,3.5,700,two_speed,305,0.999946672105912,1.9997329099581886,0.5098729744575308,0.0016759226794387215,0,0.015373814735898545,0.2408705060037651
1.0,0.5,4.0,4.0,0.0025,0.005,5.0,1000,two_speed,305,1.0001130853389801,1.9916918927422567,0.5101333471344545,0.0019942031857024187,0,0.01885662235983169,0.2408705060037651
1.0,0.5,4.0,4.0,0.0025,0.005,10.0,2000,two_speed,305,1.000210702783662,1.9553780408134052,0.5166833995408006,0.0025983799396328906,0,0.05661506917575019,0.2408705060037651
1.0,0.5,4.0,4.0,0.0025,0.005,20.0,4000,two_speed,305,1.0001117830505857,1.9204184076442883,0.520103521231462,0.002139939398354379,0,0.09530112116185302,0.2408705060037651
1.0,0.5,4.0,4.0,0.0025,0.005,0.5,100,two_speed,306,1.0000916813132374,1.9953259105066665,0.5074046766065919,0.0020579209908351535,0,0.0148657122015941,0.2389499999948644
1.0,0.5,4.0,4.0,0.0025,0.005,1.0,200,two_speed,306,1.000145052665401,1.9993571294484014,0.5113447488887308,0.002780136031517862,0,0.019953504475856733,0.2389499999948644
1.0,0.5,4.0,4.0,0.0025,0.005,2.0,400,two_speed,306,1.000095401828298,1.9928378044233397,0.5205439355687451,0.0021703171589051197,0,0.02967509357460999,0.2389499999948644
1.0,0.5,4.0,4.0,0.0025,0.005,3.5,700,two_speed,306,0.9998958651892681,1.9974141364390334,0.5178086863008181,0.0021169568847349877,0,0.025765367132265838,0.2389499999948644
1.0,0.5,4.0,4.0,0.0025,0.005,5.0,1000,two_speed,306,0.9996978913318982,2.012618099932104,0.5118763215969124,0.0019336591537496145,0,0.02367961076839843,0.2389499999948644
1.0,0.5,4.0,4.0,0.0025,0.005,10.0,2000,two_speed,306,1.0002886224007304,1.9942944015081026,0.5252881943847043,0.001884036447766338,0,0.03416174487514789,0.2389499999948644
1.0,0.5,4.0,4.0,0.0025,0.005,20.0,4000,two_speed,306,1.0002816190885924,1.9485149302779403,0.5148868040629806,0.0022682170905523346,0,0.06294491948639572,0.2389499999948644
1.0,0.5,4.0,4.0,0.0025,0.005,0.5,100,two_speed,307,1.0001336430694245,1.994259191469946,0.5092134976146302,0.002323735135649168,0,0.017704478611951967,0.24007457143826677
1.0,0.5,4.0,4.0,0.0025,0.005,1.0,200,two_speed,307,1.0001921710040311,1.9911051569032863,0.5083988229044429,0.001955730496042058,0,0.01760689256624075,0.24007457143826677
1.0,0.5,4.0,4.0,0.0025,0.005,2.0,400,two_speed,307,1.000095160125743,1.9972810522657662,0.5113808635918191,0.0020569645068107953,0,0.018040271423727043,0.24007457143826677
1.0,0.5,4.0,4.0,0.0025,0.005,3.5,700,two_speed,307,1.0003286494885926,1.9761619825540377,0.5185150364152764,0.0025180142907808567,0,0.03809405509899895,0.24007457143826677
1.0,0.5,4.0,4.0,0.0025,0.005,5.0,1000,two_speed,307,0.999848760353242,1.9745140586630274,0.5104590686546857,0.0023035427548433155,0,0.03434896573717699,0.24007457143826677
1.0,0.5,4.0,4.0,0.0025,0.005,10.0,2000,two_speed,307,1.0002044621997819,2.0035268838073588,0.5138945640804354,0.0020256860671601347,0,0.020738771291880072,0.24007457143826677
1.0,0.5,4.0,4.0,0.0025,0.005,20.0,4000,two_speed,307,0.9996672177479182,2.0283633745803415,0.516195687932247,0.0018471501553837728,0,0.04014325204173007,0.24007457143826677
1.0,0.5,4.0,4.0,0.0025,0.005,0.5,100,two_speed,308,1.0001214799789182,1.9987243020406456,0.5036574485703674,0.0015980150672939518,0,0.009186824616267646,0.24126361313808178
1.0,0.5,4.0,4.0,0.0025,0.005,1.0,200,two_speed,308,1.0004929838527705,2.0005099416924774,0.5113543459631433,0.002701768950395823,0,0.019292219442856466,0.24126361313808178
1.0,0.5,4.0,4.0,0.0025,0.005,2.0,400,two_speed,308,0.9999007170481634,1.9982824630453564,0.5009510202493003,0.0023105013043830374,0,0.011607864604555559,0.24126361313808178
1.0,0.5,4.0,4.0,0.0025,0.005,3.5,700,two_speed,308,1.0000837744981383,1.9977557557897887,0.5077761577260326,0.0014284724481654963,0,0.012484007883265778,0.24126361313808178
1.0,0.5,4.0,4.0,0.0025,0.005,5.0,1000,two_speed,308,0.9998838892652001,2.011031885939237,0.5053439681628615,0.00241043295194582,0,0.018768758052731645,0.24126361313808178
1.0,0.5,4.0,4.0,0.0025,0.005,10.0,2000,two_speed,308,1.0002148234546342,1.9966777339802033,0.5214466633107904,0.002253061047567949,0,0.02973804501160142,0.24126361313808178
1.0,0.5,4.0,4.0,0.0025,0.005,20.0,4000,two_speed,308,1.0002382240993766,1.9897269799662918,0.5299469584838665,0.0014048637125846403,0,0.040590304205516195,0.24126361313808178
1.0,0.5,4.0,4.0,0.0025,0.005,0.5,100,two_speed,309,1.0002056065002292,2.0040813758921394,0.5080254677155002,0.0014381274146213026,0,0.013185948221835931,0.23910701200033405
1.0,0.5,4.0,4.0,0.0025,0.005,1.0,200,two_speed,309,1.0002582279170866,1.9983039228934396,0.5033330403551383,0.0013297254989816944,0,0.007888867403604668,0.23910701200033405
1.0,0.5,4.0,4.0,0.0025,0.005,2.0,400,two_speed,309,1.0001011220622125,2.001188619594346,0.5055258671676296,0.00143649867196995,0,0.01003844401264344,0.23910701200033405
1.0,0.5,4.0,4.0,0.0025,0.005,3.5,700,two_speed,309,1.000259560960866,2.0110936986434074,0.5185294387820544,0.0017340670797221078,0,0.02811525128777765,0.23910701200033405
1.0,0.5,4.0,4.0,0.0025,0.005,5.0,1000,two_speed,309,1.0002426943676586,2.0029082895832246,0.519438955638798,0.0023466541598006125,0,0.0275338485679034,0.23910701200033405
1.0,0.5,4.0,4.0,0.0025,0.005,10.0,2000,two_speed,309,1.0001968431620785,2.0103185934330106,0.5129728932069907,0.0014923706972215145,0,0.021596136828002384,0.23910701200033405
1.0,0.5,4.0,4.0,0.0025,0.005,20.0,4000,two_speed,309,0.9997527490931007,2.0050279925797123,0.5158284765582479,0.002062640999085188,0,0.024175182582527932,0.23910701200033405
1.0,0.5,4.0,4.0,0.0025,0.005,0.5,100,two_speed,310,1.000163816747849,1.99753427863732,0.5032059920173731,0.0025420544286576777,0,0.013384080726137459,0.24038711900357157
1.0,0.5,4.0,4.0,0.0025,0.005,1.0,200,two_speed,310,1.0000423235139446,2.0019584429942894,0.5064074337292612,0.0023817975127700935,0,0.014502759088661882,0.24038711900357157
1.0,0.5,4.0,4.0,0.0025,0.005,2.0,400,two_speed,310,1.0000490517336875,2.002859812955352,0.5089556351558261,0.0029625287987849417,0,0.018915193113577568,0.24038711900357157
1.0,0.5,4.0,4.0,0.0025,0.005,3.5,700,two_speed,310,0.9996860400016331,2.010775144646446,0.503480135639736,0.0023829325373376275,0,0.017916155233567058,0.24038711900357157
1.0,0.5,4.0,4.0,0.0025,0.005,5.0,1000,two_speed,310,1.0001301983027429,1.9996150077888837,0.5191040959362906,0.001941015486014931,0,0.026378439234961387,0.24038711900357157
1.0,0.5,4.0,4.0,0.0025,0.005,10.0,2000,two_speed,310,0.9996905297591001,1.9868786249400132,0.5165697872302284,0.0022995264828986556,0,0.029053096244101892,0.24038711900357157
1.0,0.5,4.0,4.0,0.0025,0.005,20.0,4000,two_speed,310,1.000293531702746,2.0049724248541017,0.5244023637115856,0.0020859907378441614,0,0.03324724424481613,0.24038711900357157
1.0,0.5,4.0,4.0,0.0025,0.005,0.5,100,two_speed,311,0.9998421712963783,2.0104597014213996,0.494198344882637,0.002353970413722854,0,0.018266390598066506,0.23956153571738728
1.0,0.5,4.0,4.0,0.0025,0.005,1.0,200,two_speed,311,1.0001229029643564,2.0216608307387873,0.5030182819519177,0.0029740858753683516,0,0.029195079519416706,0.23956153571738728
1.0,0.5,4.0,4.0,0.0025,0.005,2.0,400,two_speed,311,1.0001567778021803,2.0236417840408616,0.5212215457885115,0.0023921869054815406,0,0.04026512478900654,0.23956153571738728
1.0,0.5,4.0,4.0,0.0025,0.005,3.5,700,two_speed,311,0.9997624205037177,2.022301757172486,0.5111347531554435,0.0022689128954133607,0,0.03176280298783704,0.23956153571738728
1.0,0.5,4.0,4.0,0.0025,0.005,5.0,1000,two_speed,311,0.9998346504934233,2.0085551760106486,0.5103630133820309,0.0020438737125681775,0,0.01970685334483971,0.23956153571738728
1.0,0.5,4.0,4.0,0.0025,0.005,10.0,2000,two_speed,311,1.000343201831643,2.004741854645675,0.5167042345409165,0.0017283017943335152,0,0.02335199933310975,0.23956153571738728
1.0,0.5,4.0,4.0,0.0025,0.005,20.0,4000,two_speed,311,1.0000367873580334,1.9807575457162856,0.5215690633205987,0.001642883590819589,0,0.0364986814807671,0.23956153571738728
1.0,0.5,4.0,4.0,0.0025,0.005,0.5,100,two_speed,312,1.0004190504121213,1.9857188347607935,0.5063692585734427,0.002061363104005593,0,0.02078135553964971,0.23820191671672677
1.0,0.5,4.0,4.0,0.0025,0.005,1.0,200,two_speed,312,1.0003778006595527,1.9811650157073721,0.5045530127973957,0.0024030932880615774,0,0.02530790375613545,0.23820191671672677
1.0,0.5,4.0,4.0,0.0025,0.005,2.0,400,two_speed,312,1.0000933380711718,1.9925998806313614,0.5055999297545393,0.0029727213679541314,0,0.018296403044946355,0.23820191671672677
1.0,0.5,4.0,4.0,0.0025,0.005,3.5,700,two_speed,312,1.000096232383675,1.9829408448299615,0.5068078997555241,0.0018960457795710315,0,0.02341625118213454,0.23820191671672677
1.0,0.5,4.0,4.0,0.0025,0.005,5.0,1000,two_speed,312,1.0002600665183738,2.0026785791855306,0.5115679003772385,0.001899032315486037,0,0.017586870236110858,0.23820191671672677
1.0,0.5,4.0,4.0,0.0025,0.005,10.0,2000,two_speed,312,0.9997699923577039,2.0252947751742902,0.5201025832034911,0.002751080706225804,0,0.04135236942069825,0.23820191671672677
1.0,0.5,4.0,4.0,0.0025,0.005,20.0,4000,two_speed,312,0.999867039853091,1.9967299642145433,0.5262343514512196,0.002458019625146714,0,0.03642296670558306,0.23820191671672677
1.0,0.5,4.0,4.0,0.0025,0.005,0.5,100,two_speed,313,1.0000957807370066,1.9859799746007325,0.5025014751486812,0.0018972432719059967,0,0.018918905857793468,0.2377182261386354
1.0,0.5,4.0,4.0,0.0025,0.005,1.0,200,two_speed,313,1.0002221356450152,1.9785497951196012,0.5101353355320402,0.0017849180214077678,0,0.02916494030825755,0.2377182261386354
1.0,0.5,4.0,4.0,0.0025,0.005,2.0,400,two_speed,313,1.0001766852792286,1.9841011625029648,0.5091203560956941,0.0017228000322620136,0,0.02324436835818074,0.2377182261386354
1.0,0.5,4.0,4.0,0.0025,0.005,3.5,700,two_speed,313,1.0002008105046423,1.9596629597248807,0.5098266594273672,0.0017761598463116636,0,0.04882070872901019,0.2377182261386354
1.0,0.5,4.0,4.0,0.0025,0.005,5.0,1000,two_speed,313,1.000043181951092,1.9698997725005045,0.5100505220737902,0.0017449988955428645,0,0.03797291980506918,0.2377182261386354
1.0,0.5,4.0,4.0,0.0025,0.005,10.0,2000,two_speed,313,1.000122016605119,1.994244445131245,0.5200498133357583,0.0025778374265437607,0,0.029546653274066983,0.2377182261386354
1.0,0.5,4.0,4.0,0.0025,0.005,20.0,4000,two_speed,313,0.9996684938409605,2.0021156530984094,0.5100629699382683,0.0029090819542618458,0,0.020064506787273735,0.2377182261386354
1.0,0.5,4.0,4.0,0.0025,0.005,0.5,100,two_speed,314,1.000123048990978,1.9930516975394745,0.5045542320436343,0.001502422882693961,0,0.01229394931629419,0.23966032742256566
1.0,0.5,4.0,4.0,0.0025,0.005,1.0,200,two_speed,314,1.0004764299645772,1.9810642301423984,0.5137318936743416,0.0022582392343357747,0,0.02976989610562124,0.23966032742256566
1.0,0.5,4.0,4.0,0.0025,0.005,2.0,400,two_speed,314,1.0000041960932988,1.9802274587062076,0.5079784122786547,0.0027640183226915658,0,0.028537563308763336,0.23966032742256566
1.0,0.5,4.0,4.0,0.0025,0.005,3.5,700,two_speed,314,1.0006023722384587,2.0005008227568437,0.5234715280342264,0.002461992431604684,0,0.03176155020300453,0.23966032742256566
1.0,0.5,4.0,4.0,0.0025,0.005,5.0,1000,two_speed,314,1.0004455688001368,2.004781981907138,0.5194706071445389,0.0015449558841925922,0,0.026192977907587026,0.23966032742256566
1.0,0.5,4.0,4.0,0.0025,0.005,10.0,2000,two_speed,314,0.9999113057030038,1.9969816331210484,0.5195918599564161,0.002093075983522535,0,0.0278006474820017,0.23966032742256566
1.0,0.5,4.0,4.0,0.0025,0.005,20.0,4000,two_speed,314,1.0002724270305565,1.9454846446515888,0.5283630567982543,0.0024017545394782944,0,0.07254397021851429,0.23966032742256566
1.0,0.5,4.0,4.0,0.0025,0.005,0.5,100,two_speed,315,1.0002220121592464,1.9920122790183559,0.5067731814597676,0.0021836898033808093,0,0.01648440598748316,0.2389731428619208
1.0,0.5,4.0,4.0,0.0025,0.005,1.0,200,two_speed,315,1.0000898833568947,1.9849321535682896,0.5096441333505028,0.0032833036641948866,0,0.026810257028898235,0.2389731428619208
1.0,0.5,4.0,4.0,0.0025,0.005,2.0,400,two_speed,315,0.9996748154920371,1.9890810185590906,0.5072270629849659,0.003251802811212699,0,0.022777926752883485,0.2389731428619208
1.0,0.5,4.0,4.0,0.0025,0.005,3.5,700,two_speed,315,1.0000231692525847,1.980688067840896,0.5166161947350463,0.0020672899073814087,0,0.032567160314259436,0.2389731428619208
1.0,0.5,4.0,4.0,0.0025,0.005,5.0,1000,two_speed,315,0.9995302727167035,1.9768169696102416,0.515944464648474,0.0030237079123676073,0,0.037545421966459616,0.2389731428619208
1.0,0.5,4.0,4.0,0.0025,0.005,10.0,2000,two_speed,315,1.0002008822987545,1.9647509356286628,0.5183528557255634,0.0024137670936674625,0,0.04806892471048217,0.2389731428619208
1.0,0.5,4.0,4.0,0.0025,0.005,20.0,4000,two_speed,315,1.0000423562592375,1.9413802060244585,0.522598568427934,0.0019524073213717272,0,0.07384134706890615,0.2389731428619208
1.0,0.5,4.0,4.0,0.0025,0.005,0.5,100,two_speed,316,0.9999689985432502,1.9948416292687887,0.497207448436965,0.0017069655317501038,0,0.010891441196128705,0.23840164285086626
1.0,0.5,4.0,4.0,0.0025,0.005,1.0,200,two_speed,316,0.9998086504151569,2.000961401765967,0.4969312870111571,0.0022987444791910876,0,0.011917703464627318,0.23840164285086626
1.0,0.5,4.0,4.0,0.0025,0.005,2.0,400,two_speed,316,1.0000387588063557,1.9939700300248495,0.5090972800209808,0.0016932882817150099,0,0.016030180334815135,0.23840164285086626
1.0,0.5,4.0,4.0,0.0025,0.005,3.5,700,two_speed,316,1.0000348294519306,1.9967255336882506,0.5067636215572559,0.002774571480239598,0,0.016594410890357993,0.23840164285086626
1.0,0.5,4.0,4.0,0.0025,0.005,5.0,1000,two_speed,316,0.9998909954498104,1.9730871421676843,0.51282288448949,0.0018511054648360033,0,0.03636196743135894,0.23840164285086626
1.0,0.5,4.0,4.0,0.0025,0.005,10.0,2000,two_speed,316,1.0001191969778425,1.9593442198285829,0.5219283994897894,0.0012743802256114094,0,0.05475057194067416,0.23840164285086626
1.0,0.5,4.0,4.0,0.0025,0.005,20.0,4000,two_speed,316,0.9998550969384075,1.9293812760101527,0.5184632845844593,0.0023047106272398752,0,0.08513266633060011,0.23840164285086626
1.0,0.5,4.0,4.0,0.0025,0.005,0.5,100,two_speed,317,0.9997516428433408,1.992091754581384,0.5001197368676189,0.0027932640773988614,0,0.016519683199031878,0.2401704107178375
1.0,0.5,4.0,4.0,0.0025,0.005,1.0,200,two_speed,317,0.9998641141273977,1.9815022562305291,0.5033020468240336,0.0027484138451271145,0,0.025677285080798123,0.2401704107178375
1.0,0.5,4.0,4.0,0.0025,0.005,2.0,400,two_speed,317,0.9999935541338643,1.97927822549764,0.5128646435429656,0.0014093576370194756,0,0.029951558623643442,0.2401704107178375
1.0,0.5,4.0,4.0,0.0025,0.005,3.5,700,two_speed,317,1.0000801149480125,1.9937558793854266,0.5153137352881749,0.0020641682190094277,0,0.023275814917080223,0.2401704107178375
1.0,0.5,4.0,4.0,0.0025,0.005,5.0,1000,two_speed,317,1.0003001105724243,1.9870260236764599,0.5290141984805282,0.0020327436780554096,0,0.04103995929659362,0.2401704107178375
1.0,0.5,4.0,4.0,0.0025,0.005,10.0,2000,two_speed,317,1.0002216295796078,2.0137331086514703,0.5289303537991205,0.0016982829437759645,0,0.041101551119796804,0.2401704107178375
1.0,0.5,4.0,4.0,0.0025,0.005,20.0,4000,two_speed,317,0.9998232501029188,1.9121874022049927,0.5223508513017471,0.0018593025456309644,0,0.10471557767506884,0.2401704107178375
1.0,0.5,4.0,4.0,0.0025,0.005,0.5,100,two_speed,318,1.0003409804572063,1.994375179417325,0.5061332700474369,0.002003385545766794,0,0.01391014650818321,0.24003216072118708
1.0,0.5,4.0,4.0,0.0025,0.005,1.0,200,two_speed,318,1.0003095803263669,1.9952338579025592,0.5070110316526572,0.0018799012230707563,0,0.013770498046660013,0.24003216072118708
1.0,0.5,4.0,4.0,0.0025,0.005,2.0,400,two_speed,318,1.0003539167091244,2.0011061201046143,0.5186289526578791,0.0037712286558680714,0,0.029969555947185166,0.24003216072118708
1.0,0.5,4.0,4.0,0.0025,0.005,3.5,700,two_speed,318,1.0002298799318536,1.990319109863192,0.5170193667113007,0.0019588512851572795,0,0.026160264373679742,0.24003216072118708
1.0,0.5,4.0,4.0,0.0025,0.005,5.0,1000,two_speed,318,1.000246142741335,2.002050487117258,0.5221146253146927,0.0017623084002885364,0,0.029552384990959666,0.24003216072118708
1.0,0.5,4.0,4.0,0.0025,0.005,10.0,2000,two_speed,318,1.0002011182313029,2.0446491966932863,0.5144600741605171,0.0023367545901378404,0,0.05569824491360095,0.24003216072118708
1.0,0.5,4.0,4.0,0.0025,0.005,20.0,4000,two_speed,318,1.0000848592031362,2.0704901782993104,0.5102610299214856,0.002234190945468937,0,0.08277497490118324,0.24003216072118708
1.0,0.5,4.0,4.0,0.0025,0.005,0.5,100,two_speed,319,1.0000469189089616,1.9762544937456166,0.5049722966049496,0.0017525204712276043,0,0.029412546287105774,0.2387305774360097
1.0,0.5,4.0,4.0,0.0025,0.005,1.0,200,two_speed,319,0.9999452505848845,1.9814691417734076,0.49811473730697237,0.001339804444891376,0,0.02252918711934401,0.2387305774360097
1.0,0.5,4.0,4.0,0.0025,0.005,2.0,400,two_speed,319,1.0002198094476593,1.9844109067724307,0.5019955189869961,0.0013050464119996072,0,0.01923614432361105,0.2387305774360097
1.0,0.5,4.0,4.0,0.0025,0.005,3.5,700,two_speed,319,1.0002466398978072,1.9974881279272148,0.5088530495627434,0.0025472691239133726,0,0.01696482307253072,0.2387305774360097
1.0,0.5,4.0,4.0,0.0025,0.005,5.0,1000,two_speed,319,0.9999243532907208,2.0041317015152513,0.5079374179353804,0.0021840055297964378,0,0.015730202558181788,0.2387305774360097
1.0,0.5,4.0,4.0,0.0025,0.005,10.0,2000,two_speed,319,1.0001019281835128,2.0091817115010833,0.5285949613821053,0.0019396293133123195,0,0.03945825586903621,0.2387305774360097
1.0,0.5,4.0,4.0,0.0025,0.005,20.0,4000,two_speed,319,0.9997280109762828,2.0290297718529944,0.5177054466908841,0.002325864007797549,0,0.042447710190035404,0.2387305774360097
1.0,0.5,4.0,4.0,0.0025,0.005,0.5,100,two_speed,320,0.9997376775399448,2.00596217340988,0.4993749287844503,0.0019826731170265108,0,0.01197553008511959,0.24005175599761838
1.0,0.5,4.0,4.0,0.0025,0.005,1.0,200,two_speed,320,0.999946318941516,2.0130095477104653,0.5041462538583839,0.0021294495792972346,0,0.019114999024495892,0.24005175599761838
1.0,0.5,4.0,4.0,0.0025,0.005,2.0,400,two_speed,320,1.0000459168777702,2.003798073650189,0.5155007633768585,0.001954657511174871,0,0.02267269429983414,0.24005175599761838
1.0,0.5,4.0,4.0,0.0025,0.005,3.5,700,two_speed,320,0.9997753410064703,2.011542344089163,0.5161096926784917,0.0025796220963936697,0,0.02808929271963532,0.24005175599761838
1.0,0.5,4.0,4.0,0.0025,0.005,5.0,1000,two_speed,320,1.0000493809748274,2.0142422045269797,0.5073306111419639,0.0016470655815803684,0,0.020550502101745576,0.24005175599761838
1.0,0.5,4.0,4.0,0.0025,0.005,10.0,2000,two_speed,320,1.0001790692790709,2.014335918602401,0.5221583294888199,0.0021161100045405273,0,0.03445972544854261,0.24005175599761838
1.0,0.5,4.0,4.0,0.0025,0.005,20.0,4000,two_speed,320,0.9997203428561274,1.9672618567409528,0.5169086075908783,0.002120266246491543,0,0.04511496679874424,0.24005175599761838
1.0,0.5,4.0,4.0,0.0025,0.005,0.5,100,two_speed,321,0.9999025316347702,2.000660884400512,0.4991538200160036,0.002234065802907745,0,0.011029584552366509,0.23967325000558048
1.0,0.5,4.0,4.0,0.0025,0.005,1.0,200,two_speed,321,1.000022729335621,1.991286485896005,0.5067377584972785,0.0025375750554267173,0,0.018194051619957945,0.23967325000558048
1.0,0.5,4.0,4.0,0.0025,0.005,2.0,400,two_speed,321,0.999990183724846,1.9916948773007572,0.5118115854545212,0.0017748324943778013,0,0.020094635634561025,0.23967325000558048
1.0,0.5,4.0,4.0,0.0025,0.005,3.5,700,two_speed,321,0.9999484077134886,1.9827736994220186,0.511229523669232,0.0013804800093678202,0,0.025556452625610227,0.23967325000558048
1.0,0.5,4.0,4.0,0.0025,0.005,5.0,1000,two_speed,321,1.000011311614644,1.9813880564017805,0.5081852780523959,0.0024727060415462216,0,0.026740107619628296,0.23967325000558048
1.0,0.5,4.0,4.0,0.0025,0.005,10.0,2000,two_speed,321,0.9998212125907241,2.0049055511983576,0.5222329553626119,0.0021023280258284944,0,0.031425043203517945,0.23967325000558048
1.0,0.5,4.0,4.0,0.0025,0.005,20.0,4000,two_speed,321,0.9996370167109997,1.9993032215980446,0.5220925657401795,0.0024240732104023684,0,0.03168661520770845,0.23967325000558048
1.0,0.5,4.0,4.0,0.0025,0.005,0.5,100,two_speed,322,1.0001522188513774,1.997623865206931,0.502196900084426,0.0015297739438254582,0,0.008412570079425278,0.23980972014500626
1.0,0.5,4.0,4.0,0.0025,0.005,1.0,200,two_speed,322,1.000051619999846,2.0005231277113418,0.5053025271135815,0.0016934088399298114,0,0.01077857502872475,0.23980972014500626
1.0,0.5,4.0,4.0,0.0025,0.005,2.0,400,two_speed,322,1.0002865675208479,1.987773788297289,0.5047130470082916,0.0016828756301697108,0,0.017312885599263136,0.23980972014500626
1.0,0.5,4.0,4.0,0.0025,0.005,3.5,700,two_speed,322,0.9999564800623252,1.9952717589141884,0.5023714177449781,0.0019718619571969043,0,0.011556073785285058,0.23980972014500626
1.0,0.5,4.0,4.0,0.0025,0.005,5.0,1000,two_speed,322,0.9996472992663145,2.00134499049161,0.5014877050852256,0.0022465619949855638,0,0.011559624825373304,0.23980972014500626
1.0,0.5,4.0,4.0,0.0025,0.005,10.0,2000,two_speed,322,1.000264281187245,2.009335710526121,0.5288038028739986,0.001929675238244575,0,0.0393806183765245,0.23980972014500626
1.0,0.5,4.0,4.0,0.0025,0.005,20.0,4000,two_speed,322,0.9998055381180128,2.0503345793890833,0.5081097493693106,0.002979400044299493,0,0.06082360016883194,0.23980972014500626
1.0,0.5,4.0,4.0,0.0025,0.005,0.5,100,two_speed,323,0.9998388742643504,2.005022102751693,0.5017862030086645,0.0028846395718109476,0,0.015548796978314823,0.24089422027048255
1.0,0.5,4.0,4.0,0.0025,0.005,1.0,200,two_speed,323,1.0001479503657895,1.985596318613711,0.4970617257562059,0.0018339105220668748,0,0.019412606955087175,0.24089422027048255
1.0,0.5,4.0,4.0,0.0025,0.005,2.0,400,two_speed,323,1.0001836591259456,1.9780672505955266,0.514119434202746,0.0017768055501186277,0,0.0321403779122951,0.24089422027048255
1.0,0.5,4.0,4.0,0.0025,0.005,3.5,700,two_speed,323,1.0002664746810328,1.9940976664142764,0.5142925984438287,0.0016129469477390343,0,0.02088037806291436,0.24089422027048255
1.0,0.5,4.0,4.0,0.0025,0.005,5.0,1000,two_speed,323,1.0001524847960208,1.9994452973464634,0.5138024053107152,0.0017272091878264152,0,0.01958899032469161,0.24089422027048255
1.0,0.5,4.0,4.0,0.0025,0.005,10.0,2000,two_speed,323,0.9997655043167937,2.0328997058603346,0.5255748553389996,0.0018620572917473145,0,0.05129568740400848,0.24089422027048255
1.0,0.5,4.0,4.0,0.0025,0.005,20.0,4000,two_speed,323,1.0001509560524748,2.0253644463706415,0.5205682270751524,0.0015885597167393016,0,0.03991532249705377,0.24089422027048255
1.0,0.5,4.0,4.0,0.0025,0.005,0.5,100,two_speed,324,1.0002594674489678,2.0011515455895306,0.5077103022277859,0.0017122058077428605,0,0.012835452486202967,0.23891089884896896
1.0,0.5,4.0,4.0,0.0025,0.005,1.0,200,two_speed,324,1.000181818653387,2.011954699572028,0.5064863920831126,0.0019356331533621654,0,0.018631745903709907,0.23891089884896896
1.0,0.5,4.0,4.0,0.0025,0.005,2.0,400,two_speed,324,1.0002448080422057,2.0357765969254595,0.5146559687179084,0.0023259682958202826,0,0.04659991301744255,0.23891089884896896
1.0,0.5,4.0,4.0,0.0025,0.005,3.5,700,two_speed,324,1.0001243548485976,2.060455372711347,0.5222717753412179,0.001866199424625205,0,0.07535349419420152,0.23891089884896896
1.0,0.5,4.0,4.0,0.0025,0.005,5.0,1000,two_speed,324,1.000169522981819,2.063238754401637,0.5168322855897901,0.0020418257476149037,0,0.07622232521666628,0.23891089884896896
1.0,0.5,4.0,4.0,0.0025,0.005,10.0,2000,two_speed,324,0.9999003907213175,2.031747786119234,0.5202906488443663,0.0023557750121188117,0,0.0462837439756104,0.23891089884896896
1.0,0.5,4.0,4.0,0.0025,0.005,20.0,4000,two_speed,324,0.9998960466866853,2.0245466035618334,0.5316147021091715,0.0028459705832528954,0,0.051312015174433,0.23891089884896896
1.0,0.5,4.0,4.0,0.0025,0.005,0.5,100,two_speed,325,1.0002008903333728,2.00094551699083,0.5066566154235419,0.002347373443358666,0,0.014253151299621195,0.24053307143705233
1.0,0.5,4.0,4.0,0.0025,0.005,1.0,200,two_speed,325,1.0003489174636948,2.004879831705785,0.5106179211500824,0.0017356569949748045,0,0.01670808361894696,0.24053307143705233
1.0,0.5,4.0,4.0,0.0025,0.005,2.0,400,two_speed,325,1.0003183673576452,1.9978673747629938,0.5101315041845239,0.002069923803574208,0,0.016414050729591265,0.24053307143705233
1.0,0.5,4.0,4.0,0.0025,0.005,3.5,700,two_speed,325,1.0002054203370505,2.000761323057382,0.5189585459839378,0.002097399804006987,0,0.026323213821269148,0.24053307143705233
1.0,0.5,4.0,4.0,0.0025,0.005,5.0,1000,two_speed,325,1.000225806106711,1.9943161303784014,0.5173497988394099,0.0026932953801004408,0,0.026526593963170596,0.24053307143705233
1.0,0.5,4.0,4.0,0.0025,0.005,10.0,2000,two_speed,325,1.0002256824740772,1.9702404363935417,0.5280014437064328,0.002156318091981192,0,0.050297729136126665,0.24053307143705233
1.0,0.5,4.0,4.0,0.0025,0.005,20.0,4000,two_speed,325,1.0003827787939563,1.9427498836997916,0.5328187061420493,0.002366087506433838,0,0.07826809356201085,0.24053307143705233
1.0,0.5,4.0,4.0,0.0025,0.005,0.5,100,two_speed,326,1.0002084453429776,1.9938922372511754,0.5073507045051341,0.0021513940304679698,0,0.01569190108926695,0.23933172013078416
1.0,0.5,4.0,4.0,0.0025,0.005,1.0,200,two_speed,326,1.0001908478287864,1.9938453017548083,0.5087408956429189,0.0013237506968014942,0,0.014623131476787678,0.23933172013078416
1.0,0.5,4.0,4.0,0.0025,0.005,2.0,400,two_speed,326,1.0000342287981092,2.0088046660082783,0.5090048355096359,0.0017254657884516517,0,0.017655056554706925,0.23933172013078416
1.0,0.5,4.0,4.0,0.0025,0.005,3.5,700,two_speed,326,1.0002226586152048,1.9956806769865367,0.5208394878065409,0.002855726797291313,0,0.030578731582424894,0.23933172013078416
1.0,0.5,4.0,4.0,0.0025,0.005,5.0,1000,two_speed,326,1.0000779074783133,2.0023965916179933,0.5130895674227073,0.0014555784502771842,0,0.018536791056250092,0.23933172013078416
1.0,0.5,4.0,4.0,0.0025,0.005,10.0,2000,two_speed,326,1.0001396761683696,2.0448274208955137,0.5194192395591992,0.0017650854439658526,0,0.057737846820632835,0.23933172013078416
1.0,0.5,4.0,4.0,0.0025,0.005,20.0,4000,two_speed,326,1.0004174519631361,2.009316989236351,0.5326105235645668,0.0018255116657128188,0,0.043639955468503626,0.23933172013078416
1.0,0.5,4.0,4.0,0.0025,0.005,0.5,100,two_speed,327,0.999976544041915,1.9965564199349666,0.5033013830056539,0.0017831458574480636,0,0.010557473814435718,0.23992467857897282
1.0,0.5,4.0,4.0,0.0025,0.005,1.0,200,two_speed,327,1.0000707813984413,2.0036112073976993,0.5020126847006855,0.001707682238042517,0,0.009688250522517122,0.23992467857897282
1.0,0.5,4.0,4.0,0.0025,0.005,2.0,400,two_speed,327,1.0000566127569754,1.988699485910336,0.5095130185442741,0.002221031417810364,0,0.020899032423374514,0.23992467857897282
1.0,0.5,4.0,4.0,0.0025,0.005,3.5,700,two_speed,327,0.9998137976005176,1.9937108711578035,0.5133911509011165,0.001759044098678827,0,0.021054751399799586,0.23992467857897282
1.0,0.5,4.0,4.0,0.0025,0.005,5.0,1000,two_speed,327,0.9999720395201234,1.9873876476915735,0.5107996797819051,0.001561277146828847,0,0.021616004965861583,0.23992467857897282
1.0,0.5,4.0,4.0,0.0025,0.005,10.0,2000,two_speed,327,0.9996207965957496,1.940654525207894,0.5068502530133432,0.001925398188905016,0,0.0696790649301046,0.23992467857897282
1.0,0.5,4.0,4.0,0.0025,0.005,20.0,4000,two_speed,327,1.0001083886403328,1.9884193156961405,0.5167806948580843,0.002367421533308318,0,0.027893428043340038,0.23992467857897282
1.0,0.5,4.0,4.0,0.0025,0.005,0.5,100,two_speed,328,1.0001282424149593,1.9983749318593422,0.502520063295647,0.0017185434669769904,0,0.009171501281609344,0.24031655942755087
1.0,0.5,4.0,4.0,0.0025,0.005,1.0,200,two_speed,328,1.0001852875434571,1.997041137688499,0.5043580978126275,0.0018856242411149672,0,0.011222781739575648,0.24031655942755087
1.0,0.5,4.0,4.0,0.0025,0.005,2.0,400,two_speed,328,1.000667140159372,1.9917569070687307,0.5208054056068798,0.0028923710898451265,0,0.031044614820587846,0.24031655942755087
1.0,0.5,4.0,4.0,0.0025,0.005,3.5,700,two_speed,328,1.0004119879619793,1.972973286041648,0.5234470959394196,0.0028629775492143945,0,0.045203976946974235,0.24031655942755087
1.0,0.5,4.0,4.0,0.0025,0.005,5.0,1000,two_speed,328,1.0002273276284093,1.9808363521885584,0.5227223359767238,0.0016618543980189864,0,0.0373404475664563,0.24031655942755087
1.0,0.5,4.0,4.0,0.0025,0.005,10.0,2000,two_speed,328,1.000234574936067,1.9892855777081269,0.5288463631548033,0.0018185497554454202,0,0.039869327314413026,0.24031655942755087
1.0,0.5,4.0,4.0,0.0025,0.005,20.0,4000,two_speed,328,0.999962666317145,2.0103228941160807,0.5329369148260287,0.0022018780197880497,0,0.04544965098362554,0.24031655942755087
1.0,0.5,4.0,4.0,0.0025,0.005,0.5,100,two_speed,329,1.000232445454285,2.000454483776004,0.5087610248773667,0.0018515300197698877,0,0.014274358492993161,0.23912054755991058
1.0,0.5,4.0,4.0,0.0025,0.005,1.0,200,two_speed,329,1.000218872848225,2.0045722301412616,0.5109707729081083,0.0024003996778689555,0,0.018988753338633504,0.23912054755991058
1.0,0.5,4.0,4.0,0.0025,0.005,2.0,400,two_speed,329,0.9999442270607231,1.990910951700727,0.507151570525049,0.0013980175786502478,0,0.015678265962046124,0.23912054755991058
1.0,0.5,4.0,4.0,0.0025,0.005,3.5,700,two_speed,329,1.0000141124082773,1.9741759443526874,0.5166288155253648,0.001973971490641734,0,0.037847589821332114,0.23912054755991058
1.0,0.5,4.0,4.0,0.0025,0.005,5.0,1000,two_speed,329,1.0005032403100553,1.9901803400890812,0.5171486572160039,0.0022512733092870515,0,0.026528229165253655,0.23912054755991058
1.0,0.5,4.0,4.0,0.0025,0.005,10.0,2000,two_speed,329,0.9999315597101796,1.984802844020288,0.5157127047883273,0.002026029726763043,0,0.028668433963694104,0.23912054755991058
1.0,0.5,4.0,4.0,0.0025,0.005,20.0,4000,two_speed,329,1.000521944181567,1.9543339725522637,0.5212549484743205,0.0021372614394663697,0,0.05955673554878108,0.23912054755991058
1.0,0.5,4.0,4.0,0.0025,0.005,0.5,100,two_speed,330,1.0001683086042745,1.9999484746470582,0.5046265980570538,0.002476502477190406,0,0.013439259463830944,0.2381486488572721
1.0,0.5,4.0,4.0,0.0025,0.005,1.0,200,two_speed,330,1.0002523593293753,2.004937194131012,0.5090109355379728,0.0018645498563731448,0,0.015590732322511196,0.2381486488572721
1.0,0.5,4.0,4.0,0.0025,0.005,2.0,400,two_speed,330,1.0000447264890722,2.010621137449848,0.5110362251696544,0.0015939693920109911,0,0.020336320044324337,0.2381486488572721
1.0,0.5,4.0,4.0,0.0025,0.005,3.5,700,two_speed,330,1.000180097302056,2.0351672285806353,0.5138557032254607,0.0028609728155542242,0,0.046388298680591314,0.2381486488572721
1.0,0.5,4.0,4.0,0.0025,0.005,5.0,1000,two_speed,330,1.0001379710247664,2.0288652857190512,0.5113974038506229,0.0033120813952392456,0,0.039842905868879695,0.2381486488572721
1.0,0.5,4.0,4.0,0.0025,0.005,10.0,2000,two_speed,330,0.9998138698449391,2.0328895979463573,0.5125241954347133,0.0024066258332847367,0,0.04282629370332533,0.2381486488572721
1.0,0.5,4.0,4.0,0.0025,0.005,20.0,4000,two_speed,330,0.999628162887634,1.9969916358390454,0.5127550659873117,0.002598181856678704,0,0.021920581971681497,0.2381486488572721
1.0,0.5,4.0,4.0,0.0025,0.005,0.5,100,two_speed,331,1.0006179846178624,2.0016608057474916,0.5115539449749308,0.0028092241067685154,0,0.019822498606725608,0.23845189285930246
1.0,0.5,4.0,4.0,0.0025,0.005,1.0,200,two_speed,331,1.0002869270105739,1.993789751612607,0.5133261671619794,0.002029450923928493,0,0.020843122825766846,0.23845189285930246
1.0,0.5,4.0,4.0,0.0025,0.005,2.0,400,two_speed,331,0.9994947553442923,2.0005441370489434,0.49841042313648176,0.0027286808350002823,0,0.013620015430549649,0.23845189285930246
1.0,0.5,4.0,4.0,0.0025,0.005,3.5,700,two_speed,331,1.000358004808363,2.0020939232295616,0.5110460530564479,0.002264019471443304,0,0.017855930594576574,0.23845189285930246
1.0,0.5,4.0,4.0,0.0025,0.005,5.0,1000,two_speed,331,1.00044606588031,2.0026486412994298,0.5165751076210824,0.0030065745260963593,0,0.025651407896404337,0.23845189285930246
1.0,0.5,4.0,4.0,0.0025,0.005,10.0,2000,two_speed,331,0.9999358751528794,1.977275275691214,0.5239481399173769,0.0033930082686101154,0,0.04358712111799199,0.23845189285930246
1.0,0.5,4.0,4.0,0.0025,0.005,20.0,4000,two_speed,331,1.0002613373991331,1.9500893669607087,0.518935265697017,0.0018093059196272986,0,0.06272640226334682,0.23845189285930246
1.0,0.5,4.0,4.0,0.0025,0.005,0.5,100,two_speed,332,0.9998959683772949,1.9959460679590673,0.5054021437818329,0.001513056898811888,0,0.011408450473171591,0.23751240471444493
1.0,0.5,4.0,4.0,0.0025,0.005,1.0,200,two_speed,332,0.9998761939988122,1.99216450736752,0.504573507897239,0.0020571575931059016,0,0.01492625225560317,0.23751240471444493
1.0,0.5,4.0,4.0,0.0025,0.005,2.0,400,two_speed,332,1.0001400889174108,1.9903183498297514,0.5163978154975568,0.0011944018462132942,0,0.024509695851491143,0.23751240471444493
1.0,0.5,4.0,4.0,0.0025,0.005,3.5,700,two_speed,332,1.000298561916558,1.9786480203809833,0.5248221786188001,0.0032896557640319296,0,0.04285869228826322,0.23751240471444493
1.0,0.5,4.0,4.0,0.0025,0.005,5.0,1000,two_speed,332,1.0004936260580164,1.9757454271628057,0.5333800653045111,0.0028140858806792067,0,0.05248216523324845,0.23751240471444493
1.0,0.5,4.0,4.0,0.0025,0.005,10.0,2000,two_speed,332,1.00014489758317,1.992002838355225,0.5272434261275862,0.002068597563947809,0,0.037537493582719926,0.23751240471444493
1.0,0.5,4.0,4.0,0.0025,0.005,20.0,4000,two_speed,332,1.00037192831481,1.9544394405891443,0.5180062720504947,0.002222275879466385,0,0.05794102319419413,0.23751240471444493
1.0,0.5,4.0,4.0,0.0025,0.005,0.5,100,two_speed,333,0.9997371057402611,1.995421164008695,0.4999099607526388,0.003126344779319724,0,0.016269588093757774,0.24007416672871582
1.0,0.5,4.0,4.0,0.0025,0.005,1.0,200,two_speed,333,0.9999805968369468,1.9998836616957956,0.5043449796692759,0.001928892692728108,0,0.011066900642842771,0.24007416672871582
1.0,0.5,4.0,4.0,0.0025,0.005,2.0,400,two_speed,333,1.0003298876194409,2.0044513478528887,0.5034357564096278,0.0024740567829027523,0,0.013801698618455305,0.24007416672871582
1.0,0.5,4.0,4.0,0.0025,0.005,3.5,700,two_speed,333,1.0001833981078427,2.001035662827791,0.5067721522101817,0.003510127334752998,0,0.0192494500154869,0.24007416672871582
1.0,0.5,4.0,4.0,0.0025,0.005,5.0,1000,two_speed,333,0.9997508355550503,2.0052120616104387,0.5082024644945689,0.0038073032852745776,0,0.022677584532231922,0.24007416672871582
1.0,0.5,4.0,4.0,0.0025,0.005,10.0,2000,two_speed,333,1.000149730942233,1.973863627109425,0.5307333295044084,0.0026759477921540348,0,0.05099394557333608,0.24007416672871582
1.0,0.5,4.0,4.0,0.0025,0.005,20.0,4000,two_speed,333,1.0002197078153177,1.9674668035675593,0.5242486585206225,0.0014290073451202492,0,0.048886729847637825,0.24007416672871582
1.0,0.5,4.0,4.0,0.0025,0.005,0.5,100,two_speed,334,0.9999602947876571,2.004181734779079,0.49824632840298877,0.0020215506932869764,0,0.011246675485067846,0.2386549999937415
1.0,0.5,4.0,4.0,0.0025,0.005,1.0,200,two_speed,334,0.9999901913953163,2.002877817221177,0.4983082170283054,0.0019082216846866215,0,0.010171375575263025,0.2386549999937415
1.0,0.5,4.0,4.0,0.0025,0.005,2.0,400,two_speed,334,1.0000061056825935,2.0011124372589775,0.50509069288619,0.0018162227440594685,0,0.011178641495291181,0.2386549999937415
1.0,0.5,4.0,4.0,0.0025,0.005,3.5,700,two_speed,334,0.9999851720277896,1.9901967609883804,0.5083404758128357,0.0026315194780671862,0,0.020378320275553332,0.2386549999937415
1.0,0.5,4.0,4.0,0.0025,0.005,5.0,1000,two_speed,334,1.000018370020612,2.007995039791907,0.5101935865036828,0.0017882385561332282,0,0.01836597088317758,0.2386549999937415
1.0,0.5,4.0,4.0,0.0025,0.005,10.0,2000,two_speed,334,0.9999468435024518,1.9794241276314897,0.5245661460215028,0.002671794058269569,0,0.041840597387568984,0.2386549999937415
1.0,0.5,4.0,4.0,0.0025,0.005,20.0,4000,two_speed,334,1.0001349527273078,1.9850543655165072,0.524068031766019,0.0021118032390945386,0,0.036684506122846315,0.2386549999937415
1.0,0.5,4.0,4.0,0.0025,0.005,0.5,100,two_speed,335,1.000123265130681,1.9982237152494904,0.5035427241040183,0.0015661573177572032,0,0.009092554680334982,0.23893230957245187
1.0,0.5,4.0,4.0,0.0025,0.005,1.0,200,two_speed,335,1.000238563170154,2.0012398442895942,0.511181233871246,0.0021397554020103926,0,0.017662390859366855,0.23893230957245187
1.0,0.5,4.0,4.0,0.0025,0.005,2.0,400,two_speed,335,1.000090541668057,2.0000691953312373,0.518105502867285,0.002245881966875939,0,0.025846577883529256,0.23893230957245187
1.0,0.5,4.0,4.0,0.0025,0.005,3.5,700,two_speed,335,1.0000471054226132,1.988242095180803,0.52231041730246,0.0015417444561131287,0,0.032652942871309334,0.23893230957245187
1.0,0.5,4.0,4.0,0.0025,0.005,5.0,1000,two_speed,335,1.0002573263336891,1.9863147125869849,0.5286817155235549,0.0026107176870520735,0,0.04174479122955029,0.23893230957245187
1.0,0.5,4.0,4.0,0.0025,0.005,10.0,2000,two_speed,335,0.9996262604278584,1.963474745217537,0.5207258726344852,0.0021349735518501056,0,0.05114986570179624,0.23893230957245187
1.0,0.5,4.0,4.0,0.0025,0.005,20.0,4000,two_speed,335,1.000069414061907,1.9286676867033266,0.5258685393367107,0.0027853996685596382,0,0.0890230761314087,0.23893230957245187
1.0,0.5,4.0,4.0,0.0025,0.005,0.5,100,two_speed,336,1.0002204307352915,1.996336956569907,0.5035033152701062,0.0019985974364409636,0,0.011474856930019062,0.23923347013935978
1.0,0.5,4.0,4.0,0.0025,0.005,1.0,200,two_speed,336,0.9998317258297231,1.9983297365433002,0.4985052492671223,0.001567713461076897,0,0.0081212002791526,0.23923347013935978
1.0,0.5,4.0,4.0,0.0025,0.005,2.0,400,two_speed,336,0.9999895729258595,1.9951776564847294,0.5042034414781104,0.0018581639191237998,0,0.012036561645856744,0.23923347013935978
1.0,0.5,4.0,4.0,0.0025,0.005,3.5,700,two_speed,336,0.9998559997386125,2.0001096642504264,0.5078442550341484,0.001929019287742948,0,0.014175533036396256,0.23923347013935978
1.0,0.5,4.0,4.0,0.0025,0.005,5.0,1000,two_speed,336,0.9999028638809356,2.0020229892875885,0.517415724441754,0.001999098019244239,0,0.024943618171334288,0.23923347013935978
1.0,0.5,4.0,4.0,0.0025,0.005,10.0,2000,two_speed,336,0.9999796367520261,2.02439027221451,0.517646438378717,0.0027022060874869317,0,0.03838574844409614,0.23923347013935978
1.0,0.5,4.0,4.0,0.0025,0.005,20.0,4000,two_speed,336,1.0003214372716467,2.0412514867000593,0.5188542992174898,0.0022142932985886044,0,0.05392078906534449,0.23923347013935978
1.0,0.5,4.0,4.0,0.0025,0.005,0.5,100,two_speed,337,1.0000944215403706,2.009415522396691,0.5051023076603985,0.0017101576807193029,0,0.015147058790085445,0.23903916071036033
1.0,0.5,4.0,4.0,0.0025,0.005,1.0,200,two_speed,337,1.0002216653148972,2.0238685723554592,0.5077223143443452,0.0018110749261406162,0,0.030399619400720283,0.23903916071036033
1.0,0.5,4.0,4.0,0.0025,0.005,2.0,400,two_speed,337,1.0004027595868468,2.0195373777731294,0.5103014644412985,0.003443321313454475,0,0.03074737741459621,0.23903916071036033
1.0,0.5,4.0,4.0,0.0025,0.005,3.5,700,two_speed,337,1.0002264738519202,2.0283536370228896,0.5163878902562997,0.0027030324407959563,0,0.04070295779478464,0.23903916071036033
1.0,0.5,4.0,4.0,0.0025,0.005,5.0,1000,two_speed,337,0.9995583383227311,2.0528742723218807,0.5154501555266254,0.0018148351443446763,0,0.06473202475099975,0.23903916071036033
1.0,0.5,4.0,4.0,0.0025,0.005,10.0,2000,two_speed,337,0.999848394185009,2.021140079396228,0.5234448557336832,0.002528376697224019,0,0.04077327811268489,0.23903916071036033
1.0,0.5,4.0,4.0,0.0025,0.005,20.0,4000,two_speed,337,0.9994003517890042,2.0561051893010673,0.5074122877426287,0.002437441760420271,0,0.06664602318462515,0.23903916071036033
1.0,0.5,4.0,4.0,0.0025,0.005,0.5,100,two_speed,338,0.99976859567055,1.999866427968549,0.504187287915145,0.0018819612615608176,0,0.01104762814733698,0.2398786727072937
1.0,0.5,4.0,4.0,0.0025,0.005,1.0,200,two_speed,338,0.9997196910939542,1.9950900934784581,0.5035827859342662,0.001739025599140869,0,0.01158784822156922,0.2398786727072937
1.0,0.5,4.0,4.0,0.0025,0.005,2.0,400,two_speed,338,0.9998210269047236,1.9904996458353494,0.5071311755154058,0.002090295343118266,0,0.01789609182658688,0.2398786727072937
1.0,0.5,4.0,4.0,0.0025,0.005,3.5,700,two_speed,338,0.9999969315884081,1.9897812821816052,0.5119772818327967,0.0017278467993514335,0,0.021263162721491865,0.2398786727072937
1.0,0.5,4.0,4.0,0.0025,0.005,5.0,1000,two_speed,338,1.000212943578298,1.9713570812277172,0.5221591789802047,0.0022103241881800298,0,0.04467905518437556,0.2398786727072937
1.0,0.5,4.0,4.0,0.0025,0.005,10.0,2000,two_speed,338,1.0001384592117382,1.9774303977751637,0.5224969818536624,0.0026164769976843773,0,0.0409687490691386,0.2398786727072937
1.0,0.5,4.0,4.0,0.0025,0.005,20.0,4000,two_speed,338,1.0001199963146983,2.0061415936556686,0.5245119139351355,0.0029672809164591305,0,0.03553608012241546,0.2398786727072937
1.0,0.5,4.0,4.0,0.0025,0.005,0.5,100,two_speed,339,1.0001949946266917,2.0039378937162162,0.5030953587754832,0.002326788578202793,0,0.012843276104366403,0.23954605357721448
1.0,0.5,4.0,4.0,0.0025,0.005,1.0,200,two_speed,339,1.000347569719335,1.9993025594962512,0.511827882574497,0.001899184236383854,0,0.01750786180404661,0.23954605357721448
1.0,0.5,4.0,4.0,0.0025,0.005,2.0,400,two_speed,339,1.0000394607402014,1.9927367833692216,0.5057380116213845,0.001828150946927284,0,0.014348940168717322,0.23954605357721448
1.0,0.5,4.0,4.0,0.0025,0.005,3.5,700,two_speed,339,1.0004760360945222,1.9979011663733706,0.5219014185012595,0.0029878617826058626,0,0.0314068501397599,0.23954605357721448
1.0,0.5,4.0,4.0,0.0025,0.005,5.0,1000,two_speed,339,1.0000069523676798,2.0013979897678333,0.5196354800311027,0.003385527145068695,0,0.03055118390374068,0.23954605357721448
1.0,0.5,4.0,4.0,0.0025,0.005,10.0,2000,two_speed,339,1.000364524160639,1.9850481810901852,0.533335496878667,0.0021510675707984766,0,0.046854805557474635,0.23954605357721448
1.0,0.5,4.0,4.0,0.0025,0.005,20.0,4000,two_speed,339,1.0000518521368316,1.9982507888942764,0.5109001459290556,0.003071419794182238,0,0.02072061819175891,0.23954605357721448
1.0,0.5,4.0,4.0,0.0025,0.005,0.5,100,two_speed,340,1.0003139448479716,2.005062782431796,0.5079314756868354,0.001704220507069515,0,0.014132657572049106,0.23788239286347693
1.0,0.5,4.0,4.0,0.0025,0.005,1.0,200,two_speed,340,1.0000293942227774,2.0047010558656932,0.5037051082174944,0.0021670786551942676,0,0.012866049692627992,0.23788239286347693
1.0,0.5,4.0,4.0,0.0025,0.005,2.0,400,two_speed,340,0.9997587353868352,2.007510899470695,0.5046465213362501,0.0025236803494126255,0,0.016545106664826278,0.23788239286347693
1.0,0.5,4.0,4.0,0.0025,0.005,3.5,700,two_speed,340,1.000319315293147,2.001295991074961,0.5170643936137066,0.0019037414631397705,0,0.02357651827126543,0.23788239286347693
1.0,0.5,4.0,4.0,0.0025,0.005,5.0,1000,two_speed,340,0.999888833194873,1.9963258635296386,0.5105675006410911,0.0023230871016808223,0,0.018537381241778752,0.23788239286347693
1.0,0.5,4.0,4.0,0.0025,0.005,10.0,2000,two_speed,340,1.0000960977507158,2.0017416643655874,0.5230236578022218,0.001623372655616712,0,0.03075592311347843,0.23788239286347693
1.0,0.5,4.0,4.0,0.0025,0.005,20.0,4000,two_speed,340,1.000285809705317,2.0164453563795113,0.5189259572589497,0.001795110319132492,0,0.03172049372991371,0.23788239286347693
1.0,0.5,4.0,4.0,0.0025,0.005,0.5,100,two_speed,341,1.0003687986759253,1.9951983951621355,0.5108284618562534,0.0024617900249049862,0,0.01893676663630622,0.23764314871680522
1.0,0.5,4.0,4.0,0.0025,0.005,1.0,200,two_speed,341,1.0003432896919913,1.9864965644158958,0.5141234326150083,0.0018532987081673316,0,0.025267351844638627,0.23764314871680522
1.0,0.5,4.0,4.0,0.0025,0.005,2.0,400,two_speed,341,1.0000794315256212,2.0018393808428288,0.5221605602696838,0.001964631760384143,0,0.030198886486957274,0.23764314871680522
1.0,0.5,4.0,4.0,0.0025,0.005,3.5,700,two_speed,341,1.0000745590400646,2.0012108702743427,0.514676064860246,0.0016944759337161955,0,0.02075199670495844,0.23764314871680522
1.0,0.5,4.0,4.0,0.0025,0.005,5.0,1000,two_speed,341,0.9998601301324275,1.9893839229310895,0.5024122607738924,0.0023268273363871305,0,0.017111224325829465,0.23764314871680522
1.0,0.5,4.0,4.0,0.0025,0.005,10.0,2000,two_speed,341,1.0004507671177783,2.00527865868081,0.5317979287811933,0.0017971904234480435,0,0.041658114656590375,0.23764314871680522
1.0,0.5,4.0,4.0,0.0025,0.005,20.0,4000,two_speed,341,1.000005031086073,1.9391603073307733,0.5265122819722771,0.002247530681802142,0,0.07826921192845823,0.23764314871680522
1.0,0.5,4.0,4.0,0.0025,0.005,0.5,100,two_speed,342,1.0002438969359853,1.9950920292882839,0.5078035464979643,0.0025577157516849473,0,0.016879368031128657,0.23898358328733593
1.0,0.5,4.0,4.0,0.0025,0.005,1.0,200,two_speed,342,0.9998869674929672,1.995264277067328,0.5045066049887789,0.00205672053219374,0,0.013026300491814712,0.23898358328733593
1.0,0.5,4.0,4.0,0.0025,0.005,2.0,400,two_speed,342,0.99973417430655,1.9904269059146038,0.5152180315453635,0.0018695443262064587,0,0.02488544652759074,0.23898358328733593
1.0,0.5,4.0,4.0,0.0025,0.005,3.5,700,two_speed,342,0.9995619921756623,1.9853494148653534,0.5101796737559262,0.002120155249477216,0,0.02442901672014463,0.23898358328733593
1.0,0.5,4.0,4.0,0.0025,0.005,5.0,1000,two_speed,342,0.9999126424599879,1.9926694323055418,0.5100645375024861,0.0016613960101448102,0,0.017746443268714624,0.23898358328733593
1.0,0.5,4.0,4.0,0.0025,0.005,10.0,2000,two_speed,342,0.9998677142390818,2.0062674632051145,0.5173518465115583,0.00228199321812077,0,0.026446123669773402,0.23898358328733593
1.0,0.5,4.0,4.0,0.0025,0.005,20.0,4000,two_speed,342,0.9998534350952663,2.03218153440904,0.512767032811424,0.002174610185542469,0,0.04192133000600452,0.23898358328733593
1.0,0.5,4.0,4.0,0.0025,0.005,0.5,100,two_speed,343,0.9998844822945998,1.9949199154083024,0.5015241301272717,0.0014340697835963738,0,0.009443359541896077,0.2391343035602144
1.0,0.5,4.0,4.0,0.0025,0.005,1.0,200,two_speed,343,0.9999181950511322,1.9944404023367752,0.5104444863003886,0.0015704742227807805,0,0.01701900827357362,0.2391343035602144
1.0,0.5,4.0,4.0,0.0025,0.005,2.0,400,two_speed,343,0.9999947031862805,1.9883777632866926,0.5118135913449928,0.0024750915619854616,0,0.023819792711404553,0.2391343035602144
1.0,0.5,4.0,4.0,0.0025,0.005,3.5,700,two_speed,343,0.9994971747156769,1.9754275693482597,0.5123187241712445,0.003218051318127218,0,0.03676025072474172,0.2391343035602144
1.0,0.5,4.0,4.0,0.0025,0.005,5.0,1000,two_speed,343,0.9999587431308141,1.9546607983866666,0.519998033867821,0.002547708700488463,0,0.059473214667204545,0.2391343035602144
1.0,0.5,4.0,4.0,0.0025,0.005,10.0,2000,two_speed,343,0.9999184391371172,1.9109302465489477,0.5250082585147127,0.002576239323023,0,0.10763930132331251,0.2391343035602144
1.0,0.5,4.0,4.0,0.0025,0.005,20.0,4000,two_speed,343,0.999607322565232,1.8971380204704473,0.5249459247542945,0.0022394786371103172,0,0.1221207821345216,0.2391343035602144
1.0,0.5,4.0,4.0,0.0025,0.005,0.5,100,two_speed,344,0.9999899118759178,1.990517620439078,0.5072053204405064,0.0016207993424418381,0,0.016507391937387487,0.23970592271403543
1.0,0.5,4.0,4.0,0.0025,0.005,1.0,200,two_speed,344,1.000021947794378,1.9929572288284865,0.5100479307909255,0.0027663115855127906,0,0.020549537990655953,0.23970592271403543
1.0,0.5,4.0,4.0,0.0025,0.005,2.0,400,two_speed,344,1.0001798887976532,1.98624638164603,0.5131458473899053,0.002106275046142932,0,0.025318488478099428,0.23970592271403543
1.0,0.5,4.0,4.0,0.0025,0.005,3.5,700,two_speed,344,1.0002365505071646,2.012615240286454,0.5249754284257123,0.00268883813670641,0,0.037557335507933345,0.23970592271403543
1.0,0.5,4.0,4.0,0.0025,0.005,5.0,1000,two_speed,344,0.9999817402916431,2.0129560606724937,0.5162539180598407,0.002406655317974713,0,0.028473432655394135,0.23970592271403543
1.0,0.5,4.0,4.0,0.0025,0.005,10.0,2000,two_speed,344,0.9997435408085442,2.0411858078901286,0.5329072608345727,0.0013727287616503074,0,0.06388827015571592,0.23970592271403543
1.0,0.5,4.0,4.0,0.0025,0.005,20.0,4000,two_speed,344,1.0001963737774369,2.0603261866057414,0.5271236563181932,0.0022846920771419856,0,0.07778785566960565,0.23970592271403543
1.0,0.5,4.0,4.0,0.0025,0.005,0.5,100,two_speed,345,1.0000291216335369,2.000024936096283,0.5033195810687473,0.002231650159250806,0,0.01175744043020133,0.23884764287088597
1.0,0.5,4.0,4.0,0.0025,0.005,1.0,200,two_speed,345,1.000012229882841,2.0036257351541757,0.5065494530558123,0.0017634995765558935,0,0.01285434207982937,0.23884764287088597
1.0,0.5,4.0,4.0,0.0025,0.005,2.0,400,two_speed,345,0.9999544749656418,1.9975886720952278,0.5115500027603033,0.0021746283143284973,0,0.018719232430604728,0.23884764287088597
1.0,0.5,4.0,4.0,0.0025,0.005,3.5,700,two_speed,345,0.9997434052162902,2.0169636758127747,0.5215760183482384,0.003110584507760579,0,0.03769778142538715,0.23884764287088597
1.0,0.5,4.0,4.0,0.0025,0.005,5.0,1000,two_speed,345,0.9999387538802632,2.0128173889945815,0.529925281775417,0.002808438866837421,0,0.04374224646746074,0.23884764287088597
1.0,0.5,4.0,4.0,0.0025,0.005,10.0,2000,two_speed,345,1.0000158642345607,2.024114458783258,0.5309797063259825,0.0018952017582895483,0,0.04943228429860082,0.23884764287088597
1.0,0.5,4.0,4.0,0.0025,0.005,20.0,4000,two_speed,345,0.9999998691854588,2.03106926828668,0.5046138758714424,0.002146863573196489,0,0.03781719199998917,0.23884764287088597
1.0,0.5,4.0,4.0,0.0025,0.005,0.5,100,two_speed,346,1.0000140242965843,1.9902292078212012,0.4992314210740264,0.001502300672077144,0,0.013519148462745819,0.2379439345760537
1.0,0.5,4.0,4.0,0.0025,0.005,1.0,200,two_speed,346,1.0000356018745529,1.9909512541178613,0.5002882202891987,0.0016214973294431567,0,0.0131348918759826,0.2379439345760537
1.0,0.5,4.0,4.0,0.0025,0.005,2.0,400,two_speed,346,1.000327453511955,1.989610588330786,0.5113506171024638,0.002092242012172004,0,0.021234703852932524,0.2379439345760537
1.0,0.5,4.0,4.0,0.0025,0.005,3.5,700,two_speed,346,1.0002254638801664,1.9798343232897773,0.5220720986340669,0.0021563973992183858,0,0.03800113525076837,0.2379439345760537
1.0,0.5,4.0,4.0,0.0025,0.005,5.0,1000,two_speed,346,1.0001670868540653,1.9680493904270124,0.5175637409006094,0.0019438027559686255,0,0.04411664693869776,0.2379439345760537
1.0,0.5,4.0,4.0,0.0025,0.005,10.0,2000,two_speed,346,1.0002020297618752,1.9527306968452518,0.5219620613168752,0.0019020643038332606,0,0.061540398240621234,0.2379439345760537
1.0,0.5,4.0,4.0,0.0025,0.005,20.0,4000,two_speed,346,0.9999257611351453,1.9272342890745011,0.5185522673853481,0.0023698252259778396,0,0.08750916443157783,0.2379439345760537
1.0,0.5,4.0,4.0,0.0025,0.005,0.5,100,two_speed,347,1.0002886590198878,2.0044680284632292,0.511487100324598,0.002419170143052705,0,0.019428058273754097,0.238057023845613
1.0,0.5,4.0,4.0,0.0025,0.005,1.0,200,two_speed,347,1.0000682842020876,1.9999936622650618,0.5066721341492456,0.0016965040020115506,0,0.011949758594666649,0.238057023845613
1.0,0.5,4.0,4.0,0.0025,0.005,2.0,400,two_speed,347,1.0000203873203501,2.0078713721690513,0.50986067324211,0.001858636706349309,0,0.018170353907085598,0.238057023845613
1.0,0.5,4.0,4.0,0.0025,0.005,3.5,700,two_speed,347,1.0002167909097408,2.028910685374221,0.5064566201172673,0.0016582011947473192,0,0.03519396326036255,0.238057023845613
1.0,0.5,4.0,4.0,0.0025,0.005,5.0,1000,two_speed,347,1.000235782512233,2.037925989344084,0.5128445131880728,0.0019203572167131961,0,0.04740165845584098,0.238057023845613
1.0,0.5,4.0,4.0,0.0025,0.005,10.0,2000,two_speed,347,0.999905202764854,2.050094825597851,0.5268052882132899,0.0025570258724182927,0,0.06798879681879756,0.238057023845613
1.0,0.5,4.0,4.0,0.0025,0.005,20.0,4000,two_speed,347,0.999904878719661,2.0830887506565907,0.5142054257912729,0.002331747945236156,0,0.09782048684915322,0.238057023845613
1.0,0.5,4.0,4.0,0.0025,0.005,0.5,100,two_speed,348,1.0002195856899294,2.0021881924729255,0.5050055548570652,0.001382095366158677,0,0.009501505925713378,0.2406997321439641
1.0,0.5,4.0,4.0,0.0025,0.005,1.0,200,two_speed,348,1.0000201775530522,2.000159512001017,0.5081556845032191,0.0017981522118955548,0,0.013805337362920155,0.2406997321439641
1.0,0.5,4.0,4.0,0.0025,0.005,2.0,400,two_speed,348,0.999928603274147,2.001005737448104,0.5187815795295255,0.002887843564586475,0,0.028321380125082046,0.2406997321439641
1.0,0.5,4.0,4.0,0.0025,0.005,3.5,700,two_speed,348,1.0000806138588436,2.0009297764006955,0.519828850976579,0.0013607071606928786,0,0.026498953076785063,0.2406997321439641
1.0,0.5,4.0,4.0,0.0025,0.005,5.0,1000,two_speed,348,1.0003825472297432,2.003431362683877,0.5232076828282326,0.0019153570521003042,0,0.03109344624279539,0.2406997321439641
1.0,0.5,4.0,4.0,0.0025,0.005,10.0,2000,two_speed,348,1.000596144980226,2.0289900916650376,0.5179830596153073,0.0028427843070187083,0,0.04222875601815118,0.2406997321439641
1.0,0.5,4.0,4.0,0.0025,0.005,20.0,4000,two_speed,348,1.0002187257047894,2.0893173744815634,0.521023491058005,0.0022158041001514835,0,0.10609687868138419,0.2406997321439641
1.0,0.5,4.0,4.0,0.0025,0.005,0.5,100,two_speed,349,0.9997714035221794,2.0112641957097175,0.496229217643292,0.0012917623159752218,0,0.015183913949096246,0.23851358928784197
1.0,0.5,4.0,4.0,0.0025,0.005,1.0,200,two_speed,349,0.9996937534763736,2.012006455800954,0.49807935500648354,0.0020866637226797558,0,0.01739370053039493,0.23851358928784197
1.0,0.5,4.0,4.0,0.0025,0.005,2.0,400,two_speed,349,0.9998230025555104,2.009945263079778,0.509084739307519,0.0022124539069745034,0,0.020009111910090083,0.23851358928784197
1.0,0.5,4.0,4.0,0.0025,0.005,3.5,700,two_speed,349,0.9999569027067159,2.0074403462516655,0.5121017873426705,0.0026759639121145813,0,0.022219683468329067,0.23851358928784197
1.0,0.5,4.0,4.0,0.0025,0.005,5.0,1000,two_speed,349,0.9998734134518119,2.01609308962962,0.5177850098361113,0.0025256182278300112,0,0.032109911178390425,0.23851358928784197
1.0,0.5,4.0,4.0,0.0025,0.005,10.0,2000,two_speed,349,0.9998478891226206,2.0377357578079582,0.5149174066405502,0.0024147498387721783,0,0.049066928936188185,0.23851358928784197
1.0,0.5,4.0,4.0,0.0025,0.005,20.0,4000,two_speed,349,1.0002613666640794,2.0611271717070814,0.5330916263750111,0.0020199818460960857,0,0.08200722379050256,0.23851358928784197
1.0,0.5,4.0,4.0,0.0025,0.005,0.5,100,two_speed,350,1.000132307560973,1.9985546404428407,0.5042396244802123,0.0022671580120436894,0,0.012437705943509167,0.2391392797165151
1.0,0.5,4.0,4.0,0.0025,0.005,1.0,200,two_speed,350,1.0000256987312155,1.9895366067836524,0.5051605295536512,0.0023781680851000767,0,0.01809635715297602,0.2391392797165151
1.0,0.5,4.0,4.0,0.0025,0.005,2.0,400,two_speed,350,1.0002854955022842,1.9747256361199628,0.5172309761806104,0.002363968227535369,0,0.03821639923796841,0.2391392797165151
1.0,0.5,4.0,4.0,0.0025,0.005,3.5,700,two_speed,350,1.0001977930943686,1.994364812833549,0.533940932432311,0.0018649468164966246,0,0.04491544419321914,0.2391392797165151
1.0,0.5,4.0,4.0,0.0025,0.005,5.0,1000,two_speed,350,1.0000882508473885,2.000141482445968,0.5330342592370094,0.0020542003628504337,0,0.04367316866350579,0.2391392797165151
1.0,0.5,4.0,4.0,0.0025,0.005,10.0,2000,two_speed,350,1.0001658491556475,2.0217387352769425,0.5211265187248156,0.002502118627344268,0,0.03889111303400598,0.2391392797165151
1.0,0.5,4.0,4.0,0.0025,0.005,20.0,4000,two_speed,350,0.9999410694116678,2.0116506457648407,0.521694816770947,0.0015822363674228076,0,0.032230094480123116,0.2391392797165151
1.0,0.5,4.0,4.0,0.0025,0.005,0.5,100,two_speed,351,1.000077965381057,2.008797726390592,0.5066981751392043,0.0017493214869368121,0,0.015801576867376366,0.23813789870057786
1.0,0.5,4.0,4.0,0.0025,0.005,1.0,200,two_speed,351,0.9998901379246035,1.9968568596265988,0.503761466490722,0.0016221165834977666,0,0.010156429327297859,0.23813789870057786
1.0,0.5,4.0,4.0,0.0025,0.005,2.0,400,two_speed,351,1.000024554019342,1.9886253082170091,0.5070177584308522,0.0020008090969732945,0,0.01869269007845082,0.23813789870057786
1.0,0.5,4.0,4.0,0.0025,0.005,3.5,700,two_speed,351,0.9998893736605847,1.9711929349756976,0.5095422314603789,0.0015027526738145384,0,0.03624269003553646,0.23813789870057786
1.0,0.5,4.0,4.0,0.0025,0.005,5.0,1000,two_speed,351,1.0003411252898764,1.9719485925643347,0.518057867921242,0.0015243545765722146,0,0.04012112956540225,0.23813789870057786
1.0,0.5,4.0,4.0,0.0025,0.005,10.0,2000,two_speed,351,0.9999417428089158,1.994145867113553,0.5229312813369882,0.0015896986540345171,0,0.03158820651533139,0.23813789870057786
1.0,0.5,4.0,4.0,0.0025,0.005,20.0,4000,two_speed,351,1.0004062246181005,1.993731158003461,0.5304269250878809,0.002688177306023851,0,0.0415139045308858,0.23813789870057786
1.0,0.5,4.0,4.0,0.0025,0.005,0.5,100,two_speed,352,0.9999519340733006,1.9922335876110753,0.5041771335308016,0.001535010147678876,0,0.012944557797129705,0.2383986249998478
1.0,0.5,4.0,4.0,0.0025,0.005,1.0,200,two_speed,352,1.0001355272284234,1.9858584794201897,0.5071214600888961,0.002488285858192042,0,0.022296040994275016,0.2383986249998478
1.0,0.5,4.0,4.0,0.0025,0.005,2.0,400,two_speed,352,1.0001786948750848,1.9820088767110415,0.5233000385635282,0.002318312337791707,0,0.03804603322423575,0.2383986249998478
1.0,0.5,4.0,4.0,0.0025,0.005,3.5,700,two_speed,352,0.9995178553991253,1.9772902407947943,0.5126939771133953,0.0020162153062374772,0,0.03301339866230163,0.2383986249998478
1.0,0.5,4.0,4.0,0.0025,0.005,5.0,1000,two_speed,352,1.000284853461596,1.9681303702697095,0.521399942178425,0.0043820406654236175,0,0.050651519017069414,0.2383986249998478
1.0,0.5,4.0,4.0,0.0025,0.005,10.0,2000,two_speed,352,0.999593358734265,1.9898232243779608,0.5159692840104448,0.0020013624658989974,0,0.02649233667142631,0.2383986249998478
1.0,0.5,4.0,4.0,0.0025,0.005,20.0,4000,two_speed,352,0.999552358853664,1.9911533295095594,0.5136857124546425,0.002053105662835728,0,0.023658232781300234,0.2383986249998478
1.0,0.5,4.0,4.0,0.0025,0.005,0.5,100,two_speed,353,1.0004079000449444,1.993929347019634,0.5064325847335088,0.0023250140692147405,0,0.015474881349463359,0.23917802972053842
1.0,0.5,4.0,4.0,0.0025,0.005,1.0,200,two_speed,353,1.000460560794401,1.994237905182148,0.5093062156308128,0.001878191041475748,0,0.01607993934602234,0.23917802972053842
1.0,0.5,4.0,4.0,0.0025,0.005,2.0,400,two_speed,353,1.0001043981752953,1.9986605311229042,0.5010898081037667,0.0013846574104114885,0,0.0070831006128343555,0.23917802972053842
1.0,0.5,4.0,4.0,0.0025,0.005,3.5,700,two_speed,353,1.0002160371246005,2.0011886204516673,0.5107427062225006,0.0019991209589933865,0,0.016821426426874554,0.23917802972053842
1.0,0.5,4.0,4.0,0.0025,0.005,5.0,1000,two_speed,353,1.0000720187243213,1.9966061549314948,0.5186428037073759,0.001918896005217487,0,0.026156164100048555,0.23917802972053842
1.0,0.5,4.0,4.0,0.0025,0.005,10.0,2000,two_speed,353,1.0005564003221843,1.9969887096424772,0.5215462056604666,0.0037253871029725295,0,0.03278793821989862,0.23917802972053842
1.0,0.5,4.0,4.0,0.0025,0.005,20.0,4000,two_speed,353,0.9997828465319518,1.986918487500203,0.5162830484707442,0.0013909286418262751,0,0.02720362412423124,0.23917802972053842
1.0,0.5,4.0,4.0,0.0025,0.005,0.5,100,two_speed,354,1.0001728173897404,1.991680220702661,0.5077360305561603,0.0020827119146617883,0,0.017110825501258982,0.23753475000350072
1.0,0.5,4.0,4.0,0.0025,0.005,1.0,200,two_speed,354,1.0003205856274529,1.999881685658667,0.5112011789374136,0.001953974633749072,0,0.0169949186680303,0.23753475000350072
1.0,0.5,4.0,4.0,0.0025,0.005,2.0,400,two_speed,354,1.000173553481675,2.005054541370029,0.517370521558923,0.0022317070734067033,0,0.025416768901497442,0.23753475000350072
1.0,0.5,4.0,4.0,0.0025,0.005,3.5,700,two_speed,354,1.0001153329559456,2.01770003114787,0.518982022835252,0.00283771310764162,0,0.03449595478899305,0.23753475000350072
1.0,0.5,4.0,4.0,0.0025,0.005,5.0,1000,two_speed,354,1.0002896050257784,2.0375624753816117,0.5280684768478343,0.0016616256706902437,0,0.056303627394740076,0.23753475000350072
1.0,0.5,4.0,4.0,0.0025,0.005,10.0,2000,two_speed,354,1.0000456194610778,2.016016356908216,0.5100997842942928,0.0017050723765588745,0,0.024060109886906125,0.23753475000350072
1.0,0.5,4.0,4.0,0.0025,0.005,20.0,4000,two_speed,354,1.0004783165790754,2.0057141542162484,0.5299427022272821,0.002935331094570209,0,0.04108916914884309,0.23753475000350072
1.0,0.5,4.0,4.0,0.0025,0.005,0.5,100,two_speed,355,1.000134341523043,1.997590759399214,0.5039423846434556,0.002499647857750332,0,0.013487986457331848,0.23924985714256763
1.0,0.5,4.0,4.0,0.0025,0.005,1.0,200,two_speed,355,1.0001393714822195,1.9977564215719195,0.501698893207186,0.002133654582971854,0,0.010966814182602272,0.23924985714256763
1.0,0.5,4.0,4.0,0.0025,0.005,2.0,400,two_speed,355,1.0002249936857817,2.012779472691978,0.5042838151493346,0.001710439340169669,0,0.01775286142163413,0.23924985714256763
1.0,0.5,4.0,4.0,0.0025,0.005,3.5,700,two_speed,355,1.0005402640160923,2.0192979446730366,0.5168028598723289,0.0036395117799674463,0,0.03535698927813689,0.23924985714256763
1.0,0.5,4.0,4.0,0.0025,0.005,5.0,1000,two_speed,355,1.0004078129902492,1.9981361817071084,0.5233547321074685,0.0026287134077543793,0,0.03235160907671162,0.23924985714256763
1.0,0.5,4.0,4.0,0.0025,0.005,10.0,2000,two_speed,355,0.9999062776997367,1.9820854889101576,0.5046781735188042,0.002877079741542098,0,0.02573953332316854,0.23924985714256763
1.0,0.5,4.0,4.0,0.0025,0.005,20.0,4000,two_speed,355,1.000176710853951,1.9857651601660926,0.5226869276364278,0.002407589338632577,0,0.03553072868369754,0.23924985714256763
1.0,0.5,4.0,4.0,0.0025,0.005,0.5,100,two_speed,356,0.9998607633346867,1.9974685838173385,0.49686075064715124,0.002216627422311249,0,0.011901227142813922,0.23733782729998762
1.0,0.5,4.0,4.0,0.0025,0.005,1.0,200,two_speed,356,1.0000100958948377,1.9999143111660937,0.5098905260063599,0.0017506984569676902,0,0.01548424612764794,0.23733782729998762
1.0,0.5,4.0,4.0,0.0025,0.005,2.0,400,two_speed,356,1.0001055216078896,2.004355719015077,0.5220185390036056,0.0022373108408441597,0,0.030852726562276167,0.23733782729998762
1.0,0.5,4.0,4.0,0.0025,0.005,3.5,700,two_speed,356,1.000218931613654,2.002639392645892,0.5303587995662447,0.004181950032863088,0,0.04419996734300672,0.23733782729998762
1.0,0.5,4.0,4.0,0.0025,0.005,5.0,1000,two_speed,356,0.9998627038444609,2.013487851853009,0.5164118894900662,0.0025009827749681145,0,0.029176649698222784,0.23733782729998762
1.0,0.5,4.0,4.0,0.0025,0.005,10.0,2000,two_speed,356,1.0003567356952223,2.0007680347314656,0.5394347468337818,0.0021450647280809292,0,0.05114016320127117,0.23733782729998762
1.0,0.5,4.0,4.0,0.0025,0.005,20.0,4000,two_speed,356,1.0001661508636632,1.9593395761893728,0.519709829372239,0.002348611539728985,0,0.054143975410057395,0.23733782729998762
1.0,0.5,4.0,4.0,0.0025,0.005,0.5,100,two_speed,357,0.9999188635271241,1.9999448462286786,0.5061582562089525,0.001895946682724408,0,0.012421354839503594,0.23913426185026765
1.0,0.5,4.0,4.0,0.0025,0.005,1.0,200,two_speed,357,0.9999201723365135,2.0018113328620455,0.5102766273404485,0.0018411589751139489,0,0.016428319261795332,0.23913426185026765
1.0,0.5,4.0,4.0,0.0025,0.005,2.0,400,two_speed,357,1.000156523017077,1.993049859782598,0.5193490261751529,0.0018710364391369143,0,0.02763153287633817,0.23913426185026765
1.0,0.5,4.0,4.0,0.0025,0.005,3.5,700,two_speed,357,0.9998155917395399,1.9918889073789172,0.5095848190229546,0.0019985701818498467,0,0.01869089981132844,0.23913426185026765
1.0,0.5,4.0,4.0,0.0025,0.005,5.0,1000,two_speed,357,1.0001198056559018,2.012153718716732,0.5164819202968163,0.00218715048429826,0,0.027592869667166786,0.23913426185026765
1.0,0.5,4.0,4.0,0.0025,0.005,10.0,2000,two_speed,357,0.9999447863829989,2.020848948706408,0.512193741712032,0.0020700138130674696,0,0.030595425694624236,0.23913426185026765
1.0,0.5,4.0,4.0,0.0025,0.005,20.0,4000,two_speed,357,1.0001176849188935,2.002123208169286,0.5205967743757194,0.0018352408128585352,0,0.028125873009935343,0.23913426185026765
1.0,0.5,4.0,4.0,0.0025,0.005,0.5,100,two_speed,358,1.0001718465053098,2.0058163631716415,0.5109806761756276,0.0015922114148080703,0,0.017370936082139823,0.23878660713255936
1.0,0.5,4.0,4.0,0.0025,0.005,1.0,200,two_speed,358,1.000056629838848,2.009398091959127,0.5100035143148811,0.0018940685384765963,0,0.019263200961568572,0.23878660713255936
1.0,0.5,4.0,4.0,0.0025,0.005,2.0,400,two_speed,358,1.0000042175842523,1.983792837843101,0.5109731823939447,0.0020245838298882973,0,0.0254861419405712,0.23878660713255936
1.0,0.5,4.0,4.0,0.0025,0.005,3.5,700,two_speed,358,1.0004174955349883,1.9767134767125494,0.5198418570309795,0.0018305533729284747,0,0.03763250745531613,0.23878660713255936
1.0,0.5,4.0,4.0,0.0025,0.005,5.0,1000,two_speed,358,1.0002800902903897,1.9848173354817078,0.519805988816245,0.0023880109778775787,0,0.03263325076650366,0.23878660713255936
1.0,0.5,4.0,4.0,0.0025,0.005,10.0,2000,two_speed,358,1.0002316897441983,1.9680520974901423,0.5347604569743774,0.001984887186585496,0,0.05827269779748345,0.23878660713255936
1.0,0.5,4.0,4.0,0.0025,0.005,20.0,4000,two_speed,358,1.0003982243678604,1.9775728069515224,0.5195979070718023,0.0016531540195167827,0,0.036493305160374655,0.23878660713255936
1.0,0.5,4.0,4.0,0.0025,0.005,0.5,100,two_speed,359,1.0000417606778766,2.0003787357142984,0.4988533509243852,0.0016220128570053353,0,0.008128840261228303,0.2378054227114522
1.0,0.5,4.0,4.0,0.0025,0.005,1.0,200,two_speed,359,1.000098753200814,1.9943835102877365,0.49855665396414794,0.0023716731791273487,0,0.01349122506458616,0.2378054227114522
1.0,0.5,4.0,4.0,0.0025,0.005,2.0,400,two_speed,359,1.0000565750829162,1.991271417822056,0.5090912336484926,0.0015392935649153866,0,0.01719644253613671,0.2378054227114522
1.0,0.5,4.0,4.0,0.0025,0.005,3.5,700,two_speed,359,1.000502429738805,1.977173033138161,0.5169562084300288,0.0018480348786987873,0,0.03484596447584932,0.2378054227114522
1.0,0.5,4.0,4.0,0.0025,0.005,5.0,1000,two_speed,359,1.0003522558091704,1.9691844044380922,0.5153012145901149,0.0020236977650642707,0,0.04147736919908906,0.2378054227114522
1.0,0.5,4.0,4.0,0.0025,0.005,10.0,2000,two_speed,359,0.9999599341835499,1.9720569575460272,0.5215746801862231,0.0019605184981487524,0,0.04346778178192401,0.2378054227114522
1.0,0.5,4.0,4.0,0.0025,0.005,20.0,4000,two_speed,359,1.000092939826425,1.9746287899200325,0.5217546339857417,0.002208879252859899,0,0.04192396778441332,0.2378054227114522
1.0,0.5,4.0,4.0,0.0025,0.005,0.5,100,two_speed,360,0.9999900837820372,1.992665343605162,0.4991307091476985,0.001656804055559478,0,0.011789191907157931,0.23707958342440957
1.0,0.5,4.0,4.0,0.0025,0.005,1.0,200,two_speed,360,0.9998892824325437,2.0080942727958346,0.49708305086108084,0.001614919133265208,0,0.012780374638996176,0.23707958342440957
1.0,0.5,4.0,4.0,0.0025,0.005,2.0,400,two_speed,360,1.0000696785443388,2.014206790295077,0.5000274023123576,0.0022202771902231242,0,0.01969133345713628,0.23707958342440957
1.0,0.5,4.0,4.0,0.0025,0.005,3.5,700,two_speed,360,0.9998305452387184,2.026009667211093,0.5070157813065903,0.0034030121846997555,0,0.0356822667564281,0.23707958342440957
1.0,0.5,4.0,4.0,0.0025,0.005,5.0,1000,two_speed,360,1.0000986511743817,2.031711977302243,0.5147297528431569,0.0021990431574864387,0,0.0424394137172316,0.23707958342440957
1.0,0.5,4.0,4.0,0.0025,0.005,10.0,2000,two_speed,360,1.0000345986263832,2.006908416388169,0.5267799677637568,0.002663867808946838,0,0.037841554357125606,0.23707958342440957
1.0,0.5,4.0,4.0,0.0025,0.005,20.0,4000,two_speed,360,1.0003924240293138,2.0176091009223955,0.5255357802661121,0.001977271519888337,0,0.03930955502529982,0.23707958342440957
1.0,0.5,4.0,4.0,0.0025,0.005,0.5,100,two_speed,361,1.0000035512957628,1.999779838389591,0.5026145293539234,0.001854778648184041,0,0.009722465613199392,0.23990516672243498
1.0,0.5,4.0,4.0,0.0025,0.005,1.0,200,two_speed,361,1.000144503097755,2.0018437192776406,0.5090632488126166,0.0022573767954420015,0,0.016157897522908207,0.23990516672243498
1.0,0.5,4.0,4.0,0.0025,0.005,2.0,400,two_speed,361,0.9999252298733011,1.9955640577255889,0.5082020070773131,0.0024042880111433493,0,0.016821072547243427,0.23990516672243498
1.0,0.5,4.0,4.0,0.0025,0.005,3.5,700,two_speed,361,0.9998949366945408,1.9995560748483592,0.5100995020417091,0.0022101922330020818,0,0.01724254184731813,0.23990516672243498
1.0,0.5,4.0,4.0,0.0025,0.005,5.0,1000,two_speed,361,1.000247140296657,2.0002537299559826,0.525609674919851,0.002388268846605906,0,0.03483206218288925,0.23990516672243498
1.0,0.5,4.0,4.0,0.0025,0.005,10.0,2000,two_speed,361,0.9998433514381316,1.9817305974576511,0.5193169690670061,0.002526250663543239,0,0.035044131998894716,0.23990516672243498
1.0,0.5,4.0,4.0,0.0025,0.005,20.0,4000,two_speed,361,1.0000848318809812,2.0087922951068284,0.5171437864140929,0.001958891654831854,0,0.026170345076002747,0.23990516672243498
1.0,0.5,4.0,4.0,0.0025,0.005,0.5,100,two_speed,362,0.9998454396134603,2.0070163168112227,0.4999272848470597,0.003248447556490778,0,0.017891805983771443,0.23977813099710538
1.0,0.5,4.0,4.0,0.0025,0.005,1.0,200,two_speed,362,1.0001536998673766,2.0066790559533985,0.5054973463469301,0.001818011807783915,0,0.01366150457142655,0.23977813099710538
1.0,0.5,4.0,4.0,0.0025,0.005,2.0,400,two_speed,362,0.9999890440597748,2.0220300167795235,0.5035539517857099,0.0023161280061405718,0,0.028238271464756676,0.23977813099710538
1.0,0.5,4.0,4.0,0.0025,0.005,3.5,700,two_speed,362,1.0002642177904897,2.0477228900932003,0.5139214365479432,0.0018439428640559766,0,0.05817658166812407,0.23977813099710538
1.0,0.5,4.0,4.0,0.0025,0.005,5.0,1000,two_speed,362,1.000273947204546,2.0334048877390587,0.520772375281801,0.0029312283945126466,0,0.04854169141349651,0.23977813099710538
1.0,0.5,4.0,4.0,0.0025,0.005,10.0,2000,two_speed,362,0.9999361678635713,2.0461438373514773,0.5222198342185713,0.001862916908332583,0,0.06089500542798458,0.23977813099710538
1.0,0.5,4.0,4.0,0.0025,0.005,20.0,4000,two_speed,362,1.0000990694643452,1.9697509164714393,0.5175218921149923,0.003035659438382721,0,0.044176745910262626,0.23977813099710538
1.0,0.5,4.0,4.0,0.0025,0.005,0.5,100,two_speed,363,0.9999876840430512,2.0020237449037768,0.5013619764824537,0.0025452173998250357,0,0.01282831734565733,0.23756174999289215
1.0,0.5,4.0,4.0,0.0025,0.005,1.0,200,two_speed,363,1.000195372504985,1.9953203516451363,0.5063013527917465,0.0020540792184922003,0,0.013874580380204157,0.23756174999289215
1.0,0.5,4.0,4.0,0.0025,0.005,2.0,400,two_speed,363,1.0005984408419355,1.9982961006510673,0.5208457315343179,0.002532407880848361,0,0.02893544438631744,0.23756174999289215
1.0,0.5,4.0,4.0,0.0025,0.005,3.5,700,two_speed,363,0.9998159151605641,1.9936955132966956,0.5144228592470907,0.0021374998078359923,0,0.023002508466183264,0.23756174999289215
1.0,0.5,4.0,4.0,0.0025,0.005,5.0,1000,two_speed,363,0.9999447557412766,1.998804946411629,0.5113571936118773,0.001393796078436294,0,0.016489760264628974,0.23756174999289215
1.0,0.5,4.0,4.0,0.0025,0.005,10.0,2000,two_speed,363,0.999930215152022,1.9746478128208722,0.5155180317565957,0.00170774882657282,0,0.03646561738852882,0.23756174999289215
1.0,0.5,4.0,4.0,0.0025,0.005,20.0,4000,two_speed,363,1.000264674681118,1.9482735249790937,0.5213460152378723,0.002965014426689554,0,0.06692785372764308,0.23756174999289215
1.0,0.5,4.0,4.0,0.0025,0.005,0.5,100,two_speed,364,0.9997409171930128,2.0088167968195707,0.4958439662330653,0.0020580784539393445,0,0.015207411225472206,0.23841118443358159
1.0,0.5,4.0,4.0,0.0025,0.005,1.0,200,two_speed,364,0.9999256102641692,2.0209152323213764,0.5023098721284216,0.0019562683521739724,0,0.026173269613427506,0.23841118443358159
1.0,0.5,4.0,4.0,0.0025,0.005,2.0,400,two_speed,364,1.0002918894376904,2.0212910643173156,0.5134196099726583,0.0026570837917671668,0,0.032567262484160066,0.23841118443358159
1.0,0.5,4.0,4.0,0.0025,0.005,3.5,700,two_speed,364,1.000116625227795,2.0079868191979338,0.5112998732777041,0.002495847463040781,0,0.021049941201238723,0.23841118443358159
1.0,0.5,4.0,4.0,0.0025,0.005,5.0,1000,two_speed,364,1.0003744801538454,2.0185363400025658,0.5202718096975969,0.0022308793710548148,0,0.035031726622903755,0.23841118443358159
1.0,0.5,4.0,4.0,0.0025,0.005,10.0,2000,two_speed,364,0.9997339600667894,2.036734714128619,0.517143019539816,0.0016509956277307814,0,0.04855656252007612,0.23841118443358159
1.0,0.5,4.0,4.0,0.0025,0.005,20.0,4000,two_speed,364,1.0000301256258737,2.048992040222638,0.5054586351583857,0.0014687887486377002,0,0.05732416671652363,0.23841118443358159
1.0,0.5,4.0,4.0,0.0025,0.005,0.5,100,two_speed,365,1.0001741401005106,2.001396363775163,0.5091561150100355,0.002029211125526535,0,0.015392979181863102,0.23877963101092195
1.0,0.5,4.0,4.0,0.0025,0.005,1.0,200,two_speed,365,1.0003101741146057,1.986901776476039,0.5124785707246745,0.0021350179093203928,0,0.024162419040378583,0.23877963101092195
1.0,0.5,4.0,4.0,0.0025,0.005,2.0,400,two_speed,365,1.0002760155881059,1.9953187368771401,0.5134540437789756,0.002584149098661874,0,0.021897928432061498,0.23877963101092195
1.0,0.5,4.0,4.0,0.0025,0.005,3.5,700,two_speed,365,1.0000896486791164,1.9882982913373728,0.5175536255660821,0.0013215915021698322,0,0.02709170453626888,0.23877963101092195
1.0,0.5,4.0,4.0,0.0025,0.005,5.0,1000,two_speed,365,1.0003451358381201,2.015035020746963,0.5239142694177324,0.0023546288022392313,0,0.036862190401583186,0.23877963101092195
1.0,0.5,4.0,4.0,0.0025,0.005,10.0,2000,two_speed,365,1.0001883413195856,2.0015922473871393,0.5115058163928019,0.0030655428105791625,0,0.021073529400832472,0.23877963101092195
1.0,0.5,4.0,4.0,0.0025,0.005,20.0,4000,two_speed,365,0.9996442200902342,1.9750118603527458,0.5319242817978422,0.0015422190543750527,0,0.051137867704597904,0.23877963101092195
1.0,0.5,4.0,4.0,0.0025,0.005,0.5,100,two_speed,366,0.9998734365513213,1.9929438953951732,0.5017117864182008,0.0019405461898852657,0,0.012786357255835592,0.23835891071108303
1.0,0.5,4.0,4.0,0.0025,0.005,1.0,200,two_speed,366,1.0002180939275975,1.990725128754363,0.5063568708171784,0.001993834334640876,0,0.016489724083476653,0.23835891071108303
1.0,0.5,4.0,4.0,0.0025,0.005,2.0,400,two_speed,366,1.0006756844249955,1.9987455203280975,0.5208697791548121,0.0033247253283952,0,0.03076989870978082,0.23835891071108303
1.0,0.5,4.0,4.0,0.0025,0.005,3.5,700,two_speed,366,1.0001167763147216,2.001863274701286,0.515024851554103,0.0022767624793880547,0,0.02240946194217941,0.23835891071108303
1.0,0.5,4.0,4.0,0.0025,0.005,5.0,1000,two_speed,366,0.9995418370450577,2.009126704885595,0.5060442509859404,0.0029413297383319753,0,0.020047821285990353,0.23835891071108303
1.0,0.5,4.0,4.0,0.0025,0.005,10.0,2000,two_speed,366,0.9998323613257033,1.9761393389003832,0.5163886682796801,0.002737898626281384,0,0.03723437584235014,0.23835891071108303
1.0,0.5,4.0,4.0,0.0025,0.005,20.0,4000,two_speed,366,0.9999611576038215,1.98025593844303,0.5132083177010086,0.003902851172377874,0,0.034138700711483554,0.23835891071108303
1.0,0.5,4.0,4.0,0.0025,0.005,0.5,100,two_speed,367,1.000204023902969,1.9942484304914987,0.5046077853469524,0.001566821055038875,0,0.011616184834744763,0.2396813155750611
1.0,0.5,4.0,4.0,0.0025,0.005,1.0,200,two_speed,367,0.9999260680422288,2.0054376211618794,0.5042137721858277,0.0014763768680328131,0,0.011137517009668862,0.2396813155750611
1.0,0.5,4.0,4.0,0.0025,0.005,2.0,400,two_speed,367,1.0001181265892762,1.9972032675794862,0.5056310198143876,0.0016179041650212652,0,0.011151977815835802,0.2396813155750611
1.0,0.5,4.0,4.0,0.0025,0.005,3.5,700,two_speed,367,1.000252157598973,1.9994702250321772,0.511110855049024,0.002690939528436588,0,0.01926156520847248,0.2396813155750611
1.0,0.5,4.0,4.0,0.0025,0.005,5.0,1000,two_speed,367,0.9998427379486756,1.9811582683275393,0.5157731165194482,0.0025331359703525988,0,0.03239692978619601,0.2396813155750611
1.0,0.5,4.0,4.0,0.0025,0.005,10.0,2000,two_speed,367,0.9997826978764274,1.991807807706351,0.5215660943561052,0.0014730561757312847,0,0.030786751762865962,0.2396813155750611
1.0,0.5,4.0,4.0,0.0025,0.005,20.0,4000,two_speed,367,1.0001213014523462,2.0147959273107516,0.5198803127549549,0.0023763772616198263,0,0.03267487755563562,0.2396813155750611
1.0,0.5,4.0,4.0,0.0025,0.005,0.5,100,two_speed,368,1.0002894086227996,2.00945104874754,0.5052333557778123,0.0017070336952882891,0,0.015127100325068947,0.23916724999435246
1.0,0.5,4.0,4.0,0.0025,0.005,1.0,200,two_speed,368,1.0002816783324662,2.0043935269622697,0.5049525216028379,0.0023579757706117923,0,0.013966615579864122,0.23916724999435246
1.0,0.5,4.0,4.0,0.0025,0.005,2.0,400,two_speed,368,1.0005239477804875,2.0137680848105552,0.508479918968613,0.0026117669143815594,0,0.022810210108688236,0.23916724999435246
1.0,0.5,4.0,4.0,0.0025,0.005,3.5,700,two_speed,368,1.0000096730957264,2.0197896561573807,0.5085400528588531,0.0018633566615335834,0,0.026946590357894856,0.23916724999435246
1.0,0.5,4.0,4.0,0.0025,0.005,5.0,1000,two_speed,368,0.9998208851751527,2.0269606067202814,0.5092213376291032,0.002440530452393085,0,0.03555124175028695,0.23916724999435246
1.0,0.5,4.0,4.0,0.0025,0.005,10.0,2000,two_speed,368,1.0001273967072701,1.9771536410568942,0.5164091646520527,0.0016410686093516794,0,0.03457046588688655,0.23916724999435246
1.0,0.5,4.0,4.0,0.0025,0.005,20.0,4000,two_speed,368,1.0000899650723272,1.941188847560207,0.5154042098724047,0.0014515016321407282,0,0.07063098897289921,0.23916724999435246
1.0,0.5,4.0,4.0,0.0025,0.005,0.5,100,two_speed,369,1.000304873231613,2.012524689592956,0.5083785999766021,0.002064857011266865,0,0.020484020446828462,0.24018307741997497
1.0,0.5,4.0,4.0,0.0025,0.005,1.0,200,two_speed,369,1.0001221626290289,2.0131997551271787,0.5001822167807735,0.002312130902824717,0,0.01900652313580153,0.24018307741997497
1.0,0.5,4.0,4.0,0.0025,0.005,2.0,400,two_speed,369,1.0002751032429729,2.012254992621404,0.5059467919186567,0.0023618471831916483,0,0.019698740014677033,0.24018307741997497
1.0,0.5,4.0,4.0,0.0025,0.005,3.5,700,two_speed,369,1.0002275514289223,2.0075998098310284,0.5106480168993576,0.001963460774170093,0,0.018657967450163605,0.24018307741997497
1.0,0.5,4.0,4.0,0.0025,0.005,5.0,1000,two_speed,369,1.0002053426815118,2.023359822548261,0.5052885129230069,0.0016339394898529718,0,0.028818429500635342,0.24018307741997497
1.0,0.5,4.0,4.0,0.0025,0.005,10.0,2000,two_speed,369,1.0003088841304895,2.016974779252936,0.5144182627172912,0.0027596644819150346,0,0.030001704373298344,0.24018307741997497
1.0,0.5,4.0,4.0,0.0025,0.005,20.0,4000,two_speed,369,0.9997162100034461,1.9456373292118536,0.5071924856768789,0.001445633195165266,0,0.0637428684808401,0.24018307741997497
1.0,0.5,4.0,4.0,0.0025,0.005,0.5,100,two_speed,370,0.9999776778661945,2.012231167834105,0.4999486641504047,0.0022753432318433535,0,0.018004149538509127,0.24006790486497007
1.0,0.5,4.0,4.0,0.0025,0.005,1.0,200,two_speed,370,1.000123952282205,2.016196284225375,0.5061616832305527,0.0014352148609042274,0,0.021419494315564783,0.24006790486497007
1.0,0.5,4.0,4.0,0.0025,0.005,2.0,400,two_speed,370,0.9999263217736937,2.008413913739998,0.5069010564256899,0.00243012564684292,0,0.017880661490464016,0.24006790486497007
1.0,0.5,4.0,4.0,0.0025,0.005,3.5,700,two_speed,370,0.9999310727795185,1.9878658667917528,0.5076185708121435,0.0023367787927844885,0,0.020740728995343943,0.24006790486497007
1.0,0.5,4.0,4.0,0.0025,0.005,5.0,1000,two_speed,370,1.0002930792493616,1.974782894485638,0.5107511997216606,0.0025305342922126123,0,0.034196932699743596,0.24006790486497007
1.0,0.5,4.0,4.0,0.0025,0.005,10.0,2000,two_speed,370,1.000494311704975,1.9485924501614245,0.5126940382267597,0.0025395794266682425,0,0.062254614532712485,0.24006790486497007
1.0,0.5,4.0,4.0,0.0025,0.005,20.0,4000,two_speed,370,0.9997270798872343,1.9997183980457736,0.5163626126817046,0.0023950323341000008,0,0.024757495932353296,0.24006790486497007
1.0,0.5,4.0,4.0,0.0025,0.005,0.5,100,two_speed,371,1.000036925602055,1.9980618436004798,0.5005746464271821,0.001396315965204102,0,0.0072384377351888225,0.23775726786282445
1.0,0.5,4.0,4.0,0.0025,0.005,1.0,200,two_speed,371,0.9999326653491967,1.9975784948530901,0.5003308305294764,0.001694354790672045,0,0.008793815870102759,0.23775726786282445
1.0,0.5,4.0,4.0,0.0025,0.005,2.0,400,two_speed,371,1.000379245500825,1.9896441093465562,0.5140155092638015,0.002793856555619999,0,0.02534088814179477,0.23775726786282445
1.0,0.5,4.0,4.0,0.0025,0.005,3.5,700,two_speed,371,1.0003908744678567,1.9878999188217676,0.5170634467573453,0.002149836938659528,0,0.02764721792154238,0.23775726786282445
1.0,0.5,4.0,4.0,0.0025,0.005,5.0,1000,two_speed,371,1.0001588588121353,1.9849098586350122,0.5117585467228732,0.0013920661459063508,0,0.02392680418722349,0.23775726786282445
1.0,0.5,4.0,4.0,0.0025,0.005,10.0,2000,two_speed,371,1.0004974035230234,1.9631488368767729,0.5359828829824732,0.00192184686568216,0,0.06244758383072126,0.23775726786282445
1.0,0.5,4.0,4.0,0.0025,0.005,20.0,4000,two_speed,371,0.9999568974063547,2.0001093274820083,0.5263434044924956,0.001802484145141403,0,0.0353238569080074,0.23775726786282445
1.0,0.5,4.0,4.0,0.0025,0.005,0.5,100,two_speed,372,0.9999901965798046,2.0089478740642575,0.5037838083684073,0.001380688254021376,0,0.013304972689682596,0.24165793456735887
1.0,0.5,4.0,4.0,0.0025,0.005,1.0,200,two_speed,372,1.0000577683446568,2.008567546703297,0.510224979981033,0.0037250660883512273,0,0.02454404921016341,0.24165793456735887
1.0,0.5,4.0,4.0,0.0025,0.005,2.0,400,two_speed,372,1.0002336865798074,2.008894566430678,0.5129474809752151,0.0014714408818238287,0,0.020613359892666234,0.24165793456735887
1.0,0.5,4.0,4.0,0.0025,0.005,3.5,700,two_speed,372,0.9997707534534165,2.004883819291093,0.5042384215814133,0.0016703751595921002,0,0.011673826968336895,0.24165793456735887
1.0,0.5,4.0,4.0,0.0025,0.005,5.0,1000,two_speed,372,0.9999750513751805,2.015320633582146,0.520382029227637,0.0018526240061360396,0,0.032992991571690874,0.24165793456735887
1.0,0.5,4.0,4.0,0.0025,0.005,10.0,2000,two_speed,372,1.0002780195986063,2.0175868009884175,0.5195542453757129,0.0015726102309505294,0,0.032924451505542775,0.24165793456735887
1.0,0.5,4.0,4.0,0.0025,0.005,20.0,4000,two_speed,372,1.0001963888324643,2.074083747923647,0.5187109007483142,0.0021730743421377817,0,0.08883126492190062,0.24165793456735887
1.0,0.5,4.0,4.0,0.0025,0.005,0.5,100,two_speed,373,0.9999407844731768,1.9889685074381187,0.5001213459236779,0.0014720987619926313,0,0.014647357754067756,0.23927388085784124
1.0,0.5,4.0,4.0,0.0025,0.005,1.0,200,two_speed,373,1.0001030256138028,1.9890075893006403,0.5062903654229914,0.0015876397420338472,0,0.016890508975680476,0.23927388085784124
1.0,0.5,4.0,4.0,0.0025,0.005,2.0,400,two_speed,373,0.999980047622118,2.008355507300344,0.5045489677632105,0.0019508817807810377,0,0.01484904908315588,0.23927388085784124
1.0,0.5,4.0,4.0,0.0025,0.005,3.5,700,two_speed,373,0.9995290476335077,1.9933582352830908,0.505746810935493,0.002261517467127657,0,0.016073764389994485,0.23927388085784124
1.0,0.5,4.0,4.0,0.0025,0.005,5.0,1000,two_speed,373,0.9997562423559799,2.005561506175627,0.5055402575718269,0.0028102786856922923,0,0.01711313151243912,0.23927388085784124
1.0,0.5,4.0,4.0,0.0025,0.005,10.0,2000,two_speed,373,1.0001328072650124,2.0186652690804703,0.5195912280272098,0.002342248436671127,0,0.03510618353125364,0.23927388085784124
1.0,0.5,4.0,4.0,0.0025,0.005,20.0,4000,two_speed,373,1.0001019069651453,1.9802206599791345,0.5264400088511882,0.0018213021506825657,0,0.0419016254664858,0.23927388085784124
1.0,0.5,4.0,4.0,0.0025,0.005,0.5,100,two_speed,374,1.0002377170498007,2.003032777419854,0.5052399852089648,0.0018240397002220708,0,0.011560405188236431,0.2394109880052773
1.0,0.5,4.0,4.0,0.0025,0.005,1.0,200,two_speed,374,1.0004517790799208,2.006755308244741,0.5065431506574739,0.0027284882409840277,0,0.017347056521832185,0.2394109880052773
1.0,0.5,4.0,4.0,0.0025,0.005,2.0,400,two_speed,374,1.000508285678348,1.9952865874201833,0.5110309011007119,0.0023050970653029136,0,0.018457637366540474,0.2394109880052773
1.0,0.5,4.0,4.0,0.0025,0.005,3.5,700,two_speed,374,1.0000617136772556,1.9804650508622854,0.5144808812714221,0.0015377454311891689,0,0.030148256169642857,0.2394109880052773
1.0,0.5,4.0,4.0,0.0025,0.005,5.0,1000,two_speed,374,1.0001225861995524,1.9534136418625063,0.5256676438744127,0.0014508362858405358,0,0.06291599474327882,0.2394109880052773
1.0,0.5,4.0,4.0,0.0025,0.005,10.0,2000,two_speed,374,1.0000990489788815,1.9822470735734319,0.5256669943023359,0.001981808962922077,0,0.03986303357170878,0.2394109880052773
1.0,0.5,4.0,4.0,0.0025,0.005,20.0,4000,two_speed,374,1.0000764257482633,1.9863336533046196,0.5162469973114572,0.0017479458212388548,0,0.02754577246339308,0.2394109880052773
1.0,0.5,4.0,4.0,0.0025,0.005,0.5,100,two_speed,375,1.000236553430054,1.9941489469495195,0.5019364818706229,0.001547379271545741,0,0.010409756478651267,0.23959438685726905
1.0,0.5,4.0,4.0,0.0025,0.005,1.0,200,two_speed,375,1.0000012255677018,2.0005813136037034,0.4971183912557347,0.0016965697202332658,0,0.009165699806029447,0.23959438685726905
1.0,0.5,4.0,4.0,0.0025,0.005,2.0,400,two_speed,375,0.9998054753760289,2.0092208672490464,0.5021775698864619,0.0017377161732369671,0,0.014037084121281242,0.23959438685726905
1.0,0.5,4.0,4.0,0.0025,0.005,3.5,700,two_speed,375,1.000297716573128,2.0243469745976097,0.5026174544689198,0.00159181287051789,0,0.029312302959582516,0.23959438685726905
1.0,0.5,4.0,4.0,0.0025,0.005,5.0,1000,two_speed,375,1.0001342627357694,2.0312819722402184,0.5026433568974639,0.0018709300807687736,0,0.03736218286907901,0.23959438685726905
1.0,0.5,4.0,4.0,0.0025,0.005,10.0,2000,two_speed,375,1.0000901479585895,2.025373180881004,0.5336726318864333,0.0016908661800960603,0,0.052597620375282685,0.23959438685726905
1.0,0.5,4.0,4.0,0.0025,0.005,20.0,4000,two_speed,375,1.0001439330923796,2.03636759659375,0.5208111019733144,0.003073968321672669,0,0.05142274098224688,0.23959438685726905
1.0,0.5,4.0,4.0,0.0025,0.005,0.5,100,two_speed,376,1.0004438396580555,2.005036031813052,0.5082338369051781,0.00258192195641561,0,0.017137116750965693,0.23718196429711366
1.0,0.5,4.0,4.0,0.0025,0.005,1.0,200,two_speed,376,1.0001617092796578,2.0093400778194597,0.5091155240914584,0.001648438193254274,0,0.01776916075400526,0.23718196429711366
1.0,0.5,4.0,4.0,0.0025,0.005,2.0,400,two_speed,376,1.000192758533024,2.023681408025566,0.5222346904391322,0.001691372390227986,0,0.04008780191946533,0.23718196429711366
1.0,0.5,4.0,4.0,0.0025,0.005,3.5,700,two_speed,376,1.0003494548668346,2.0218836802913107,0.5287299414445418,0.0024477676454838144,0,0.0459789298530894,0.23718196429711366
1.0,0.5,4.0,4.0,0.0025,0.005,5.0,1000,two_speed,376,1.000101090342609,2.013218636898929,0.5236656908521636,0.0021066033491389923,0,0.035660611708652847,0.23718196429711366
1.0,0.5,4.0,4.0,0.0025,0.005,10.0,2000,two_speed,376,1.0004302090869839,1.9970411301148145,0.5194637567436767,0.0023251025016585523,0,0.02719071952294299,0.23718196429711366
1.0,0.5,4.0,4.0,0.0025,0.005,20.0,4000,two_speed,376,0.9994521815016278,1.96760531919353,0.5139159206216968,0.00277306176733159,0,0.04418830785938178,0.23718196429711366
1.0,0.5,4.0,4.0,0.0025,0.005,0.5,100,two_speed,377,0.9998258774847322,1.9953700645115588,0.5036788343210237,0.0017935452293481485,0,0.01154246428696689,0.23875380957698716
1.0,0.5,4.0,4.0,0.0025,0.005,1.0,200,two_speed,377,0.9999206744008171,1.989595355020325,0.5051621852038605,0.0017457750171787187,0,0.0162620738599737,0.23875380957698716
1.0,0.5,4.0,4.0,0.0025,0.005,2.0,400,two_speed,377,1.000078283685499,1.9867268614375206,0.515630378720229,0.0019738173015730566,0,0.02712941653141822,0.23875380957698716
1.0,0.5,4.0,4.0,0.0025,0.005,3.5,700,two_speed,377,0.9999359122892959,1.9690182506979108,0.5174578670434784,0.001997637130791109,0,0.0431960312577209,0.23875380957698716
1.0,0.5,4.0,4.0,0.0025,0.005,5.0,1000,two_speed,377,1.0000480854287472,1.9600222036653125,0.5215454385649986,0.0023096530454530697,0,0.054739389388869006,0.23875380957698716
1.0,0.5,4.0,4.0,0.0025,0.005,10.0,2000,two_speed,377,0.9998689660905213,1.949300259438773,0.5140034086969362,0.0014633106533551968,0,0.06146493464829913,0.23875380957698716
1.0,0.5,4.0,4.0,0.0025,0.005,20.0,4000,two_speed,377,1.0002416616064933,2.040421580782467,0.5242370200005151,0.001503364964540722,0,0.0560733829549187,0.23875380957698716
1.0,0.5,4.0,4.0,0.0025,0.005,0.5,100,two_speed,378,0.9999499678778542,2.008584231446429,0.5023510946062774,0.0017528728672730571,0,0.013501076228631958,0.2386470357055909
1.0,0.5,4.0,4.0,0.0025,0.005,1.0,200,two_speed,378,1.0000184563198755,2.0098070373087906,0.5085705272622767,0.002186794453799135,0,0.019198516836084426,0.2386470357055909
1.0,0.5,4.0,4.0,0.0025,0.005,2.0,400,two_speed,378,0.9999281548065825,2.0076261194054275,0.5058196062524629,0.0016972490943408468,0,0.014401367477396907,0.2386470357055909
1.0,0.5,4.0,4.0,0.0025,0.005,3.5,700,two_speed,378,1.0001094271491746,2.01583067387945,0.5075723271382224,0.001547712504593086,0,0.021942062383589173,0.2386470357055909
1.0,0.5,4.0,4.0,0.0025,0.005,5.0,1000,two_speed,378,1.0002222443255473,2.0317661372899902,0.508563390821263,0.0021112524115259905,0,0.0394264812248604,0.2386470357055909
1.0,0.5,4.0,4.0,0.0025,0.005,10.0,2000,two_speed,378,1.000102221801356,2.0320524704276814,0.5266065624917813,0.0016788280153121327,0,0.05075168648944218,0.2386470357055909
1.0,0.5,4.0,4.0,0.0025,0.005,20.0,4000,two_speed,378,0.9996276351093148,2.0702260942236923,0.5182438364591663,0.001976441119403256,0,0.08465339148343161,0.2386470357055909
1.0,0.5,4.0,4.0,0.0025,0.005,0.5,100,two_speed,379,1.0000376507526925,2.0060817007498963,0.5012491002258038,0.00155849776718582,0,0.010497417622005692,0.23858050601224282
1.0,0.5,4.0,4.0,0.0025,0.005,1.0,200,two_speed,379,1.0002084156367748,2.01162514208511,0.5052798267160685,0.0022710388787914614,0,0.01863366179188399,0.23858050601224282
1.0,0.5,4.0,4.0,0.0025,0.005,2.0,400,two_speed,379,1.0003682635013016,1.9877678097252711,0.5159544909961529,0.0023310231639086213,0,0.02706424554062217,0.23858050601224282
1.0,0.5,4.0,4.0,0.0025,0.005,3.5,700,two_speed,379,1.0002421895763909,1.9851095385335704,0.508027936921658,0.0019545801173052367,0,0.02205450339568508,0.23858050601224282
1.0,0.5,4.0,4.0,0.0025,0.005,5.0,1000,two_speed,379,1.0000970483234919,1.985126447286164,0.5094865501370587,0.002870692359264943,0,0.025355846550270626,0.23858050601224282
1.0,0.5,4.0,4.0,0.0025,0.005,10.0,2000,two_speed,379,0.9998813437914351,2.0208085188388822,0.5101145971981991,0.002016760199190789,0,0.029208116489341577,0.23858050601224282
1.0,0.5,4.0,4.0,0.0025,0.005,20.0,4000,two_speed,379,0.9999690175658505,2.0415179411306603,0.517742389794666,0.002106227563726633,0,0.053899560378368266,0.23858050601224282
1.0,0.5,4.0,4.0,0.0025,0.005,0.5,100,two_speed,380,0.9999505123331102,1.997056781462306,0.5030032831834604,0.0012613596411619997,0,0.008134254683463536,0.23890400001047446
1.0,0.5,4.0,4.0,0.0025,0.005,1.0,200,two_speed,380,0.9998050404585268,1.9980829857182647,0.4991466808722927,0.001980935512154681,0,0.010028297956390335,0.23890400001047446
1.0,0.5,4.0,4.0,0.0025,0.005,2.0,400,two_speed,380,1.0004072130460822,1.9799237918690085,0.5138527618464918,0.0018036802030573875,0,0.030163809789705558,0.23890400001047446
1.0,0.5,4.0,4.0,0.0025,0.005,3.5,700,two_speed,380,1.0003169860463208,1.9796578020424813,0.5035515855434655,0.0023254704588838906,0,0.02639490923915463,0.23890400001047446
1.0,0.5,4.0,4.0,0.0025,0.005,5.0,1000,two_speed,380,0.9999780122628659,1.9819197716655104,0.504443175637754,0.0016482346406171623,0,0.023113596833411482,0.23890400001047446
1.0,0.5,4.0,4.0,0.0025,0.005,10.0,2000,two_speed,380,1.0003452689099497,1.9777774870104115,0.5173195164555219,0.0023664981553162116,0,0.035573247314709525,0.23890400001047446
1.0,0.5,4.0,4.0,0.0025,0.005,20.0,4000,two_speed,380,0.9996600102300573,1.9502003514931994,0.5227463230606775,0.002428916841138963,0,0.06541392125327555,0.23890400001047446
1.0,0.5,4.0,4.0,0.0025,0.005,0.5,100,two_speed,381,0.9999775972671142,1.9978800194175326,0.4951892806962695,0.0019321005901422386,0,0.011617691006904221,0.23985539286929583
1.0,0.5,4.0,4.0,0.0025,0.005,1.0,200,two_speed,381,1.0001963958038165,2.00078990510697,0.49910131447388234,0.0026429035732164546,0,0.013124676908025103,0.23985539286929583
1.0,0.5,4.0,4.0,0.0025,0.005,2.0,400,two_speed,381,1.0001616840632919,2.0010114362527887,0.5046906092042408,0.001919771486611182,0,0.011140434142394044,0.23985539286929583
1.0,0.5,4.0,4.0,0.0025,0.005,3.5,700,two_speed,381,1.0002909787625764,2.01107617107684,0.5137927895850354,0.0023077712643036637,0,0.024340711525921925,0.23985539286929583
1.0,0.5,4.0,4.0,0.0025,0.005,5.0,1000,two_speed,381,1.000061301668917,2.013599356396831,0.5157510995075728,0.0020603986583591326,0,0.027526128330622426,0.23985539286929583
1.0,0.5,4.0,4.0,0.0025,0.005,10.0,2000,two_speed,381,1.0005178361651603,2.012560836641378,0.5144491555796137,0.0025157544699521165,0,0.026154971551278678,0.23985539286929583
1.0,0.5,4.0,4.0,0.0025,0.005,20.0,4000,two_speed,381,1.0001084092339507,1.9809091877768,0.5246961280762967,0.0015521540194354613,0,0.03933163548935018,0.23985539286929583
1.0,0.5,4.0,4.0,0.0025,0.005,0.5,100,two_speed,382,0.9998438801001955,1.9928983965905809,0.4968944456915356,0.002709194952748172,0,0.016062167411034875,0.23937647615093738
1.0,0.5,4.0,4.0,0.0025,0.005,1.0,200,two_speed,382,0.9999372299337885,1.986623437882191,0.499808282598795,0.00219271688455324,0,0.018826980433110974,0.23937647615093738
1.0,0.5,4.0,4.0,0.0025,0.005,2.0,400,two_speed,382,1.0004731280616566,1.9771870549833046,0.5185157642128725,0.002953819550487544,0,0.037911698995023176,0.23937647615093738
1.0,0.5,4.0,4.0,0.0025,0.005,3.5,700,two_speed,382,1.0001895648798218,1.9664427826672874,0.5231814723683698,0.002218260977112051,0,0.04984565022019425,0.23937647615093738
1.0,0.5,4.0,4.0,0.0025,0.005,5.0,1000,two_speed,382,1.0000439254989624,1.9702818055256626,0.5214270496429024,0.002132782640174912,0,0.04502905398003374,0.23937647615093738
1.0,0.5,4.0,4.0,0.0025,0.005,10.0,2000,two_speed,382,1.0001297594253566,1.9706068817111981,0.5145049196424794,0.0014043392876677233,0,0.03909787877653153,0.23937647615093738
1.0,0.5,4.0,4.0,0.0025,0.005,20.0,4000,two_speed,382,0.9999706838481282,1.9915350001338146,0.5196259359647172,0.0015870982843729333,0,0.028364230550238283,0.23937647615093738
1.0,0.5,4.0,4.0,0.0025,0.005,0.5,100,two_speed,383,1.0000740682952807,1.997114007373606,0.5059658386477963,0.001705572522904146,0,0.011826262311602056,0.23798524413723499
1.0,0.5,4.0,4.0,0.0025,0.005,1.0,200,two_speed,383,1.0001750690357845,2.008450058582729,0.5104660910563847,0.0016699354203605033,0,0.018429268584052496,0.23798524413723499
1.0,0.5,4.0,4.0,0.0025,0.005,2.0,400,two_speed,383,0.9999573666437087,2.004305560679405,0.5122229014011941,0.0017778367381644938,0,0.018906950025807005,0.23798524413723499
1.0,0.5,4.0,4.0,0.0025,0.005,3.5,700,two_speed,383,0.9997377446609578,2.000014481201281,0.5118227283476173,0.0015480598947771645,0,0.017715444486156934,0.23798524413723499
1.0,0.5,4.0,4.0,0.0025,0.005,5.0,1000,two_speed,383,0.9999307484756302,2.001938116184027,0.5184018797269438,0.0018738449591924624,0,0.0258210739822909,0.23798524413723499
1.0,0.5,4.0,4.0,0.0025,0.005,10.0,2000,two_speed,383,1.0000649451945887,2.0172990383181006,0.5277878345379015,0.0019006613100270697,0,0.04204303065910985,0.23798524413723499
1.0,0.5,4.0,4.0,0.0025,0.005,20.0,4000,two_speed,383,0.9998190237416278,2.0189052536643644,0.5168906159424005,0.0018594273080126873,0,0.032424070292631973,0.23798524413723499
1.0,0.5,4.0,4.0,0.0025,0.005,0.5,100,two_speed,384,1.0004626676401445,2.010137641165827,0.5121148049446794,0.00271552968863585,0,0.023219231244669215,0.23776925599668175
1.0,0.5,4.0,4.0,0.0025,0.005,1.0,200,two_speed,384,1.000135225065656,2.0061163479817985,0.5065294717789346,0.0017501468597918126,0,0.01384508251282473,0.23776925599668175
1.0,0.5,4.0,4.0,0.0025,0.005,2.0,400,two_speed,384,1.0003160904788766,1.995007316988355,0.5105192746767544,0.0022189418999144644,0,0.018029605200458588,0.23776925599668175
1.0,0.5,4.0,4.0,0.0025,0.005,3.5,700,two_speed,384,1.0005817606918093,1.9954108343820978,0.5241355287391297,0.0029095231470061484,0,0.033913647049651253,0.23776925599668175
1.0,0.5,4.0,4.0,0.0025,0.005,5.0,1000,two_speed,384,1.0000893652480136,1.9995461464095081,0.5284840914521631,0.0017148708815504525,0,0.03764642775577716,0.23776925599668175
1.0,0.5,4.0,4.0,0.0025,0.005,10.0,2000,two_speed,384,0.9997530977418462,2.0324711097899195,0.5179877947729998,0.0015168898318669774,0,0.0448224954422508,0.23776925599668175
1.0,0.5,4.0,4.0,0.0025,0.005,20.0,4000,two_speed,384,1.000010450985248,2.023796923126312,0.5266769650276502,0.001939973257583498,0,0.045000163521592834,0.23776925599668175
1.0,0.5,4.0,4.0,0.0025,0.005,0.5,100,two_speed,385,0.9999688920152618,2.0005989992134037,0.4988490935753187,0.0023649108687935154,0,0.011711376304581052,0.23653339285270444
1.0,0.5,4.0,4.0,0.0025,0.005,1.0,200,two_speed,385,0.9999384554314183,2.007591929105647,0.5013243295384914,0.0014663222347987095,0,0.011492075913529095,0.23653339285270444
1.0,0.5,4.0,4.0,0.0025,0.005,2.0,400,two_speed,385,1.0000390609500347,2.00356057276913,0.5027742629166169,0.001390516114807236,0,0.008721319746836402,0.23653339285270444
1.0,0.5,4.0,4.0,0.0025,0.005,3.5,700,two_speed,385,0.9997746612381133,1.9900245748549326,0.5069001654684967,0.001618576670331494,0,0.01689890149835334,0.23653339285270444
1.0,0.5,4.0,4.0,0.0025,0.005,5.0,1000,two_speed,385,0.9998114228554081,1.9965845157278321,0.5116488117505094,0.00276167178407858,0,0.02104322411679252,0.23653339285270444
1.0,0.5,4.0,4.0,0.0025,0.005,10.0,2000,two_speed,385,0.9998116728640725,1.9849019159865242,0.5203051533824389,0.0024868898104927835,0,0.03407828078411045,0.23653339285270444
1.0,0.5,4.0,4.0,0.0025,0.005,20.0,4000,two_speed,385,0.9997959933942138,1.9959804545438844,0.5266289472263089,0.002625139696038484,0,0.037350794919068175,0.23653339285270444
1.0,0.5,4.0,4.0,0.0025,0.005,0.5,100,two_speed,386,1.000245187918389,2.0007832837409874,0.5092798248788061,0.002456048380375385,0,0.016808536490315735,0.23898836900480092
1.0,0.5,4.0,4.0,0.0025,0.005,1.0,200,two_speed,386,1.0003221603672252,2.004306088019947,0.5143620886494235,0.002493440855450121,0,0.022442782641167225,0.23898836900480092
1.0,0.5,4.0,4.0,0.0025,0.005,2.0,400,two_speed,386,1.0001375802828665,1.9961163865060099,0.5171498819276732,0.0017150090990543634,0,0.023960126724884758,0.23898836900480092
1.0,0.5,4.0,4.0,0.0025,0.005,3.5,700,two_speed,386,1.0001101850157437,1.9684185497247488,0.5233313812615099,0.0017614932899458712,0,0.047690398091658745,0.23898836900480092
1.0,0.5,4.0,4.0,0.0025,0.005,5.0,1000,two_speed,386,0.9998147202838286,1.9414028814055941,0.5092851590484582,0.0014336035293029306,0,0.06885372602962937,0.23898836900480092
1.0,0.5,4.0,4.0,0.0025,0.005,10.0,2000,two_speed,386,0.999642345257924,1.9523372337448839,0.5197163034720444,0.0017412232510060058,0,0.061149906536742266,0.23898836900480092
1.0,0.5,4.0,4.0,0.0025,0.005,20.0,4000,two_speed,386,0.9999421484461619,1.9789383891463208,0.5182429716611032,0.0025157798165611044,0,0.03589388509738392,0.23898836900480092
1.0,0.5,4.0,4.0,0.0025,0.005,0.5,100,two_speed,387,1.000121948639302,1.9972918700425903,0.5042772940307048,0.002162592017568819,0,0.012295749139335838,0.23848690471744963
1.0,0.5,4.0,4.0,0.0025,0.005,1.0,200,two_speed,387,1.0000188546350346,1.9860710919982196,0.5107303387419354,0.0016300391524601723,0,0.022718951548369802,0.23848690471744963
1.0,0.5,4.0,4.0,0.0025,0.005,2.0,400,two_speed,387,0.9999683172669203,1.9855726409894559,0.5096739956296167,0.0021904450742897324,0,0.02344284706447905,0.23848690471744963
1.0,0.5,4.0,4.0,0.0025,0.005,3.5,700,two_speed,387,0.9998489514922322,1.9737638288196926,0.5159291407745804,0.0020217420922938466,0,0.03803474518590524,0.23848690471744963
1.0,0.5,4.0,4.0,0.0025,0.005,5.0,1000,two_speed,387,1.0002024170725377,1.9809736681243488,0.5287895708814031,0.002411665233734849,0,0.04423653825626341,0.23848690471744963
1.0,0.5,4.0,4.0,0.0025,0.005,10.0,2000,two_speed,387,1.000145404482775,1.9448393760290332,0.5218685391442852,0.002390565593148517,0,0.07017565161171536,0.23848690471744963
1.0,0.5,4.0,4.0,0.0025,0.005,20.0,4000,two_speed,387,1.000470806785008,1.971323693306232,0.5282130407186971,0.0021144266696138028,0,0.049458010010870676,0.23848690471744963
1.0,0.5,4.0,4.0,0.0025,0.005,0.5,100,two_speed,388,1.000252452093497,2.0003756901138607,0.5123123635527327,0.0020694083796690414,0,0.018617407992032167,0.23794722013242012
1.0,0.5,4.0,4.0,0.0025,0.005,1.0,200,two_speed,388,1.000010944456598,1.999334747724779,0.5174168278645387,0.0018062761279747917,0,0.02427995179829637,0.23794722013242012
1.0,0.5,4.0,4.0,0.0025,0.005,2.0,400,two_speed,388,0.9999733575325668,2.0053976119405057,0.5176064727556453,0.001618916020461383,0,0.02506761492906157,0.23794722013242012
1.0,0.5,4.0,4.0,0.0025,0.005,3.5,700,two_speed,388,1.0000485657387308,2.0184358094021007,0.5132754612177131,0.0017262285118404435,0,0.028608762436835918,0.23794722013242012
1.0,0.5,4.0,4.0,0.0025,0.005,5.0,1000,two_speed,388,1.0005291638748377,2.02352445224778,0.5179421299730489,0.0021626559584741203,0,0.036545036789673885,0.23794722013242012
1.0,0.5,4.0,4.0,0.0025,0.005,10.0,2000,two_speed,388,1.00002028856657,2.051536015233315,0.5160187367997157,0.001557531278821863,0,0.06308909844933548,0.23794722013242012
1.0,0.5,4.0,4.0,0.0025,0.005,20.0,4000,two_speed,388,0.9997294247664678,2.08293661058203,0.5152630697894178,0.0026145485801319954,0,0.09802059580865058,0.23794722013242012
1.0,0.5,4.0,4.0,0.0025,0.005,0.5,100,two_speed,389,1.0000494013959158,2.005591648291801,0.5000107102044303,0.0018505240912147316,0,0.011141282372770955,0.23860286899642752
1.0,0.5,4.0,4.0,0.0025,0.005,1.0,200,two_speed,389,0.9999481536505213,2.0103016309625055,0.5048723199247129,0.0021215259468132064,0,0.017030137413924458,0.23860286899642752
1.0,0.5,4.0,4.0,0.0025,0.005,2.0,400,two_speed,389,1.0000407116793393,1.9969553648784388,0.5196119383891029,0.002813232366754727,0,0.029079433212226863,0.23860286899642752
1.0,0.5,4.0,4.0,0.0025,0.005,3.5,700,two_speed,389,1.0003047763585955,2.001488944080146,0.5248697820210334,0.0017561971871318893,0,0.032897339668357437,0.23860286899642752
1.0,0.5,4.0,4.0,0.0025,0.005,5.0,1000,two_speed,389,1.0003381221421601,2.02144556627683,0.5204344565432508,0.002311359246487649,0,0.037535190420888,0.23860286899642752
1.0,0.5,4.0,4.0,0.0025,0.005,10.0,2000,two_speed,389,1.0000473412937045,2.054762674656898,0.5076368109736995,0.002762032018094069,0,0.06524427873802109,0.23860286899642752
1.0,0.5,4.0,4.0,0.0025,0.005,20.0,4000,two_speed,389,1.000488606287121,2.036903224445197,0.5285768330053364,0.0023782511025855525,0,0.056629905391229654,0.23860286899642752
1.0,0.5,4.0,4.0,0.0025,0.005,0.5,100,two_speed,390,1.000271250061875,2.007418695199172,0.5093709424493019,0.0021503635817154932,0,0.01794863496976051,0.23796104757846998
1.0,0.5,4.0,4.0,0.0025,0.005,1.0,200,two_speed,390,1.0002138117379293,2.005405082731625,0.5137265512759797,0.002060394667152358,0,0.02115768721177538,0.23796104757846998
1.0,0.5,4.0,4.0,0.0025,0.005,2.0,400,two_speed,390,1.000036538492769,2.0006074788837966,0.5104140818727231,0.0016410031584818366,0,0.01575260334868851,0.23796104757846998
1.0,0.5,4.0,4.0,0.0025,0.005,3.5,700,two_speed,390,0.9999175131464662,2.0024531114947823,0.5111327050985736,0.0021393595102290734,0,0.018238300485027933,0.23796104757846998
1.0,0.5,4.0,4.0,0.0025,0.005,5.0,1000,two_speed,390,1.0003260797404756,2.0109595762467682,0.5194312353837309,0.0028207121343726527,0,0.030907030859314927,0.23796104757846998
1.0,0.5,4.0,4.0,0.0025,0.005,10.0,2000,two_speed,390,0.9995252555305736,2.0107693070216497,0.5111273886928157,0.0017267442934520438,0,0.021669985851452262,0.23796104757846998
1.0,0.5,4.0,4.0,0.0025,0.005,20.0,4000,two_speed,390,1.0001907209178043,2.0641213500765234,0.52367670057331,0.0015095571397590892,0,0.0795503246498183,0.23796104757846998
1.0,0.5,4.0,4.0,0.0025,0.005,0.5,100,two_speed,391,0.9999774681406837,1.999733072961416,0.5046626427075122,0.0010403094425607325,0,0.00799919684334754,0.23740438686218113
1.0,0.5,4.0,4.0,0.0025,0.005,1.0,200,two_speed,391,0.9996073317407536,2.0077775099904724,0.5017317923587163,0.0021228391610208556,0,0.014205101406259127,0.23740438686218113
1.0,0.5,4.0,4.0,0.0025,0.005,2.0,400,two_speed,391,1.0000725340288825,2.0084504186792285,0.5134192853666874,0.0015648730312404864,0,0.021323179585686004,0.23740438686218113
1.0,0.5,4.0,4.0,0.0025,0.005,3.5,700,two_speed,391,1.0002946475334953,1.9948603479774754,0.5238539592809545,0.0024084575812731634,0,0.033133991192538285,0.23740438686218113
1.0,0.5,4.0,4.0,0.0025,0.005,5.0,1000,two_speed,391,1.0001057526277788,1.9914390438297476,0.5237418042561817,0.0016015422156262947,0,0.03304586340379123,0.23740438686218113
1.0,0.5,4.0,4.0,0.0025,0.005,10.0,2000,two_speed,391,1.0000167007741583,1.9520127019618643,0.5217013121531324,0.0026046291692807043,0,0.06310389171763617,0.23740438686218113
1.0,0.5,4.0,4.0,0.0025,0.005,20.0,4000,two_speed,391,1.000170219583276,1.9689659136449371,0.5225330867494921,0.0015295270088937708,0,0.046366666281922146,0.23740438686218113
1.0,0.5,4.0,4.0,0.0025,0.005,0.5,100,two_speed,392,1.0002915229408103,1.997752481920434,0.5048635784438306,0.0022182822269370753,0,0.01265287432138528,0.2379764345574326
1.0,0.5,4.0,4.0,0.0025,0.005,1.0,200,two_speed,392,1.0000888428223984,1.9876210449093812,0.5052992146723346,0.002480994467482016,0,0.019976796180764422,0.2379764345574326
1.0,0.5,4.0,4.0,0.0025,0.005,2.0,400,two_speed,392,0.9999346964785051,1.9748354240817265,0.5121284820288543,0.0027780961350395107,0,0.03577560436245097,0.2379764345574326
1.0,0.5,4.0,4.0,0.0025,0.005,3.5,700,two_speed,392,1.0001471607019194,1.9898253759512983,0.5203583059564191,0.0023030402678607307,0,0.03085869343514835,0.2379764345574326
1.0,0.5,4.0,4.0,0.0025,0.005,5.0,1000,two_speed,392,0.9999932709185452,1.9975121707427976,0.5169977848413939,0.0015357045665299542,0,0.02352474970894407,0.2379764345574326
1.0,0.5,4.0,4.0,0.0025,0.005,10.0,2000,two_speed,392,1.0003514783348295,1.975675195400473,0.528299877464903,0.001775665257627673,0,0.04622148879732971,0.2379764345574326
1.0,0.5,4.0,4.0,0.0025,0.005,20.0,4000,two_speed,392,1.0000952028556704,1.9815511095705616,0.5200438584865146,0.0017600146684161367,0,0.034429061570262695,0.2379764345574326
1.0,0.5,4.0,4.0,0.0025,0.005,0.5,100,two_speed,393,1.0001079439754972,2.000554398499591,0.5047090676268303,0.0022707796597223706,0,0.012642841302686676,0.23829019043062413
1.0,0.5,4.0,4.0,0.0025,0.005,1.0,200,two_speed,393,1.0000197675702958,2.012090694584993,0.4992755637270338,0.001922510521108227,0,0.016877746147007922,0.23829019043062413
1.0,0.5,4.0,4.0,0.0025,0.005,2.0,400,two_speed,393,1.0002622724198151,2.0060081977013207,0.5069201790482436,0.002573579492144839,0,0.01673653548677279,0.23829019043062413
1.0,0.5,4.0,4.0,0.0025,0.005,3.5,700,two_speed,393,0.9999113561519395,1.999287087117539,0.5096273567084201,0.002166383904118507,0,0.016606531947114343,0.23829019043062413
1.0,0.5,4.0,4.0,0.0025,0.005,5.0,1000,two_speed,393,1.000324859491348,1.9918618497106177,0.5199616942222424,0.0021891733624174333,0,0.029051503692446672,0.23829019043062413
1.0,0.5,4.0,4.0,0.0025,0.005,10.0,2000,two_speed,393,0.99993228170651,2.0016426105353964,0.525687428650834,0.0015503862958034605,0,0.03432809470530252,0.23829019043062413
1.0,0.5,4.0,4.0,0.0025,0.005,20.0,4000,two_speed,393,0.9998451648852961,2.0390030932029535,0.5179144045492188,0.0016805297817517374,0,0.051208317796320166,0.23829019043062413
1.0,0.5,4.0,4.0,0.0025,0.005,0.5,100,two_speed,394,1.0002623384561284,1.9969340386271228,0.5083801621304186,0.002122796493558967,0,0.015180619080988842,0.23875408328603953
1.0,0.5,4.0,4.0,0.0025,0.005,1.0,200,two_speed,394,1.0003191262856508,1.979382075997884,0.5147176114599415,0.002906560759425878,0,0.03343055468901731,0.23875408328603953
1.0,0.5,4.0,4.0,0.0025,0.005,2.0,400,two_speed,394,0.9999980759442096,1.9952913600347133,0.5116737078913871,0.0026673269634578875,0,0.020824211213476614,0.23875408328603953
1.0,0.5,4.0,4.0,0.0025,0.005,3.5,700,two_speed,394,1.0003828426790327,2.0032151018673527,0.5244755485472841,0.0017830264207112172,0,0.03245392733821141,0.23875408328603953
1.0,0.5,4.0,4.0,0.0025,0.005,5.0,1000,two_speed,394,1.000177048982077,1.9933899004845061,0.5168254499800659,0.0017929221695050796,0,0.024449326887903265,0.23875408328603953
1.0,0.5,4.0,4.0,0.0025,0.005,10.0,2000,two_speed,394,1.0004254393841576,2.0173063740557047,0.5154656141319169,0.002336386077816824,0,0.030050415374810763,0.23875408328603953
1.0,0.5,4.0,4.0,0.0025,0.005,20.0,4000,two_speed,394,1.0002615270663653,2.0178000001863303,0.5212589934479791,0.001845400403529449,0,0.035152949810551164,0.23875408328603953
1.0,0.5,4.0,4.0,0.0025,0.005,0.5,100,two_speed,395,1.0002980232805618,1.993183953484814,0.5087694631914004,0.0023521580955219432,0,0.017689067406104413,0.23825387498696468
1.0,0.5,4.0,4.0,0.0025,0.005,1.0,200,two_speed,395,0.9999018016378458,1.985739824850512,0.5073110876090472,0.0020938203493070526,0,0.02163688770555555,0.23825387498696468
1.0,0.5,4.0,4.0,0.0025,0.005,2.0,400,two_speed,395,1.0000203599358928,2.000670168524687,0.5141883218775123,0.0018322722651077546,0,0.02052738567006499,0.23825387498696468
1.0,0.5,4.0,4.0,0.0025,0.005,3.5,700,two_speed,395,0.9999456270024023,2.010836470179315,0.518271222294318,0.0019487787457019067,0,0.028462519969348597,0.23825387498696468
1.0,0.5,4.0,4.0,0.0025,0.005,5.0,1000,two_speed,395,0.9999058565352225,2.0207306559537117,0.5229331169058022,0.0017652814912403455,0,0.03907788630143716,0.23825387498696468
1.0,0.5,4.0,4.0,0.0025,0.005,10.0,2000,two_speed,395,0.9998004286704103,2.0258449730393484,0.528491791997077,0.00184736844653353,0,0.04835028194883277,0.23825387498696468
1.0,0.5,4.0,4.0,0.0025,0.005,20.0,4000,two_speed,395,1.0000035458289067,2.0321610901208196,0.5170347260172905,0.0027728057442817835,0,0.045243932704612966,0.23825387498696468
1.0,0.5,4.0,4.0,0.0025,0.005,0.5,100,two_speed,396,1.0000064691711568,1.988388861118652,0.5045400652149784,0.0013202691347520082,0,0.016018960684736485,0.2382811250032059
1.0,0.5,4.0,4.0,0.0025,0.005,1.0,200,two_speed,396,0.9999179116427627,2.000105374799313,0.5080509056892262,0.0014978377222717714,0,0.012970868901667366,0.2382811250032059
1.0,0.5,4.0,4.0,0.0025,0.005,2.0,400,two_speed,396,0.9998678038628055,1.9775846525968501,0.5080382356707998,0.0016455557111478736,0,0.029118355404985384,0.2382811250032059
1.0,0.5,4.0,4.0,0.0025,0.005,3.5,700,two_speed,396,1.0002953720798116,1.971233527773411,0.517555268569386,0.0017512875431854394,0,0.0407418782557131,0.2382811250032059
1.0,0.5,4.0,4.0,0.0025,0.005,5.0,1000,two_speed,396,1.0002199619517724,1.9654389821549598,0.5118489137559197,0.0021099078138244382,0,0.04374153429022675,0.2382811250032059
1.0,0.5,4.0,4.0,0.0025,0.005,10.0,2000,two_speed,396,1.0003528062913836,2.021901237170433,0.527468346057764,0.0022998766037153275,0,0.044291131577971904,0.2382811250032059
1.0,0.5,4.0,4.0,0.0025,0.005,20.0,4000,two_speed,396,0.9998765514536394,2.023425117182317,0.5353498331769818,0.00214950023366714,0,0.05393496464102364,0.2382811250032059
1.0,0.5,4.0,4.0,0.0025,0.005,0.5,100,two_speed,397,1.0002816811953699,2.004657438702149,0.5122754291807379,0.0017933550159244423,0,0.018604995866571473,0.2383577321389956
1.0,0.5,4.0,4.0,0.0025,0.005,1.0,200,two_speed,397,1.0004890470486902,2.0017659101803837,0.5177870169235375,0.002104107555767037,0,0.024651805948369517,0.2383577321389956
1.0,0.5,4.0,4.0,0.0025,0.005,2.0,400,two_speed,397,1.000274953735779,1.9979911526148006,0.5191285278661129,0.003079525589369478,0,0.028711119551354365,0.2383577321389956
1.0,0.5,4.0,4.0,0.0025,0.005,3.5,700,two_speed,397,1.0004625963270766,2.008560638575872,0.5164790970624106,0.0020331776470254794,0,0.02491518848424976,0.2383577321389956
1.0,0.5,4.0,4.0,0.0025,0.005,5.0,1000,two_speed,397,1.0006554023402796,1.9949762365512729,0.525199837783603,0.002062627399347652,0,0.03355209407788989,0.2383577321389956
1.0,0.5,4.0,4.0,0.0025,0.005,10.0,2000,two_speed,397,1.0003886509655944,1.9928154188759046,0.5226130711852457,0.002111862480001577,0,0.031577504668046597,0.2383577321389956
1.0,0.5,4.0,4.0,0.0025,0.005,20.0,4000,two_speed,397,1.0001562368340573,2.0864467097753536,0.5202183495022534,0.001981706105889137,0,0.10260957670548539,0.2383577321389956
1.0,0.5,4.0,4.0,0.0025,0.005,0.5,100,two_speed,398,0.9999628218444574,1.9948773464893204,0.5029450970738171,0.001815332837278657,0,0.011383717039304336,0.23661071429627814
1.0,0.5,4.0,4.0,0.0025,0.005,1.0,200,two_speed,398,0.9998719641889272,1.9943622279344833,0.5026152472892578,0.003135738060286796,0,0.017099125425862487,0.23661071429627814
1.0,0.5,4.0,4.0,0.0025,0.005,2.0,400,two_speed,398,0.9997127316681753,2.0005291372140745,0.5080039172689768,0.00280927794189342,0,0.017721134422507827,0.23661071429627814
1.0,0.5,4.0,4.0,0.0025,0.005,3.5,700,two_speed,398,0.9999888690303367,1.9968318879725493,0.5095485803548444,0.0015487200226736433,0,0.015038551682025012,0.23661071429627814
1.0,0.5,4.0,4.0,0.0025,0.005,5.0,1000,two_speed,398,1.0001155627308054,1.9966740098643605,0.5195694908773357,0.0016464657797431938,0,0.026727328664800713,0.23661071429627814
1.0,0.5,4.0,4.0,0.0025,0.005,10.0,2000,two_speed,398,1.0004075157214178,2.0087587340868494,0.530136823334195,0.0022606122529707402,0,0.040996373017848066,0.23661071429627814
1.0,0.5,4.0,4.0,0.0025,0.005,20.0,4000,two_speed,398,0.9997018278489165,2.013561016856787,0.520426281455333,0.0018404757741179408,0,0.03259258204860231,0.23661071429627814
1.0,0.5,4.0,4.0,0.0025,0.005,0.5,100,two_speed,399,1.0001353083342535,2.0019100101511733,0.5123898371479015,0.0020412585448589767,0,0.018922944609951753,0.2390735832741484
1.0,0.5,4.0,4.0,0.0025,0.005,1.0,200,two_speed,399,1.000276886114641,2.0074286470096934,0.5148880241576654,0.0017416155250085203,0,0.022402418616562086,0.2390735832741484
1.0,0.5,4.0,4.0,0.0025,0.005,2.0,400,two_speed,399,1.0004827264099274,2.013429935295595,0.5155115897553199,0.002222020042461585,0,0.02696382836156221,0.2390735832741484
1.0,0.5,4.0,4.0,0.0025,0.005,3.5,700,two_speed,399,1.0004173716850249,2.0067723811027034,0.5159212567298401,0.0026512033378474457,0,0.02499703426805388,0.2390735832741484
1.0,0.5,4.0,4.0,0.0025,0.005,5.0,1000,two_speed,399,0.9999769808404312,2.0182567280245842,0.5093812180107156,0.00281650543589254,0,0.027861827240442116,0.2390735832741484
1.0,0.5,4.0,4.0,0.0025,0.005,10.0,2000,two_speed,399,1.0004468686318748,2.043493219950103,0.5224232629142075,0.0020319984037630986,0,0.05795773175581028,0.2390735832741484
1.0,0.5,4.0,4.0,0.0025,0.005,20.0,4000,two_speed,399,1.0002258702434714,2.0263763002684505,0.5223062001807576,0.002530968747622062,0,0.04314973207101199,0.2390735832741484
