A,nu,a,at,dt,dtt,taut,n_steps,arm,seed,A_hat,xc_hat,nu_hat,fit_rms,at_bound,l2_vs_exact,runtime_s
1.0,0.5,3.0,3.0,0.0025,0.005,3.5,700,cond_mean,0,1.0000014672143593,2.0106321768853688,0.5043421479847937,0.0020948876847350596,0,0.01698296150029365,0.3924680829513818
1.0,0.5,3.0,3.0,0.0025,0.005,3.5,700,cond_mean,1,0.9999230852900589,1.9956478436579856,0.4941492722337196,0.001962167015217298,0,0.013202809387181803,0.3007408749544993
1.0,0.5,3.0,3.0,0.0025,0.005,3.5,700,cond_mean,2,0.9995421847851592,1.9561141405086087,0.4918593014997382,0.0030249487695632278,0,0.053869423652131584,0.2983463329728693
1.0,0.5,3.0,3.0,0.0025,0.005,3.5,700,cond_mean,3,1.0000913013146693,1.9730398902048878,0.504577110461886,0.0020616961305328775,0,0.03320693038235523,0.2980310420971364
1.0,0.5,3.0,3.0,0.0025,0.005,3.5,700,cond_mean,4,1.0002038181519792,2.011765321787665,0.4980795786161659,0.0017477552705674351,0,0.016362749392608813,0.29924820794258267
1.0,0.5,3.0,3.0,0.0025,0.005,3.5,700,cond_mean,5,0.9997241395558639,1.9994290132408898,0.48452439396555624,0.0017628228886512258,0,0.02165133764160949,0.30475037498399615
1.0,0.5,3.0,3.0,0.0025,0.005,3.5,700,cond_mean,6,1.0000474406475623,1.9836528849665682,0.5009388722017469,0.0015535146012320912,0,0.02038433798318419,0.2958178330445662
1.0,0.5,3.0,3.0,0.0025,0.005,3.5,700,cond_mean,7,0.9999549195723165,2.0190682547071774,0.4984566685218182,0.0018094600673569142,0,0.023822293853606905,0.2990801250562072
1.0,0.5,3.0,3.0,0.0025,0.005,3.5,700,cond_mean,8,0.9995147543637141,2.0134467673113203,0.4887552006257461,0.001955027238514425,0,0.022993333328067,0.3123943329555914
1.0,0.5,3.0,3.0,0.0025,0.005,3.5,700,cond_mean,9,1.000240872525626,1.9895187880546645,0.4984804827348847,0.0016334023449642169,0,0.01478258927046778,0.2969891669927165
1.0,0.5,3.0,3.0,0.0025,0.005,3.5,700,cond_mean,10,0.9997205414604035,1.9943235497257856,0.4870504290027497,0.0027891328940129988,0,0.02238817062630236,0.2978026660857722
1.0,0.5,3.0,3.0,0.0025,0.005,3.5,700,cond_mean,11,1.0001995718038295,2.0273896564193006,0.49691882126732895,0.001651349355621319,0,0.032991042240031104,0.3018542079953477
1.0,0.5,3.0,3.0,0.0025,0.005,3.5,700,cond_mean,12,1.0000661658535583,1.9940446722116176,0.48870106833905513,0.001697089057041696,0,0.01855592461345449,0.29718979191966355
1.0,0.5,3.0,3.0,0.0025,0.005,3.5,700,cond_mean,13,1.0001545571109323,2.011694406135721,0.5037403834449182,0.0019260651183334535,0,0.017099043214772097,0.3008989159716293
1.0,0.5,3.0,3.0,0.0025,0.005,3.5,700,cond_mean,14,0.9995629178924823,2.0070291748750537,0.5028334187886173,0.002098579027737481,0,0.014027113127574745,0.297183083021082
1.0,0.5,3.0,3.0,0.0025,0.005,3.5,700,cond_mean,15,0.9999642235255544,2.0005530321460667,0.5043883507414428,0.0019037407740537216,0,0.011026736961508089,0.29788149998057634
1.0,0.5,3.0,3.0,0.0025,0.005,3.5,700,cond_mean,16,1.0001945781152655,2.0331220476540954,0.5038055314937702,0.0022368246517558647,0,0.039978446867093884,0.2974385420093313
1.0,0.5,3.0,3.0,0.0025,0.005,3.5,700,cond_mean,17,1.000294678164616,1.976759190966285,0.504766246400842,0.0021530395647124776,0,0.029329190980727136,0.3019153750501573
1.0,0.5,3.0,3.0,0.0025,0.005,3.5,700,cond_mean,18,1.0004135514103252,1.9869713825636846,0.5144789885502484,0.0016478071436831748,0,0.024793841225838793,0.29627816705033183
1.0,0.5,3.0,3.0,0.0025,0.005,3.5,700,cond_mean,19,1.0000878297677844,1.9941426507867277,0.5081754272123009,0.0012704440158044048,0,0.013934272178811933,0.2962424160214141
1.0,0.5,3.0,3.0,0.0025,0.005,3.5,700,cond_mean,20,1.000589952123733,1.967247985042917,0.5155700857294183,0.0019392024961279546,0,0.04324515852101892,0.2975979169132188
1.0,0.5,3.0,3.0,0.0025,0.005,3.5,700,cond_mean,21,0.9999257435071761,2.0064657280736693,0.49726172242015443,0.0031745563189367974,0,0.017596372546699456,0.29636591603048146
1.0,0.5,3.0,3.0,0.0025,0.005,3.5,700,cond_mean,22,0.9996158449713557,1.9947584178524942,0.5004253140928738,0.0018686117695680118,0,0.011200596742597777,0.3026382919633761
1.0,0.5,3.0,3.0,0.0025,0.005,3.5,700,cond_mean,23,1.0002355043922369,1.991329567527277,0.5036119984473904,0.0023887893647343427,0,0.015990548286335553,0.29983066697604954
1.0,0.5,3.0,3.0,0.0025,0.005,3.5,700,cond_mean,24,1.00021475368442,1.9981555765431878,0.5012766020055871,0.0020398130946450662,0,0.010344809559752206,0.3120698749553412
1.0,0.5,3.0,3.0,0.0025,0.005,3.5,700,cond_mean,25,0.9998226756146208,1.9954350937718226,0.5025700224820626,0.00209301024790689,0,0.012156504128416503,0.2985791669925675
1.0,0.5,3.0,3.0,0.0025,0.005,3.5,700,cond_mean,26,1.000390879647064,2.024336984632592,0.5075798812236092,0.0028681227386982504,0,0.03264864062134104,0.29616379202343524
1.0,0.5,3.0,3.0,0.0025,0.005,3.5,700,cond_mean,27,1.0000485741847946,1.9920925820765394,0.5030725652220457,0.002413077192983469,0,0.015467215817702417,0.29688454198185354
1.0,0.5,3.0,3.0,0.0025,0.005,3.5,700,cond_mean,28,1.0003813742778187,2.0007664907107516,0.49392703316622194,0.0034409350023786333,0,0.019161133242604787,0.301852541975677
1.0,0.5,3.0,3.0,0.0025,0.005,3.5,700,cond_mean,29,1.00010615480748,2.0130760900010776,0.4983683549893163,0.001974464461821903,0,0.0180972131077737,0.29851216601673514
1.0,0.5,3.0,3.0,0.0025,0.005,3.5,700,cond_mean,30,1.000435277228902,2.0094860336495666,0.504923586096035,0.002261287952134679,0,0.01664003322241617,0.2975363329751417
1.0,0.5,3.0,3.0,0.0025,0.005,3.5,700,cond_mean,31,1.0000011919620861,1.9871760973896182,0.4959260710382241,0.0014913725492348507,0,0.01736901281310057,0.29923795792274177
1.0,0.5,3.0,3.0,0.0025,0.005,3.5,700,cond_mean,32,0.9998326732076508,2.0226987213437675,0.4975702456261824,0.0015408878427933855,0,0.02745373159476594,0.29606495797634125
1.0,0.5,3.0,3.0,0.0025,0.005,3.5,700,cond_mean,33,0.9996861329988855,1.9714288813261038,0.5028888035205133,0.0024581330133474962,0,0.03539888014143112,0.2979473329614848
1.0,0.5,3.0,3.0,0.0025,0.005,3.5,700,cond_mean,34,1.0003039155594098,2.0436038166824297,0.5038710361889734,0.001867398439627315,0,0.05131111212601712,0.30355779197998345
1.0,0.5,3.0,3.0,0.0025,0.005,3.5,700,cond_mean,35,1.0003568838055434,1.9802333765398001,0.5031466859079897,0.002016525159262735,0,0.025114511223150286,0.3028367080260068
1.0,0.5,3.0,3.0,0.0025,0.005,3.5,700,cond_mean,36,1.0001143139497572,1.99451744818899,0.4983256426485153,0.0018976785911028738,0,0.011529015137738388,0.29903995897620916
1.0,0.5,3.0,3.0,0.0025,0.005,3.5,700,cond_mean,37,1.0003076187579791,1.9868147793534288,0.5026532498569034,0.0026739444579440956,0,0.020341535964000453,0.3004952089395374
1.0,0.5,3.0,3.0,0.0025,0.005,3.5,700,cond_mean,38,0.9999756951329813,2.016133319813006,0.4887577421742583,0.001517790272830861,0,0.02500685158783551,0.29802474996540695
1.0,0.5,3.0,3.0,0.0025,0.005,3.5,700,cond_mean,39,1.0000324783878451,2.001302038460654,0.49300586248774275,0.002408145397366795,0,0.015102564563598824,0.297107791993767
1.0,0.5,3.0,3.0,0.0025,0.005,3.5,700,cond_mean,40,0.9998763599198834,2.0005792467299544,0.49936482113904035,0.0028601451528413235,0,0.014066826743750184,0.2974277500761673
1.0,0.5,3.0,3.0,0.0025,0.005,3.5,700,cond_mean,41,0.9997979109146491,2.0019058423056206,0.5055268301559163,0.0015977189384534574,0,0.011210334087250664,0.30468516692053527
1.0,0.5,3.0,3.0,0.0025,0.005,3.5,700,cond_mean,42,0.999811333288305,2.012396319650659,0.49543589622110606,0.0014847787266327468,0,0.01703776072450303,0.29820670804474503
1.0,0.5,3.0,3.0,0.0025,0.005,3.5,700,cond_mean,43,0.9999402348104579,2.0292086940452934,0.5064424179545773,0.0016382911845776262,0,0.035591078581338136,0.29916187503840774
1.0,0.5,3.0,3.0,0.0025,0.005,3.5,700,cond_mean,44,0.9996913946412678,1.9746670453198172,0.4885417398241274,0.0019700597647864158,0,0.03419936930972877,0.35128525004256517
1.0,0.5,3.0,3.0,0.0025,0.005,3.5,700,cond_mean,45,1.000301251599311,1.999495849329645,0.49605431065195743,0.001967896521785045,0,0.011384690184316327,0.3639338749926537
1.0,0.5,3.0,3.0,0.0025,0.005,3.5,700,cond_mean,46,0.9997489762849253,2.0084979321408123,0.493888536727319,0.0018407858352285536,0,0.015360116172361387,0.33201024995651096
1.0,0.5,3.0,3.0,0.0025,0.005,3.5,700,cond_mean,47,1.0000975293573666,2.006497081139197,0.505792332804825,0.0016400239834786388,0,0.01323896739534154,0.333637582953088
1.0,0.5,3.0,3.0,0.0025,0.005,3.5,700,cond_mean,48,0.9997002973215685,2.00441008843346,0.4860937733082278,0.001673305798971543,0,0.020190115161580518,0.3407660420052707
1.0,0.5,3.0,3.0,0.0025,0.005,3.5,700,cond_mean,49,0.9995882735754316,2.0004233840932204,0.501857840832285,0.0020888657513464404,0,0.010935885429311955,0.37041649990715086
1.0,0.5,3.0,3.0,0.0025,0.005,3.5,700,cond_mean,50,1.0000735695874057,2.0115840531083164,0.4937589658118938,0.001647783661705964,0,0.01777304905048816,0.307795999920927
1.0,0.5,3.0,3.0,0.0025,0.005,3.5,700,cond_mean,51,1.0001531580411795,1.9716548453407194,0.4987891696563096,0.002189404721337794,0,0.03451294672481533,0.297069999971427
1.0,0.5,3.0,3.0,0.0025,0.005,3.5,700,cond_mean,52,0.9996822445952652,2.016336137344816,0.5053002699856194,0.0013335652971576742,0,0.021379571458341372,0.2988629169994965
1.0,0.5,3.0,3.0,0.0025,0.005,3.5,700,cond_mean,53,0.9999342153506094,1.9966749650054632,0.5035134007150519,0.002161096490002787,0,0.012223824143216669,0.29868666699621826
1.0,0.5,3.0,3.0,0.0025,0.005,3.5,700,cond_mean,54,0.9998093389479328,1.9945646958663252,0.506286501891644,0.002155812766589876,0,0.01501917208473837,0.2992052909685299
1.0,0.5,3.0,3.0,0.0025,0.005,3.5,700,cond_mean,55,1.0000157099552573,1.957898207165867,0.49602933276825023,0.001441817181331562,0,0.049491586122180325,0.3000577499624342
1.0,0.5,3.0,3.0,0.0025,0.005,3.5,700,cond_mean,56,0.9996209798731973,1.9979027854022329,0.49162837594788444,0.0019276643617958742,0,0.014198682167430332,0.29666287498548627
1.0,0.5,3.0,3.0,0.0025,0.005,3.5,700,cond_mean,57,1.000101734441353,1.9859861616648091,0.5082292722946932,0.0014328158562976119,0,0.020513971382580053,0.30073083308525383
1.0,0.5,3.0,3.0,0.0025,0.005,3.5,700,cond_mean,58,0.9995217098170446,1.9982620061752276,0.486364951131226,0.00236335374409326,0,0.020661219336563307,0.29558249993715435
1.0,0.5,3.0,3.0,0.0025,0.005,3.5,700,cond_mean,59,1.000041603994801,2.007648183224477,0.5074866529440654,0.0015168778779181915,0,0.015040559801547481,0.29788483295124024
1.0,0.5,3.0,3.0,0.0025,0.005,3.5,700,cond_mean,60,0.9999816486412048,1.9988074878535793,0.5118714103378075,0.0021694491409548623,0,0.018866484859675917,0.2981158340116963
1.0,0.5,3.0,3.0,0.0025,0.005,3.5,700,cond_mean,61,1.0003545682170814,2.029224373704269,0.5109564441459262,0.0022418006140521455,0,0.03781869780496183,0.29585316602606326
1.0,0.5,3.0,3.0,0.0025,0.005,3.5,700,cond_mean,62,1.0001133911336666,1.999801902717833,0.4946380982462728,0.0015211651494808534,0,0.010459480902611869,0.3000750420615077
1.0,0.5,3.0,3.0,0.0025,0.005,3.5,700,cond_mean,63,1.00013536005028,1.9991625513635487,0.5028707834084877,0.002606054132147585,0,0.013294132853368569,0.3010177919641137
1.0,0.5,3.0,3.0,0.0025,0.005,3.5,700,cond_mean,64,1.0001013129109864,1.9972541111323108,0.49239694176981863,0.0022511663067870443,0,0.015419337790258465,0.29823166702408344
1.0,0.5,3.0,3.0,0.0025,0.005,3.5,700,cond_mean,65,0.9994546436690631,2.013735674279074,0.5060415863324049,0.002440299116182567,0,0.02193595897065276,0.297914583934471
1.0,0.5,3.0,3.0,0.0025,0.005,3.5,700,cond_mean,66,0.9998960078666799,1.9989959177085097,0.5020618780741,0.0019163722470488989,0,0.009922713651046978,0.2955714169656858
1.0,0.5,3.0,3.0,0.0025,0.005,3.5,700,cond_mean,67,1.000280755055076,2.004419984801606,0.4978200840829533,0.001999687034609395,0,0.011658355847242058,0.3005546670174226
1.0,0.5,3.0,3.0,0.0025,0.005,3.5,700,cond_mean,68,1.0000975509679957,1.9868903410806293,0.4979178289029038,0.0019534429936959898,0,0.018167354049619413,0.29814666707534343
1.0,0.5,3.0,3.0,0.0025,0.005,3.5,700,cond_mean,69,0.999705248000172,2.0435848626432667,0.4951678894999218,0.0017769462856808982,0,0.05154910473156469,0.3033350829500705
1.0,0.5,3.0,3.0,0.0025,0.005,3.5,700,cond_mean,70,0.999850307953313,2.008698024730724,0.507225723757176,0.0016822542873690574,0,0.016244232614552247,0.3055100829806179
1.0,0.5,3.0,3.0,0.0025,0.005,3.5,700,cond_mean,71,0.9998461950226216,2.006009363081354,0.4905518259172254,0.00199222659070149,0,0.017048147107568627,0.298696874990128
1.0,0.5,3.0,3.0,0.0025,0.005,3.5,700,cond_mean,72,1.0001543519238834,1.9809608934694898,0.49836887064113217,0.001858709663585831,0,0.02394087341826543,0.29773625009693205
1.0,0.5,3.0,3.0,0.0025,0.005,3.5,700,cond_mean,73,1.0000147431243662,2.008291374063939,0.5029984088061612,0.0023640624680507654,0,0.015540238169728623,0.30326945800334215
1.0,0.5,3.0,3.0,0.0025,0.005,3.5,700,cond_mean,74,1.0002290682500845,1.99564222137022,0.496556870013301,0.0017943059931597467,0,0.011369324934017733,0.30553870799485594
1.0,0.5,3.0,3.0,0.0025,0.005,3.5,700,cond_mean,75,1.0002305464398775,1.9830566449324611,0.49922060542171365,0.0016912140449134691,0,0.02134112156295499,0.30658900004345924
1.0,0.5,3.0,3.0,0.0025,0.005,3.5,700,cond_mean,76,0.999988882534373,1.9652292273251086,0.48895720107971474,0.002508565325485134,0,0.04466766059837888,0.30733808397781104
1.0,0.5,3.0,3.0,0.0025,0.005,3.5,700,cond_mean,77,0.9999077698565745,2.0071552283822953,0.5010981859879248,0.0025273749275362294,0,0.01499812505627223,0.30181883298791945
1.0,0.5,3.0,3.0,0.0025,0.005,3.5,700,cond_mean,78,0.9996404994909404,1.99737693225807,0.5102286517805577,0.0017502608229259448,0,0.016839145119327718,0.3180288339499384
1.0,0.5,3.0,3.0,0.0025,0.005,3.5,700,cond_mean,79,1.0000773937797574,2.0056393552210046,0.495768730963372,0.003246831397431766,0,0.018113586253776858,0.29849541699513793
1.0,0.5,3.0,3.0,0.0025,0.005,3.5,700,cond_mean,80,1.0003131395784908,1.992718051535195,0.5017647948652187,0.003010993899698175,0,0.017115543743161557,0.29773912497330457
1.0,0.5,3.0,3.0,0.0025,0.005,3.5,700,cond_mean,81,1.000197104262451,2.023157160598487,0.5006437908650749,0.0017673532799998152,0,0.028119491083669516,0.29945791605859995
1.0,0.5,3.0,3.0,0.0025,0.005,3.5,700,cond_mean,82,1.000400257259448,2.013016851946438,0.5003558901272177,0.0018816818913821732,0,0.017730291532977425,0.5208325830753893
1.0,0.5,3.0,3.0,0.0025,0.005,3.5,700,cond_mean,83,1.0001241549838196,1.9911807107788297,0.51315291718805,0.0017455975222731204,0,0.021495479418012147,0.2967072909232229
1.0,0.5,3.0,3.0,0.0025,0.005,3.5,700,cond_mean,84,0.9996470337957236,2.0062455940962582,0.48801994569642126,0.002639821735609951,0,0.02113942503358406,0.2946697920560837
1.0,0.5,3.0,3.0,0.0025,0.005,3.5,700,cond_mean,85,0.9999709872907068,2.0046573301447337,0.5013938104076509,0.0014306904489404576,0,0.009040641464698781,0.30079845909494907
1.0,0.5,3.0,3.0,0.0025,0.005,3.5,700,cond_mean,86,1.0000003527381398,1.9825203252081252,0.4960010471256499,0.0017270075663597423,0,0.022537102379013393,0.30110766703728586
1.0,0.5,3.0,3.0,0.0025,0.005,3.5,700,cond_mean,87,0.9999918852720958,1.9849292954974926,0.49770974079301455,0.0013803517224391098,0,0.01893490700419917,0.29868808400351554
1.0,0.5,3.0,3.0,0.0025,0.005,3.5,700,cond_mean,88,1.000181274663039,2.0267785623579497,0.5036899334119259,0.002195257084586199,0,0.03300756506848295,0.298203416983597
1.0,0.5,3.0,3.0,0.0025,0.005,3.5,700,cond_mean,89,1.0001759644226194,1.9707431000495905,0.5093637387152219,0.00242260343605565,0,0.03767873114964711,0.3013305829372257
1.0,0.5,3.0,3.0,0.0025,0.005,3.5,700,cond_mean,90,0.9999388084236102,2.015053555620677,0.5076888072848509,0.001662895577756676,0,0.02163564699638297,0.29729708295781165
1.0,0.5,3.0,3.0,0.0025,0.005,3.5,700,cond_mean,91,1.0000514755242453,2.010808168874368,0.4956682642487586,0.00222684461433315,0,0.017609957807745245,0.3016953750047833
1.0,0.5,3.0,3.0,0.0025,0.005,3.5,700,cond_mean,92,1.0001026088531524,2.0078783552194333,0.5006539746741169,0.0023315132928334197,0,0.014635587028478416,0.29765162500552833
1.0,0.5,3.0,3.0,0.0025,0.005,3.5,700,cond_mean,93,1.0002129227315122,1.9795099277107588,0.49837158895908196,0.001575051366712649,0,0.025063733110527377,0.2984897500136867
1.0,0.5,3.0,3.0,0.0025,0.005,3.5,700,cond_mean,94,1.0002077203648985,2.0378871190483583,0.5032345235787632,0.002286345945155413,0,0.045272426302636865,0.297515333048068
1.0,0.5,3.0,3.0,0.0025,0.005,3.5,700,cond_mean,95,1.0005385531165045,1.9991327211652987,0.5173612610528291,0.002767064234344418,0,0.025577183138533306,0.29732391599100083
1.0,0.5,3.0,3.0,0.0025,0.005,3.5,700,cond_mean,96,0.9999232938866812,1.9990389033943756,0.5002312266655446,0.002274739008625359,0,0.01122791257066465,0.2963387909112498
1.0,0.5,3.0,3.0,0.0025,0.005,3.5,700,cond_mean,97,1.0002321326835457,2.0178717880823744,0.4972248363087118,0.0019506663605524022,0,0.023170924096417907,0.3000400000018999
1.0,0.5,3.0,3.0,0.0025,0.005,3.5,700,cond_mean,98,0.9998216986017607,1.9959617155477,0.49232419325033516,0.0017444373192604158,0,0.013762079355402827,0.30083208403084427
1.0,0.5,3.0,3.0,0.0025,0.005,3.5,700,cond_mean,99,0.9998779936048838,2.0152422580466705,0.4988324161820052,0.0017504746956766041,0,0.01964058445150364,0.2994303749874234
1.0,0.5,3.0,3.0,0.0025,0.005,3.5,700,cond_mean,100,0.999872546366729,1.9871101526168944,0.4943299940186675,0.0025224116902426794,0,0.020719950982069205,0.30492120794951916
1.0,0.5,3.0,3.0,0.0025,0.005,3.5,700,cond_mean,101,1.0003546301606359,2.021008268173277,0.5039628187088365,0.0024510359889381265,0,0.027408713051374576,0.30481529200915247
1.0,0.5,3.0,3.0,0.0025,0.005,3.5,700,cond_mean,102,1.0002690279715665,2.0020154345702283,0.5174527967905928,0.0019790642534548764,0,0.024322743427758198,0.3013006249675527
1.0,0.5,3.0,3.0,0.0025,0.005,3.5,700,cond_mean,103,0.9999206083510566,2.0024367851513842,0.497150261806828,0.0018112614307775842,0,0.009993375879500386,0.2970540829701349
1.0,0.5,3.0,3.0,0.0025,0.005,3.5,700,cond_mean,104,0.999873400506674,1.986530037043799,0.5166460533480582,0.0019394027393259045,0,0.02846159432242311,0.2958643330493942
1.0,0.5,3.0,3.0,0.0025,0.005,3.5,700,cond_mean,105,0.9999325354471087,1.9856915560470876,0.48714594807096473,0.0019490557475591577,0,0.025530114463965897,0.2935318329837173
1.0,0.5,3.0,3.0,0.0025,0.005,3.5,700,cond_mean,106,0.9999940592078862,1.973601946027169,0.49560626465898516,0.001867030702899542,0,0.03237844567181715,0.29746916599106044
1.0,0.5,3.0,3.0,0.0025,0.005,3.5,700,cond_mean,107,1.0001391511495592,1.9854269990617501,0.5088163478872426,0.0015582968339365837,0,0.021593795326358377,0.29780958394985646
1.0,0.5,3.0,3.0,0.0025,0.005,3.5,700,cond_mean,108,0.9997922206933518,1.9744417015722244,0.5005747514689222,0.002238631411094442,0,0.03152294962774799,0.3006806670455262
1.0,0.5,3.0,3.0,0.0025,0.005,3.5,700,cond_mean,109,0.9998406719541307,2.015450519073532,0.49305713378539395,0.002254360035087506,0,0.02277378237321176,0.3020429579773918
1.0,0.5,3.0,3.0,0.0025,0.005,3.5,700,cond_mean,110,1.000139638108799,1.9974139053154043,0.509064210315079,0.001884886108630752,0,0.015075316534171641,0.30038554104976356
1.0,0.5,3.0,3.0,0.0025,0.005,3.5,700,cond_mean,111,1.0002010691957273,2.006778030972263,0.4987151107740439,0.0016512652090771534,0,0.011506406096459223,0.29785312502644956
1.0,0.5,3.0,3.0,0.0025,0.005,3.5,700,cond_mean,112,1.0000549692491418,1.9896246880544621,0.5019997370365722,0.0023225199825821757,0,0.016721092242404624,0.29932112502865493
1.0,0.5,3.0,3.0,0.0025,0.005,3.5,700,cond_mean,113,1.000278878742748,1.985094802187174,0.4998306735598282,0.001798077013345051,0,0.019401911269675238,0.32158033293671906
1.0,0.5,3.0,3.0,0.0025,0.005,3.5,700,cond_mean,114,0.9998488742864444,2.027050422813236,0.503159176719723,0.0020375414990213493,0,0.03303990557345213,0.29910029098391533
1.0,0.5,3.0,3.0,0.0025,0.005,3.5,700,cond_mean,115,1.000309341941109,1.997958121063739,0.49581651266288096,0.0024663158141338013,0,0.013852415682696989,0.3033154590521008
1.0,0.5,3.0,3.0,0.0025,0.005,3.5,700,cond_mean,116,1.0001706623547797,1.9895466070839878,0.4944976289232442,0.0016264806588458009,0,0.016389207769596775,0.3075095840031281
1.0,0.5,3.0,3.0,0.0025,0.005,3.5,700,cond_mean,117,0.9996569242039838,2.017767530126887,0.4994940421231161,0.0019773190524998954,0,0.022752229453606138,0.29816762497648597
1.0,0.5,3.0,3.0,0.0025,0.005,3.5,700,cond_mean,118,1.0000921399802163,1.9786239461216526,0.5102938018706811,0.001984958256808693,0,0.029496074465007502,0.2958797080209479
1.0,0.5,3.0,3.0,0.0025,0.005,3.5,700,cond_mean,119,1.0003666443044161,1.9556659984730786,0.4991940688631793,0.0031228562514407495,0,0.0534805466500801,0.30065245798323303
1.0,0.5,3.0,3.0,0.0025,0.005,3.5,700,cond_mean,120,1.0003036360184445,1.9778958601472523,0.5033633977962201,0.0027233628140401886,0,0.02906617021813954,0.3000242499401793
1.0,0.5,3.0,3.0,0.0025,0.005,3.5,700,cond_mean,121,1.0000098503111694,1.9923197813811628,0.5027470764996511,0.0022369022461311973,0,0.014533271357050369,0.31669016601517797
1.0,0.5,3.0,3.0,0.0025,0.005,3.5,700,cond_mean,122,1.0001568808171535,1.99234609203698,0.49880295903663086,0.0020406856995075816,0,0.013504676033670417,0.3141691249329597
1.0,0.5,3.0,3.0,0.0025,0.005,3.5,700,cond_mean,123,0.9996892382556067,1.9958237302492543,0.5011836600121939,0.0017072140520680433,0,0.010007036786581802,0.298904333030805
1.0,0.5,3.0,3.0,0.0025,0.005,3.5,700,cond_mean,124,0.9997049236714216,1.9822421743980887,0.49794938563147084,0.0018854355791246265,0,0.022643515756768314,0.29881462501361966
1.0,0.5,3.0,3.0,0.0025,0.005,3.5,700,cond_mean,125,1.0000041401885993,1.9907441151106766,0.5041266851441165,0.0018298129942136397,0,0.014960311580704082,0.2952617909759283
1.0,0.5,3.0,3.0,0.0025,0.005,3.5,700,cond_mean,126,1.0002009235053186,2.013176096706441,0.5055882810976168,0.00216867777467894,0,0.019815008432098127,0.2971033329376951
1.0,0.5,3.0,3.0,0.0025,0.005,3.5,700,cond_mean,127,1.0002288905520278,1.9747079052082244,0.5002407031398244,0.002580129783932334,0,0.03184649619084209,0.2987852080259472
1.0,0.5,3.0,3.0,0.0025,0.005,3.5,700,cond_mean,128,0.9995336274640223,2.03465711466352,0.503620597867099,0.002079469805525887,0,0.04168833135107178,0.3004646669141948
1.0,0.5,3.0,3.0,0.0025,0.005,3.5,700,cond_mean,129,0.9998841896792539,1.9883727513824245,0.5117555139469835,0.00288050621812473,0,0.02494445304200638,0.3037743750028312
1.0,0.5,3.0,3.0,0.0025,0.005,3.5,700,cond_mean,130,0.9995904160713809,1.9745791948796256,0.4956587423484541,0.0032915874322661694,0,0.03393257068337764,0.2968527920311317
1.0,0.5,3.0,3.0,0.0025,0.005,3.5,700,cond_mean,131,1.0002654361467067,1.9769956517023637,0.5030003365332152,0.003159868974021175,0,0.030962383488636974,0.2985399579629302
1.0,0.5,3.0,3.0,0.0025,0.005,3.5,700,cond_mean,132,1.0001813438951468,1.9631665645767786,0.5077487462140452,0.002045629241111808,0,0.04464649462144709,0.29615670803468674
1.0,0.5,3.0,3.0,0.0025,0.005,3.5,700,cond_mean,133,0.9996818884132914,2.002591394855654,0.49514846322176437,0.0016841296070270663,0,0.010550768113263415,0.30179654189851135
1.0,0.5,3.0,3.0,0.0025,0.005,3.5,700,cond_mean,134,0.9998994760318539,2.020562853298318,0.4986316791631052,0.002648123802174793,0,0.02714311666235665,0.2993306249845773
1.0,0.5,3.0,3.0,0.0025,0.005,3.5,700,cond_mean,135,0.9995393781730249,2.027401237371546,0.490017948474157,0.0019388015924865533,0,0.03536778150615943,0.2960898750461638
1.0,0.5,3.0,3.0,0.0025,0.005,3.5,700,cond_mean,136,1.000052553837959,2.001773531068115,0.49799745067075135,0.0026751405539835725,0,0.013559553407655153,0.2999758750665933
1.0,0.5,3.0,3.0,0.0025,0.005,3.5,700,cond_mean,137,0.9998665732110674,2.0160384250401444,0.48819201884777536,0.0019516356199229133,0,0.025941376153084318,0.29733908304478973
1.0,0.5,3.0,3.0,0.0025,0.005,3.5,700,cond_mean,138,1.0001947843932235,1.9960255473326052,0.49831908373021166,0.0025279334352634438,0,0.013512068203488435,0.30278150003869087
1.0,0.5,3.0,3.0,0.0025,0.005,3.5,700,cond_mean,139,0.9999476583212755,1.9947925017598616,0.49879103551574544,0.0017681212000801516,0,0.01066204660562596,0.2967868329724297
1.0,0.5,3.0,3.0,0.0025,0.005,3.5,700,cond_mean,140,1.000078114325687,2.0135844572429615,0.5009867877578773,0.0025677951493548413,0,0.02015549448375819,0.3011985420016572
1.0,0.5,3.0,3.0,0.0025,0.005,3.5,700,cond_mean,141,0.999940812610202,2.0093226741234553,0.49629953514952707,0.001537551024484211,0,0.013972996865478093,0.2996825840091333
1.0,0.5,3.0,3.0,0.0025,0.005,3.5,700,cond_mean,142,1.0000596383671336,2.0047042023343553,0.512654483339564,0.0012605465032968527,0,0.01830633672781983,0.2997536670882255
1.0,0.5,3.0,3.0,0.0025,0.005,3.5,700,cond_mean,143,0.9999144116801767,2.0249763335778197,0.5045722717073204,0.0022056189600480826,0,0.03139520944908023,0.29870775004383177
1.0,0.5,3.0,3.0,0.0025,0.005,3.5,700,cond_mean,144,1.0002729112796012,2.0191299604492254,0.5111801600895973,0.0022039034027766403,0,0.028290381530870694,0.3290235000895336
1.0,0.5,3.0,3.0,0.0025,0.005,3.5,700,cond_mean,145,1.00006625884999,1.9651663620231015,0.5001374263248346,0.002286132260450869,0,0.041752471703804334,0.47935620800126344
1.0,0.5,3.0,3.0,0.0025,0.005,3.5,700,cond_mean,146,0.9999172640864546,2.009538490022413,0.5032054904899425,0.0031091722143802426,0,0.019289060017948775,0.3007790839765221
1.0,0.5,3.0,3.0,0.0025,0.005,3.5,700,cond_mean,147,0.9999408583335175,1.9851105614761824,0.5021166119980849,0.0017990819128923677,0,0.019538675577192403,0.2983194999396801
1.0,0.5,3.0,3.0,0.0025,0.005,3.5,700,cond_mean,148,0.9998743877530962,2.0027162747290497,0.49660428225769243,0.001703693419129388,0,0.009869367459036098,0.298580167000182
1.0,0.5,3.0,3.0,0.0025,0.005,3.5,700,cond_mean,149,1.0001012463109895,2.0242867990978697,0.4981601136665865,0.0016044899833418552,0,0.029268820717086762,0.29788487509358674
1.0,0.5,3.0,3.0,0.0025,0.005,3.5,700,cond_mean,150,0.9998442189180416,2.0178135205570373,0.5016309384764425,0.0016942647531635298,0,0.0223175902120603,0.2977481670677662
1.0,0.5,3.0,3.0,0.0025,0.005,3.5,700,cond_mean,151,0.9998371370036773,2.0195722489256367,0.5141262068613188,0.001478901615461591,0,0.030113064588327854,0.3023654160788283
1.0,0.5,3.0,3.0,0.0025,0.005,3.5,700,cond_mean,152,1.0002881857922266,2.004517777451194,0.5062733451548593,0.0019003798107602237,0,0.013164280323068718,0.38881229190155864
1.0,0.5,3.0,3.0,0.0025,0.005,3.5,700,cond_mean,153,1.0000459032960711,1.9792368331755252,0.5061135720420487,0.0014804881969313372,0,0.026208046000817577,0.3007695840205997
1.0,0.5,3.0,3.0,0.0025,0.005,3.5,700,cond_mean,154,1.0002076956205845,2.0370107699542404,0.5045539645225333,0.0017292789104449565,0,0.04381496270373631,0.2969828329514712
1.0,0.5,3.0,3.0,0.0025,0.005,3.5,700,cond_mean,155,0.9998916880239911,1.9927788057641438,0.5110329805387601,0.0016354257954159447,0,0.018604455044953037,0.30036783299874514
1.0,0.5,3.0,3.0,0.0025,0.005,3.5,700,cond_mean,156,0.9997390209564843,2.017043828745035,0.4923374837611496,0.002222866279849252,0,0.024507885100751654,0.31730387499555945
1.0,0.5,3.0,3.0,0.0025,0.005,3.5,700,cond_mean,157,1.0001709294924646,2.0058505311279307,0.5061903051252329,0.0021138632094161456,0,0.014606151790590091,0.31217137502972037
1.0,0.5,3.0,3.0,0.0025,0.005,3.5,700,cond_mean,158,1.000461201211666,1.9975549585054142,0.5047879382350487,0.0027894135519229844,0,0.015086275639899553,0.30304937495384365
1.0,0.5,3.0,3.0,0.0025,0.005,3.5,700,cond_mean,159,1.0000006090696087,1.9710264443438703,0.5065990203997988,0.003433787263382237,0,0.03844155824178444,0.3006013749400154
1.0,0.5,3.0,3.0,0.0025,0.005,3.5,700,cond_mean,160,1.0001986226036004,2.0093192288854618,0.49255660974008925,0.0018179639483882355,0,0.017381315121332987,0.30535587505437434
1.0,0.5,3.0,3.0,0.0025,0.005,3.5,700,cond_mean,161,0.9998585509828899,1.9732643543867965,0.49186591483943837,0.00174641685147238,0,0.033779957824842534,0.308163708075881
1.0,0.5,3.0,3.0,0.0025,0.005,3.5,700,cond_mean,162,0.9998193114172621,2.0210473103947177,0.4861433177349851,0.0017908111310178387,0,0.031522778433432964,0.3027585840318352
1.0,0.5,3.0,3.0,0.0025,0.005,3.5,700,cond_mean,163,1.000293438638395,1.974897666699695,0.5011185102368567,0.0018794318269231597,0,0.030440571799068263,0.31022595800459385
1.0,0.5,3.0,3.0,0.0025,0.005,3.5,700,cond_mean,164,0.9996975421224885,2.0232204066954247,0.4956612603813423,0.0020662764576579043,0,0.02920155707692916,0.3062444169772789
1.0,0.5,3.0,3.0,0.0025,0.005,3.5,700,cond_mean,165,1.0001652164942825,2.0184454839300634,0.5096507083697557,0.001766085684831526,0,0.02598835921626582,0.29917995794676244
1.0,0.5,3.0,3.0,0.0025,0.005,3.5,700,cond_mean,166,0.9997322638669911,2.0196060309323567,0.497972137229215,0.002143204725798303,0,0.025093230218707987,0.3001815830357373
1.0,0.5,3.0,3.0,0.0025,0.005,3.5,700,cond_mean,167,1.0000692051331672,1.987222016043535,0.4947203760940057,0.0024457683413811283,0,0.02037376971418454,0.29964608408045024
1.0,0.5,3.0,3.0,0.0025,0.005,3.5,700,cond_mean,168,0.9999405193951494,2.0259984886462084,0.5014415540871833,0.0016355527763593442,0,0.031116199525747894,0.30172595800831914
1.0,0.5,3.0,3.0,0.0025,0.005,3.5,700,cond_mean,169,1.0000958381383318,2.004349637025503,0.5012441543662665,0.0021234375681652524,0,0.011659783972779128,0.30207020905800164
1.0,0.5,3.0,3.0,0.0025,0.005,3.5,700,cond_mean,170,1.0000330408356182,2.0196959904565497,0.49811591748066275,0.001458197562716568,0,0.023993027547039514,0.3076567919924855
1.0,0.5,3.0,3.0,0.0025,0.005,3.5,700,cond_mean,171,0.9997255681778675,1.9995153766997102,0.4975349792307068,0.00220786102061901,0,0.01122410405569463,0.3006009169621393
1.0,0.5,3.0,3.0,0.0025,0.005,3.5,700,cond_mean,172,0.9996992425440323,2.0078356899120546,0.4868710284184358,0.002581156117709391,0,0.02286777748919987,0.2994330000365153
1.0,0.5,3.0,3.0,0.0025,0.005,3.5,700,cond_mean,173,1.0000533566530208,2.031011462403859,0.49575302752656014,0.002027810372630266,0,0.03765292017331796,0.298971000011079
1.0,0.5,3.0,3.0,0.0025,0.005,3.5,700,cond_mean,174,1.0001043991152263,1.9766776930449028,0.4964099834326041,0.0018212807456109716,0,0.028828289057919912,0.2993729169247672
1.0,0.5,3.0,3.0,0.0025,0.005,3.5,700,cond_mean,175,0.9998940440357099,2.022984506260203,0.5055703718300348,0.0016758741110916727,0,0.028694104118660427,0.2961126249283552
1.0,0.5,3.0,3.0,0.0025,0.005,3.5,700,cond_mean,176,0.999642525870806,1.9864793238120217,0.5073107747441576,0.002461043128712866,0,0.022240934627181567,0.2982270419597626
1.0,0.5,3.0,3.0,0.0025,0.005,3.5,700,cond_mean,177,1.000032314412107,2.011101313890154,0.496479858615255,0.0023827747325180382,0,0.018013691280062145,0.2999732500175014
1.0,0.5,3.0,3.0,0.0025,0.005,3.5,700,cond_mean,178,1.0000083646269218,2.0087488762516976,0.501302324554458,0.001631970570575633,0,0.012999625782161591,0.321131540928036
1.0,0.5,3.0,3.0,0.0025,0.005,3.5,700,cond_mean,179,0.9999647274884471,1.9965826893799918,0.5006627596674921,0.002624702271921421,0,0.01349744246676021,0.30128891696222126
1.0,0.5,3.0,3.0,0.0025,0.005,3.5,700,cond_mean,180,0.9999874531093909,1.9985847849183098,0.502799419442635,0.0016257687847573894,0,0.008939338348499793,0.3106302499072626
1.0,0.5,3.0,3.0,0.0025,0.005,3.5,700,cond_mean,181,1.0004811742809754,1.9975430796947438,0.4984274484336064,0.0018160753215730934,0,0.010087382763809875,0.30852808302734047
1.0,0.5,3.0,3.0,0.0025,0.005,3.5,700,cond_mean,182,1.0002637977958442,2.0053903103047657,0.5079434718979947,0.0013819781481564904,0,0.013489903185251232,0.30726562498603016
1.0,0.5,3.0,3.0,0.0025,0.005,3.5,700,cond_mean,183,0.999837649095465,2.02839779381376,0.5024417440354292,0.0015438311744938825,0,0.03381503300851639,0.3228739579208195
1.0,0.5,3.0,3.0,0.0025,0.005,3.5,700,cond_mean,184,1.0000119838995076,2.014937890459719,0.501129850329081,0.0016197076493455597,0,0.019039795071916034,0.3095511250430718
1.0,0.5,3.0,3.0,0.0025,0.005,3.5,700,cond_mean,185,1.0002287271874644,1.9976195730284385,0.503524568009364,0.0022788068411474125,0,0.012272087835344912,0.3029380419757217
1.0,0.5,3.0,3.0,0.0025,0.005,3.5,700,cond_mean,186,1.00006552131904,2.0073589442775184,0.4987347744823881,0.002205508167631272,0,0.013874766822992523,0.3092495830496773
1.0,0.5,3.0,3.0,0.0025,0.005,3.5,700,cond_mean,187,1.0003329065016546,2.002419239011496,0.5108381537842146,0.003470161130947426,0,0.021945360191675683,0.29940941696986556
1.0,0.5,3.0,3.0,0.0025,0.005,3.5,700,cond_mean,188,1.0002646281434373,2.0139444714193364,0.5052300296583279,0.002504410457647643,0,0.02125246348821497,0.3058768749469891
1.0,0.5,3.0,3.0,0.0025,0.005,3.5,700,cond_mean,189,0.9998006666921319,2.018134843020735,0.5051656593961108,0.0024285159779454334,0,0.02507222453971849,0.30281891697086394
1.0,0.5,3.0,3.0,0.0025,0.005,3.5,700,cond_mean,190,1.0003517243163444,1.9733474428937066,0.5072892556955041,0.0017101435403153603,0,0.033025001048040716,0.2974490839987993
1.0,0.5,3.0,3.0,0.0025,0.005,3.5,700,cond_mean,191,1.0002981700592015,1.9917442921061075,0.5043697231221712,0.0025078735780936987,0,0.01639825306282688,0.2989087919704616
1.0,0.5,3.0,3.0,0.0025,0.005,3.5,700,cond_mean,192,0.9998803797532667,2.004060083275997,0.49864320285884767,0.001299044911766847,0,0.008077097051125378,0.3022732080426067
1.0,0.5,3.0,3.0,0.0025,0.005,3.5,700,cond_mean,193,1.0002191378638456,1.9912266228111017,0.49994854327007143,0.0014653627403966884,0,0.01247185371016312,0.2997943749651313
1.0,0.5,3.0,3.0,0.0025,0.005,3.5,700,cond_mean,194,0.9999250655443833,2.0070217898997016,0.5035020055729651,0.0014119130883042987,0,0.011666754695984622,0.29874833300709724
1.0,0.5,3.0,3.0,0.0025,0.005,3.5,700,cond_mean,195,1.0000269789070613,1.9918494652092602,0.5067547662130073,0.0017400836627147606,0,0.015447928710790527,0.2958583750296384
1.0,0.5,3.0,3.0,0.0025,0.005,3.5,700,cond_mean,196,0.9999606109617243,1.9695693489977517,0.4959268322275142,0.0017501651366081553,0,0.03659684828548297,0.2959721250226721
1.0,0.5,3.0,3.0,0.0025,0.005,3.5,700,cond_mean,197,0.9997603630227873,2.029538728826474,0.5065281290296126,0.0016098873998976091,0,0.03606728134087092,0.29850387503392994
1.0,0.5,3.0,3.0,0.0025,0.005,3.5,700,cond_mean,198,0.9996504085854461,1.9877365165317584,0.49897186535686827,0.0018283642346382523,0,0.016845355592422787,0.29846662492491305
1.0,0.5,3.0,3.0,0.0025,0.005,3.5,700,cond_mean,199,1.0000566605285413,2.0058800277046145,0.5013083249281829,0.0014669179605010323,0,0.010021131496921252,0.3100849579786882
1.0,0.5,3.0,3.0,0.0025,0.005,3.5,700,cond_mean,200,0.9998978069021829,2.006868568505907,0.5001179272788373,0.0017549391458731374,0,0.011720589041018104,0.3010260419687256
1.0,0.5,3.0,3.0,0.0025,0.005,3.5,700,cond_mean,201,1.0003272468860034,1.9981424472837133,0.5104252923158517,0.0023659917962165454,0,0.017578501741091636,0.2993036659900099
1.0,0.5,3.0,3.0,0.0025,0.005,3.5,700,cond_mean,202,0.999930350140264,2.0026678177654453,0.5034201487202983,0.0017534586212191873,0,0.010245901997776289,0.29992141702678055
1.0,0.5,3.0,3.0,0.0025,0.005,3.5,700,cond_mean,203,1.0000535310981409,2.028998073607201,0.5013960013884208,0.0017809583793567572,0,0.03462976110864306,0.2971257499884814
1.0,0.5,3.0,3.0,0.0025,0.005,3.5,700,cond_mean,204,0.9999213838677483,1.9971280099416597,0.4953928368196473,0.0025348934444997385,0,0.014143707886954416,0.29650545807089657
1.0,0.5,3.0,3.0,0.0025,0.005,3.5,700,cond_mean,205,0.9997740886119391,1.994765608738603,0.5030945027371002,0.0015408867720074929,0,0.01073648086967382,0.29938679200131446
1.0,0.5,3.0,3.0,0.0025,0.005,3.5,700,cond_mean,206,0.9998525272164587,2.0138097677066336,0.49346866613006035,0.0016563388067894532,0,0.019747396981914443,0.2991584159899503
1.0,0.5,3.0,3.0,0.0025,0.005,3.5,700,cond_mean,207,0.9996189562863683,2.009543913489977,0.4948458269896289,0.0036902252671115643,0,0.022032402420259185,0.31939616694580764
1.0,0.5,3.0,3.0,0.0025,0.005,3.5,700,cond_mean,208,0.9997673482951427,1.9898085503455327,0.49596519527044586,0.0017200553952829963,0,0.015316541642296929,0.29936695902142674
1.0,0.5,3.0,3.0,0.0025,0.005,3.5,700,cond_mean,209,1.0003938047312866,1.9806084698172897,0.5155565850463305,0.002060715515565998,0,0.031206978105565934,0.3006950420094654
1.0,0.5,3.0,3.0,0.0025,0.005,3.5,700,cond_mean,210,1.0004537603882402,2.010047940856306,0.4939496090691844,0.0026936747692303505,0,0.019841283789952924,0.30225537496153265
1.0,0.5,3.0,3.0,0.0025,0.005,3.5,700,cond_mean,211,1.0004465109182636,2.0519299399152593,0.5077224527328664,0.0018852833621878218,0,0.061193488686126826,0.30136687494814396
1.0,0.5,3.0,3.0,0.0025,0.005,3.5,700,cond_mean,212,1.0002540322580225,2.0111347880419883,0.5049769188998289,0.002608012611959356,0,0.019122146776838787,0.29801408399362117
1.0,0.5,3.0,3.0,0.0025,0.005,3.5,700,cond_mean,213,1.0000377402523537,2.006372540663052,0.5014336429579831,0.0017674325528700917,0,0.011506790921697565,0.29900116694625467
1.0,0.5,3.0,3.0,0.0025,0.005,3.5,700,cond_mean,214,1.0004535894060966,1.9897892786380955,0.5127772482852716,0.002402212488288099,0,0.022997146770547275,0.2976824170909822
1.0,0.5,3.0,3.0,0.0025,0.005,3.5,700,cond_mean,215,1.0001674726381788,1.9866901538175734,0.5080148951048133,0.0018654248327968908,0,0.020560181809541604,0.29895616695284843
1.0,0.5,3.0,3.0,0.0025,0.005,3.5,700,cond_mean,216,0.9999012411332963,1.9983597725868762,0.49596110180847003,0.00105138445195437,0,0.007503048659014534,0.3024808339541778
1.0,0.5,3.0,3.0,0.0025,0.005,3.5,700,cond_mean,217,0.9998515969997888,2.00979421462551,0.5022337531425266,0.00164454168701221,0,0.014266920092267576,0.3052382079185918
1.0,0.5,3.0,3.0,0.0025,0.005,3.5,700,cond_mean,218,1.0000456898303633,1.9766692290458932,0.5016370600873996,0.0020840004757024105,0,0.02886230716797832,0.30415416695177555
1.0,0.5,3.0,3.0,0.0025,0.005,3.5,700,cond_mean,219,0.9998255483291453,1.996633707660169,0.5013782186634486,0.0022234308272691514,0,0.01180223326137084,0.2985500830691308
1.0,0.5,3.0,3.0,0.0025,0.005,3.5,700,cond_mean,220,0.999845210095844,1.996172950401963,0.4964038818827921,0.00209032724115042,0,0.012025561669209381,0.3026519580744207
1.0,0.5,3.0,3.0,0.0025,0.005,3.5,700,cond_mean,221,1.0002104589297343,1.9641782712212308,0.512562211137263,0.0022584834857754797,0,0.045531004283302326,0.29755058290902525
1.0,0.5,3.0,3.0,0.0025,0.005,3.5,700,cond_mean,222,0.9998314741481437,1.9854484706334858,0.49196157960330156,0.002143217687972637,0,0.022400585941571308,0.30249337502755225
1.0,0.5,3.0,3.0,0.0025,0.005,3.5,700,cond_mean,223,0.9997306289532492,2.0002311698312782,0.4906537256010378,0.0020264575017643715,0,0.015381281801786025,0.30023849999997765
1.0,0.5,3.0,3.0,0.0025,0.005,3.5,700,cond_mean,224,0.9997277332370421,2.0093019683851385,0.4950251675536614,0.0023264868551286485,0,0.016816351435917,0.2981281249085441
1.0,0.5,3.0,3.0,0.0025,0.005,3.5,700,cond_mean,225,0.9998945275136883,1.974840295518961,0.4978727697150771,0.002185144871204196,0,0.03110365117049946,0.30029916705098003
1.0,0.5,3.0,3.0,0.0025,0.005,3.5,700,cond_mean,226,0.9999498062199412,2.001875458512155,0.5024585912396585,0.003030138303705154,0,0.01538149304909266,0.29877587500959635
1.0,0.5,3.0,3.0,0.0025,0.005,3.5,700,cond_mean,227,1.000218182410753,1.9843242098306013,0.5010391029443453,0.0016572324901247232,0,0.019872478049228547,0.297265375033021
1.0,0.5,3.0,3.0,0.0025,0.005,3.5,700,cond_mean,228,1.0000403038265755,2.0106651606831827,0.5083924764741805,0.001749728993950605,0,0.018493824632353707,0.3297358329873532
1.0,0.5,3.0,3.0,0.0025,0.005,3.5,700,cond_mean,229,1.000102790057141,2.0273855604495643,0.49727947469564304,0.0015812302528009907,0,0.03281985074414459,0.32595291594043374
1.0,0.5,3.0,3.0,0.0025,0.005,3.5,700,cond_mean,230,1.0001278298152299,1.9961959469159438,0.4954755218010398,0.001752800172167862,0,0.01151683115031793,0.32955820905044675
1.0,0.5,3.0,3.0,0.0025,0.005,3.5,700,cond_mean,231,0.999752126012688,1.9633322969584297,0.48882612321512675,0.0023530975914476935,0,0.04633044363432168,0.3313854580046609
1.0,0.5,3.0,3.0,0.0025,0.005,3.5,700,cond_mean,232,1.0002233559530904,2.006181189144805,0.5049337030863431,0.0019137755687423836,0,0.01326321965112763,0.33137745794374496
1.0,0.5,3.0,3.0,0.0025,0.005,3.5,700,cond_mean,233,0.9999025980281249,2.0022775487454947,0.4879459385111466,0.002192652682389014,0,0.019207117391600352,0.407541541964747
1.0,0.5,3.0,3.0,0.0025,0.005,3.5,700,cond_mean,234,1.0001614418117613,1.9925002603963158,0.5140538862757122,0.001818349612711907,0,0.021798480987506495,0.35904979100450873
1.0,0.5,3.0,3.0,0.0025,0.005,3.5,700,cond_mean,235,0.9998551600679643,1.9985904430528991,0.49944304078591045,0.0019238217680542815,0,0.009606785690224233,0.3194080420071259
1.0,0.5,3.0,3.0,0.0025,0.005,3.5,700,cond_mean,236,0.9999638339529398,2.0003689613277524,0.4983388476427761,0.001363648366222019,0,0.007026270788297306,0.33736362506169826
1.0,0.5,3.0,3.0,0.0025,0.005,3.5,700,cond_mean,237,1.0001750406326448,1.9983181085422557,0.5047146025702114,0.0021323497595347185,0,0.012140406695131344,0.3156444589840248
1.0,0.5,3.0,3.0,0.0025,0.005,3.5,700,cond_mean,238,1.0003571529572524,1.9972260087689022,0.5138934914811718,0.0021374185000838453,0,0.020604850994138894,0.31419199996162206
1.0,0.5,3.0,3.0,0.0025,0.005,3.5,700,cond_mean,239,0.9999449235298778,2.0080063160824664,0.504728865791794,0.0015374284428772748,0,0.013485345253791301,0.32715120795182884
1.0,0.5,3.0,3.0,0.0025,0.005,3.5,700,cond_mean,240,0.9996548465357297,1.9968009284614914,0.5075034437638899,0.0018383684536732601,0,0.014416458859948134,0.31700270902365446
1.0,0.5,3.0,3.0,0.0025,0.005,3.5,700,cond_mean,241,0.9998995569288892,2.0025340711306963,0.4992705920614763,0.001538224684106055,0,0.008140231756369267,0.30849879200104624
1.0,0.5,3.0,3.0,0.0025,0.005,3.5,700,cond_mean,242,1.0000896053507802,2.0040354400039977,0.4977494844174228,0.0023780554619474152,0,0.012965365407100714,0.30275883292779326
1.0,0.5,3.0,3.0,0.0025,0.005,3.5,700,cond_mean,243,0.9997124482436422,2.0033130413681435,0.506936235490988,0.0017961549805138163,0,0.013678620286298435,0.3089458750328049
1.0,0.5,3.0,3.0,0.0025,0.005,3.5,700,cond_mean,244,1.0004445107167261,2.001982721991736,0.5065197121290361,0.0018451055710513385,0,0.01218301674031015,0.3281787079758942
1.0,0.5,3.0,3.0,0.0025,0.005,3.5,700,cond_mean,245,1.0000308536494784,1.9922655406280896,0.5049568684034581,0.0015151645587266546,0,0.013266558724581153,0.3150139159988612
1.0,0.5,3.0,3.0,0.0025,0.005,3.5,700,cond_mean,246,0.9996871588750244,1.9971083943608987,0.49945820548922304,0.0027163027426758976,0,0.013807003124049906,0.3032973340013996
1.0,0.5,3.0,3.0,0.0025,0.005,3.5,700,cond_mean,247,0.9998356107335303,2.0195356875431014,0.498146054217903,0.0016122939853642608,0,0.024013576719921954,0.3010205830214545
1.0,0.5,3.0,3.0,0.0025,0.005,3.5,700,cond_mean,248,1.0000974859641312,2.000628327371708,0.5119355754983412,0.001960039965205537,0,0.018160669779987273,0.30103795893955976
1.0,0.5,3.0,3.0,0.0025,0.005,3.5,700,cond_mean,249,1.0003016632062296,1.999817957544505,0.5018783773589043,0.002296194973885097,0,0.01148890504053407,0.30231779196765274
1.0,0.5,3.0,3.0,0.0025,0.005,3.5,700,cond_mean,250,1.0000241417477238,2.009083262954628,0.49882454086119055,0.002172897141295249,0,0.015050648173375468,0.3013563751010224
1.0,0.5,3.0,3.0,0.0025,0.005,3.5,700,cond_mean,251,1.0000032646481596,2.017729135450204,0.505775625042617,0.0025933233400970857,0,0.025261170672186188,0.2977908330503851
1.0,0.5,3.0,3.0,0.0025,0.005,3.5,700,cond_mean,252,0.9997839503236913,1.99521120913108,0.4860539288493046,0.0023312856852893858,0,0.021994210342300653,0.305709584034048
1.0,0.5,3.0,3.0,0.0025,0.005,3.5,700,cond_mean,253,0.9997703530572987,2.0076913391074394,0.4970005134479987,0.0019049842894650968,0,0.013376828792252564,0.31368187500629574
1.0,0.5,3.0,3.0,0.0025,0.005,3.5,700,cond_mean,254,1.0001988579200145,2.0191924644145214,0.5114660603201436,0.0021208674542418644,0,0.028453253072774607,0.305357167031616
1.0,0.5,3.0,3.0,0.0025,0.005,3.5,700,cond_mean,255,1.0000506896128325,1.9878703120788603,0.49917088110857066,0.002386052152079056,0,0.018291247700748425,0.3080311670200899
1.0,0.5,3.0,3.0,0.0025,0.005,3.5,700,cond_mean,256,0.9999537468750689,2.0062697321594594,0.4937953540029669,0.0016118190328977136,0,0.01340828025290195,0.30319866607896984
1.0,0.5,3.0,3.0,0.0025,0.005,3.5,700,cond_mean,257,1.0000194393581638,2.007516115774606,0.5075341705880876,0.001837876716270025,0,0.01590248589985098,0.30948583292774856
1.0,0.5,3.0,3.0,0.0025,0.005,3.5,700,cond_mean,258,0.9996208754223399,1.9952158369527964,0.4995869673469668,0.0023508434017332556,0,0.012901130506081951,0.2984146249946207
1.0,0.5,3.0,3.0,0.0025,0.005,3.5,700,cond_mean,259,1.0001572650529285,1.9929121230325988,0.49876617232145026,0.0021309953209106987,0,0.013438082527216733,0.2996612921124324
1.0,0.5,3.0,3.0,0.0025,0.005,3.5,700,cond_mean,260,1.00030046633703,2.0032011252420223,0.5149188810815793,0.0028057844940014183,0,0.023598896012599214,0.2987815000815317
1.0,0.5,3.0,3.0,0.0025,0.005,3.5,700,cond_mean,261,0.9999830429657416,2.007173776339954,0.5028394446266975,0.0019401890760296725,0,0.013168765284323996,0.2995307919336483
1.0,0.5,3.0,3.0,0.0025,0.005,3.5,700,cond_mean,262,0.9997935139490406,2.0121524426988984,0.5006931790564829,0.0024008373495824826,0,0.018380054461542745,0.29763412510510534
1.0,0.5,3.0,3.0,0.0025,0.005,3.5,700,cond_mean,263,0.9998767446629448,1.9742675401593581,0.4969799379544906,0.0024880832460989232,0,0.032366941735933734,0.2994880409678444
1.0,0.5,3.0,3.0,0.0025,0.005,3.5,700,cond_mean,264,1.0002721907703622,2.0059286741547235,0.5113434197798582,0.0018281811238456535,0,0.018203792758356156,0.29861820803489536
1.0,0.5,3.0,3.0,0.0025,0.005,3.5,700,cond_mean,265,0.999950491763303,1.993415686549891,0.5029361181207687,0.0015577938573721462,0,0.01146927203951617,0.30338874994777143
1.0,0.5,3.0,3.0,0.0025,0.005,3.5,700,cond_mean,266,1.000207325914017,2.016482377345006,0.5018118615486268,0.002572168974572461,0,0.022900837839587147,0.30025408300571144
1.0,0.5,3.0,3.0,0.0025,0.005,3.5,700,cond_mean,267,1.0001236516673473,2.020791209438856,0.5049516958572567,0.001624815723065761,0,0.026017625040909306,0.29860466707032174
1.0,0.5,3.0,3.0,0.0025,0.005,3.5,700,cond_mean,268,0.9999723086147276,2.0125244369356907,0.4962717138894471,0.001762158164044469,0,0.017560136351453797,0.3004265410127118
1.0,0.5,3.0,3.0,0.0025,0.005,3.5,700,cond_mean,269,1.0000557919971644,2.0070486663669294,0.4991442045348704,0.0014127669875335523,0,0.010764925807094487,0.3008787500439212
1.0,0.5,3.0,3.0,0.0025,0.005,3.5,700,cond_mean,270,1.0001709544223654,2.0213695931776097,0.5032913312916979,0.0019136833021594012,0,0.02667959752534189,0.29959366598632187
1.0,0.5,3.0,3.0,0.0025,0.005,3.5,700,cond_mean,271,0.9998924089356042,2.0401803944028414,0.49495260812667163,0.001723134125910016,0,0.047724023921000516,0.29925770801492035
1.0,0.5,3.0,3.0,0.0025,0.005,3.5,700,cond_mean,272,1.0000845970646233,2.0038923364718886,0.5056939936308746,0.0024019863253649386,0,0.014577416478581354,0.30249195802025497
1.0,0.5,3.0,3.0,0.0025,0.005,3.5,700,cond_mean,273,0.9999787241636665,1.9931871321734167,0.5053191792154142,0.00266913205952125,0,0.01676558953998742,0.29766375001054257
1.0,0.5,3.0,3.0,0.0025,0.005,3.5,700,cond_mean,274,1.00036555563477,1.990101344790406,0.508327450752005,0.0020340135875940423,0,0.018237650026727985,0.2976083339890465
1.0,0.5,3.0,3.0,0.0025,0.005,3.5,700,cond_mean,275,0.9997399678607242,2.00219624099483,0.49414449123170084,0.0020652301217685904,0,0.012705226787378138,0.29913249996025115
1.0,0.5,3.0,3.0,0.0025,0.005,3.5,700,cond_mean,276,0.9993188317869494,1.982912835232758,0.48168569511837095,0.0032949270322831306,0,0.03434023573863486,0.3029174580005929
1.0,0.5,3.0,3.0,0.0025,0.005,3.5,700,cond_mean,277,1.0001860162288572,1.9702503657824424,0.5003102356064201,0.002541857933613033,0,0.03654619959802151,0.3093270839890465
1.0,0.5,3.0,3.0,0.0025,0.005,3.5,700,cond_mean,278,0.9998835896521518,2.0006570718920704,0.4971372859498559,0.0014698158584297075,0,0.008067418805002408,0.301465000025928
1.0,0.5,3.0,3.0,0.0025,0.005,3.5,700,cond_mean,279,0.9998419861118881,2.0026266947005458,0.5039368602630906,0.0017219183245626788,0,0.010547706788922652,0.2992070419713855
1.0,0.5,3.0,3.0,0.0025,0.005,3.5,700,cond_mean,280,0.9996975570621692,2.0065597414778433,0.49875982016981546,0.0014623067971508122,0,0.010561943940398505,0.3355682920664549
1.0,0.5,3.0,3.0,0.0025,0.005,3.5,700,cond_mean,281,1.00007138135945,1.9911178196502466,0.5086532318971585,0.0017170677434273892,0,0.01727340098578868,0.35716454207431525
1.0,0.5,3.0,3.0,0.0025,0.005,3.5,700,cond_mean,282,1.000018294028608,2.016073517586252,0.49403396756849616,0.0019549314568938912,0,0.0223338053803715,0.30652816698420793
1.0,0.5,3.0,3.0,0.0025,0.005,3.5,700,cond_mean,283,0.9996366017875019,2.0042940060797,0.4912341110472198,0.0025273351416172807,0,0.01718514077792676,0.3007725829957053
1.0,0.5,3.0,3.0,0.0025,0.005,3.5,700,cond_mean,284,0.9999582767714045,1.9602794804877186,0.49500891826484256,0.0019628133952744645,0,0.04742747464943101,0.29943329095840454
1.0,0.5,3.0,3.0,0.0025,0.005,3.5,700,cond_mean,285,0.9999959921750603,1.9981909131975455,0.4948725165949179,0.0022640255330435622,0,0.013163228383434512,0.30108899995684624
1.0,0.5,3.0,3.0,0.0025,0.005,3.5,700,cond_mean,286,1.0003033995506747,2.0006158352888397,0.5145847809692915,0.0027601885565794997,0,0.02289941406389882,0.2980586669873446
1.0,0.5,3.0,3.0,0.0025,0.005,3.5,700,cond_mean,287,0.9998593124348409,2.006772940756024,0.49284345900758686,0.002305448005328249,0,0.0165492339663291,0.31128566700499505
1.0,0.5,3.0,3.0,0.0025,0.005,3.5,700,cond_mean,288,0.9999356788061174,1.9690839923552288,0.5009260561558148,0.0022980336886798524,0,0.037440845950402396,0.29665858298540115
1.0,0.5,3.0,3.0,0.0025,0.005,3.5,700,cond_mean,289,0.9999393420577916,2.011525847490405,0.49973460590021845,0.001625386523213531,0,0.015520621670766616,0.2970493750181049
1.0,0.5,3.0,3.0,0.0025,0.005,3.5,700,cond_mean,290,1.0000172574338264,2.042507508523298,0.5015131662729674,0.002047538957331763,0,0.05009203395799488,0.30783354095183313
1.0,0.5,3.0,3.0,0.0025,0.005,3.5,700,cond_mean,291,0.9998737780685498,2.0077252733466344,0.4991172329153679,0.001804571709986041,0,0.01260982447383185,0.30236683296971023
1.0,0.5,3.0,3.0,0.0025,0.005,3.5,700,cond_mean,292,1.0002456263103292,1.9993603172528582,0.49499862872399414,0.0021893203901909657,0,0.012950801171469071,0.3035988330375403
1.0,0.5,3.0,3.0,0.0025,0.005,3.5,700,cond_mean,293,0.9997902212124705,2.0072366003359288,0.4922375836103889,0.001662935569586386,0,0.015254570630569295,0.3036646250402555
1.0,0.5,3.0,3.0,0.0025,0.005,3.5,700,cond_mean,294,0.9998665133030743,2.036962581776222,0.4889709955734145,0.0018772218086070538,0,0.04622817785115886,0.30567349994089454
1.0,0.5,3.0,3.0,0.0025,0.005,3.5,700,cond_mean,295,1.0001748962406547,2.0156269149683843,0.5010347737374709,0.001395891698127919,0,0.019332814060933515,0.2989231670508161
1.0,0.5,3.0,3.0,0.0025,0.005,3.5,700,cond_mean,296,0.9999714071431605,1.9883698848050197,0.5026616364936511,0.002245448167414113,0,0.017697999974074303,0.3406975830439478
1.0,0.5,3.0,3.0,0.0025,0.005,3.5,700,cond_mean,297,1.000354219822388,1.986827299879882,0.5122677869154231,0.0022361930442962815,0,0.024139460083889383,0.31570129201281816
1.0,0.5,3.0,3.0,0.0025,0.005,3.5,700,cond_mean,298,0.9999063621680943,2.002622853229898,0.49940567129453495,0.002197254192799126,0,0.011216868655664406,0.2979555829660967
1.0,0.5,3.0,3.0,0.0025,0.005,3.5,700,cond_mean,299,0.999858086809572,2.011786147782241,0.4934572308840243,0.0018399703690452358,0,0.018383751439227037,0.29702541697770357
1.0,0.5,3.0,3.0,0.0025,0.005,3.5,700,cond_mean,300,1.0001696467388002,2.014003898600757,0.5076936130762979,0.00190053210913438,0,0.021033840648108676,0.298505499958992
1.0,0.5,3.0,3.0,0.0025,0.005,3.5,700,cond_mean,301,0.9999809774642313,2.0163589018709263,0.5001231266458976,0.0016916211127193156,0,0.020632472965754944,0.2993979169987142
1.0,0.5,3.0,3.0,0.0025,0.005,3.5,700,cond_mean,302,0.9998927161017801,2.009234028275294,0.49241438974987445,0.0018657009376212331,0,0.017150312366745024,0.3009032499976456
1.0,0.5,3.0,3.0,0.0025,0.005,3.5,700,cond_mean,303,0.9997475314002552,1.9797026271110638,0.49504891131868567,0.002274659343997658,0,0.02674709043855889,0.300927666015923
1.0,0.5,3.0,3.0,0.0025,0.005,3.5,700,cond_mean,304,1.0003287367920783,2.0012191604699274,0.5034627890816482,0.002114854979085759,0,0.011244004192095616,0.3015203330432996
1.0,0.5,3.0,3.0,0.0025,0.005,3.5,700,cond_mean,305,1.000161620164387,2.008303227276445,0.5033460019453508,0.0021508502518886924,0,0.014821196166282427,0.29985054093413055
1.0,0.5,3.0,3.0,0.0025,0.005,3.5,700,cond_mean,306,0.999859829910381,2.0229851162873445,0.5008213164906599,0.0022032384829247208,0,0.02868727049369948,0.3011219579493627
1.0,0.5,3.0,3.0,0.0025,0.005,3.5,700,cond_mean,307,0.9999451109429691,2.005287585522702,0.49976336648618225,0.0021964688311700694,0,0.012386831147063727,0.2971335829934105
1.0,0.5,3.0,3.0,0.0025,0.005,3.5,700,cond_mean,308,0.9997910373165517,2.0185867600819085,0.48684560648789565,0.0017369655145862712,0,0.02874405811042957,0.2909644159954041
1.0,0.5,3.0,3.0,0.0025,0.005,3.5,700,cond_mean,309,1.0004007877956715,2.0029063992375864,0.5101632477976971,0.0020044246957748734,0,0.01629802505375611,0.47914791700895876
1.0,0.5,3.0,3.0,0.0025,0.005,3.5,700,cond_mean,310,0.9997366899705907,1.9756683500334722,0.49641278242519216,0.002538162211267984,0,0.031073756605684164,0.28939841699320823
1.0,0.5,3.0,3.0,0.0025,0.005,3.5,700,cond_mean,311,1.0002605363699368,2.0284728837680257,0.5065222266263549,0.0016212388597010967,0,0.03465488382086045,0.2930515829939395
1.0,0.5,3.0,3.0,0.0025,0.005,3.5,700,cond_mean,312,1.0003452315807297,1.9837506766543649,0.5139722618767114,0.0018489252134367906,0,0.027199980520210523,0.29050812497735023
1.0,0.5,3.0,3.0,0.0025,0.005,3.5,700,cond_mean,313,0.9997679552322164,1.990354794531798,0.4970075851031137,0.0017244626116896475,0,0.014459282861606327,0.3002049579517916
1.0,0.5,3.0,3.0,0.0025,0.005,3.5,700,cond_mean,314,1.0003204920594755,2.0168425379520296,0.4895073201157528,0.0018612242498434804,0,0.0260443429563059,0.2965252499561757
1.0,0.5,3.0,3.0,0.0025,0.005,3.5,700,cond_mean,315,1.0003027530100153,1.9953355677660243,0.5007714652536002,0.002201585535385545,0,0.01214804901424944,0.3003698750399053
1.0,0.5,3.0,3.0,0.0025,0.005,3.5,700,cond_mean,316,0.9993937496472624,1.9848654548694091,0.4842132785359085,0.002330052475950726,0,0.028705087558908143,0.30602483393158764
1.0,0.5,3.0,3.0,0.0025,0.005,3.5,700,cond_mean,317,0.9999071655274862,1.996378774617766,0.49947768918549257,0.001358354789355431,0,0.007891563635198494,0.2939397500595078
1.0,0.5,3.0,3.0,0.0025,0.005,3.5,700,cond_mean,318,0.9999007714994084,1.985777953293579,0.49859961875096903,0.0028458621785246857,0,0.021613843673602928,0.2882756250910461
1.0,0.5,3.0,3.0,0.0025,0.005,3.5,700,cond_mean,319,1.0000290573788047,2.0036281410049366,0.505114981233552,0.0019136478310959545,0,0.01224357996960894,0.2937464580172673
1.0,0.5,3.0,3.0,0.0025,0.005,3.5,700,cond_mean,320,1.0002097766848608,2.0144134899913957,0.5112467482440676,0.001598043607604727,0,0.023230191969804675,0.2901904999744147
1.0,0.5,3.0,3.0,0.0025,0.005,3.5,700,cond_mean,321,0.9998820318761997,2.0055246182125117,0.494841525867431,0.0019875041589104696,0,0.013360700391523822,0.2998373330337927
1.0,0.5,3.0,3.0,0.0025,0.005,3.5,700,cond_mean,322,0.9998273853943612,1.988665658155179,0.4944395223895652,0.001540449268714581,0,0.01664962544544817,0.29207641701214015
1.0,0.5,3.0,3.0,0.0025,0.005,3.5,700,cond_mean,323,0.9996735642095843,2.0141101288229772,0.499401059311569,0.0017024904916545802,0,0.018368056737399212,0.2896777919959277
1.0,0.5,3.0,3.0,0.0025,0.005,3.5,700,cond_mean,324,1.0001392420853257,2.0011373989975425,0.4961124149392449,0.0017807697382759135,0,0.010386638656809007,0.2922366668935865
1.0,0.5,3.0,3.0,0.0025,0.005,3.5,700,cond_mean,325,0.9997576032593498,1.9994273582756448,0.492326313517919,0.0028602838380304397,0,0.01701325897665777,0.2966787499608472
1.0,0.5,3.0,3.0,0.0025,0.005,3.5,700,cond_mean,326,0.9998633371751013,1.986785334965477,0.4966769556316723,0.0017060861492916718,0,0.0179188128950311,0.29388887505047023
1.0,0.5,3.0,3.0,0.0025,0.005,3.5,700,cond_mean,327,1.0001466011484916,1.9794426767142999,0.5031556190494608,0.002159952486098838,0,0.026222394239696745,0.2958610829664394
1.0,0.5,3.0,3.0,0.0025,0.005,3.5,700,cond_mean,328,0.9997921767037552,2.0033088218814785,0.49793970343326216,0.0018681431208002351,0,0.010226962788585533,0.294963541906327
1.0,0.5,3.0,3.0,0.0025,0.005,3.5,700,cond_mean,329,0.9998997425031876,1.9796026957963015,0.4921328506296184,0.0018939555182569728,0,0.027319320833152295,0.2944392079953104
1.0,0.5,3.0,3.0,0.0025,0.005,3.5,700,cond_mean,330,1.000012645086798,1.9953935599541195,0.4877586389484728,0.00124447468732445,0,0.018109978784823753,0.29556104191578925
1.0,0.5,3.0,3.0,0.0025,0.005,3.5,700,cond_mean,331,1.000180085565038,1.9785062637249886,0.5173692176647794,0.0025077588677428026,0,0.035218804395591226,0.29571558395400643
1.0,0.5,3.0,3.0,0.0025,0.005,3.5,700,cond_mean,332,1.0001964839553257,2.0118423315181375,0.5040901665445114,0.0015706187435185338,0,0.01644943987814454,0.3005771669559181
1.0,0.5,3.0,3.0,0.0025,0.005,3.5,700,cond_mean,333,0.9999218364888409,2.000019213192966,0.5104542599135213,0.0014630621807230927,0,0.015554973457968805,0.2992336250608787
1.0,0.5,3.0,3.0,0.0025,0.005,3.5,700,cond_mean,334,1.0001046875802952,2.000880952129457,0.5068815005404833,0.0016029619469325076,0,0.011825729573205173,0.2938436249969527
1.0,0.5,3.0,3.0,0.0025,0.005,3.5,700,cond_mean,335,1.000011327447543,2.0111205654347204,0.49597813324720075,0.0016895511692113113,0,0.016183118604949785,0.29316075006499887
1.0,0.5,3.0,3.0,0.0025,0.005,3.5,700,cond_mean,336,0.9996733043283282,1.9919122348254559,0.4995418930597121,0.0018452614085671304,0,0.013087026349339323,0.2937343749217689
1.0,0.5,3.0,3.0,0.0025,0.005,3.5,700,cond_mean,337,1.0002582294459639,1.9899201850617432,0.5028859893949043,0.001641442767021856,0,0.014543885251945565,0.29384004208259284
1.0,0.5,3.0,3.0,0.0025,0.005,3.5,700,cond_mean,338,1.000157370444793,1.9734669038382424,0.4989388892568315,0.002958189959526338,0,0.03394830450611396,0.29149558395147324
1.0,0.5,3.0,3.0,0.0025,0.005,3.5,700,cond_mean,339,0.9998922512480461,2.0278992964611446,0.504963021454149,0.0023929135101206176,0,0.03491177286129073,0.2927471250295639
1.0,0.5,3.0,3.0,0.0025,0.005,3.5,700,cond_mean,340,1.0005152667307897,2.0124595923671587,0.5193363615772961,0.0033994276860671354,0,0.03257217036515239,0.29079450003337115
1.0,0.5,3.0,3.0,0.0025,0.005,3.5,700,cond_mean,341,0.9998557864024106,1.998000735377182,0.5019313899841791,0.0018473488099442167,0,0.009792590188881067,0.29261300002690405
1.0,0.5,3.0,3.0,0.0025,0.005,3.5,700,cond_mean,342,1.0001719105992166,1.9971203970938518,0.5068975140681874,0.0017758981862277315,0,0.012748956077210553,0.29417424998246133
1.0,0.5,3.0,3.0,0.0025,0.005,3.5,700,cond_mean,343,1.0001593645210247,2.020273772608055,0.5058247357678556,0.001630054027935937,0,0.025742475183973604,0.29205166595056653
1.0,0.5,3.0,3.0,0.0025,0.005,3.5,700,cond_mean,344,0.9997070383553291,1.9850782977345491,0.5022420040314287,0.0024993392559529556,0,0.02147528926851745,0.29594608303159475
1.0,0.5,3.0,3.0,0.0025,0.005,3.5,700,cond_mean,345,1.0002819369152756,2.0141786615641077,0.4951960260876789,0.0025398033025658753,0,0.021736619926970277,0.2919439170509577
1.0,0.5,3.0,3.0,0.0025,0.005,3.5,700,cond_mean,346,0.999984576287673,2.0120615190132356,0.494384507361925,0.002072108006238792,0,0.018766824857668573,0.29331741598434746
1.0,0.5,3.0,3.0,0.0025,0.005,3.5,700,cond_mean,347,0.9998660427949605,2.003380314759927,0.4959800172742219,0.0013708590836826557,0,0.009256864854025005,0.2924045000690967
1.0,0.5,3.0,3.0,0.0025,0.005,3.5,700,cond_mean,348,1.0003799380574099,2.0028751484014418,0.5061396227223139,0.0037561586454938883,0,0.020124316782240803,0.2898665419779718
1.0,0.5,3.0,3.0,0.0025,0.005,3.5,700,cond_mean,349,0.9998318084211908,1.9728536729983583,0.5006166583618336,0.0022138325331309563,0,0.033196437788177574,0.29491412499919534
1.0,0.5,3.0,3.0,0.0025,0.005,3.5,700,cond_mean,350,1.0001979972646426,2.0323494273595935,0.49731313638210334,0.0015161071428440433,0,0.03835069333483805,0.2937027500011027
1.0,0.5,3.0,3.0,0.0025,0.005,3.5,700,cond_mean,351,1.0001808524339888,2.031773732644871,0.5020909055038707,0.002245220485509343,0,0.03836184258149529,0.2927236669929698
1.0,0.5,3.0,3.0,0.0025,0.005,3.5,700,cond_mean,352,1.0005153469076238,2.015499858859415,0.5066652410858196,0.002226501906528613,0,0.022396273361584652,0.2917989999987185
1.0,0.5,3.0,3.0,0.0025,0.005,3.5,700,cond_mean,353,1.0003818139216476,1.975734768050251,0.5130091382011343,0.0018752135590162568,0,0.033508815793532085,0.2930039169732481
1.0,0.5,3.0,3.0,0.0025,0.005,3.5,700,cond_mean,354,0.9999658755530386,2.008905341337778,0.488729183769309,0.002134050055054906,0,0.02085997907348771,0.2953702500090003
1.0,0.5,3.0,3.0,0.0025,0.005,3.5,700,cond_mean,355,1.0002183768766564,1.9845581772411602,0.5091728025678037,0.003174831556247006,0,0.026378107307823397,0.2905419160379097
1.0,0.5,3.0,3.0,0.0025,0.005,3.5,700,cond_mean,356,0.9997785781011449,1.9936168714823697,0.4973722983794928,0.001635718204226784,0,0.01133919354549797,0.37853650003671646
1.0,0.5,3.0,3.0,0.0025,0.005,3.5,700,cond_mean,357,0.9998192126429931,1.9620806632976602,0.4910922795053328,0.002696295351085481,0,0.047200733180739265,0.298199416953139
1.0,0.5,3.0,3.0,0.0025,0.005,3.5,700,cond_mean,358,0.9999250408799442,1.9892300868627162,0.4982650002211516,0.0013015837506295924,0,0.014153188371170154,0.29086295794695616
1.0,0.5,3.0,3.0,0.0025,0.005,3.5,700,cond_mean,359,0.9998129224855131,2.007241701848094,0.5019972629945452,0.002048916921558249,0,0.01343868081291982,0.29238704091403633
1.0,0.5,3.0,3.0,0.0025,0.005,3.5,700,cond_mean,360,1.0000688298906748,2.0112606845989354,0.5122873245904883,0.001352691952051642,0,0.021521146801452774,0.3038956249365583
1.0,0.5,3.0,3.0,0.0025,0.005,3.5,700,cond_mean,361,0.9998487834702607,1.9957896387678848,0.5012903232268465,0.001954099051195661,0,0.01095564491091893,0.2965085409814492
1.0,0.5,3.0,3.0,0.0025,0.005,3.5,700,cond_mean,362,1.000133112284589,1.9999432923900817,0.49552042042579175,0.003904283086186714,0,0.02013394127586063,0.29615608404856175
1.0,0.5,3.0,3.0,0.0025,0.005,3.5,700,cond_mean,363,1.0000096768924076,1.9949115060374123,0.4940718515535661,0.0018144686342684495,0,0.01325573569446199,0.29397741705179214
1.0,0.5,3.0,3.0,0.0025,0.005,3.5,700,cond_mean,364,0.9998343683937204,2.0090293582877687,0.500478816004942,0.002804634434409344,0,0.017308936376059247,0.28516895801294595
1.0,0.5,3.0,3.0,0.0025,0.005,3.5,700,cond_mean,365,0.9999375417168933,1.9937176850958833,0.4964233822573573,0.0018807173696788455,0,0.01260740747966088,0.2825502079213038
1.0,0.5,3.0,3.0,0.0025,0.005,3.5,700,cond_mean,366,0.9995312581305791,2.00636871341687,0.5005281724972822,0.0021711979604361483,0,0.013219658646354202,0.2828218749491498
1.0,0.5,3.0,3.0,0.0025,0.005,3.5,700,cond_mean,367,1.0000637007031854,2.0189896111479237,0.5043643808351175,0.001828797599760124,0,0.024315776744942723,0.28141916694585234
1.0,0.5,3.0,3.0,0.0025,0.005,3.5,700,cond_mean,368,1.000305508869054,2.0140866188895794,0.5052189944721478,0.0018524605510854362,0,0.019660206091768568,0.2808330829720944
1.0,0.5,3.0,3.0,0.0025,0.005,3.5,700,cond_mean,369,1.0000847642157806,2.0282034514133516,0.5009714028443715,0.001705499524187702,0,0.03363497456471128,0.2819390830118209
1.0,0.5,3.0,3.0,0.0025,0.005,3.5,700,cond_mean,370,1.0001260627224284,2.0105822673795775,0.4957197866407137,0.0021869068707039154,0,0.01729579727855416,0.2835231249919161
1.0,0.5,3.0,3.0,0.0025,0.005,3.5,700,cond_mean,371,1.0001429535719741,1.9978222801138608,0.5081341269675946,0.0025216990829930834,0,0.016332497144857874,0.28237124998122454
1.0,0.5,3.0,3.0,0.0025,0.005,3.5,700,cond_mean,372,1.0002354407484697,2.0390384483384234,0.5179939423770682,0.0014887293696521846,0,0.05073876560539829,0.28207029099576175
1.0,0.5,3.0,3.0,0.0025,0.005,3.5,700,cond_mean,373,1.000048474447409,1.974615102890213,0.49812565316335383,0.0020875116210117587,0,0.03119040895242844,0.2823949580779299
1.0,0.5,3.0,3.0,0.0025,0.005,3.5,700,cond_mean,374,0.9998426300996538,1.996040465928821,0.4948231641617703,0.0017237216019995421,0,0.011608487537385817,0.28274008305743337
1.0,0.5,3.0,3.0,0.0025,0.005,3.5,700,cond_mean,375,1.000209420609468,2.025292286093599,0.5081738085273835,0.001380803190092048,0,0.03157782811428189,0.28135008306708187
1.0,0.5,3.0,3.0,0.0025,0.005,3.5,700,cond_mean,376,1.000128084681232,2.0135539624694174,0.5079250405796055,0.0026284013344734995,0,0.022659107877629266,0.28073937504086643
1.0,0.5,3.0,3.0,0.0025,0.005,3.5,700,cond_mean,377,1.0000039207773097,1.9619397649568695,0.4997307433381606,0.0019025402468767646,0,0.04493674595512528,0.2830368750728667
1.0,0.5,3.0,3.0,0.0025,0.005,3.5,700,cond_mean,378,1.0005893537798607,1.9951344472137358,0.5052554537093484,0.0023418820226519203,0,0.014215375240595463,0.28285820805467665
1.0,0.5,3.0,3.0,0.0025,0.005,3.5,700,cond_mean,379,0.9996949515814127,2.0349600641970857,0.49682503575063286,0.0018003008685158366,0,0.041548697151603455,0.28808558301534504
1.0,0.5,3.0,3.0,0.0025,0.005,3.5,700,cond_mean,380,0.9997219470997946,1.9677180852995024,0.4974176995006839,0.0020924571890302934,0,0.03881606165461255,0.28446941706351936
1.0,0.5,3.0,3.0,0.0025,0.005,3.5,700,cond_mean,381,0.9999151049466626,1.9903156565221927,0.49428801271742223,0.0031872328508130683,0,0.020536728755469698,0.28283358307089657
1.0,0.5,3.0,3.0,0.0025,0.005,3.5,700,cond_mean,382,1.0000589520475356,2.000306941990184,0.4992539639873446,0.0014148976419884787,0,0.007042041865354978,0.2818465419113636
1.0,0.5,3.0,3.0,0.0025,0.005,3.5,700,cond_mean,383,1.0000654286951525,1.9942668509734647,0.503249975823357,0.001969559641328353,0,0.012403329272480236,0.28395370801445097
1.0,0.5,3.0,3.0,0.0025,0.005,3.5,700,cond_mean,384,0.9996456817647815,2.006350097239724,0.49520976635721126,0.0021455112062418315,0,0.014054149002975809,0.2816065829247236
1.0,0.5,3.0,3.0,0.0025,0.005,3.5,700,cond_mean,385,1.0001703950125203,1.99102115925746,0.5068589321426938,0.0021230153602486627,0,0.016986143670095134,0.2833385419799015
1.0,0.5,3.0,3.0,0.0025,0.005,3.5,700,cond_mean,386,1.0000724713709568,2.0022926306481827,0.5019835135807409,0.0015762149948340385,0,0.008535715353458113,0.2829004171071574
1.0,0.5,3.0,3.0,0.0025,0.005,3.5,700,cond_mean,387,1.0003501959600754,1.9700900720305743,0.507577891090346,0.0023939338287174757,0,0.03757212564484867,0.28139575000386685
1.0,0.5,3.0,3.0,0.0025,0.005,3.5,700,cond_mean,388,0.9999731481643981,2.0180795547077857,0.5014304084804067,0.0021404283966431703,0,0.023435188454172987,0.2815636250888929
1.0,0.5,3.0,3.0,0.0025,0.005,3.5,700,cond_mean,389,0.999932237352867,2.0087944122621715,0.4997799050685448,0.0016633298706725105,0,0.013032391884661355,0.28338491590693593
1.0,0.5,3.0,3.0,0.0025,0.005,3.5,700,cond_mean,390,1.0001513296560467,1.9700031570980598,0.5030492421397861,0.0016938888939273774,0,0.0357517010505607,0.2824291670694947
1.0,0.5,3.0,3.0,0.0025,0.005,3.5,700,cond_mean,391,0.9999099555389918,1.9991623068967677,0.4880220924347414,0.0017069316935074148,0,0.017745312260625576,0.28313354204874486
1.0,0.5,3.0,3.0,0.0025,0.005,3.5,700,cond_mean,392,0.9999188141027199,1.9826438274770612,0.5069765625847817,0.0014609193521405372,0,0.023166351496365437,0.28217987495008856
1.0,0.5,3.0,3.0,0.0025,0.005,3.5,700,cond_mean,393,0.999933252786713,2.0002482477674906,0.4874218010001629,0.0019783457676319106,0,0.019092215565020273,0.28261233295779675
1.0,0.5,3.0,3.0,0.0025,0.005,3.5,700,cond_mean,394,1.0001700783193965,1.9880636502207156,0.4953724870235201,0.0017817284305031453,0,0.017569608432301553,0.28414312505628914
1.0,0.5,3.0,3.0,0.0025,0.005,3.5,700,cond_mean,395,0.9999076460263552,2.006673377706736,0.49274775472851584,0.0023850665252864696,0,0.016881055166257805,0.2884672910440713
1.0,0.5,3.0,3.0,0.0025,0.005,3.5,700,cond_mean,396,1.0001086825656558,2.002472940796483,0.5059076711722367,0.0018523521335250513,0,0.012126013303691797,0.28458666696678847
1.0,0.5,3.0,3.0,0.0025,0.005,3.5,700,cond_mean,397,1.0000390425797796,2.010063791520583,0.4980633129004338,0.0014236948239179942,0,0.013824827931673202,0.29312295804265887
1.0,0.5,3.0,3.0,0.0025,0.005,3.5,700,cond_mean,398,1.0000632992257241,1.985855054440092,0.49741354324488074,0.001831616932773381,0,0.01900258062022874,0.300950916018337
1.0,0.5,3.0,3.0,0.0025,0.005,3.5,700,cond_mean,399,1.0001917868908434,1.969596731360012,0.5009273238159433,0.0018270710153853818,0,0.036228797482079404,0.29877583298366517
1.0,0.5,3.0,3.0,0.0025,0.005,3.5,700,two_speed,0,1.0000544720473479,2.0139174729565017,0.5122003445128405,0.0020351272465964046,0,0.02461791535151285,0.32086650002747774
1.0,0.5,3.0,3.0,0.0025,0.005,3.5,700,two_speed,1,0.9999913354650068,1.9933128936311593,0.5035324520554114,0.0018530717578838128,0,0.012799516071486227,0.3592596249654889
1.0,0.5,3.0,3.0,0.0025,0.005,3.5,700,two_speed,2,0.9995601853677331,1.9547476774236339,0.498181638644469,0.003013168320278315,0,0.05440275296291005,0.32441720901988447
1.0,0.5,3.0,3.0,0.0025,0.005,3.5,700,two_speed,3,1.0001717393240783,1.969691564453076,0.513028423847404,0.0022234506187720437,0,0.040166999173427476,0.3132866669911891
1.0,0.5,3.0,3.0,0.0025,0.005,3.5,700,two_speed,4,1.000276797757229,2.011867958277214,0.5050307089385841,0.0017806195864460673,0,0.017359256342745995,0.3090638330904767
1.0,0.5,3.0,3.0,0.0025,0.005,3.5,700,two_speed,5,0.9997121955651533,2.0037198061747916,0.4911414877716676,0.0017819785457819702,0,0.01475698927687996,0.30732079199515283
1.0,0.5,3.0,3.0,0.0025,0.005,3.5,700,two_speed,6,1.000092304397364,1.984829691307947,0.5079988832881884,0.0016892774742764168,0,0.02188207360145114,0.31055149994790554
1.0,0.5,3.0,3.0,0.0025,0.005,3.5,700,two_speed,7,1.0000190823448434,2.017111038493877,0.5056048298778335,0.0018516016610198435,0,0.022926228697315046,0.3111450000433251
1.0,0.5,3.0,3.0,0.0025,0.005,3.5,700,two_speed,8,0.9996148862668381,2.014257628908791,0.4969991901063459,0.0017619665047936724,0,0.01895195028221318,0.31003008398693055
1.0,0.5,3.0,3.0,0.0025,0.005,3.5,700,two_speed,9,1.0003023185831417,1.9891942479934965,0.5065786206115536,0.0017650714346631366,0,0.017149313032304908,0.3082998329773545
1.0,0.5,3.0,3.0,0.0025,0.005,3.5,700,two_speed,10,0.999807116635073,1.9908707731185313,0.49488995612658976,0.002779006582859742,0,0.018340963628482747,0.3106724160024896
1.0,0.5,3.0,3.0,0.0025,0.005,3.5,700,two_speed,11,1.000263103201376,2.0298712452468233,0.5063085871717087,0.0017734297624079987,0,0.03633644691427651,0.31565033295191824
1.0,0.5,3.0,3.0,0.0025,0.005,3.5,700,two_speed,12,1.0000872812893469,1.99978308923611,0.49616509948111803,0.0018865014631837466,0,0.010639799373470458,0.30973916593939066
1.0,0.5,3.0,3.0,0.0025,0.005,3.5,700,two_speed,13,1.0002097337093643,2.0104806275826856,0.5101420722294576,0.0019127293102718273,0,0.019958944400187733,0.3094808749156073
1.0,0.5,3.0,3.0,0.0025,0.005,3.5,700,two_speed,14,0.9995813799037292,2.0077394538198305,0.5103316834228756,0.0020558721513892716,0,0.01973648652688187,0.3059444590471685
1.0,0.5,3.0,3.0,0.0025,0.005,3.5,700,two_speed,15,0.9999814400787226,1.9961216027416482,0.5143131370957438,0.001849439799820183,0,0.02123007937840683,0.30621554097160697
1.0,0.5,3.0,3.0,0.0025,0.005,3.5,700,two_speed,16,1.0002756112555375,2.030831624702969,0.5112900750411717,0.0023677891657675797,0,0.03986885738561831,0.30653795902617276
1.0,0.5,3.0,3.0,0.0025,0.005,3.5,700,two_speed,17,1.000397857507884,1.9753548664100422,0.5133975210102368,0.0023405714733815515,0,0.03475312131160969,0.30539245903491974
1.0,0.5,3.0,3.0,0.0025,0.005,3.5,700,two_speed,18,1.0004521532373134,1.9896440416407564,0.5223113062510426,0.0016866350212335526,0,0.031585073325738205,0.3048140419414267
1.0,0.5,3.0,3.0,0.0025,0.005,3.5,700,two_speed,19,1.0001521983586614,1.9956075755312233,0.5154384137113873,0.0012687898372020854,0,0.021340854139494287,0.3057105829939246
1.0,0.5,3.0,3.0,0.0025,0.005,3.5,700,two_speed,20,1.000656001346083,1.966516437577995,0.5250003226860747,0.0021251824236962814,0,0.05046406720069073,0.3052866669604555
1.0,0.5,3.0,3.0,0.0025,0.005,3.5,700,two_speed,21,0.9999827251415752,2.0095058038588633,0.5055770513814308,0.0032965018979491463,0,0.02091002443847976,0.31017037492711097
1.0,0.5,3.0,3.0,0.0025,0.005,3.5,700,two_speed,22,0.9996837210226653,1.9948152410756756,0.5082945040066875,0.0018624575059532566,0,0.01589734652341735,0.3072516249958426
1.0,0.5,3.0,3.0,0.0025,0.005,3.5,700,two_speed,23,1.0002820598271867,1.9939113049320736,0.5126149213915087,0.002362970783672549,0,0.020833761033477352,0.30658737500198185
1.0,0.5,3.0,3.0,0.0025,0.005,3.5,700,two_speed,24,1.0002658400308766,2.000405470494803,0.5097872378733463,0.0020715008431700147,0,0.01594310283282143,0.3063158339355141
1.0,0.5,3.0,3.0,0.0025,0.005,3.5,700,two_speed,25,0.9999339444967137,1.9960348731793889,0.5109243826850055,0.00211754280621471,0,0.018347358761686146,0.30811708292458206
1.0,0.5,3.0,3.0,0.0025,0.005,3.5,700,two_speed,26,1.0004686429061933,2.0228864868431775,0.5163406689243352,0.0029958803708736207,0,0.03632428866519761,0.3087325420929119
1.0,0.5,3.0,3.0,0.0025,0.005,3.5,700,two_speed,27,1.0001456326285105,1.9931911692953528,0.5106804882087003,0.0022720824508480337,0,0.019309777612005103,0.3057905420428142
1.0,0.5,3.0,3.0,0.0025,0.005,3.5,700,two_speed,28,1.0004366418933803,2.0016249359571217,0.5010894713982836,0.003318274099441446,0,0.01650682390322034,0.3097290419973433
1.0,0.5,3.0,3.0,0.0025,0.005,3.5,700,two_speed,29,1.0001276156813996,2.0114719538137793,0.5053017285546746,0.001985727130853015,0,0.017761340097446125,0.3080052920849994
1.0,0.5,3.0,3.0,0.0025,0.005,3.5,700,two_speed,30,1.00053297372003,2.0115524757208316,0.5118448983818854,0.002542629061717243,0,0.02333687982963058,0.339574082987383
1.0,0.5,3.0,3.0,0.0025,0.005,3.5,700,two_speed,31,1.0000729580717393,1.9863631522844212,0.5038282676931247,0.001672441714845829,0,0.018403746607186994,0.37858733406756073
1.0,0.5,3.0,3.0,0.0025,0.005,3.5,700,two_speed,32,0.9998785151972205,2.0167862669330066,0.5057973763287777,0.0015013564560998195,0,0.02214525202753954,0.31103899993468076
1.0,0.5,3.0,3.0,0.0025,0.005,3.5,700,two_speed,33,0.9997775778383116,1.9713114781239542,0.5124011824763617,0.002193981808143928,0,0.03842010043796886,0.3102972919587046
1.0,0.5,3.0,3.0,0.0025,0.005,3.5,700,two_speed,34,1.0003673685595371,2.0455500370507074,0.51133010713701,0.001920267129154984,0,0.05503352367075484,0.3133725000079721
1.0,0.5,3.0,3.0,0.0025,0.005,3.5,700,two_speed,35,1.0004287184975154,1.9809465370160102,0.5117293683548706,0.002127937620921311,0,0.02826329430588686,0.3096601669676602
1.0,0.5,3.0,3.0,0.0025,0.005,3.5,700,two_speed,36,1.0001154854181329,1.9966596864225172,0.5040597767022978,0.0018912746295484419,0,0.011273691390401751,0.31731733307242393
1.0,0.5,3.0,3.0,0.0025,0.005,3.5,700,two_speed,37,1.0003597606900947,1.988890052858687,0.5093016138070467,0.00279181667666551,0,0.022044805427674227,0.3145651670638472
1.0,0.5,3.0,3.0,0.0025,0.005,3.5,700,two_speed,38,1.0000309373964533,2.015257798773111,0.497064385553412,0.0016082073419768936,0,0.01972972977468459,0.31308529106900096
1.0,0.5,3.0,3.0,0.0025,0.005,3.5,700,two_speed,39,1.000107689404227,2.0043183770074817,0.5009348788686018,0.002282086216708334,0,0.012300327657503175,0.31953754101414233
1.0,0.5,3.0,3.0,0.0025,0.005,3.5,700,two_speed,40,0.9998947738956452,1.9938001155338116,0.505243206797064,0.0027939450620203744,0,0.016971468793548508,0.31623116601258516
1.0,0.5,3.0,3.0,0.0025,0.005,3.5,700,two_speed,41,0.9998935688056159,1.9991181214196234,0.5143826483495044,0.001700617612317406,0,0.020722436530403024,0.31239829200785607
1.0,0.5,3.0,3.0,0.0025,0.005,3.5,700,two_speed,42,0.9998117225152662,2.008191193191316,0.5032055467208105,0.0015982877764089218,0,0.013142902547555103,0.31159525003749877
1.0,0.5,3.0,3.0,0.0025,0.005,3.5,700,two_speed,43,1.0000024398683087,2.031541076437681,0.5159030833645529,0.001477394137035353,0,0.04224217099223271,0.31403712497558445
1.0,0.5,3.0,3.0,0.0025,0.005,3.5,700,two_speed,44,0.9997725458832991,1.9742310285270452,0.4957302577561354,0.0019445601599928904,0,0.0317362700314579,0.31206041702535003
1.0,0.5,3.0,3.0,0.0025,0.005,3.5,700,two_speed,45,1.0003055726144094,1.9976509282026298,0.5031548607391071,0.0018968418602273314,0,0.010380275048270984,0.3127159168943763
1.0,0.5,3.0,3.0,0.0025,0.005,3.5,700,two_speed,46,0.9997941792556567,2.0089423574388565,0.5016870819103345,0.001968441278229575,0,0.014399495996119817,0.3121772089507431
1.0,0.5,3.0,3.0,0.0025,0.005,3.5,700,two_speed,47,1.0001021302235784,2.004191117835378,0.5129601566740174,0.0016530290525673633,0,0.01918748051980164,0.3134129169629887
1.0,0.5,3.0,3.0,0.0025,0.005,3.5,700,two_speed,48,0.9996541288721634,2.009281580991234,0.4928272738662626,0.0019059843844709122,0,0.016764304058085374,0.3136126659810543
1.0,0.5,3.0,3.0,0.0025,0.005,3.5,700,two_speed,49,0.9995631095163988,1.9998279682809625,0.5085898502161447,0.0021418472254411936,0,0.01615021164159463,0.31076604104600847
1.0,0.5,3.0,3.0,0.0025,0.005,3.5,700,two_speed,50,1.000092909051099,2.0118463050738975,0.5013807830426384,0.0016034266407037529,0,0.015856507032566726,0.31355412502307445
1.0,0.5,3.0,3.0,0.0025,0.005,3.5,700,two_speed,51,1.0002070282141806,1.9693001658345894,0.5065802593034108,0.002356489589098684,0,0.038110944291038465,0.31212354195304215
1.0,0.5,3.0,3.0,0.0025,0.005,3.5,700,two_speed,52,0.9997518640916861,2.0146453928372807,0.5139184899981972,0.0012924385098371021,0,0.02592758805207278,0.3121992499800399
1.0,0.5,3.0,3.0,0.0025,0.005,3.5,700,two_speed,53,1.000033390346939,1.9990368092771784,0.5131227380130507,0.00200502645325883,0,0.01967800805126076,0.31290908402297646
1.0,0.5,3.0,3.0,0.0025,0.005,3.5,700,two_speed,54,0.9999101172208932,1.9965051504413514,0.5151456603751993,0.002013454628135875,0,0.022565985557836035,0.31204304099082947
1.0,0.5,3.0,3.0,0.0025,0.005,3.5,700,two_speed,55,1.00006141997502,1.9576217176699562,0.5037460128303695,0.0014097989013709445,0,0.04957522414658454,0.31360683299135417
1.0,0.5,3.0,3.0,0.0025,0.005,3.5,700,two_speed,56,0.9996592183530861,1.9999984337270729,0.4984326038057591,0.0017912171098465465,0,0.00901088165048379,0.3118630420649424
1.0,0.5,3.0,3.0,0.0025,0.005,3.5,700,two_speed,57,1.0001136713227983,1.9835382483012998,0.5155540590680233,0.0016567207661634467,0,0.02872619803055373,0.3124452910851687
1.0,0.5,3.0,3.0,0.0025,0.005,3.5,700,two_speed,58,0.9996034703215106,1.9990974936900283,0.49506066661890963,0.0021352549502732,0,0.012048019913721867,0.3159643330145627
1.0,0.5,3.0,3.0,0.0025,0.005,3.5,700,two_speed,59,0.9999828869377309,2.0106282815541885,0.5140335715425011,0.0016821128658736195,0,0.02345599861033654,0.34531074995175004
1.0,0.5,3.0,3.0,0.0025,0.005,3.5,700,two_speed,60,1.0000699516295968,1.99659867418658,0.5203970671622719,0.0020629567172721023,0,0.028489392093411534,0.3529304580297321
1.0,0.5,3.0,3.0,0.0025,0.005,3.5,700,two_speed,61,1.000407879554583,2.028770563074255,0.5202603719002706,0.0023521801736212868,0,0.04316143137848012,0.36222654196899384
1.0,0.5,3.0,3.0,0.0025,0.005,3.5,700,two_speed,62,1.0001471541409295,1.999153384296881,0.5010476598037866,0.0015102179464187842,0,0.007574026248795577,0.3163700000150129
1.0,0.5,3.0,3.0,0.0025,0.005,3.5,700,two_speed,63,1.000213912530194,1.9954256612918377,0.5109425378970293,0.0026036406620090174,0,0.01956576559990448,0.3146265409886837
1.0,0.5,3.0,3.0,0.0025,0.005,3.5,700,two_speed,64,1.0001325429949328,2.003487657669634,0.4994904440738429,0.002285411363119399,0,0.011962750934030575,0.31115083291660994
1.0,0.5,3.0,3.0,0.0025,0.005,3.5,700,two_speed,65,0.9994502579497683,2.0117378351955923,0.5139517593179703,0.0025106695540742558,0,0.026654108358502484,0.3123149999883026
1.0,0.5,3.0,3.0,0.0025,0.005,3.5,700,two_speed,66,0.9999040352830254,1.9985754503881465,0.5101937837520912,0.002035331992374764,0,0.016856952107615005,0.31217079202178866
1.0,0.5,3.0,3.0,0.0025,0.005,3.5,700,two_speed,67,1.0003377649350833,2.0049000940376986,0.507373937178271,0.0020633764199544423,0,0.014706680448160906,0.31246545899193734
1.0,0.5,3.0,3.0,0.0025,0.005,3.5,700,two_speed,68,1.000123472044865,1.9860426661905015,0.5055689511438287,0.002067141757728896,0,0.02028752654860923,0.3139533339999616
1.0,0.5,3.0,3.0,0.0025,0.005,3.5,700,two_speed,69,0.9997794859605398,2.0435205058712795,0.5033328808317199,0.0016334866444227708,0,0.051037779504998805,0.31133387505542487
1.0,0.5,3.0,3.0,0.0025,0.005,3.5,700,two_speed,70,0.99993975145831,2.0059086821069627,0.5156282251369902,0.0016821190278852169,0,0.02306665803942617,0.3120894170133397
1.0,0.5,3.0,3.0,0.0025,0.005,3.5,700,two_speed,71,0.9999042273120607,2.0015498894379333,0.49814698961111215,0.002070621030418882,0,0.010557927702234956,0.3055114169837907
1.0,0.5,3.0,3.0,0.0025,0.005,3.5,700,two_speed,72,1.0002145272301504,1.9802889369942749,0.5062618266600588,0.0016455914046440115,0,0.02533822276300271,0.30713058402761817
1.0,0.5,3.0,3.0,0.0025,0.005,3.5,700,two_speed,73,1.0000259138185086,2.007964619130267,0.5109823939558781,0.0022646065928727042,0,0.020324570019113315,0.3054705000249669
1.0,0.5,3.0,3.0,0.0025,0.005,3.5,700,two_speed,74,1.0003049479674877,1.9899323048237254,0.5048959824570733,0.0019522420780323658,0,0.01616000410040013,0.3056291249813512
1.0,0.5,3.0,3.0,0.0025,0.005,3.5,700,two_speed,75,1.000261308078147,1.9856527244459778,0.5078173949984466,0.0015173163997306885,0,0.020547922038525113,0.3062925840495154
1.0,0.5,3.0,3.0,0.0025,0.005,3.5,700,two_speed,76,1.000047450363264,1.9671065665794196,0.49769557686217963,0.0025087164073199597,0,0.04008543398731947,0.3064330000197515
1.0,0.5,3.0,3.0,0.0025,0.005,3.5,700,two_speed,77,0.9999719167080376,2.0026648466865486,0.508961345642135,0.0024424437291228553,0,0.017091373975771013,0.3098997089546174
1.0,0.5,3.0,3.0,0.0025,0.005,3.5,700,two_speed,78,0.9996751318776681,1.9990898762053144,0.5174369619623225,0.0017666907145804395,0,0.024907968395377036,0.3081516249803826
1.0,0.5,3.0,3.0,0.0025,0.005,3.5,700,two_speed,79,1.000121446897064,2.0104856772977002,0.5030306255120064,0.0031657962283905133,0,0.020065200219933438,0.3074513749452308
1.0,0.5,3.0,3.0,0.0025,0.005,3.5,700,two_speed,80,1.0003293228884107,1.9933753956986158,0.5073973473912501,0.002767127040580357,0,0.017987428138205752,0.30707337497733533
1.0,0.5,3.0,3.0,0.0025,0.005,3.5,700,two_speed,81,1.0002683407921653,2.0199587080003054,0.5081264005268112,0.001707315978356039,0,0.026486274456778088,0.30651358398608863
1.0,0.5,3.0,3.0,0.0025,0.005,3.5,700,two_speed,82,1.0004947886157431,2.015787763801595,0.5083665536354333,0.0020149451888652613,0,0.023022311908632673,0.3047933749621734
1.0,0.5,3.0,3.0,0.0025,0.005,3.5,700,two_speed,83,1.0002352766389229,1.991402389323862,0.5204187903737775,0.0018910005601168397,0,0.029394120277084476,0.30605966702569276
1.0,0.5,3.0,3.0,0.0025,0.005,3.5,700,two_speed,84,0.9996923348677648,2.0015346468102098,0.49495187035209504,0.0026661805530582895,0,0.014536183082088733,0.3059924590634182
1.0,0.5,3.0,3.0,0.0025,0.005,3.5,700,two_speed,85,1.0000503988649427,2.00540146410373,0.5113539514319332,0.0014580133730598894,0,0.01748274387143123,0.3069230840774253
1.0,0.5,3.0,3.0,0.0025,0.005,3.5,700,two_speed,86,1.0000053100846618,1.9810404210098767,0.5032475815919185,0.0016329830543217667,0,0.023673821923704683,0.3042330420576036
1.0,0.5,3.0,3.0,0.0025,0.005,3.5,700,two_speed,87,1.000092338142663,1.98339096449959,0.5061705215133344,0.001883481811875464,0,0.022623429465162794,0.30575383303221315
1.0,0.5,3.0,3.0,0.0025,0.005,3.5,700,two_speed,88,1.0002207238435867,2.025668172802702,0.5106804186457174,0.002098694097682255,0,0.03405251529682092,0.30630120798014104
1.0,0.5,3.0,3.0,0.0025,0.005,3.5,700,two_speed,89,1.0002665817380918,1.9767724837121672,0.5173890714745177,0.00242055209528252,0,0.0367041301334923,0.30621866695582867
1.0,0.5,3.0,3.0,0.0025,0.005,3.5,700,two_speed,90,0.9999511689566701,2.013576083091412,0.5139401700033068,0.001642835746038552,0,0.025248521723970952,0.30639054102357477
1.0,0.5,3.0,3.0,0.0025,0.005,3.5,700,two_speed,91,1.000068053388513,2.015262439228929,0.504664608280216,0.0020621019168669276,0,0.021121970007066802,0.3062506669666618
1.0,0.5,3.0,3.0,0.0025,0.005,3.5,700,two_speed,92,1.000157912791793,2.0102637525320466,0.5086095341605592,0.0025302640835302218,0,0.020382893883619406,0.3067837079288438
1.0,0.5,3.0,3.0,0.0025,0.005,3.5,700,two_speed,93,1.0003030722107946,1.9833793900030472,0.5065713783958278,0.0015776017379061703,0,0.022145191896718673,0.31298958300612867
1.0,0.5,3.0,3.0,0.0025,0.005,3.5,700,two_speed,94,1.0002414607022525,2.0369541228742194,0.5112967755913462,0.002161022290643996,0,0.046019355926485324,0.30711983295623213
1.0,0.5,3.0,3.0,0.0025,0.005,3.5,700,two_speed,95,1.0005958983553223,1.998385360217816,0.52542275403231,0.002903991996736864,0,0.03502591629393084,0.3059806670062244
1.0,0.5,3.0,3.0,0.0025,0.005,3.5,700,two_speed,96,0.9999251484136616,1.9989238322833252,0.5070785833739642,0.002296826267673834,0,0.014724074462581694,0.30683170806150883
1.0,0.5,3.0,3.0,0.0025,0.005,3.5,700,two_speed,97,1.0002525825431676,2.020698808028447,0.5046907057219062,0.0019011523319336927,0,0.0262327424492682,0.30713816708885133
1.0,0.5,3.0,3.0,0.0025,0.005,3.5,700,two_speed,98,0.9997969879317515,1.997810814728346,0.49839753296120287,0.0018533299721158198,0,0.009621001504350772,0.3077480000210926
1.0,0.5,3.0,3.0,0.0025,0.005,3.5,700,two_speed,99,0.9999410613639775,2.0138774727843667,0.5067746245575364,0.0015733274384045607,0,0.019881756744679,0.3071589170722291
1.0,0.5,3.0,3.0,0.0025,0.005,3.5,700,two_speed,100,0.9998640798735335,1.988877869955102,0.4993358023437038,0.0025059185653864614,0,0.01780519049798162,0.30644583399407566
1.0,0.5,3.0,3.0,0.0025,0.005,3.5,700,two_speed,101,1.0004148242586333,2.020135519651184,0.5112111036722912,0.002566746268773927,0,0.029664521158958235,0.30759891704656184
1.0,0.5,3.0,3.0,0.0025,0.005,3.5,700,two_speed,102,1.0002696534706566,1.9952253432150584,0.5248041390457155,0.0019645668930995696,0,0.03350918840565113,0.30560541700106114
1.0,0.5,3.0,3.0,0.0025,0.005,3.5,700,two_speed,103,0.9999305035839905,2.0011940502645786,0.5051486266850913,0.0016806029122826704,0,0.010837402786794029,0.30584533303044736
1.0,0.5,3.0,3.0,0.0025,0.005,3.5,700,two_speed,104,0.9999415057558672,1.9868193509815741,0.5247022171213481,0.0018101729511762505,0,0.03657483340181001,0.3049679169198498
1.0,0.5,3.0,3.0,0.0025,0.005,3.5,700,two_speed,105,0.9999685695604853,1.9830393568993425,0.49326496590920543,0.0019626646445311696,0,0.02360382324083541,0.30750070803333074
1.0,0.5,3.0,3.0,0.0025,0.005,3.5,700,two_speed,106,1.0000657195447058,1.971268233842651,0.5026859579048996,0.0019378822964473204,0,0.03465598047600541,0.3064699579263106
1.0,0.5,3.0,3.0,0.0025,0.005,3.5,700,two_speed,107,1.0001781531971388,1.982955751867675,0.5164638222925758,0.0016699961208599637,0,0.02992139397604499,0.3062654579989612
1.0,0.5,3.0,3.0,0.0025,0.005,3.5,700,two_speed,108,0.9998141787533703,1.973380911741597,0.5077763415605312,0.002282338977093585,0,0.03425096014561312,0.30721408303361386
1.0,0.5,3.0,3.0,0.0025,0.005,3.5,700,two_speed,109,0.9999093327264712,2.014938929097234,0.5007871711016969,0.002448076306616898,0,0.021054963259610787,0.3100737910717726
1.0,0.5,3.0,3.0,0.0025,0.005,3.5,700,two_speed,110,1.00016295700601,1.9904699405825823,0.5164516709401867,0.0018068617884850573,0,0.02527904982835546,0.3160790840629488
1.0,0.5,3.0,3.0,0.0025,0.005,3.5,700,two_speed,111,1.0002210399087297,2.0045159331872555,0.5058040650401392,0.0017291107027408335,0,0.012255228428362732,0.3151719579473138
1.0,0.5,3.0,3.0,0.0025,0.005,3.5,700,two_speed,112,1.000063517887518,1.9911098217542365,0.5088730558048107,0.0024997238798224624,0,0.01967416452657882,0.3209647920448333
1.0,0.5,3.0,3.0,0.0025,0.005,3.5,700,two_speed,113,1.0003419897016126,1.98634217254801,0.5071569895414254,0.0018981153986319084,0,0.020232348467059263,0.3247490000212565
1.0,0.5,3.0,3.0,0.0025,0.005,3.5,700,two_speed,114,0.9998748275453762,2.0277435639880848,0.5102757385974713,0.002070350582790412,0,0.03608592484669026,0.3116045000497252
1.0,0.5,3.0,3.0,0.0025,0.005,3.5,700,two_speed,115,1.0003712089685872,1.998771248091749,0.5024184716024085,0.0023287363735603594,0,0.011867170566217448,0.31338208296801895
1.0,0.5,3.0,3.0,0.0025,0.005,3.5,700,two_speed,116,1.0002612746858424,1.990914339656658,0.5038172653018693,0.0018750042333628679,0,0.014675743201043888,0.31147087493445724
1.0,0.5,3.0,3.0,0.0025,0.005,3.5,700,two_speed,117,0.9997472460556142,2.017375694918062,0.5065422163527308,0.0018284987192945302,0,0.023741482772565443,0.3180059159640223
1.0,0.5,3.0,3.0,0.0025,0.005,3.5,700,two_speed,118,1.000134191963221,1.9777005920029902,0.5182842713468245,0.0018148232710737521,0,0.03573993296694449,0.3136709169484675
1.0,0.5,3.0,3.0,0.0025,0.005,3.5,700,two_speed,119,1.0004089888640124,1.9528892414379515,0.5070281614656313,0.0031071265442464543,0,0.056964666127886476,0.31773770810104907
1.0,0.5,3.0,3.0,0.0025,0.005,3.5,700,two_speed,120,1.0003772176761225,1.9778288202501477,0.5109238122626566,0.0028768739068382666,0,0.03220872100694727,0.3143995839636773
1.0,0.5,3.0,3.0,0.0025,0.005,3.5,700,two_speed,121,0.9999813739108502,1.9956910639243257,0.5092638142435931,0.002267299888880165,0,0.01717909862584933,0.31513283401727676
1.0,0.5,3.0,3.0,0.0025,0.005,3.5,700,two_speed,122,1.0002007261562127,1.9954184803592185,0.5084672555837128,0.0024042809460646593,0,0.01679236135814414,0.3127072909846902
1.0,0.5,3.0,3.0,0.0025,0.005,3.5,700,two_speed,123,0.9997621807458861,1.9928373111683029,0.5090424097906209,0.0015235730305153165,0,0.016594679322465,0.3065732918912545
1.0,0.5,3.0,3.0,0.0025,0.005,3.5,700,two_speed,124,0.9997628228733746,1.9828222751001159,0.5063273636517456,0.001788032317524095,0,0.02336776799530631,0.3040806249482557
1.0,0.5,3.0,3.0,0.0025,0.005,3.5,700,two_speed,125,1.000072916570427,1.9942533511531009,0.5116683939395575,0.0019145677961203646,0,0.01895586259266676,0.30724316590931267
1.0,0.5,3.0,3.0,0.0025,0.005,3.5,700,two_speed,126,1.0002301700780913,2.0124746128875572,0.5137010062787624,0.0020901111780486864,0,0.024817160156250195,0.30626700003631413
1.0,0.5,3.0,3.0,0.0025,0.005,3.5,700,two_speed,127,1.00029484386893,1.9751554532988127,0.5067367193481307,0.002675268748142985,0,0.03259700496010846,0.3044702080078423
1.0,0.5,3.0,3.0,0.0025,0.005,3.5,700,two_speed,128,0.9996202354321092,2.036587534976441,0.5107980475878678,0.0018276185959790945,0,0.045532871317909965,0.30668308306485415
1.0,0.5,3.0,3.0,0.0025,0.005,3.5,700,two_speed,129,0.9999952770118525,1.9882016682213979,0.5209248430350799,0.002818019881327377,0,0.03337142031794231,0.30696354096289724
1.0,0.5,3.0,3.0,0.0025,0.005,3.5,700,two_speed,130,0.9996125189568872,1.9740728295465104,0.5050114313960138,0.003289914060715662,0,0.03480673075100927,0.30609508394263685
1.0,0.5,3.0,3.0,0.0025,0.005,3.5,700,two_speed,131,1.0003190874082253,1.9787700944057203,0.5113200258911161,0.0032893591399493116,0,0.0326252264701293,0.3055462500778958
1.0,0.5,3.0,3.0,0.0025,0.005,3.5,700,two_speed,132,1.0002354713486703,1.9583206589975146,0.5149607553336275,0.002165495766763626,0,0.05254579773109626,0.30871920799836516
1.0,0.5,3.0,3.0,0.0025,0.005,3.5,700,two_speed,133,0.9997604972062885,2.0051113757854666,0.5024020359342019,0.0015855055346239086,0,0.010478900311125009,0.3078667080262676
1.0,0.5,3.0,3.0,0.0025,0.005,3.5,700,two_speed,134,0.9999251235036198,2.021994577147896,0.5055703921001399,0.002744201355417683,0,0.029582386264101732,0.3059570000041276
1.0,0.5,3.0,3.0,0.0025,0.005,3.5,700,two_speed,135,0.9995078146957362,2.0271039184719397,0.49704861495915365,0.0022087453965190596,0,0.03334676172632169,0.38706116599496454
1.0,0.5,3.0,3.0,0.0025,0.005,3.5,700,two_speed,136,1.0000975814688866,1.9999033855911654,0.5059518675266401,0.002749526643351073,0,0.015460722832496311,0.3113922090269625
1.0,0.5,3.0,3.0,0.0025,0.005,3.5,700,two_speed,137,0.9998715528362484,2.0125210635321937,0.49540911574954816,0.0020961326775880518,0,0.01868770920233285,0.31002712494228035
1.0,0.5,3.0,3.0,0.0025,0.005,3.5,700,two_speed,138,1.0001875645155645,1.9895716659531317,0.5049319869095675,0.00252284576735252,0,0.01830548686552125,0.31149970809929073
1.0,0.5,3.0,3.0,0.0025,0.005,3.5,700,two_speed,139,1.0000057551365107,1.9939564769121152,0.5068168117848316,0.0016738549348163994,0,0.013958308355849396,0.31242416705936193
1.0,0.5,3.0,3.0,0.0025,0.005,3.5,700,two_speed,140,1.0001400692466034,2.0187018225073303,0.5080470013090623,0.0026852123212606715,0,0.027307115323470906,0.31219566706568
1.0,0.5,3.0,3.0,0.0025,0.005,3.5,700,two_speed,141,0.9999610894319982,2.0102886655128533,0.5028509189203152,0.001502932676973537,0,0.014490077996321186,0.3177061250898987
1.0,0.5,3.0,3.0,0.0025,0.005,3.5,700,two_speed,142,1.0000679290148513,2.0059319156077087,0.5189876762178239,0.0012562669420326821,0,0.02618242869252356,0.31169962498825043
1.0,0.5,3.0,3.0,0.0025,0.005,3.5,700,two_speed,143,0.999999516842067,2.027716626765103,0.5130527103902492,0.002306678352175324,0,0.037912569926365325,0.3100421669660136
1.0,0.5,3.0,3.0,0.0025,0.005,3.5,700,two_speed,144,1.0003592558266512,2.020201367036978,0.5189930498906188,0.0021803266032620525,0,0.035059792915172784,0.31955699995160103
1.0,0.5,3.0,3.0,0.0025,0.005,3.5,700,two_speed,145,1.0001307298626163,1.9609047758888967,0.5096348283146335,0.0024709353129825818,0,0.04814787074867581,0.3368708749767393
1.0,0.5,3.0,3.0,0.0025,0.005,3.5,700,two_speed,146,0.9999324856413992,2.009922218858538,0.510639246873791,0.003101122021286412,0,0.02354486150832662,0.3200024579418823
1.0,0.5,3.0,3.0,0.0025,0.005,3.5,700,two_speed,147,0.9999955239385635,1.9865979144355288,0.5098269361317259,0.0015842436308384606,0,0.02149773873737564,0.3104584590764716
1.0,0.5,3.0,3.0,0.0025,0.005,3.5,700,two_speed,148,0.9998746749877876,2.0013801783980623,0.5038851954536248,0.0017263057443241403,0,0.010160693533862133,0.3155240420019254
1.0,0.5,3.0,3.0,0.0025,0.005,3.5,700,two_speed,149,1.0001253182172969,2.0240617506659877,0.5041161325872395,0.0016089995085881998,0,0.02929301067749854,0.311381833977066
1.0,0.5,3.0,3.0,0.0025,0.005,3.5,700,two_speed,150,0.9999080651823383,2.0183357028573803,0.5098777863741392,0.0016959724080757544,0,0.0261736585468695,0.3138181660324335
1.0,0.5,3.0,3.0,0.0025,0.005,3.5,700,two_speed,151,0.9999179745820449,2.0174599112204246,0.5224965824872038,0.001378530000205267,0,0.03610319044208322,0.3104725410230458
1.0,0.5,3.0,3.0,0.0025,0.005,3.5,700,two_speed,152,1.0002920809869913,2.0046517612967927,0.5140826698045996,0.0018976877828041124,0,0.020793944382251413,0.3109678749460727
1.0,0.5,3.0,3.0,0.0025,0.005,3.5,700,two_speed,153,1.0000814039903563,1.98087153803193,0.5127750647254287,0.001493555672949659,0,0.028414306554090427,0.3124057080131024
1.0,0.5,3.0,3.0,0.0025,0.005,3.5,700,two_speed,154,1.0002718881155863,2.0370881032586987,0.5139635228066265,0.00202781800631944,0,0.04706197523100448,0.312287374981679
1.0,0.5,3.0,3.0,0.0025,0.005,3.5,700,two_speed,155,0.9999592045729985,1.9944929729265324,0.5169570054504964,0.0018625632048431457,0,0.02472624699355589,0.3124086660100147
1.0,0.5,3.0,3.0,0.0025,0.005,3.5,700,two_speed,156,0.9998138034736282,2.0159672701856124,0.500076649609968,0.002274675634104355,0,0.02156990151466297,0.31125541601795703
1.0,0.5,3.0,3.0,0.0025,0.005,3.5,700,two_speed,157,1.0001727309516841,2.007948372631104,0.5131183035998694,0.002139383778722797,0,0.02178882647467195,0.31042716605588794
1.0,0.5,3.0,3.0,0.0025,0.005,3.5,700,two_speed,158,1.00053940650485,1.998250451506585,0.5134995144153961,0.0029240919408248973,0,0.022116027759837283,0.31088270898908377
1.0,0.5,3.0,3.0,0.0025,0.005,3.5,700,two_speed,159,1.0001116514457862,1.9743893340618341,0.5157572604142054,0.003332244185397789,0,0.039452421972744726,0.3086250410415232
1.0,0.5,3.0,3.0,0.0025,0.005,3.5,700,two_speed,160,1.0001933097590767,2.0113389587435915,0.5005284938115836,0.0018478619535484068,0,0.015946332631641105,0.3191236250568181
1.0,0.5,3.0,3.0,0.0025,0.005,3.5,700,two_speed,161,0.9998880802726172,1.9748446756463967,0.5003254755424401,0.0016116246322322634,0,0.03011192634572876,0.31173266703262925
1.0,0.5,3.0,3.0,0.0025,0.005,3.5,700,two_speed,162,0.9998703355832309,2.0178461862062202,0.4925708629756282,0.0018619145177628804,0,0.024486456999529588,0.3163912920281291
1.0,0.5,3.0,3.0,0.0025,0.005,3.5,700,two_speed,163,1.0003796520948436,1.9776680015414736,0.5093182581338289,0.0019806567982265217,0,0.02978153310804062,0.30884716706350446
1.0,0.5,3.0,3.0,0.0025,0.005,3.5,700,two_speed,164,0.9997450300831264,2.026454108527251,0.5038472286969119,0.0020619675621645034,0,0.03261510268380592,0.3102869159774855
1.0,0.5,3.0,3.0,0.0025,0.005,3.5,700,two_speed,165,1.0002206665093576,2.0209843013432387,0.5159001575666049,0.00170430763540912,0,0.03255022425766078,0.3103544170735404
1.0,0.5,3.0,3.0,0.0025,0.005,3.5,700,two_speed,166,0.9997733747981588,2.014824542687098,0.5049948532569684,0.002180927155989383,0,0.02137698390667994,0.310255958000198
1.0,0.5,3.0,3.0,0.0025,0.005,3.5,700,two_speed,167,1.0001201481458657,1.9837664180907515,0.503288707516819,0.0026115081927011313,0,0.023011035851095242,0.3126379590248689
1.0,0.5,3.0,3.0,0.0025,0.005,3.5,700,two_speed,168,1.0000305127376437,2.021358242820778,0.5109105927855158,0.0016585877611363935,0,0.02942767875033422,0.31042587489355356
1.0,0.5,3.0,3.0,0.0025,0.005,3.5,700,two_speed,169,1.00018047048647,2.004444857814198,0.5097676309946549,0.002220194126503245,0,0.01732123669396904,0.3092279579723254
1.0,0.5,3.0,3.0,0.0025,0.005,3.5,700,two_speed,170,1.0000593044826456,2.0240495571949197,0.5058450305986766,0.0014881774039504992,0,0.029610613032543982,0.311756124952808
1.0,0.5,3.0,3.0,0.0025,0.005,3.5,700,two_speed,171,0.9997896122179191,1.9993945490854566,0.5044976593546842,0.0020709060134306272,0,0.01202641641660476,0.30898945801891387
1.0,0.5,3.0,3.0,0.0025,0.005,3.5,700,two_speed,172,0.9997617265301694,2.0109361452598256,0.49460984578778217,0.002548338199969795,0,0.019018873463464772,0.31108170899096876
1.0,0.5,3.0,3.0,0.0025,0.005,3.5,700,two_speed,173,1.000104012037295,2.0301322435107956,0.5037800159975869,0.001885031050944473,0,0.03625803313082189,0.3100108749931678
1.0,0.5,3.0,3.0,0.0025,0.005,3.5,700,two_speed,174,1.0001439012897217,1.9739302987158154,0.5045414899559852,0.0018502479029571654,0,0.031911759348559866,0.310616708942689
1.0,0.5,3.0,3.0,0.0025,0.005,3.5,700,two_speed,175,0.9999952711504478,2.0224194132055437,0.5136910530878404,0.0016873501452705029,0,0.03235595894462726,0.31636145804077387
1.0,0.5,3.0,3.0,0.0025,0.005,3.5,700,two_speed,176,0.9996660058883535,1.9878434038808226,0.5133879846173147,0.0024615990641436475,0,0.025853067230719087,0.31240229099057615
1.0,0.5,3.0,3.0,0.0025,0.005,3.5,700,two_speed,177,1.000099986026018,2.010485845248484,0.5036884374538033,0.002185168134231015,0,0.016785938204080128,0.3124218330485746
1.0,0.5,3.0,3.0,0.0025,0.005,3.5,700,two_speed,178,1.0000665624935852,2.0112773593350304,0.5091120311561121,0.0015368843257079971,0,0.019092672871110047,0.3072717919712886
1.0,0.5,3.0,3.0,0.0025,0.005,3.5,700,two_speed,179,1.0000381259600575,2.0005930769367875,0.5092876060723168,0.0028325505647944322,0,0.018425117998571574,0.3098223339766264
1.0,0.5,3.0,3.0,0.0025,0.005,3.5,700,two_speed,180,0.9999576993729969,1.9949680844313773,0.5097471247325105,0.0016548602968193453,0,0.01622855969413727,0.30806279194075614
1.0,0.5,3.0,3.0,0.0025,0.005,3.5,700,two_speed,181,1.0005231824668037,1.9997750637416336,0.5056220632312695,0.001790294415705527,0,0.011028903223810681,0.33184100000653416
1.0,0.5,3.0,3.0,0.0025,0.005,3.5,700,two_speed,182,1.0003181947570705,2.0063941142268114,0.5161253656219833,0.0015444820005863173,0,0.022926744583849887,0.45909587503410876
1.0,0.5,3.0,3.0,0.0025,0.005,3.5,700,two_speed,183,0.999885238828025,2.0273567308482785,0.5095106490726662,0.0015448230302663047,0,0.0347566912682175,0.30739258299581707
1.0,0.5,3.0,3.0,0.0025,0.005,3.5,700,two_speed,184,1.0000703621217586,2.018598546000728,0.5090069615792051,0.0017516871526557219,0,0.025812559587530533,0.3049026249209419
1.0,0.5,3.0,3.0,0.0025,0.005,3.5,700,two_speed,185,1.0002976606864054,1.9952097722966298,0.5115347775028438,0.0024824239082876696,0,0.01973567856661995,0.3077710419893265
1.0,0.5,3.0,3.0,0.0025,0.005,3.5,700,two_speed,186,1.0000631071198731,2.0104868482431555,0.5053894878995264,0.002340995423286296,0,0.01807438653605775,0.30569850001484156
1.0,0.5,3.0,3.0,0.0025,0.005,3.5,700,two_speed,187,1.0003668657020344,1.998997879621326,0.5171380418488755,0.003599474402332659,0,0.027916858886425044,0.30652974999975413
1.0,0.5,3.0,3.0,0.0025,0.005,3.5,700,two_speed,188,1.000325721826995,2.0153336719980954,0.5127413012972674,0.0028240443698255456,0,0.027639373536992938,0.3095590410521254
1.0,0.5,3.0,3.0,0.0025,0.005,3.5,700,two_speed,189,0.9998732922249628,2.017102776566065,0.514308172979773,0.0025069124174681066,0,0.029765266990853082,0.31922554201446474
1.0,0.5,3.0,3.0,0.0025,0.005,3.5,700,two_speed,190,1.0004088924409464,1.9712044223255418,0.5152659741096188,0.0016980503053443117,0,0.0390581952088703,0.31984962499700487
1.0,0.5,3.0,3.0,0.0025,0.005,3.5,700,two_speed,191,1.0002985502498432,1.9943693593772671,0.5109683067804578,0.00246209760261396,0,0.01939705123693306,0.30916812492068857
1.0,0.5,3.0,3.0,0.0025,0.005,3.5,700,two_speed,192,0.9999452440449161,2.0039177873967184,0.5088678136647621,0.0012080768507683622,0,0.01385263109277517,0.31277233408764005
1.0,0.5,3.0,3.0,0.0025,0.005,3.5,700,two_speed,193,1.0002815248959953,1.9924123458213279,0.5074479868240476,0.001530045827312574,0,0.014734489845813199,0.30779041699133813
1.0,0.5,3.0,3.0,0.0025,0.005,3.5,700,two_speed,194,1.0000136395336332,2.010139881456285,0.5120885308741865,0.0014804539014555607,0,0.020874309796623906,0.30670112499501556
1.0,0.5,3.0,3.0,0.0025,0.005,3.5,700,two_speed,195,1.000085008682558,1.9895617184767997,0.5150381400924794,0.0019117086981691165,0,0.024707961993049074,0.30939179193228483
1.0,0.5,3.0,3.0,0.0025,0.005,3.5,700,two_speed,196,1.000005501573751,1.96862195153303,0.5033695462508814,0.001653222767700954,0,0.037339901440460614,0.31816045800223947
1.0,0.5,3.0,3.0,0.0025,0.005,3.5,700,two_speed,197,0.9998834087042794,2.031160660708009,0.5152477450562448,0.001393874231023174,0,0.04152956645302566,0.3149426250020042
1.0,0.5,3.0,3.0,0.0025,0.005,3.5,700,two_speed,198,0.9997050038260429,1.9917728680558975,0.5068360805272847,0.0018063651780168926,0,0.016182777107523104,0.3068492909660563
1.0,0.5,3.0,3.0,0.0025,0.005,3.5,700,two_speed,199,1.000071143511636,2.0107343388724406,0.5080961593874319,0.0014508926273338687,0,0.017661280441096418,0.3059086659923196
1.0,0.5,3.0,3.0,0.0025,0.005,3.5,700,two_speed,200,0.999921419681785,2.009535381731725,0.5095550398740466,0.002025308693862425,0,0.019502378480836042,0.30732941697351635
1.0,0.5,3.0,3.0,0.0025,0.005,3.5,700,two_speed,201,1.000454571726809,1.9983720583846034,0.5179840648275656,0.0025846599527341897,0,0.025972915648019675,0.30579474999103695
1.0,0.5,3.0,3.0,0.0025,0.005,3.5,700,two_speed,202,0.9999779916470795,2.001187668528886,0.5114807989418542,0.001745934148944048,0,0.017333508618651936,0.5534788749646395
1.0,0.5,3.0,3.0,0.0025,0.005,3.5,700,two_speed,203,1.0000570757951617,2.0313419157345227,0.5088159059371115,0.0018655243993021522,0,0.038866444836605174,0.31478462496306747
1.0,0.5,3.0,3.0,0.0025,0.005,3.5,700,two_speed,204,0.9999297864741344,1.999487812974125,0.5032543025970251,0.002643442744366714,0,0.013713337310841902,0.3178789169760421
1.0,0.5,3.0,3.0,0.0025,0.005,3.5,700,two_speed,205,0.9998592779244043,1.9926494995828783,0.5110052763791425,0.0015839512273466841,0,0.018633783372926763,0.317481542006135
1.0,0.5,3.0,3.0,0.0025,0.005,3.5,700,two_speed,206,0.9999264933961916,2.0109942905398803,0.5006704887527907,0.0016194223511852622,0,0.015013259916182974,0.3120348750380799
1.0,0.5,3.0,3.0,0.0025,0.005,3.5,700,two_speed,207,0.9996336484442568,2.006249337926814,0.5031051573519687,0.0038628567589370937,0,0.02093025141772537,0.3113199590006843
1.0,0.5,3.0,3.0,0.0025,0.005,3.5,700,two_speed,208,0.9998103614893554,1.9849796568293345,0.5042526264079025,0.0017148067624782784,0,0.020151136182689156,0.3131281250389293
1.0,0.5,3.0,3.0,0.0025,0.005,3.5,700,two_speed,209,1.0004132425445953,1.9820027223942474,0.5234112151340863,0.0020592617966444958,0,0.03736536036567089,0.3111507499124855
1.0,0.5,3.0,3.0,0.0025,0.005,3.5,700,two_speed,210,1.0003825837199687,2.0111481162183154,0.49934318134409617,0.0024510017117082756,0,0.017776626351622943,0.3059699999867007
1.0,0.5,3.0,3.0,0.0025,0.005,3.5,700,two_speed,211,1.000565381874224,2.0514325326391187,0.5165182731330081,0.0020773233456860807,0,0.06326279563395618,0.30714379192795604
1.0,0.5,3.0,3.0,0.0025,0.005,3.5,700,two_speed,212,1.000325574719219,2.0101743502237848,0.512873575192906,0.0026523969648664008,0,0.02385695561249309,0.31052516610361636
1.0,0.5,3.0,3.0,0.0025,0.005,3.5,700,two_speed,213,1.0000489168046118,2.007340239514779,0.5084462399993592,0.0016778398480251134,0,0.016048750192198716,0.30845208396203816
1.0,0.5,3.0,3.0,0.0025,0.005,3.5,700,two_speed,214,1.000513106073113,1.986871985631211,0.5205186304308823,0.002595575783278358,0,0.032452568852376525,0.3072759589413181
1.0,0.5,3.0,3.0,0.0025,0.005,3.5,700,two_speed,215,1.0002240003922769,1.986772993288521,0.5156123544595368,0.001732697216452608,0,0.02646575555142745,0.30810295802075416
1.0,0.5,3.0,3.0,0.0025,0.005,3.5,700,two_speed,216,0.9999587323299157,2.000992921917026,0.5031364282576667,0.001110252657805194,0,0.006973570670382638,0.3062675829278305
1.0,0.5,3.0,3.0,0.0025,0.005,3.5,700,two_speed,217,0.9999036564861371,2.009202665732459,0.5106547745351473,0.0015164477621103058,0,0.01911676528343916,0.3080367090879008
1.0,0.5,3.0,3.0,0.0025,0.005,3.5,700,two_speed,218,1.0001111644863772,1.9771496057339673,0.5087797809667138,0.002030793371671289,0,0.03027985526259873,0.3053560829721391
1.0,0.5,3.0,3.0,0.0025,0.005,3.5,700,two_speed,219,0.9998137813947956,1.9953426896701876,0.5081549086072827,0.002149928446716999,0,0.016178191764180127,0.3061463749036193
1.0,0.5,3.0,3.0,0.0025,0.005,3.5,700,two_speed,220,0.9999271103002143,1.9947026788770543,0.5045755019532023,0.001874144518896235,0,0.012616755223692808,0.3064046250656247
1.0,0.5,3.0,3.0,0.0025,0.005,3.5,700,two_speed,221,1.0002167680587197,1.9642749119888612,0.5182496306921943,0.0022188640314678024,0,0.048383815507833786,0.43616387504152954
1.0,0.5,3.0,3.0,0.0025,0.005,3.5,700,two_speed,222,0.9998904208003748,1.9826777357138703,0.4992005174379387,0.0022361817649170124,0,0.022844452833936036,0.31694783293642104
1.0,0.5,3.0,3.0,0.0025,0.005,3.5,700,two_speed,223,0.9997582736464407,1.9988833673111113,0.49853815796610307,0.00204572049696237,0,0.010267704947714678,0.31175037496723235
1.0,0.5,3.0,3.0,0.0025,0.005,3.5,700,two_speed,224,0.9997947257627354,2.0039666885763006,0.5024888809150914,0.0022496005671849106,0,0.012534030246088599,0.30834837490692735
1.0,0.5,3.0,3.0,0.0025,0.005,3.5,700,two_speed,225,0.9999157286077809,1.9751975992575872,0.5053354528222465,0.0019201718723476891,0,0.030933308546505726,0.3066585420165211
1.0,0.5,3.0,3.0,0.0025,0.005,3.5,700,two_speed,226,0.9999885934126134,2.002643857206591,0.5103967305798616,0.0029316927866906866,0,0.01998693175408477,0.3076335829682648
1.0,0.5,3.0,3.0,0.0025,0.005,3.5,700,two_speed,227,1.0003109471834728,1.9860287722035108,0.5096818611810344,0.0018746827740432467,0,0.022072923089317475,0.309369207941927
1.0,0.5,3.0,3.0,0.0025,0.005,3.5,700,two_speed,228,1.0000750680960329,2.008567684670451,0.5163168576593021,0.0017959020877385962,0,0.024847849663024304,0.30802666605450213
1.0,0.5,3.0,3.0,0.0025,0.005,3.5,700,two_speed,229,1.000105740527802,2.0278047570833273,0.5044987215083073,0.001599685665608292,0,0.03347440596251624,0.3088120419997722
1.0,0.5,3.0,3.0,0.0025,0.005,3.5,700,two_speed,230,1.000142191412479,1.9940498100699349,0.5011779262977785,0.0016284649823340483,0,0.010623396600310807,0.3069899169495329
1.0,0.5,3.0,3.0,0.0025,0.005,3.5,700,two_speed,231,0.9998095478434954,1.966351360812182,0.4964141191613424,0.0023834646143061295,0,0.040868628144092534,0.30574395798612386
1.0,0.5,3.0,3.0,0.0025,0.005,3.5,700,two_speed,232,1.0002969892495637,2.0031227097659947,0.5120221324070487,0.0019225894171790224,0,0.018167856135768615,0.31107133300974965
1.0,0.5,3.0,3.0,0.0025,0.005,3.5,700,two_speed,233,0.9999635574227385,2.0077669180396174,0.4956269514836167,0.0021362610605966618,0,0.014902634142767119,0.3073622080264613
1.0,0.5,3.0,3.0,0.0025,0.005,3.5,700,two_speed,234,1.0002087485380833,1.9945197841256612,0.5217553694354207,0.001855299515549749,0,0.02989561450520976,0.3062182499561459
1.0,0.5,3.0,3.0,0.0025,0.005,3.5,700,two_speed,235,0.9999057263725806,1.998807947628967,0.5075356580392892,0.0019403189640026261,0,0.013904088751554687,0.3060326250270009
1.0,0.5,3.0,3.0,0.0025,0.005,3.5,700,two_speed,236,0.9999964454703086,2.0004237829062177,0.5045233949721181,0.001370149804337008,0,0.008976539091865465,0.3084620829904452
1.0,0.5,3.0,3.0,0.0025,0.005,3.5,700,two_speed,237,1.0001765478087747,1.9924601756483498,0.5106484413071829,0.002491999163037943,0,0.020224090214487574,0.30638895800802857
1.0,0.5,3.0,3.0,0.0025,0.005,3.5,700,two_speed,238,1.0004436914573966,2.0054879192472117,0.5221866154948648,0.0022831900579311634,0,0.03081391914211045,0.30581558402627707
1.0,0.5,3.0,3.0,0.0025,0.005,3.5,700,two_speed,239,1.0000122282153034,2.007160655791206,0.5122035612386048,0.00143034482130173,0,0.019196310250477067,0.3092577080242336
1.0,0.5,3.0,3.0,0.0025,0.005,3.5,700,two_speed,240,0.9996974423656799,1.9998615155410657,0.5141422883757126,0.001844232867880098,0,0.02110479362859345,0.3078450420871377
1.0,0.5,3.0,3.0,0.0025,0.005,3.5,700,two_speed,241,0.9999626901087346,2.002861083871061,0.507548569167186,0.001632232014038405,0,0.013182270373585329,0.3058879169402644
1.0,0.5,3.0,3.0,0.0025,0.005,3.5,700,two_speed,242,1.000102104067368,2.00361257639318,0.5063942867714399,0.0023867025543900084,0,0.014833496645385006,0.30732349993195385
1.0,0.5,3.0,3.0,0.0025,0.005,3.5,700,two_speed,243,0.9997453471966683,1.999197752297611,0.5143477983431196,0.0018309714584770268,0,0.021230008981759745,0.30536979099269956
1.0,0.5,3.0,3.0,0.0025,0.005,3.5,700,two_speed,244,1.000496155122445,2.001941676677628,0.5138026166855139,0.0019832660495718046,0,0.01980311522028466,0.3081333329901099
1.0,0.5,3.0,3.0,0.0025,0.005,3.5,700,two_speed,245,1.0000834052178922,1.9905667778306921,0.5160856500182662,0.0014811268594798527,0,0.02451080499779518,0.3066719159251079
1.0,0.5,3.0,3.0,0.0025,0.005,3.5,700,two_speed,246,0.9996545489119218,1.9950396945051545,0.5077407159165013,0.002800683635586036,0,0.018432010854249076,0.30565820808988065
1.0,0.5,3.0,3.0,0.0025,0.005,3.5,700,two_speed,247,0.9999453194565234,2.025148315142562,0.5054125484859217,0.0017442416027099819,0,0.031075053978750728,0.3073944170027971
1.0,0.5,3.0,3.0,0.0025,0.005,3.5,700,two_speed,248,1.000155527258007,1.9995620514649497,0.5209631295698683,0.0020333119654374725,0,0.02875753751297013,0.30689912498928607
1.0,0.5,3.0,3.0,0.0025,0.005,3.5,700,two_speed,249,1.0003446879260334,1.9969741774177814,0.5095535024818494,0.0023618867326757696,0,0.01695539815099001,0.3071638329420239
1.0,0.5,3.0,3.0,0.0025,0.005,3.5,700,two_speed,250,1.0000736587990635,2.011335095924996,0.505767200933693,0.0023833957153969673,0,0.018974549671058546,0.30522274994291365
1.0,0.5,3.0,3.0,0.0025,0.005,3.5,700,two_speed,251,1.0001023070511996,2.0170879426886485,0.5149583917782,0.0026934793399436795,0,0.03060666338777864,0.3099282920593396
1.0,0.5,3.0,3.0,0.0025,0.005,3.5,700,two_speed,252,0.9998781029449092,1.99550242464774,0.4937359751676751,0.0021425005870651524,0,0.014198804593326602,0.30625620810315013
1.0,0.5,3.0,3.0,0.0025,0.005,3.5,700,two_speed,253,0.9998002882384981,2.0127006854641,0.5049427060645052,0.0018656297824503018,0,0.018622890493945454,0.30710208392702043
1.0,0.5,3.0,3.0,0.0025,0.005,3.5,700,two_speed,254,1.0002338236768773,2.0214818869590405,0.5189086526046292,0.0022192174699405052,0,0.036223335210010345,0.3057869999902323
1.0,0.5,3.0,3.0,0.0025,0.005,3.5,700,two_speed,255,1.0000856432423162,1.9858417014977734,0.5063149453123829,0.0023740613798404215,0,0.021650577480478706,0.30655783403199166
1.0,0.5,3.0,3.0,0.0025,0.005,3.5,700,two_speed,256,1.0000158876669885,2.008151966145304,0.5010878540898808,0.0017182173199566193,0,0.01271148933764512,0.3061743329744786
1.0,0.5,3.0,3.0,0.0025,0.005,3.5,700,two_speed,257,1.0000666977740589,2.0078551458817153,0.5148057604278491,0.0020153148857883175,0,0.023392865348076518,0.3058322089491412
1.0,0.5,3.0,3.0,0.0025,0.005,3.5,700,two_speed,258,0.9997152680297119,1.9950488822270835,0.5081050905574559,0.002162674255153582,0,0.01645186526293943,0.3066154579864815
1.0,0.5,3.0,3.0,0.0025,0.005,3.5,700,two_speed,259,1.0002003984200343,1.9920203465352346,0.5067719887301045,0.0021789352344516177,0,0.016464740302464913,0.3059306660434231
1.0,0.5,3.0,3.0,0.0025,0.005,3.5,700,two_speed,260,1.0004020445315909,2.006299435223657,0.5217197398341946,0.002818204641799714,0,0.03154169184417651,0.3046934169251472
1.0,0.5,3.0,3.0,0.0025,0.005,3.5,700,two_speed,261,0.9999972048306855,2.0078781821371674,0.5108181558571406,0.0018784520729034039,0,0.01917444674548124,0.3063458329997957
1.0,0.5,3.0,3.0,0.0025,0.005,3.5,700,two_speed,262,0.9997918970536546,2.014812231325748,0.510021466481251,0.002377603732454938,0,0.024625743938501376,0.3056853750022128
1.0,0.5,3.0,3.0,0.0025,0.005,3.5,700,two_speed,263,0.9999749953833923,1.9700757668934021,0.5066415255370493,0.0024673049308836094,0,0.03754649661183983,0.3067681669490412
1.0,0.5,3.0,3.0,0.0025,0.005,3.5,700,two_speed,264,1.0002865002709935,2.0069438966051414,0.5187758053313942,0.0018733434579647978,0,0.0268013785642085,0.3045695419423282
1.0,0.5,3.0,3.0,0.0025,0.005,3.5,700,two_speed,265,0.9999847339371377,1.9949828273522041,0.5090293793016544,0.0016177019830773609,0,0.015351810325124213,0.3074968330329284
1.0,0.5,3.0,3.0,0.0025,0.005,3.5,700,two_speed,266,1.0002571289147497,2.016399861374928,0.5092753036517133,0.0025235771418369263,0,0.025312885392538644,0.305752957938239
1.0,0.5,3.0,3.0,0.0025,0.005,3.5,700,two_speed,267,1.0002131677110107,2.019736164041717,0.5140221422305533,0.001608743816329987,0,0.02992367779877339,0.30508479208219796
1.0,0.5,3.0,3.0,0.0025,0.005,3.5,700,two_speed,268,0.9999620019337881,2.0157165206203427,0.5032814116898423,0.0017107657871296004,0,0.020436495517929733,0.30894479097332805
1.0,0.5,3.0,3.0,0.0025,0.005,3.5,700,two_speed,269,1.0001105876667788,2.0097635775623184,0.507581393727104,0.0015287273664828748,0,0.01664100101981806,0.308978958055377
1.0,0.5,3.0,3.0,0.0025,0.005,3.5,700,two_speed,270,1.0002249097090423,2.021680904663407,0.5120835574690675,0.002091861170618585,0,0.031022060258103615,0.30603429197799414
1.0,0.5,3.0,3.0,0.0025,0.005,3.5,700,two_speed,271,0.9999500642203492,2.0397507996589956,0.5026420486200873,0.0018583989372032426,0,0.04687257431700563,0.3060643339995295
1.0,0.5,3.0,3.0,0.0025,0.005,3.5,700,two_speed,272,1.0001673967997076,2.0017963967006005,0.5136352514613707,0.0025028773805927085,0,0.021444062700116256,0.30623133410699666
1.0,0.5,3.0,3.0,0.0025,0.005,3.5,700,two_speed,273,1.0000476182857634,1.9912236869453355,0.5133312365075531,0.0027028468648159307,0,0.02391246819745678,0.3052665829891339
1.0,0.5,3.0,3.0,0.0025,0.005,3.5,700,two_speed,274,1.0004122524733285,1.9907779907739276,0.5156624552503004,0.0021628449300327406,0,0.024648214566430942,0.30542591609992087
1.0,0.5,3.0,3.0,0.0025,0.005,3.5,700,two_speed,275,0.9997862805637506,2.001846746778409,0.5023829287069631,0.001771536364978153,0,0.009682198944076216,0.3069984159665182
1.0,0.5,3.0,3.0,0.0025,0.005,3.5,700,two_speed,276,0.9993867590355899,1.9822925200381285,0.48893837806131657,0.003291114140964679,0,0.029436075804558853,0.30799841706175357
1.0,0.5,3.0,3.0,0.0025,0.005,3.5,700,two_speed,277,1.0002678338617377,1.9686434928934675,0.5084988359486986,0.002587510194749468,0,0.03973854607128214,0.31916612503118813
1.0,0.5,3.0,3.0,0.0025,0.005,3.5,700,two_speed,278,0.9999598297949186,2.001178558143782,0.5063138997326976,0.0014996729886549342,0,0.011198437483298846,0.3165077499579638
1.0,0.5,3.0,3.0,0.0025,0.005,3.5,700,two_speed,279,0.9998255851592753,1.9992541088565268,0.5115817013122064,0.0016647584609043341,0,0.01753538476678001,0.3092009579995647
1.0,0.5,3.0,3.0,0.0025,0.005,3.5,700,two_speed,280,0.9997324523563484,2.005438786557776,0.5067872391440396,0.0014666917981243938,0,0.013482823673917376,0.3062183749862015
1.0,0.5,3.0,3.0,0.0025,0.005,3.5,700,two_speed,281,1.0000810948319994,1.9906748704945192,0.516101051428119,0.0016782463625546029,0,0.024732555957839075,0.30525404098443687
1.0,0.5,3.0,3.0,0.0025,0.005,3.5,700,two_speed,282,1.0000300513054994,2.014840254945677,0.5015980205204783,0.0018187935968728048,0,0.019424667693834295,0.3065933749312535
1.0,0.5,3.0,3.0,0.0025,0.005,3.5,700,two_speed,283,0.9996707009776727,2.00767026294142,0.49809361942077085,0.0024382136819424394,0,0.015053161870625584,0.30542608408723027
1.0,0.5,3.0,3.0,0.0025,0.005,3.5,700,two_speed,284,1.0000291016105751,1.962105020626578,0.5030056638652329,0.00210050497052216,0,0.04503794476322785,0.30621045804582536
1.0,0.5,3.0,3.0,0.0025,0.005,3.5,700,two_speed,285,1.0000602895169992,1.9982434852122395,0.5035994370545432,0.0023436020139923725,0,0.01253854475788507,0.30535387503914535
1.0,0.5,3.0,3.0,0.0025,0.005,3.5,700,two_speed,286,1.000377437400925,1.9977924437651207,0.5228726582639209,0.002644329395676642,0,0.031871292270430375,0.30914966599084437
1.0,0.5,3.0,3.0,0.0025,0.005,3.5,700,two_speed,287,0.9999761887087878,2.006737417086166,0.5014324202512023,0.0021771039371866374,0,0.0133426378699142,0.30680583405774087
1.0,0.5,3.0,3.0,0.0025,0.005,3.5,700,two_speed,288,0.9999680917103128,1.9656649736942085,0.5074729989183393,0.0022997602602550294,0,0.04221177510730115,0.30633641697932035
1.0,0.5,3.0,3.0,0.0025,0.005,3.5,700,two_speed,289,0.9999449954047822,2.0131033823081044,0.5074151724788114,0.0014979122775110266,0,0.019417174788484013,0.31086979201063514
1.0,0.5,3.0,3.0,0.0025,0.005,3.5,700,two_speed,290,1.0000833907582563,2.042713603186752,0.5098963822798777,0.0020998451019048625,0,0.0517795523687957,0.3053000000072643
1.0,0.5,3.0,3.0,0.0025,0.005,3.5,700,two_speed,291,0.9998830769731801,2.005627014786518,0.5057969605436891,0.0018908284397986252,0,0.01378539108853509,0.3075413330225274
1.0,0.5,3.0,3.0,0.0025,0.005,3.5,700,two_speed,292,1.0002846276387332,1.9996065057862145,0.5010036798536257,0.0021968495919329127,0,0.01088174707678024,0.3078159160213545
1.0,0.5,3.0,3.0,0.0025,0.005,3.5,700,two_speed,293,0.9998332406349617,2.0076643230580746,0.5015859442761692,0.0016188351610601337,0,0.01215746784982609,0.3056942920666188
1.0,0.5,3.0,3.0,0.0025,0.005,3.5,700,two_speed,294,0.9999179084221872,2.033406729301339,0.4979987902679049,0.001847594706722714,0,0.039749983987617095,0.3058129580458626
1.0,0.5,3.0,3.0,0.0025,0.005,3.5,700,two_speed,295,1.0002069268561915,2.0140826944449084,0.5097047422242061,0.001454297471183134,0,0.02153377104939144,0.30750345799606293
1.0,0.5,3.0,3.0,0.0025,0.005,3.5,700,two_speed,296,0.9999968229009853,1.9924436244492967,0.5097058869778093,0.002071228427462151,0,0.018373398005721332,0.306118999957107
1.0,0.5,3.0,3.0,0.0025,0.005,3.5,700,two_speed,297,1.0003948016691009,1.9842061787141356,0.5199176783346237,0.0024014397880734372,0,0.033055193887690154,0.30986383301205933
1.0,0.5,3.0,3.0,0.0025,0.005,3.5,700,two_speed,298,0.9999155913874205,2.0004572983082927,0.5065259072079974,0.0020316327312219647,0,0.013253261739272926,0.3058497909223661
1.0,0.5,3.0,3.0,0.0025,0.005,3.5,700,two_speed,299,0.9998819483852215,2.007445403200874,0.500006084857623,0.0019025683974639774,0,0.012701760463375367,0.30648954201024026
1.0,0.5,3.0,3.0,0.0025,0.005,3.5,700,two_speed,300,1.0001428763841012,2.020507444343293,0.514189490123157,0.0017968933718569575,0,0.03107829953738102,0.30859112506732345
1.0,0.5,3.0,3.0,0.0025,0.005,3.5,700,two_speed,301,1.0000465936592002,2.019018661581132,0.508860972441619,0.001921237782943337,0,0.026391822176915183,0.3068372500129044
1.0,0.5,3.0,3.0,0.0025,0.005,3.5,700,two_speed,302,0.9998801734841372,2.0096828568837375,0.4989585735758754,0.0017375168034561598,0,0.014113467290678673,0.30823029100429267
1.0,0.5,3.0,3.0,0.0025,0.005,3.5,700,two_speed,303,0.9998396215790075,1.979851566464072,0.5035707279655548,0.0021864928309226596,0,0.026046477651195624,0.3096472079632804
1.0,0.5,3.0,3.0,0.0025,0.005,3.5,700,two_speed,304,1.0003843381659172,1.999876837280172,0.5104088333169793,0.002222510735036266,0,0.01690536047350132,0.3110909580718726
1.0,0.5,3.0,3.0,0.0025,0.005,3.5,700,two_speed,305,1.0001556225644235,2.0064292299733033,0.5100640999995201,0.0019593105270781417,0,0.017660809336903182,0.30973158311098814
1.0,0.5,3.0,3.0,0.0025,0.005,3.5,700,two_speed,306,0.9999374966187327,2.0249956518045304,0.5088474161569361,0.0020945330056360697,0,0.03273192615766335,0.30710954195819795
1.0,0.5,3.0,3.0,0.0025,0.005,3.5,700,two_speed,307,0.999991119479401,2.0049916833464345,0.5080844442740166,0.002134658360503823,0,0.015979335633523613,0.30606949992943555
1.0,0.5,3.0,3.0,0.0025,0.005,3.5,700,two_speed,308,0.9998468814433751,2.0170618974081234,0.49470883987650593,0.0017487208251094916,0,0.022553186206605097,0.3090117919491604
1.0,0.5,3.0,3.0,0.0025,0.005,3.5,700,two_speed,309,1.0004212450797711,2.0027530979181956,0.5183530515431555,0.0021279553214251907,0,0.025544787910014546,0.30506941594649106
1.0,0.5,3.0,3.0,0.0025,0.005,3.5,700,two_speed,310,0.9998148904489408,1.9728342945152775,0.5040725733656796,0.0023740852566977236,0,0.03391774124797083,0.30675529106520116
1.0,0.5,3.0,3.0,0.0025,0.005,3.5,700,two_speed,311,1.0002856644679579,2.0289889995498593,0.5141588839968582,0.0015845568213876738,0,0.038514614326116456,0.3069126670015976
1.0,0.5,3.0,3.0,0.0025,0.005,3.5,700,two_speed,312,1.000367162316511,1.9861457887350789,0.5213259053448677,0.0017643066108515102,0,0.032503231879560925,0.30562549992464483
1.0,0.5,3.0,3.0,0.0025,0.005,3.5,700,two_speed,313,0.9998057366701298,1.9978744266958075,0.5044520349855424,0.001861778453397311,0,0.011354670294115101,0.305839707958512
1.0,0.5,3.0,3.0,0.0025,0.005,3.5,700,two_speed,314,1.000334738097059,2.0151685469980283,0.4956354175211001,0.00201375743839319,0,0.02119549546471471,0.30790745792910457
1.0,0.5,3.0,3.0,0.0025,0.005,3.5,700,two_speed,315,1.0003502039710812,1.9916291389013419,0.5079648799860149,0.0023603167195215794,0,0.017998911011833093,0.3071245839819312
1.0,0.5,3.0,3.0,0.0025,0.005,3.5,700,two_speed,316,0.9993981948998177,1.98944771694559,0.4899735281569033,0.0024294741378283456,0,0.020937131329714566,0.3063008750323206
1.0,0.5,3.0,3.0,0.0025,0.005,3.5,700,two_speed,317,1.0000500925943479,1.9956353345573996,0.5069694733186411,0.0013292243715982376,0,0.012210361706691323,0.31679424992762506
1.0,0.5,3.0,3.0,0.0025,0.005,3.5,700,two_speed,318,0.9999054433326816,1.9872150004662505,0.505277771530865,0.0029113861719852335,0,0.02175995611806134,0.3182308340910822
1.0,0.5,3.0,3.0,0.0025,0.005,3.5,700,two_speed,319,1.0000916827416144,2.0048529926542504,0.5121167206990981,0.0018676440426692532,0,0.018970338992884694,0.3102392499567941
1.0,0.5,3.0,3.0,0.0025,0.005,3.5,700,two_speed,320,1.000309621117475,2.0180718934154043,0.518201253069558,0.0015988506826978258,0,0.03198944201229358,0.30901275004725903
1.0,0.5,3.0,3.0,0.0025,0.005,3.5,700,two_speed,321,0.9999219916118752,2.0113128160694425,0.5029527345052919,0.001983187690326603,0,0.016778294146171588,0.30825374997220933
1.0,0.5,3.0,3.0,0.0025,0.005,3.5,700,two_speed,322,0.9999159989759183,1.9825131928210664,0.503758812055006,0.001330645080565423,0,0.021808072047983594,0.30789287493098527
1.0,0.5,3.0,3.0,0.0025,0.005,3.5,700,two_speed,323,0.99969589935426,2.013349700806275,0.5072322429632008,0.0016061110712114585,0,0.020069105184363268,0.30457029107492417
1.0,0.5,3.0,3.0,0.0025,0.005,3.5,700,two_speed,324,1.0002241527754705,2.0032110568077797,0.5038633318227865,0.0019210032530018108,0,0.011151186858628773,0.30717783293221146
1.0,0.5,3.0,3.0,0.0025,0.005,3.5,700,two_speed,325,0.9998033401594847,1.999575593067962,0.4998726640252647,0.003015973449174086,0,0.014829900443514345,0.3090965829323977
1.0,0.5,3.0,3.0,0.0025,0.005,3.5,700,two_speed,326,0.9999146152788054,1.9876195361402755,0.5038209616418025,0.0016991666981784432,0,0.017302905247408525,0.3060611250111833
1.0,0.5,3.0,3.0,0.0025,0.005,3.5,700,two_speed,327,1.000192620701963,1.9802467217420838,0.5107394643263112,0.0022095410839064133,0,0.028522935865370712,0.30674645805265754
1.0,0.5,3.0,3.0,0.0025,0.005,3.5,700,two_speed,328,0.9998160306033207,2.0026182977884845,0.5051734019222831,0.0019070452721770645,0,0.012172978942643783,0.3073954159626737
1.0,0.5,3.0,3.0,0.0025,0.005,3.5,700,two_speed,329,0.9998878114862088,1.9793054813430149,0.49888940465133536,0.0019322406852588512,0,0.02574944356525653,0.3067494999850169
1.0,0.5,3.0,3.0,0.0025,0.005,3.5,700,two_speed,330,1.00007368972971,1.9933852499207472,0.4964601360317731,0.001277332656705411,0,0.011002018734855925,0.3065372919663787
1.0,0.5,3.0,3.0,0.0025,0.005,3.5,700,two_speed,331,1.0002396134157425,1.9794066906373415,0.5253056306905549,0.002647666913261731,0,0.04182941033231546,0.3061439589364454
1.0,0.5,3.0,3.0,0.0025,0.005,3.5,700,two_speed,332,1.0002672290036096,2.014648402257109,0.5132014597068716,0.001707482362029178,0,0.025098230131012124,0.3063906249590218
1.0,0.5,3.0,3.0,0.0025,0.005,3.5,700,two_speed,333,0.9999839182305992,1.9985725390673756,0.5168375367590498,0.0014748765729241807,0,0.02314172669507376,0.3061839999863878
1.0,0.5,3.0,3.0,0.0025,0.005,3.5,700,two_speed,334,1.0002343420923276,2.0011002314277975,0.5147789048209073,0.0016866886763893022,0,0.020564420513054387,0.3071242499863729
1.0,0.5,3.0,3.0,0.0025,0.005,3.5,700,two_speed,335,1.0001136368003645,2.008475448902789,0.5054381566622194,0.0015593277899691891,0,0.014194014714472835,0.30768920900300145
1.0,0.5,3.0,3.0,0.0025,0.005,3.5,700,two_speed,336,0.9997208620730091,1.992774093159597,0.5053307679796827,0.0017833949164212167,0,0.014308605114392605,0.3101494580041617
1.0,0.5,3.0,3.0,0.0025,0.005,3.5,700,two_speed,337,1.0003039290545692,1.9860717270536208,0.5103945648687463,0.0017333698207561707,0,0.02227378245111992,0.31698595790658146
1.0,0.5,3.0,3.0,0.0025,0.005,3.5,700,two_speed,338,1.0002202606932031,1.975837465917457,0.5063726494769735,0.0028492475939119683,0,0.03219010294196074,0.31537554203532636
1.0,0.5,3.0,3.0,0.0025,0.005,3.5,700,two_speed,339,0.9999368987846876,2.03022539398803,0.5127875963372929,0.0024455608788219126,0,0.04046362968113596,0.31313324999064207
1.0,0.5,3.0,3.0,0.0025,0.005,3.5,700,two_speed,340,1.0005822224312468,2.0103821551939336,0.5270330066395985,0.0037107091967587807,0,0.04024753468292377,0.30727587500587106
1.0,0.5,3.0,3.0,0.0025,0.005,3.5,700,two_speed,341,0.9999426709523552,1.9921090973171982,0.5109034799270228,0.0018167858961747974,0,0.01915503449485139,0.307125375024043
1.0,0.5,3.0,3.0,0.0025,0.005,3.5,700,two_speed,342,1.000240757208762,1.9997366378275543,0.5134081102976791,0.0016792674305572653,0,0.018905385277952765,0.30737504200078547
1.0,0.5,3.0,3.0,0.0025,0.005,3.5,700,two_speed,343,1.0002058819486765,2.0226806149637753,0.5120445730898346,0.0017361477001705166,0,0.031381315708031404,0.30760283302515745
1.0,0.5,3.0,3.0,0.0025,0.005,3.5,700,two_speed,344,0.999801484599195,1.9846064786821567,0.508808409886355,0.0022614875009510705,0,0.024062989862239696,0.3086828750092536
1.0,0.5,3.0,3.0,0.0025,0.005,3.5,700,two_speed,345,1.0002938147755356,2.0131630675656633,0.5018517665267096,0.002803291666206865,0,0.020620401580395065,0.30890837498009205
1.0,0.5,3.0,3.0,0.0025,0.005,3.5,700,two_speed,346,1.0000462908975312,2.009480899073203,0.5030832318297781,0.0020616136362575452,0,0.015402953691182879,0.31046762503683567
1.0,0.5,3.0,3.0,0.0025,0.005,3.5,700,two_speed,347,0.9999227061034818,2.0036325980954124,0.5043087942241202,0.0012790383193867223,0,0.009517229755515572,0.30939008307177573
1.0,0.5,3.0,3.0,0.0025,0.005,3.5,700,two_speed,348,1.0004854434512807,2.003440070804741,0.5150821221546698,0.0038575164983240973,0,0.02693616750626626,0.3068262080196291
1.0,0.5,3.0,3.0,0.0025,0.005,3.5,700,two_speed,349,0.9999431419364327,1.9726631299826443,0.5082287557039782,0.0020534144178083343,0,0.034766699110883634,0.3066674169385806
1.0,0.5,3.0,3.0,0.0025,0.005,3.5,700,two_speed,350,1.000288240103468,2.0343774985834817,0.5044396094237933,0.0015908021132889122,0,0.040720873902802136,0.3084490420296788
1.0,0.5,3.0,3.0,0.0025,0.005,3.5,700,two_speed,351,1.0002559140870162,2.0336256540505575,0.5098618083302161,0.00251992543002235,0,0.0425027976789797,0.3060330000007525
1.0,0.5,3.0,3.0,0.0025,0.005,3.5,700,two_speed,352,1.0005214331203245,2.012827680784744,0.5139127007261729,0.002278380618002618,0,0.025283805675258127,0.30674858402926475
1.0,0.5,3.0,3.0,0.0025,0.005,3.5,700,two_speed,353,1.0004177833938137,1.9776100475158398,0.5206343099506797,0.0019025543990645033,0,0.03766140821587722,0.30708362499717623
1.0,0.5,3.0,3.0,0.0025,0.005,3.5,700,two_speed,354,1.0000486382683036,2.009429544690389,0.4973912222294035,0.0023244108575038985,0,0.01616214783324469,0.3065624999580905
1.0,0.5,3.0,3.0,0.0025,0.005,3.5,700,two_speed,355,1.0002662043164439,1.9844548107861903,0.5161971163220052,0.0035290567826573595,0,0.03243124462006547,0.3066303750965744
1.0,0.5,3.0,3.0,0.0025,0.005,3.5,700,two_speed,356,0.9998190843845027,1.9924087179026888,0.5048542185944334,0.0016385515917283985,0,0.013674549568780198,0.30611241701990366
1.0,0.5,3.0,3.0,0.0025,0.005,3.5,700,two_speed,357,0.9998769842963232,1.9618320669670897,0.4980970573774905,0.0027286928546835848,0,0.04612994254165322,0.30628070898819715
1.0,0.5,3.0,3.0,0.0025,0.005,3.5,700,two_speed,358,0.9999704697170767,1.9878066940011394,0.5073727215919582,0.0012027441894110903,0,0.01803429170197922,0.30631775001529604
1.0,0.5,3.0,3.0,0.0025,0.005,3.5,700,two_speed,359,0.9999195656944767,2.005811166135891,0.511061183660418,0.001993752697464503,0,0.018771937984665955,0.3061351249925792
1.0,0.5,3.0,3.0,0.0025,0.005,3.5,700,two_speed,360,1.0000882249092207,2.0147868441311827,0.518621054004881,0.0015218197029332854,0,0.030319339914584062,0.3053547089220956
1.0,0.5,3.0,3.0,0.0025,0.005,3.5,700,two_speed,361,0.9999023536720592,1.993583054560662,0.5086039945732241,0.0017049927265728423,0,0.01596167876243556,0.3071744579356164
1.0,0.5,3.0,3.0,0.0025,0.005,3.5,700,two_speed,362,1.0001855809865587,2.004041049619476,0.5016480600675591,0.00417887085353176,0,0.021103384368092518,0.30861279100645334
1.0,0.5,3.0,3.0,0.0025,0.005,3.5,700,two_speed,363,1.000034177386999,1.9924283737414106,0.5016532021952389,0.0016891469991818671,0,0.012215397594746328,0.30481554195284843
1.0,0.5,3.0,3.0,0.0025,0.005,3.5,700,two_speed,364,0.9999639212903843,2.0085664925355946,0.5095376366071973,0.0026195097196121705,0,0.02051991622504459,0.3060487499460578
1.0,0.5,3.0,3.0,0.0025,0.005,3.5,700,two_speed,365,0.9999931596645566,1.996819426500757,0.5040711563385241,0.001858288884612056,0,0.011181899292704805,0.3084517909446731
1.0,0.5,3.0,3.0,0.0025,0.005,3.5,700,two_speed,366,0.999609617033989,2.0058821900265236,0.508889581991416,0.0019356738220039995,0,0.0171112760802423,0.30624391697347164
1.0,0.5,3.0,3.0,0.0025,0.005,3.5,700,two_speed,367,1.0001059611369254,2.0222603097162386,0.511469331523604,0.0019183482917911714,0,0.031033726475645177,0.3056934999767691
1.0,0.5,3.0,3.0,0.0025,0.005,3.5,700,two_speed,368,1.0003429929704617,2.018102360845085,0.5131811600474242,0.0019092755632456409,0,0.02819326784759939,0.3056927500292659
1.0,0.5,3.0,3.0,0.0025,0.005,3.5,700,two_speed,369,1.00013724752516,2.030454244923313,0.5081689917431289,0.0018807334136348348,0,0.03774912473546308,0.30735849996563047
1.0,0.5,3.0,3.0,0.0025,0.005,3.5,700,two_speed,370,1.0001510155576845,2.013515605800984,0.5044147335970935,0.0022035052593018726,0,0.019770697744568057,0.30628074996639043
1.0,0.5,3.0,3.0,0.0025,0.005,3.5,700,two_speed,371,1.0002068429685664,1.9936903315292727,0.5166012863128863,0.0024937033158700756,0,0.02555665120223493,0.30508562503382564
1.0,0.5,3.0,3.0,0.0025,0.005,3.5,700,two_speed,372,1.0002612600223637,2.0387625258717654,0.5265677014311422,0.001530579825212682,0,0.05618978842785817,0.30520958395209163
1.0,0.5,3.0,3.0,0.0025,0.005,3.5,700,two_speed,373,1.0001285350233595,1.9743317366863369,0.505560651507763,0.002340045755607125,0,0.032435022135519735,0.3048374999780208
1.0,0.5,3.0,3.0,0.0025,0.005,3.5,700,two_speed,374,0.9999393632692805,1.999980712238385,0.5034714263213953,0.001803895920710915,0,0.010011101775824668,0.3066403749398887
1.0,0.5,3.0,3.0,0.0025,0.005,3.5,700,two_speed,375,1.000295654615616,2.024371201652595,0.5158925601390879,0.0015667251689977055,0,0.0352741464785449,0.3062583750579506
1.0,0.5,3.0,3.0,0.0025,0.005,3.5,700,two_speed,376,1.000205365301716,2.014987912674528,0.5154040992503658,0.0026604308720408524,0,0.02925343260284302,0.3064974579028785
1.0,0.5,3.0,3.0,0.0025,0.005,3.5,700,two_speed,377,1.0000885843612577,1.9581289231024217,0.5090428364680097,0.0017523932465595064,0,0.05019627083780289,0.3065756249707192
1.0,0.5,3.0,3.0,0.0025,0.005,3.5,700,two_speed,378,1.0006262154887553,1.9924356024633723,0.5133180000521758,0.0023579113033923445,0,0.021829994208874104,0.3065769170643762
1.0,0.5,3.0,3.0,0.0025,0.005,3.5,700,two_speed,379,0.9997805954391541,2.037416094289595,0.5056780736402058,0.001772786788201011,0,0.04468242912335932,0.3070690000895411
1.0,0.5,3.0,3.0,0.0025,0.005,3.5,700,two_speed,380,0.9997525489125965,1.9692395942252494,0.5035938307249892,0.0021335846280098043,0,0.03738363197575461,0.3070369999622926
1.0,0.5,3.0,3.0,0.0025,0.005,3.5,700,two_speed,381,0.9999876185478245,1.994851075546942,0.5027116424026086,0.0032007499704839034,0,0.017180370412657013,0.3057801249669865
1.0,0.5,3.0,3.0,0.0025,0.005,3.5,700,two_speed,382,1.0000623444048744,1.9992402152219082,0.5057371051565187,0.0013593205183574776,0,0.009980951323687088,0.30798266595229506
1.0,0.5,3.0,3.0,0.0025,0.005,3.5,700,two_speed,383,1.0001573973018292,1.992778547720497,0.5118643594705533,0.002065354213545283,0,0.02003051071903475,0.3045469589997083
1.0,0.5,3.0,3.0,0.0025,0.005,3.5,700,two_speed,384,0.9997560322400373,1.9995549393149075,0.503685072442982,0.0019206469216750035,0,0.010895489648561478,0.3051433749496937
1.0,0.5,3.0,3.0,0.0025,0.005,3.5,700,two_speed,385,1.0002179178437178,1.9900750276151051,0.5148759580154402,0.0021666963780385714,0,0.024471791257088187,0.30738558305893093
1.0,0.5,3.0,3.0,0.0025,0.005,3.5,700,two_speed,386,1.0000791366209187,2.0020700026636127,0.509896343192256,0.001661452851403163,0,0.015328981742248449,0.30772666702978313
1.0,0.5,3.0,3.0,0.0025,0.005,3.5,700,two_speed,387,1.0004327361903222,1.974531095315986,0.5169025286518109,0.0025024758324320127,0,0.038190564914947676,0.3068258330458775
1.0,0.5,3.0,3.0,0.0025,0.005,3.5,700,two_speed,388,1.000062567858749,2.0158157699618626,0.5091979089628006,0.002206175748472742,0,0.024263483418114896,0.3064995420863852
1.0,0.5,3.0,3.0,0.0025,0.005,3.5,700,two_speed,389,0.9999673672208286,2.006570331128442,0.5076112309585845,0.0016903349890421476,0,0.015021820708405203,0.3074150839820504
1.0,0.5,3.0,3.0,0.0025,0.005,3.5,700,two_speed,390,1.0001544145541676,1.9691559270943344,0.5095377165921353,0.0016255036823221102,0,0.03828277121870952,0.30838125001173466
1.0,0.5,3.0,3.0,0.0025,0.005,3.5,700,two_speed,391,0.9998601314175749,2.0015581744058295,0.49520364760499835,0.0018568471220065594,0,0.011074864732922128,0.3126903750235215
1.0,0.5,3.0,3.0,0.0025,0.005,3.5,700,two_speed,392,0.9999541153965754,1.980799766150351,0.5144108591400629,0.001461716781726119,0,0.029859694255279876,0.3155231249984354
1.0,0.5,3.0,3.0,0.0025,0.005,3.5,700,two_speed,393,0.9999644401318032,2.00279772365556,0.49470058062547023,0.001849205927945819,0,0.011848004377940528,0.31548379198648036
1.0,0.5,3.0,3.0,0.0025,0.005,3.5,700,two_speed,394,1.0002520707866758,1.9894491646277532,0.50375585900079,0.0016666322301555794,0,0.015349346776033102,0.3163882920052856
1.0,0.5,3.0,3.0,0.0025,0.005,3.5,700,two_speed,395,0.9999291746407235,2.005293283356187,0.49987559094202016,0.002443629948758975,0,0.013459102658462722,0.31672379199881107
1.0,0.5,3.0,3.0,0.0025,0.005,3.5,700,two_speed,396,1.0001462080592287,1.9993532877171023,0.512353514859553,0.0017500213413144446,0,0.017995695551937706,0.3086201670812443
1.0,0.5,3.0,3.0,0.0025,0.005,3.5,700,two_speed,397,1.000054568074905,2.013530308001338,0.5069654314329786,0.00152561640051063,0,0.01945479983590794,0.3068061659578234
1.0,0.5,3.0,3.0,0.0025,0.005,3.5,700,two_speed,398,1.0000569152288197,1.9858433449847426,0.5045528252884929,0.00180169202624673,0,0.01943444714212807,0.308885041042231
1.0,0.5,3.0,3.0,0.0025,0.005,3.5,700,two_speed,399,1.00024221635952,1.9697163753913718,0.5088108151667512,0.0021771517542281994,0,0.038017466068440794,0.3054116669809446
