A,nu,a,at,dt,dtt,taut,n_steps,arm,seed,A_hat,xc_hat,nu_hat,fit_rms,at_bound,l2_vs_exact,runtime_s
1.0,0.5,2.0,2.0,0.01,0.02,5.0,250,cond_mean,0,1.0002017824125933,2.0063435489690096,0.5017066199182256,0.0021837547297446406,0,0.013122350006735417,0.11623816704377532
1.0,0.5,2.0,2.0,0.01,0.02,5.0,250,cond_mean,1,1.0002592032781275,1.9963335954050179,0.513325148756199,0.0019826085889495383,0,0.01994259607573892,0.11475825007073581
1.0,0.5,2.0,2.0,0.01,0.02,5.0,250,cond_mean,2,0.9998194121400777,1.9827604102377494,0.49765473382308245,0.0024656119576172393,0,0.023460381401305637,0.11462829099036753
1.0,0.5,2.0,2.0,0.01,0.02,5.0,250,cond_mean,3,1.0000888914410795,2.005157546657492,0.507432942341082,0.002252874507765602,0,0.015778456763350043,0.11471466696821153
1.0,0.5,2.0,2.0,0.01,0.02,5.0,250,cond_mean,4,0.9998646231232914,1.974179114664886,0.5043777496044175,0.0018986754052054582,0,0.03175441480595285,0.11495416704565287
1.0,0.5,2.0,2.0,0.01,0.02,5.0,250,cond_mean,5,1.00030242420791,2.020789027669811,0.5156676624649678,0.0017975947872088467,0,0.03218400547635098,0.114884958951734
1.0,0.5,2.0,2.0,0.01,0.02,5.0,250,cond_mean,6,1.0002384359887613,2.001036847083484,0.49963169418292747,0.0020892462384966867,0,0.010419920813099427,0.1149796670069918
1.0,0.5,2.0,2.0,0.01,0.02,5.0,250,cond_mean,7,1.0003043120711637,2.01392887457127,0.5077691845613062,0.0033418576736699603,0,0.024782789684663156,0.11498920898884535
1.0,0.5,2.0,2.0,0.01,0.02,5.0,250,cond_mean,8,1.0002643929170247,1.979386022843292,0.5158168986240793,0.0016253232258960377,0,0.03205587489166409,0.11385220801457763
1.0,0.5,2.0,2.0,0.01,0.02,5.0,250,cond_mean,9,1.000052127745359,2.019915109711748,0.5064068370014944,0.001808113279877741,0,0.025955034858760443,0.11459804198238999
1.0,0.5,2.0,2.0,0.01,0.02,5.0,250,cond_mean,10,0.9997590526904381,2.0113144545289843,0.506018332186843,0.0019780190047837573,0,0.018331741949759027,0.11437795800156891
1.0,0.5,2.0,2.0,0.01,0.02,5.0,250,cond_mean,11,1.000389688083769,2.026966887046755,0.5110965775681402,0.0018859846866222663,0,0.035152033025570566,0.11634325003251433
1.0,0.5,2.0,2.0,0.01,0.02,5.0,250,cond_mean,12,0.9995293091250832,1.9925607694484888,0.49867657372288954,0.003369359918750745,0,0.018765910678037633,0.11597012495622039
1.0,0.5,2.0,2.0,0.01,0.02,5.0,250,cond_mean,13,0.9999888042997747,2.0016205322893557,0.5054698483144485,0.002585355856175028,0,0.014678449795462158,0.11519062495790422
1.0,0.5,2.0,2.0,0.01,0.02,5.0,250,cond_mean,14,1.0003279237540696,2.0141208457814734,0.5095562286124438,0.001798772601020107,0,0.02197463622476641,0.11485137499403208
1.0,0.5,2.0,2.0,0.01,0.02,5.0,250,cond_mean,15,1.0002972165268496,1.9997181545713092,0.5075368163076849,0.001707952179631673,0,0.01252715966386795,0.11459962499793619
1.0,0.5,2.0,2.0,0.01,0.02,5.0,250,cond_mean,16,0.9999664129991535,1.9983671994481735,0.5035834265460684,0.002192378840830872,0,0.011914622445130712,0.11406283394899219
1.0,0.5,2.0,2.0,0.01,0.02,5.0,250,cond_mean,17,0.9998847334713032,1.9866922624939392,0.509895069884549,0.001742319271601033,0,0.021898001257214583,0.113764459034428
1.0,0.5,2.0,2.0,0.01,0.02,5.0,250,cond_mean,18,1.0002015225620164,2.0374014526343065,0.5104884432760263,0.002114509478310685,0,0.04618174026713721,0.11493270797654986
1.0,0.5,2.0,2.0,0.01,0.02,5.0,250,cond_mean,19,1.0003545648269208,2.041909930667504,0.4993254411205623,0.0016733863994380308,0,0.049147719156848735,0.11598008393775672
1.0,0.5,2.0,2.0,0.01,0.02,5.0,250,cond_mean,20,0.9998086853767538,1.9959663716167475,0.4990419035183824,0.0019753802547727403,0,0.010816213022035028,0.11405029194429517
1.0,0.5,2.0,2.0,0.01,0.02,5.0,250,cond_mean,21,1.000128372509895,1.9768368602123683,0.49329922713218693,0.0023606721511472747,0,0.030659135189133047,0.11613658291753381
1.0,0.5,2.0,2.0,0.01,0.02,5.0,250,cond_mean,22,0.9998509414348768,2.006856828618614,0.5001911858555075,0.0028680621328322064,0,0.01616745041142295,0.11376033304259181
1.0,0.5,2.0,2.0,0.01,0.02,5.0,250,cond_mean,23,1.0004787355029034,2.0150909454105395,0.5073292693852555,0.0027413037594946972,0,0.02367053283825315,0.11508254089858383
1.0,0.5,2.0,2.0,0.01,0.02,5.0,250,cond_mean,24,0.9996504107104843,1.9773480085978072,0.49169866928794015,0.0017999132715483812,0,0.02952308884156287,0.11422650003805757
1.0,0.5,2.0,2.0,0.01,0.02,5.0,250,cond_mean,25,0.999913211904093,2.013356328167103,0.5085910934406096,0.0017489423152939358,0,0.020997892608695046,0.11466249998193234
1.0,0.5,2.0,2.0,0.01,0.02,5.0,250,cond_mean,26,1.0005487909477895,2.035135162926389,0.5064771362319547,0.00243396411484128,0,0.042870924644570776,0.11510874994564801
1.0,0.5,2.0,2.0,0.01,0.02,5.0,250,cond_mean,27,1.0000399525865131,2.030719528114213,0.5189455284119503,0.003020977629558716,0,0.04515914583984489,0.11487975006457418
1.0,0.5,2.0,2.0,0.01,0.02,5.0,250,cond_mean,28,0.9999897923197605,2.011987724898702,0.50583099552747,0.0019070519956316755,0,0.018330499629543185,0.11509745800867677
1.0,0.5,2.0,2.0,0.01,0.02,5.0,250,cond_mean,29,0.9999976412338715,2.0170848045253407,0.5078678694432889,0.001972874505174569,0,0.02421795582753491,0.11331562499981374
1.0,0.5,2.0,2.0,0.01,0.02,5.0,250,cond_mean,30,1.000350778507496,1.95835207646305,0.49674516425319326,0.0021083375373042858,0,0.04951467653862945,0.11604304204229265
1.0,0.5,2.0,2.0,0.01,0.02,5.0,250,cond_mean,31,1.0003123889652463,1.971148677526519,0.49948298570722877,0.0025254086484667883,0,0.03560038043830953,0.1154069589683786
1.0,0.5,2.0,2.0,0.01,0.02,5.0,250,cond_mean,32,1.0001913666251656,1.9660840630234335,0.49979182400776,0.002147878573135233,0,0.04056453092149063,0.11507445806637406
1.0,0.5,2.0,2.0,0.01,0.02,5.0,250,cond_mean,33,1.0001861122378388,2.015354723114478,0.4984048440539016,0.003952493449014561,0,0.026392697487176018,0.11475837498437613
1.0,0.5,2.0,2.0,0.01,0.02,5.0,250,cond_mean,34,1.0000140684586225,2.0170466992606784,0.5078056358849619,0.001583373854971993,0,0.023399903198252834,0.11498454201500863
1.0,0.5,2.0,2.0,0.01,0.02,5.0,250,cond_mean,35,1.0001410425910469,1.9884962234714256,0.508734943859192,0.0014053005455355269,0,0.01860241900259515,0.11739975004456937
1.0,0.5,2.0,2.0,0.01,0.02,5.0,250,cond_mean,36,0.9998513090094369,2.010950678904136,0.49774144090578126,0.002295174130288958,0,0.017175584760054687,0.11465266603045166
1.0,0.5,2.0,2.0,0.01,0.02,5.0,250,cond_mean,37,0.9999366557677694,2.009445821974605,0.5023585354649618,0.003010464100295984,0,0.018652058889207887,0.1155016670236364
1.0,0.5,2.0,2.0,0.01,0.02,5.0,250,cond_mean,38,1.0000043451592764,2.0264085934509155,0.5128846212130956,0.0019485296490867846,0,0.03586234247352359,0.11480029195081443
1.0,0.5,2.0,2.0,0.01,0.02,5.0,250,cond_mean,39,1.0001359572618496,2.014768349361923,0.5011293686812073,0.001677454221336467,0,0.01896936319637668,0.11437445797491819
1.0,0.5,2.0,2.0,0.01,0.02,5.0,250,cond_mean,40,1.0001623127343964,2.000942602339106,0.4994305800268998,0.0012161644942149704,0,0.006205061845368196,0.11442024994175881
1.0,0.5,2.0,2.0,0.01,0.02,5.0,250,cond_mean,41,1.00001706896628,1.9669200424732383,0.5056713719859023,0.0026942063816058595,0,0.04104792452307429,0.11414791608694941
1.0,0.5,2.0,2.0,0.01,0.02,5.0,250,cond_mean,42,0.9998491404857401,1.973426670512707,0.5069160204048074,0.0029195786717303874,0,0.035026170773000104,0.11480970901902765
1.0,0.5,2.0,2.0,0.01,0.02,5.0,250,cond_mean,43,0.9999623599979776,1.9821818868291414,0.5031817340466567,0.0020028340692220268,0,0.023140915981652965,0.11657575005665421
1.0,0.5,2.0,2.0,0.01,0.02,5.0,250,cond_mean,44,1.0001410060402816,2.002776029583261,0.4952281551876863,0.001658175581596157,0,0.010965955304817688,0.1192297920351848
1.0,0.5,2.0,2.0,0.01,0.02,5.0,250,cond_mean,45,1.0003208369968508,1.980642901404532,0.5037478878040208,0.002391835669645225,0,0.025597603838243728,0.11421937495470047
1.0,0.5,2.0,2.0,0.01,0.02,5.0,250,cond_mean,46,0.9999522921443396,1.9613683507846569,0.4975539705142348,0.001717546300090536,0,0.04554069269478966,0.11527708300855011
1.0,0.5,2.0,2.0,0.01,0.02,5.0,250,cond_mean,47,1.0004734039545216,2.0361764208602873,0.5039305184656421,0.002967651433763672,0,0.044427156869455336,0.11375754198525101
1.0,0.5,2.0,2.0,0.01,0.02,5.0,250,cond_mean,48,1.0000973593407385,1.9722017444126325,0.5041557040264871,0.0032000767889002555,0,0.036013212950987555,0.11968979192897677
1.0,0.5,2.0,2.0,0.01,0.02,5.0,250,cond_mean,49,1.0003474865762219,2.0166666193922467,0.5088703191537892,0.0026305762156740775,0,0.025639184106787373,0.12273033300880343
1.0,0.5,2.0,2.0,0.01,0.02,5.0,250,cond_mean,50,1.00006213952979,1.9909112100350057,0.496755950571486,0.0016648682887584697,0,0.014010196041033228,0.11850054108072072
1.0,0.5,2.0,2.0,0.01,0.02,5.0,250,cond_mean,51,1.000127458508778,2.0029653988717118,0.5122334543023505,0.0018263357345912302,0,0.01837754571815967,0.11812329199165106
1.0,0.5,2.0,2.0,0.01,0.02,5.0,250,cond_mean,52,1.0002555410687008,2.0102220509860262,0.5037669114424667,0.003933225235472355,0,0.02301304385362773,0.12265762500464916
1.0,0.5,2.0,2.0,0.01,0.02,5.0,250,cond_mean,53,1.0001377991863576,2.015939287149244,0.5110141604247694,0.0019892484087448564,0,0.025097038750558284,0.12385520793031901
1.0,0.5,2.0,2.0,0.01,0.02,5.0,250,cond_mean,54,1.0001885029593849,1.994786558149124,0.5066400114077829,0.0018174206409497064,0,0.013577688955899184,0.12237920798361301
1.0,0.5,2.0,2.0,0.01,0.02,5.0,250,cond_mean,55,1.0001377856875218,2.033154472198671,0.5026410325185512,0.002943785308277282,0,0.04101870848082343,0.12189020903315395
1.0,0.5,2.0,2.0,0.01,0.02,5.0,250,cond_mean,56,1.0002637330263195,2.007500894933071,0.5072727431968451,0.0021372722380842055,0,0.016293387647125696,0.290580042055808
1.0,0.5,2.0,2.0,0.01,0.02,5.0,250,cond_mean,57,1.0001608928905443,2.0433314278250063,0.5088763523568838,0.00181200143412747,0,0.051865031913650834,0.11855541705153883
1.0,0.5,2.0,2.0,0.01,0.02,5.0,250,cond_mean,58,1.000259398409302,1.9830969802255995,0.5122526102968534,0.002557127729780373,0,0.027905860765871468,0.11940558301284909
1.0,0.5,2.0,2.0,0.01,0.02,5.0,250,cond_mean,59,1.0001342966845082,1.9906060045067715,0.49630385770541735,0.002300374721535452,0,0.016517783373038622,0.1173695829929784
1.0,0.5,2.0,2.0,0.01,0.02,5.0,250,cond_mean,60,1.000013679101069,1.9918235055211697,0.5091567036256455,0.0022117880241113367,0,0.018635628369137493,0.11729237495455891
1.0,0.5,2.0,2.0,0.01,0.02,5.0,250,cond_mean,61,1.000297247655204,2.0081292242028357,0.5133371403482511,0.0018946775306170332,0,0.021337112373047983,0.11687312508001924
1.0,0.5,2.0,2.0,0.01,0.02,5.0,250,cond_mean,62,1.000257966164848,2.0060448494200025,0.5081609286607315,0.0023628098710100948,0,0.016910591530772973,0.11595166707411408
1.0,0.5,2.0,2.0,0.01,0.02,5.0,250,cond_mean,63,1.0001908988551682,2.0023430449483306,0.5017927575803879,0.003027452813375624,0,0.015246043757501064,0.11449374991934747
1.0,0.5,2.0,2.0,0.01,0.02,5.0,250,cond_mean,64,1.0003464416493446,2.0055159604239217,0.523250613075802,0.0018255437021862102,0,0.03145228525536779,0.11415129201486707
1.0,0.5,2.0,2.0,0.01,0.02,5.0,250,cond_mean,65,1.0002998905472138,2.0071342994787846,0.5151926194569055,0.0019245164033643081,0,0.02295681214240742,0.11430616700090468
1.0,0.5,2.0,2.0,0.01,0.02,5.0,250,cond_mean,66,0.9996897453884841,2.0428170556560046,0.5072091026373599,0.00185019199616525,0,0.051111098328624496,0.11481416702736169
1.0,0.5,2.0,2.0,0.01,0.02,5.0,250,cond_mean,67,0.9998756761740248,2.001891942922234,0.5100829043956997,0.0016560758064187084,0,0.015830280664626852,0.11412654200103134
1.0,0.5,2.0,2.0,0.01,0.02,5.0,250,cond_mean,68,1.0000257129973886,2.030987386316279,0.5077248718116747,0.0013923887997228904,0,0.03767238036057773,0.11583604197949171
1.0,0.5,2.0,2.0,0.01,0.02,5.0,250,cond_mean,69,0.9998667443964018,2.0161783799210347,0.4999835012103986,0.002221651590341608,0,0.02163829888767293,0.11546204192563891
1.0,0.5,2.0,2.0,0.01,0.02,5.0,250,cond_mean,70,0.9999949523021092,1.9947705679042675,0.5000391406355471,0.0021843188660159484,0,0.012298610349368275,0.114198875031434
1.0,0.5,2.0,2.0,0.01,0.02,5.0,250,cond_mean,71,1.0000898341951074,1.9990971313260415,0.507203574373703,0.0015425762405842428,0,0.011981273530687618,0.1139063750160858
1.0,0.5,2.0,2.0,0.01,0.02,5.0,250,cond_mean,72,1.0001646504722468,2.0004661753619883,0.5011721353281388,0.0015819994304700714,0,0.007901260886091442,0.11423187504988164
1.0,0.5,2.0,2.0,0.01,0.02,5.0,250,cond_mean,73,1.0005819847099633,2.0169993274324827,0.5149988107363254,0.0025498116426722933,0,0.029695656006178846,0.1143079170724377
1.0,0.5,2.0,2.0,0.01,0.02,5.0,250,cond_mean,74,1.0003505366421646,2.0113181895210293,0.5100755016441346,0.0016671825439251045,0,0.01984246839335573,0.11453387490473688
1.0,0.5,2.0,2.0,0.01,0.02,5.0,250,cond_mean,75,0.9997521499605689,2.015631181613517,0.502289852189181,0.002103010422826993,0,0.02110043883128715,0.11510758299846202
1.0,0.5,2.0,2.0,0.01,0.02,5.0,250,cond_mean,76,1.0002903646138537,1.9973081023045098,0.5072421805468665,0.0018850816705774083,0,0.013231116333269084,0.11469745798967779
1.0,0.5,2.0,2.0,0.01,0.02,5.0,250,cond_mean,77,1.0005855005175093,1.992905844465899,0.5253477479561183,0.0027313539774887585,0,0.03542385674336433,0.11555508302990347
1.0,0.5,2.0,2.0,0.01,0.02,5.0,250,cond_mean,78,1.0000981038964458,1.9996412225292046,0.5026554383015365,0.0014499721256523398,0,0.007848306012947311,0.11560783302411437
1.0,0.5,2.0,2.0,0.01,0.02,5.0,250,cond_mean,79,1.0000962331567647,1.992193896500212,0.5023860097711313,0.002785155717187349,0,0.016643142047699015,0.11385799990966916
1.0,0.5,2.0,2.0,0.01,0.02,5.0,250,cond_mean,80,1.0000768800160809,1.985312856310004,0.5015985948890455,0.0017676730230931864,0,0.019128852026385517,0.11634429194964468
1.0,0.5,2.0,2.0,0.01,0.02,5.0,250,cond_mean,81,1.0002123433157597,2.01922939603485,0.5039354002054768,0.0019058423502072096,0,0.024496338295557495,0.11829620797652751
1.0,0.5,2.0,2.0,0.01,0.02,5.0,250,cond_mean,82,1.0000441934712123,1.9916429349524174,0.503187028825105,0.0018774801355665612,0,0.013955062742256498,0.11533129203598946
1.0,0.5,2.0,2.0,0.01,0.02,5.0,250,cond_mean,83,0.9999454799562005,2.024953581480751,0.49400189941170625,0.0023680059417481333,0,0.03205828483175301,0.11446537508163601
1.0,0.5,2.0,2.0,0.01,0.02,5.0,250,cond_mean,84,1.000236994241965,2.0055821654831996,0.5174828121273942,0.002037432178590599,0,0.02522023281963012,0.11543712497223169
1.0,0.5,2.0,2.0,0.01,0.02,5.0,250,cond_mean,85,1.0002840529183472,2.019823061644456,0.5155808150592167,0.002421666855460906,0,0.03226480035420634,0.11509766604285687
1.0,0.5,2.0,2.0,0.01,0.02,5.0,250,cond_mean,86,0.9999082971296741,2.03369815759404,0.502490314048257,0.0017567655225048616,0,0.03996862019773604,0.11620991700328887
1.0,0.5,2.0,2.0,0.01,0.02,5.0,250,cond_mean,87,1.000053960958883,1.9895815447196172,0.5027448172656878,0.002087275918519043,0,0.016174919889119954,0.11593287508003414
1.0,0.5,2.0,2.0,0.01,0.02,5.0,250,cond_mean,88,1.0002351971773178,2.0135632099415264,0.5137813915810944,0.0027917484183406466,0,0.027248754491770957,0.11551604198757559
1.0,0.5,2.0,2.0,0.01,0.02,5.0,250,cond_mean,89,1.0003858052609074,2.024394079997909,0.5147099475858495,0.002234212152200162,0,0.03516856357046607,0.11671837489120662
1.0,0.5,2.0,2.0,0.01,0.02,5.0,250,cond_mean,90,1.0003427248997898,2.017643906777479,0.5110585664295332,0.0019150460599953285,0,0.026278228798273143,0.11542041692882776
1.0,0.5,2.0,2.0,0.01,0.02,5.0,250,cond_mean,91,0.9997166324958221,1.967413366132985,0.5038387359864226,0.001612530314045507,0,0.0388158491883803,0.11671574995853007
1.0,0.5,2.0,2.0,0.01,0.02,5.0,250,cond_mean,92,1.0004334324801674,1.995444456825903,0.5020240210759219,0.0024361697682511803,0,0.013303180670972945,0.11683675006497651
1.0,0.5,2.0,2.0,0.01,0.02,5.0,250,cond_mean,93,1.0000593493044185,1.9956628380438575,0.5049154979387219,0.0015332750415797383,0,0.011016557299906412,0.11718304199166596
1.0,0.5,2.0,2.0,0.01,0.02,5.0,250,cond_mean,94,1.0001113293161243,2.0178649110850166,0.5106118404972226,0.0018296084336118627,0,0.026160239170081284,0.1154302500654012
1.0,0.5,2.0,2.0,0.01,0.02,5.0,250,cond_mean,95,1.0001631444520205,2.009528171440871,0.5041804900092749,0.0015791242331270742,0,0.014410495699091858,0.11617170798126608
1.0,0.5,2.0,2.0,0.01,0.02,5.0,250,cond_mean,96,1.000201790762432,2.000380010401387,0.4983221326548508,0.002141586284544803,0,0.010878612298086425,0.11634337494615465
1.0,0.5,2.0,2.0,0.01,0.02,5.0,250,cond_mean,97,1.0000990528877547,1.9877250482780933,0.5094135150912109,0.0022845779176697742,0,0.021723627494519608,0.11626645899377763
1.0,0.5,2.0,2.0,0.01,0.02,5.0,250,cond_mean,98,1.0000681794357402,2.0090917519371136,0.499685026112432,0.0023617773629388467,0,0.01564605915361455,0.11590183293446898
1.0,0.5,2.0,2.0,0.01,0.02,5.0,250,cond_mean,99,0.9998544229313947,1.9895338780873288,0.5070810936497157,0.0019320111576072148,0,0.018087794119966173,0.1146960420301184
1.0,0.5,2.0,2.0,0.01,0.02,5.0,250,cond_mean,100,0.9997906593508971,2.0094879141808732,0.5114849658402907,0.0018321190721058472,0,0.02095422300690442,0.11980383400805295
1.0,0.5,2.0,2.0,0.01,0.02,5.0,250,cond_mean,101,1.0003258930169592,2.012332889349772,0.501567076679408,0.0023608586857752916,0,0.01844487267183731,0.12183874996844679
1.0,0.5,2.0,2.0,0.01,0.02,5.0,250,cond_mean,102,0.9998205345857474,1.9996745875474005,0.5060752446284503,0.003421892476786909,0,0.018759578289580043,0.12209895893465728
1.0,0.5,2.0,2.0,0.01,0.02,5.0,250,cond_mean,103,1.0003161590729985,2.010900660970353,0.5075496696291687,0.002501982889881033,0,0.019852195262740048,0.12112966598942876
1.0,0.5,2.0,2.0,0.01,0.02,5.0,250,cond_mean,104,1.0000088070382338,2.0184803934274687,0.5032767810847922,0.001979911161480206,0,0.023829161812880365,0.12735404109116644
1.0,0.5,2.0,2.0,0.01,0.02,5.0,250,cond_mean,105,0.9999886138769062,1.9983708226729637,0.4964570130917335,0.002069939318046438,0,0.011314202952926098,0.14065129100345075
1.0,0.5,2.0,2.0,0.01,0.02,5.0,250,cond_mean,106,1.0003370709993658,1.9801952794315796,0.5074836301956545,0.0021408768319221344,0,0.026718911320784577,0.12575674999970943
1.0,0.5,2.0,2.0,0.01,0.02,5.0,250,cond_mean,107,0.9996763273825322,2.0021177979100435,0.5080832440014867,0.0021715449631062402,0,0.015739723256828358,0.1194045830052346
1.0,0.5,2.0,2.0,0.01,0.02,5.0,250,cond_mean,108,1.0002239850008021,2.0001543317119816,0.49960122814187036,0.00226013488550523,0,0.011178225242668054,0.12127424997743219
1.0,0.5,2.0,2.0,0.01,0.02,5.0,250,cond_mean,109,1.000029488899766,2.046941404513089,0.5188507972528992,0.001993281969537579,0,0.0599366539913984,0.11785899999085814
1.0,0.5,2.0,2.0,0.01,0.02,5.0,250,cond_mean,110,1.0003744540560722,1.9805916600547688,0.496001292822892,0.002204834045737579,0,0.02569192343861047,0.12054999999236315
1.0,0.5,2.0,2.0,0.01,0.02,5.0,250,cond_mean,111,1.0001223873554677,2.0003893919200806,0.5145806084023682,0.001577047911694455,0,0.020290317214349242,0.1184255420230329
1.0,0.5,2.0,2.0,0.01,0.02,5.0,250,cond_mean,112,1.000271153056525,1.9959764667064352,0.5147506938720394,0.002238373676325154,0,0.022214535697423352,0.11831979092676193
1.0,0.5,2.0,2.0,0.01,0.02,5.0,250,cond_mean,113,0.9997620663355065,2.017218529414292,0.48964502640443397,0.0013942157071654088,0,0.024896396143419066,0.12246820901054889
1.0,0.5,2.0,2.0,0.01,0.02,5.0,250,cond_mean,114,1.0004403167306897,2.0134602784229436,0.5138634352932984,0.0023420233373568316,0,0.025916497397111216,0.12155308306682855
1.0,0.5,2.0,2.0,0.01,0.02,5.0,250,cond_mean,115,1.0001663962499918,1.973557758236377,0.5112150274207963,0.0015410954426527967,0,0.0343718455766233,0.11805370799265802
1.0,0.5,2.0,2.0,0.01,0.02,5.0,250,cond_mean,116,0.9999173948330262,2.01671686588989,0.5065757312358963,0.0013132614934014844,0,0.022083172609661667,0.11970383301377296
1.0,0.5,2.0,2.0,0.01,0.02,5.0,250,cond_mean,117,1.0004185825252763,2.026027522396837,0.5105024417761187,0.0022616099572636307,0,0.034414658887166764,0.12324308406095952
1.0,0.5,2.0,2.0,0.01,0.02,5.0,250,cond_mean,118,1.0002605917745455,2.0419503404978747,0.5042167627270722,0.001775985135295306,0,0.04938472517971712,0.11887200002092868
1.0,0.5,2.0,2.0,0.01,0.02,5.0,250,cond_mean,119,1.0001241081470624,2.0017958201359334,0.501378716861098,0.0021689968183919955,0,0.010961584318741231,0.11884312494657934
1.0,0.5,2.0,2.0,0.01,0.02,5.0,250,cond_mean,120,1.0001920703626537,1.976680275802406,0.5045845453735627,0.0021429731556425564,0,0.029426646206727004,0.11820045800413936
1.0,0.5,2.0,2.0,0.01,0.02,5.0,250,cond_mean,121,0.9999990364878263,1.992291572984884,0.49641720945845746,0.0013694229925032156,0,0.012111229606880615,0.11925666697788984
1.0,0.5,2.0,2.0,0.01,0.02,5.0,250,cond_mean,122,1.0001268909062606,2.0429342546583302,0.5065119975698538,0.00200938200588836,0,0.05109558767639323,0.11884937505237758
1.0,0.5,2.0,2.0,0.01,0.02,5.0,250,cond_mean,123,1.0001924135023172,1.9664640805459328,0.5118820056455775,0.0026298900719054557,0,0.04344406443064391,0.11849912500474602
1.0,0.5,2.0,2.0,0.01,0.02,5.0,250,cond_mean,124,1.0003113577085074,2.027052209669796,0.5154926838269935,0.0019092154581490251,0,0.037755128474250846,0.11973254091572016
1.0,0.5,2.0,2.0,0.01,0.02,5.0,250,cond_mean,125,1.0001589711509382,1.9797212544080156,0.5005859535070032,0.0022196632956697276,0,0.0258299619748737,0.11836854205466807
1.0,0.5,2.0,2.0,0.01,0.02,5.0,250,cond_mean,126,0.9998808331968428,2.0150284097515394,0.5121363103288402,0.0022078513693597553,0,0.025852824317948088,0.12754187500104308
1.0,0.5,2.0,2.0,0.01,0.02,5.0,250,cond_mean,127,1.0003491205345156,2.009564858294265,0.5080208482719231,0.002331558128056759,0,0.018692722377887952,0.12091504200361669
1.0,0.5,2.0,2.0,0.01,0.02,5.0,250,cond_mean,128,0.9999563093117015,2.0321014544900113,0.4904867186383408,0.0016320043015469214,0,0.04004858819562536,0.12387941707856953
1.0,0.5,2.0,2.0,0.01,0.02,5.0,250,cond_mean,129,0.9998941770104918,1.9706114984832905,0.4989833058125408,0.002136606990777949,0,0.035538960670425716,0.12408629199489951
1.0,0.5,2.0,2.0,0.01,0.02,5.0,250,cond_mean,130,1.0002626163603738,2.019390279852745,0.51071850487584,0.0024034945316059645,0,0.0285963850629038,0.1185545000480488
1.0,0.5,2.0,2.0,0.01,0.02,5.0,250,cond_mean,131,1.0000592774000652,1.9942216680600082,0.5139034742241199,0.002274706180915882,0,0.02223647083170457,0.11680412502028048
1.0,0.5,2.0,2.0,0.01,0.02,5.0,250,cond_mean,132,0.9999459354540291,2.0265309616833,0.510388799273487,0.002499225582065242,0,0.03567802164676834,0.11722445907071233
1.0,0.5,2.0,2.0,0.01,0.02,5.0,250,cond_mean,133,0.999689102709069,1.98128125168822,0.5022499492776714,0.0025823601794512175,0,0.0253410511995739,0.11778783309273422
1.0,0.5,2.0,2.0,0.01,0.02,5.0,250,cond_mean,134,1.0003588407804294,2.027949071750419,0.5113706843815856,0.0021978370263901143,0,0.03664045508736463,0.11740287498105317
1.0,0.5,2.0,2.0,0.01,0.02,5.0,250,cond_mean,135,1.0004610275595456,2.0198556655835316,0.5068627087899356,0.0022673441349651954,0,0.026768815668779106,0.11955087503883988
1.0,0.5,2.0,2.0,0.01,0.02,5.0,250,cond_mean,136,1.0000355205120623,1.9949052656344608,0.5070232243954272,0.0010992657310862444,0,0.012098666355811987,0.11822787497658283
1.0,0.5,2.0,2.0,0.01,0.02,5.0,250,cond_mean,137,1.0003556213665192,1.9732533387004414,0.5178505928664027,0.0025208660494028586,0,0.04005673359661683,0.11668337497394532
1.0,0.5,2.0,2.0,0.01,0.02,5.0,250,cond_mean,138,0.9999420182987018,1.9911159669659118,0.50565680940443,0.0014985574976160685,0,0.014659925215123848,0.11457374994643033
1.0,0.5,2.0,2.0,0.01,0.02,5.0,250,cond_mean,139,1.0000216556330932,2.001588580305378,0.5041242392685622,0.0013912566666298147,0,0.008868804354201143,0.11472758301533759
1.0,0.5,2.0,2.0,0.01,0.02,5.0,250,cond_mean,140,1.000152115755017,1.9945975427732743,0.5139587866229078,0.002645913295716642,0,0.022941398117751803,0.1143419579602778
1.0,0.5,2.0,2.0,0.01,0.02,5.0,250,cond_mean,141,0.9998813442257817,2.0010365534264563,0.5181625667922878,0.002079088034535666,0,0.02601088928151121,0.11480783298611641
1.0,0.5,2.0,2.0,0.01,0.02,5.0,250,cond_mean,142,1.0002296348772808,2.0196157277664755,0.5107033266778693,0.002214133553984287,0,0.0283379289104749,0.11494954105000943
1.0,0.5,2.0,2.0,0.01,0.02,5.0,250,cond_mean,143,1.0001206759214563,1.9875731273121162,0.5127718064954602,0.0035235254942686443,0,0.027640758282626222,0.11557620798703283
1.0,0.5,2.0,2.0,0.01,0.02,5.0,250,cond_mean,144,1.0003469802618121,2.0122962685091346,0.5062153806819383,0.001972438680817427,0,0.018767128747579843,0.11535766697488725
1.0,0.5,2.0,2.0,0.01,0.02,5.0,250,cond_mean,145,1.000086373792944,1.991557545955933,0.5076939890759068,0.0023192557699253,0,0.017905556351084567,0.1165423330385238
1.0,0.5,2.0,2.0,0.01,0.02,5.0,250,cond_mean,146,1.0004099813769556,1.9902627430931443,0.5140528785362831,0.002336912649581732,0,0.023754710096989474,0.11484991700854152
1.0,0.5,2.0,2.0,0.01,0.02,5.0,250,cond_mean,147,1.0004220581863599,2.0073752936604063,0.504292943747018,0.002222366667068814,0,0.014732988038158628,0.11733858298975974
1.0,0.5,2.0,2.0,0.01,0.02,5.0,250,cond_mean,148,0.9999896392749227,2.023114478135295,0.5014827418903892,0.0017251603229698743,0,0.028036494058647835,0.11467724991962314
1.0,0.5,2.0,2.0,0.01,0.02,5.0,250,cond_mean,149,0.9999921182101034,1.9896148618204517,0.5002250811780599,0.0024646338725273606,0,0.017032948525266822,0.11535662494134158
1.0,0.5,2.0,2.0,0.01,0.02,5.0,250,cond_mean,150,1.0002915054783965,1.9863737045390188,0.5057552217520609,0.0023108120745258223,0,0.02062955700429766,0.115465416922234
1.0,0.5,2.0,2.0,0.01,0.02,5.0,250,cond_mean,151,1.0001313531899858,2.0167723786455536,0.5022311380623419,0.0016865904859719423,0,0.021216286254226363,0.11424304207321256
1.0,0.5,2.0,2.0,0.01,0.02,5.0,250,cond_mean,152,1.0003241525678956,2.006075378388742,0.4956111285212012,0.001934693408585546,0,0.013551479236325825,0.11553441698197275
1.0,0.5,2.0,2.0,0.01,0.02,5.0,250,cond_mean,153,1.0002017022402896,1.9945332310469108,0.5077660516209185,0.0019502682410124127,0,0.01506609244097225,0.11463320802431554
1.0,0.5,2.0,2.0,0.01,0.02,5.0,250,cond_mean,154,0.9997256814478369,1.9882029656835931,0.4971201749366342,0.0013898030298491555,0,0.015624119455410193,0.11426649999339134
1.0,0.5,2.0,2.0,0.01,0.02,5.0,250,cond_mean,155,0.9997587615295126,1.9726329952596353,0.5037376359710485,0.0016637417409939078,0,0.03302538865231192,0.11456558399368078
1.0,0.5,2.0,2.0,0.01,0.02,5.0,250,cond_mean,156,1.000139550980761,2.0163426334653898,0.5136843917046066,0.0017455747045052154,0,0.027099120717009373,0.11527499998919666
1.0,0.5,2.0,2.0,0.01,0.02,5.0,250,cond_mean,157,1.0000317152787515,1.9709581474667888,0.5001538589530727,0.001601148486732569,0,0.03443738407473165,0.11421699996571988
1.0,0.5,2.0,2.0,0.01,0.02,5.0,250,cond_mean,158,1.0002767165445468,2.0101604182810897,0.5022829346234752,0.002029756944900844,0,0.015603086627014586,0.11402904195711017
1.0,0.5,2.0,2.0,0.01,0.02,5.0,250,cond_mean,159,1.0005016068389068,1.9987055360059303,0.5086560963327862,0.0029367628456740675,0,0.017894128800812235,0.11608987499494106
1.0,0.5,2.0,2.0,0.01,0.02,5.0,250,cond_mean,160,1.000189443005446,1.9657306286764982,0.5149172510630802,0.002190849299315058,0,0.04486751642623805,0.11501849989872426
1.0,0.5,2.0,2.0,0.01,0.02,5.0,250,cond_mean,161,0.9997595870428365,2.0280543018225172,0.501816549157102,0.0020278407046707913,0,0.03401153882307591,0.11509979201946408
1.0,0.5,2.0,2.0,0.01,0.02,5.0,250,cond_mean,162,1.0003883495556527,2.043297014384019,0.501120315002444,0.00263390707287861,0,0.05162798113874388,0.11586920905392617
1.0,0.5,2.0,2.0,0.01,0.02,5.0,250,cond_mean,163,1.0002378006900567,2.0332431518311576,0.5041761288755037,0.0021164471846527528,0,0.04001863481003779,0.11564133292995393
1.0,0.5,2.0,2.0,0.01,0.02,5.0,250,cond_mean,164,1.000096812040301,1.9829395625613275,0.4947239338367831,0.0015442750051221953,0,0.022331679380175082,0.11489037505816668
1.0,0.5,2.0,2.0,0.01,0.02,5.0,250,cond_mean,165,1.000169072417657,2.0037370082304777,0.5129185103456055,0.002407495004522671,0,0.02070722158362163,0.11464425001759082
1.0,0.5,2.0,2.0,0.01,0.02,5.0,250,cond_mean,166,1.0002423452615012,2.0229960507784304,0.49812459590639324,0.0015584375934477698,0,0.02783782916957479,0.11533441697247326
1.0,0.5,2.0,2.0,0.01,0.02,5.0,250,cond_mean,167,1.000018250368094,1.9780165741200584,0.5096374429629328,0.0015424809917987438,0,0.029263248887617218,0.11379470792599022
1.0,0.5,2.0,2.0,0.01,0.02,5.0,250,cond_mean,168,1.00033845715126,1.981734598091759,0.5116437398628263,0.0016626740983706797,0,0.026813932935242504,0.11491500004194677
1.0,0.5,2.0,2.0,0.01,0.02,5.0,250,cond_mean,169,1.000402074294796,2.0216279334026392,0.5178232463541653,0.0025737727329932735,0,0.035791627534111185,0.11524441605433822
1.0,0.5,2.0,2.0,0.01,0.02,5.0,250,cond_mean,170,0.9999126997123075,1.9852688739738746,0.5043681398424514,0.002596973601260919,0,0.022061478607152983,0.11559966707136482
1.0,0.5,2.0,2.0,0.01,0.02,5.0,250,cond_mean,171,1.0002127479116167,2.008652718060526,0.5047230219882264,0.0016454820549405655,0,0.014095038936862522,0.11449729197192937
1.0,0.5,2.0,2.0,0.01,0.02,5.0,250,cond_mean,172,1.0003166705578383,2.0004754527253015,0.5122998452584937,0.0027491096270691726,0,0.020489509589723582,0.11581591702997684
1.0,0.5,2.0,2.0,0.01,0.02,5.0,250,cond_mean,173,0.9998109872921159,2.0023236625595184,0.5102695689062527,0.0018483476973955488,0,0.01673656039879449,0.115298124961555
1.0,0.5,2.0,2.0,0.01,0.02,5.0,250,cond_mean,174,1.0004807940745568,1.9801426297923106,0.5117481856868991,0.002413326947636496,0,0.02937955039438996,0.11784812505356967
1.0,0.5,2.0,2.0,0.01,0.02,5.0,250,cond_mean,175,1.00016407567645,2.024569584536953,0.5015910283338617,0.0024184777360977154,0,0.030793001752901922,0.11328508402220905
1.0,0.5,2.0,2.0,0.01,0.02,5.0,250,cond_mean,176,0.9999007247949694,1.9970941175657786,0.4984471049392,0.0013223612569802476,0,0.00754039213777953,0.11470941710285842
1.0,0.5,2.0,2.0,0.01,0.02,5.0,250,cond_mean,177,1.0001710912908581,1.945319948123486,0.5066886265347301,0.0015333020125450209,0,0.0639345372996511,0.11465254204813391
1.0,0.5,2.0,2.0,0.01,0.02,5.0,250,cond_mean,178,1.0002684631904915,1.9955334915641816,0.5071251137649225,0.001794063892922155,0,0.013496374781128239,0.11437658302020282
1.0,0.5,2.0,2.0,0.01,0.02,5.0,250,cond_mean,179,1.0000690913764931,1.9582875926687868,0.5077813910330212,0.0019790912037716537,0,0.04992248663437221,0.1143210829468444
1.0,0.5,2.0,2.0,0.01,0.02,5.0,250,cond_mean,180,1.000182888157199,2.0394136973492687,0.5037225980281917,0.002699323964846185,0,0.04756270415326891,0.11479883303400129
1.0,0.5,2.0,2.0,0.01,0.02,5.0,250,cond_mean,181,1.000238012419913,2.008114378492962,0.5035012103942217,0.0028440218373062594,0,0.01729504522076625,0.11710024997591972
1.0,0.5,2.0,2.0,0.01,0.02,5.0,250,cond_mean,182,1.0002069714317896,2.0375307880302103,0.501824550858371,0.00218137860233399,0,0.04465859828486581,0.11678333405870944
1.0,0.5,2.0,2.0,0.01,0.02,5.0,250,cond_mean,183,0.999871629240907,1.9834445177727662,0.5005972950621044,0.0017299971297601636,0,0.0209396226708821,0.11568420904222876
1.0,0.5,2.0,2.0,0.01,0.02,5.0,250,cond_mean,184,0.9995868214354117,1.9806255388254903,0.49347309540440876,0.0025759919133397672,0,0.02697160026832035,0.11441445909440517
1.0,0.5,2.0,2.0,0.01,0.02,5.0,250,cond_mean,185,0.9995677062623008,1.9940063134492954,0.49858707573512717,0.003033363806134716,0,0.01655391724188874,0.11688616708852351
1.0,0.5,2.0,2.0,0.01,0.02,5.0,250,cond_mean,186,1.0000366864101573,2.013862065297868,0.49819097552215963,0.0025236610278092497,0,0.020386746714682557,0.11507624993100762
1.0,0.5,2.0,2.0,0.01,0.02,5.0,250,cond_mean,187,1.000047465690123,1.982362746912925,0.5112996429164263,0.002131823381399518,0,0.027021172460889906,0.11497791693545878
1.0,0.5,2.0,2.0,0.01,0.02,5.0,250,cond_mean,188,1.0001917231206003,2.0200199126133724,0.5010330730073693,0.0021674156143287747,0,0.025457627593429292,0.11458179203327745
1.0,0.5,2.0,2.0,0.01,0.02,5.0,250,cond_mean,189,1.0000119219370267,1.9970614014109773,0.5074668563020897,0.0019665264075172527,0,0.01411235353742196,0.11486345902085304
1.0,0.5,2.0,2.0,0.01,0.02,5.0,250,cond_mean,190,1.000029352537121,2.0278936856822627,0.5118810368116646,0.0014932066247559071,0,0.03630464326369577,0.11337366595398635
1.0,0.5,2.0,2.0,0.01,0.02,5.0,250,cond_mean,191,0.9996126049097697,2.0034312091030686,0.5026779638013291,0.002136249490547142,0,0.012131730016551328,0.11411687498912215
1.0,0.5,2.0,2.0,0.01,0.02,5.0,250,cond_mean,192,1.0000067171807134,2.005682045672895,0.5001949924569737,0.001360960662327785,0,0.009363328285931291,0.11513466597534716
1.0,0.5,2.0,2.0,0.01,0.02,5.0,250,cond_mean,193,1.0001535895391016,1.9797556048796767,0.500713832935654,0.0017243045383398613,0,0.0248672628163265,0.11486395902466029
1.0,0.5,2.0,2.0,0.01,0.02,5.0,250,cond_mean,194,0.9999318851924619,1.9850685493692062,0.5045861529173594,0.00234769050303598,0,0.021598749264040203,0.11378529202193022
1.0,0.5,2.0,2.0,0.01,0.02,5.0,250,cond_mean,195,1.0000895700885766,1.985370312439376,0.5061083449850972,0.0017257619242035784,0,0.02037756834795187,0.11532695800997317
1.0,0.5,2.0,2.0,0.01,0.02,5.0,250,cond_mean,196,1.0001158029517545,2.002779255675369,0.5120550768562456,0.00205921874877622,0,0.018742185819724488,0.11408045794814825
1.0,0.5,2.0,2.0,0.01,0.02,5.0,250,cond_mean,197,1.000549261716595,2.010927011243074,0.5074263621076254,0.0023548720363380485,0,0.019264200572475326,0.11407083400990814
1.0,0.5,2.0,2.0,0.01,0.02,5.0,250,cond_mean,198,1.0001084149707047,2.0123690524216227,0.5052555974394635,0.0012608067890089837,0,0.01689763035044865,0.1141433339798823
1.0,0.5,2.0,2.0,0.01,0.02,5.0,250,cond_mean,199,1.0000868614997247,1.9715918759029827,0.4987830673448097,0.0015674006794734715,0,0.03376529065762164,0.11459679203107953
1.0,0.5,2.0,2.0,0.01,0.02,5.0,250,cond_mean,200,0.9997431784591404,1.9712802216203538,0.5088705693803939,0.0016798053346715788,0,0.036169677207930906,0.11356375005561858
1.0,0.5,2.0,2.0,0.01,0.02,5.0,250,cond_mean,201,1.00029223480722,2.0243082118557623,0.5011170723680384,0.002506855890354788,0,0.030661883152592197,0.11512791702989489
1.0,0.5,2.0,2.0,0.01,0.02,5.0,250,cond_mean,202,0.999995564066406,1.9986971733016803,0.5013518433664491,0.002101192030909248,0,0.010567644420168805,0.11475104198325425
1.0,0.5,2.0,2.0,0.01,0.02,5.0,250,cond_mean,203,1.0003909545282639,2.038124914177922,0.5114987230319401,0.0023931890936621973,0,0.047598732175103686,0.11451045796275139
1.0,0.5,2.0,2.0,0.01,0.02,5.0,250,cond_mean,204,1.000235020814827,2.0488611980602993,0.5065610544444609,0.002318443230829287,0,0.05798432852090954,0.11476958298590034
1.0,0.5,2.0,2.0,0.01,0.02,5.0,250,cond_mean,205,0.9999149451231197,2.007751149769989,0.5067904639464744,0.002043678934087469,0,0.016195498818099653,0.11485608294606209
1.0,0.5,2.0,2.0,0.01,0.02,5.0,250,cond_mean,206,1.0000041924527316,2.00346617920721,0.4998225138859974,0.0017729602103214882,0,0.00957602547253923,0.11843629099894315
1.0,0.5,2.0,2.0,0.01,0.02,5.0,250,cond_mean,207,1.000002213360067,1.9918564062010673,0.5001940781130598,0.0016958295798529678,0,0.012556330716955567,0.114879708038643
1.0,0.5,2.0,2.0,0.01,0.02,5.0,250,cond_mean,208,0.9999655948884041,2.0066281933921304,0.5065079718249575,0.0015831876889923998,0,0.013877618633111235,0.11578870902303606
1.0,0.5,2.0,2.0,0.01,0.02,5.0,250,cond_mean,209,0.9998804725777466,2.0111125282979527,0.5130918324321759,0.0015455334499032945,0,0.022806849769263744,0.11497270909603685
1.0,0.5,2.0,2.0,0.01,0.02,5.0,250,cond_mean,210,1.0003126593477623,1.9716525507916598,0.4995946926719852,0.0024338936234014168,0,0.03488771274491266,0.11616658291313797
1.0,0.5,2.0,2.0,0.01,0.02,5.0,250,cond_mean,211,0.9998300531985483,1.9944371319240053,0.5047786133464017,0.0023166625395572185,0,0.014622814171531932,0.11487074999604374
1.0,0.5,2.0,2.0,0.01,0.02,5.0,250,cond_mean,212,1.0001225111443008,1.9805176740055417,0.5154857364568336,0.0017953634866478931,0,0.031240257543922578,0.11652308306656778
1.0,0.5,2.0,2.0,0.01,0.02,5.0,250,cond_mean,213,1.0003559499275947,2.0120348846248586,0.5071264746842999,0.004070442959383838,0,0.025728117636177654,0.11484054196625948
1.0,0.5,2.0,2.0,0.01,0.02,5.0,250,cond_mean,214,1.0001311475546304,1.9640914437573826,0.5052127160745955,0.0018240830408163295,0,0.04279523455726682,0.11457670805975795
1.0,0.5,2.0,2.0,0.01,0.02,5.0,250,cond_mean,215,0.9999442669693246,1.9821603295875008,0.5048208608717233,0.002169664962684122,0,0.024033353528260214,0.11689070798456669
1.0,0.5,2.0,2.0,0.01,0.02,5.0,250,cond_mean,216,1.0002182907502593,2.0242324645085006,0.5017019315971054,0.0023702617219797523,0,0.030343923053577873,0.11504558299202472
1.0,0.5,2.0,2.0,0.01,0.02,5.0,250,cond_mean,217,1.0000033549337797,2.005846168585862,0.5091371487997821,0.001975083223744006,0,0.016753256750806484,0.11399991600774229
1.0,0.5,2.0,2.0,0.01,0.02,5.0,250,cond_mean,218,1.0002089161356391,1.9847709377044427,0.5057274115361788,0.00305663174192932,0,0.024207487292897623,0.11599091696552932
1.0,0.5,2.0,2.0,0.01,0.02,5.0,250,cond_mean,219,0.9995960251993371,1.970763801172493,0.4949879416615463,0.0033549867127261835,0,0.038027836806519985,0.11525625002104789
1.0,0.5,2.0,2.0,0.01,0.02,5.0,250,cond_mean,220,1.0000014119341019,1.9649174833155278,0.5054943895915082,0.0014596592607802686,0,0.04167023277815325,0.1146639579674229
1.0,0.5,2.0,2.0,0.01,0.02,5.0,250,cond_mean,221,1.0004166141503683,2.0290897427155765,0.5062038637355544,0.002051328299842351,0,0.03574698253439983,0.11455429205670953
1.0,0.5,2.0,2.0,0.01,0.02,5.0,250,cond_mean,222,1.0000528721031379,1.9808026803013725,0.5036599444459682,0.0021866442981728442,0,0.0250118620668642,0.11687504197470844
1.0,0.5,2.0,2.0,0.01,0.02,5.0,250,cond_mean,223,0.9999693232675902,2.0012277265190193,0.4946651015302638,0.001798986181291685,0,0.011325960070797374,0.11621050001122057
1.0,0.5,2.0,2.0,0.01,0.02,5.0,250,cond_mean,224,1.0000472176287538,1.9936400838369122,0.5000599284361601,0.0022981747173395697,0,0.013454342204920958,0.1155004589818418
1.0,0.5,2.0,2.0,0.01,0.02,5.0,250,cond_mean,225,1.0000965290461514,2.0247692076573793,0.49965337184300446,0.0015435873092098026,0,0.02960788071823436,0.11405337497126311
1.0,0.5,2.0,2.0,0.01,0.02,5.0,250,cond_mean,226,1.0000123165406034,2.0059043688015317,0.5107124630197747,0.0017307421255661288,0,0.01766007451274049,0.11496387503575534
1.0,0.5,2.0,2.0,0.01,0.02,5.0,250,cond_mean,227,1.000357883067744,1.992966771252531,0.5063840132445182,0.002429258820661552,0,0.01638066157739699,0.11433679098263383
1.0,0.5,2.0,2.0,0.01,0.02,5.0,250,cond_mean,228,1.0000046279990258,1.9986520586819643,0.5066429954874997,0.001922078037161452,0,0.012909302039595078,0.11389562499243766
1.0,0.5,2.0,2.0,0.01,0.02,5.0,250,cond_mean,229,0.9999423476777954,1.9899469452168326,0.5063761039748418,0.0020591921921241122,0,0.01757176752484337,0.1146907500224188
1.0,0.5,2.0,2.0,0.01,0.02,5.0,250,cond_mean,230,1.0003235170385318,1.987915038511466,0.5113099814915483,0.002288907254327557,0,0.022778783314745962,0.1147253749659285
1.0,0.5,2.0,2.0,0.01,0.02,5.0,250,cond_mean,231,1.000128302975297,1.9805080074222088,0.5019032530465006,0.0024969056327502777,0,0.025698203208051093,0.11364333389792591
1.0,0.5,2.0,2.0,0.01,0.02,5.0,250,cond_mean,232,1.0000543637669008,1.967124350606096,0.5077965163810383,0.0015134556646579846,0,0.039818269021283305,0.11496637493837625
1.0,0.5,2.0,2.0,0.01,0.02,5.0,250,cond_mean,233,1.0003668387932794,1.9714266960890496,0.5103750613486762,0.0017796802155787732,0,0.03636124843186708,0.11478587496094406
1.0,0.5,2.0,2.0,0.01,0.02,5.0,250,cond_mean,234,1.0000867294061588,2.006915025524255,0.5053315852493854,0.0032418638397080884,0,0.01907614225743062,0.11519270797725767
1.0,0.5,2.0,2.0,0.01,0.02,5.0,250,cond_mean,235,0.9999701385691937,1.9921381831300617,0.5078045610292603,0.0018877903800094099,0,0.016486996217071694,0.11451112502254546
1.0,0.5,2.0,2.0,0.01,0.02,5.0,250,cond_mean,236,0.9999302472211384,1.9876946599698433,0.5065101560583727,0.0017052047152084308,0,0.018564012836176695,0.11506658303551376
1.0,0.5,2.0,2.0,0.01,0.02,5.0,250,cond_mean,237,1.0001152338403614,2.0062771116179876,0.5016984348602064,0.0015937697638196244,0,0.010850988410125759,0.1138719170121476
1.0,0.5,2.0,2.0,0.01,0.02,5.0,250,cond_mean,238,1.0002687128467296,1.996831995120888,0.5190484214122167,0.0021115995433452182,0,0.026611928421795838,0.11459195800125599
1.0,0.5,2.0,2.0,0.01,0.02,5.0,250,cond_mean,239,1.0001780104720517,2.0042125411433327,0.49455636796160646,0.0014809056969437714,0,0.011583149601986175,0.11542358307633549
1.0,0.5,2.0,2.0,0.01,0.02,5.0,250,cond_mean,240,1.0005872049152806,1.9799198431232108,0.5110120791718946,0.002491988708138314,0,0.029416986830543158,0.11458204209338874
1.0,0.5,2.0,2.0,0.01,0.02,5.0,250,cond_mean,241,1.0004696905968855,2.011445322365874,0.5001846144451161,0.00280072588602898,0,0.019189832033303274,0.11544699990190566
1.0,0.5,2.0,2.0,0.01,0.02,5.0,250,cond_mean,242,0.9999613506096912,1.994135092549278,0.5046414616216487,0.0020503236658333313,0,0.013572504189295115,0.11520495789591223
1.0,0.5,2.0,2.0,0.01,0.02,5.0,250,cond_mean,243,1.0002582543691025,2.0108872675430804,0.505855393317802,0.0022048299151344163,0,0.018039361340726767,0.11983575008343905
1.0,0.5,2.0,2.0,0.01,0.02,5.0,250,cond_mean,244,1.0004479724581887,2.011768056964889,0.5036312066382337,0.0020987243399431385,0,0.017575281663183104,0.11842562502715737
1.0,0.5,2.0,2.0,0.01,0.02,5.0,250,cond_mean,245,1.000396517289655,2.0123770528626492,0.5036769849481576,0.002153928540806845,0,0.01825519883506561,0.12082833400927484
1.0,0.5,2.0,2.0,0.01,0.02,5.0,250,cond_mean,246,1.000523285167344,1.9762023297188556,0.5249303386648245,0.0027737043925751322,0,0.043747623631486335,0.11729550000745803
1.0,0.5,2.0,2.0,0.01,0.02,5.0,250,cond_mean,247,1.0002430524841712,2.0203382220171613,0.5069548491947644,0.002365097034748549,0,0.027568412770934206,0.1233641670551151
1.0,0.5,2.0,2.0,0.01,0.02,5.0,250,cond_mean,248,0.9996596852958841,1.9642891998315433,0.4937256287386955,0.0014779879859292237,0,0.04269847811893573,0.12131174991372973
1.0,0.5,2.0,2.0,0.01,0.02,5.0,250,cond_mean,249,0.9998671256836397,1.976557063350704,0.5070378985494675,0.0036073320154737997,0,0.03354137117759128,0.11726099997758865
1.0,0.5,2.0,2.0,0.01,0.02,5.0,250,cond_mean,250,1.0000590759444885,1.9809474244859293,0.507569958475262,0.0015744204083708387,0,0.025208047837891812,0.11887087498325855
1.0,0.5,2.0,2.0,0.01,0.02,5.0,250,cond_mean,251,0.9999592588452189,1.9980779488070795,0.5057203183502528,0.0016916505641735066,0,0.011444719953161596,0.11904508399311453
1.0,0.5,2.0,2.0,0.01,0.02,5.0,250,cond_mean,252,1.000485759046884,1.9983702289165575,0.5058993460167354,0.0030407634652236943,0,0.016607021666699653,0.11737216694746166
1.0,0.5,2.0,2.0,0.01,0.02,5.0,250,cond_mean,253,1.0000868605707505,1.9996581134197755,0.5132247105772009,0.0013637384721238177,0,0.018329326869228585,0.12567525007762015
1.0,0.5,2.0,2.0,0.01,0.02,5.0,250,cond_mean,254,1.0000355044645142,2.010197422294653,0.5026109320679383,0.0013922232263605613,0,0.013993420742006284,0.12328820792026818
1.0,0.5,2.0,2.0,0.01,0.02,5.0,250,cond_mean,255,1.0001568898911444,2.0211726009401625,0.5060897890815467,0.0020984320480806604,0,0.027555141474449214,0.12538295902777463
1.0,0.5,2.0,2.0,0.01,0.02,5.0,250,cond_mean,256,1.000232857824337,2.025428359846305,0.5032437439791755,0.00307404725339273,0,0.03323468254801007,0.11915787495672703
1.0,0.5,2.0,2.0,0.01,0.02,5.0,250,cond_mean,257,1.0002017198546862,2.009301004669331,0.5086617966923972,0.002259133738303502,0,0.018824291098132797,0.11813504190649837
1.0,0.5,2.0,2.0,0.01,0.02,5.0,250,cond_mean,258,1.0004445010012617,1.9809830851996943,0.5082901347450204,0.0026957359852872336,0,0.027541627559936548,0.11803495907224715
1.0,0.5,2.0,2.0,0.01,0.02,5.0,250,cond_mean,259,1.0000416481913055,2.0041060769256833,0.4988392173291767,0.0015815075103243683,0,0.009233789626898817,0.11687758297193795
1.0,0.5,2.0,2.0,0.01,0.02,5.0,250,cond_mean,260,1.0000596048158006,1.9711755342477373,0.5012812773551835,0.0020637799618097668,0,0.034789077808924845,0.11941387492697686
1.0,0.5,2.0,2.0,0.01,0.02,5.0,250,cond_mean,261,1.0000861282679376,2.0049539080597425,0.5009935034608477,0.0021410327246185676,0,0.012012040700092612,0.11627679201774299
1.0,0.5,2.0,2.0,0.01,0.02,5.0,250,cond_mean,262,1.0000111421050126,2.0343008370370326,0.49973899230473723,0.0017365702649535268,0,0.04050762199393327,0.11661329201888293
1.0,0.5,2.0,2.0,0.01,0.02,5.0,250,cond_mean,263,0.9999916942040563,1.9808277991209728,0.5115260865698885,0.0014641324434339087,0,0.027629344069262814,0.11741150007583201
1.0,0.5,2.0,2.0,0.01,0.02,5.0,250,cond_mean,264,1.000563048693573,1.9783060550537468,0.4997007688150824,0.003016762898679201,0,0.02923918294290048,0.11782062496058643
1.0,0.5,2.0,2.0,0.01,0.02,5.0,250,cond_mean,265,0.9999745519799883,1.9821654840362621,0.5054238259886917,0.002018801734750133,0,0.023921979929370594,0.11746904102619737
1.0,0.5,2.0,2.0,0.01,0.02,5.0,250,cond_mean,266,1.0000726397422535,2.034265087717532,0.5000249681742235,0.001623011684502787,0,0.04036780854730998,0.11781158298254013
1.0,0.5,2.0,2.0,0.01,0.02,5.0,250,cond_mean,267,0.9998908674237121,2.0084293194710696,0.49383252376669645,0.0025742175446276253,0,0.01775512396938702,0.11933520901948214
1.0,0.5,2.0,2.0,0.01,0.02,5.0,250,cond_mean,268,1.000271345170081,1.9823614777987688,0.5061231447887262,0.0014734315922608858,0,0.022809992879251853,0.11720545799471438
1.0,0.5,2.0,2.0,0.01,0.02,5.0,250,cond_mean,269,1.0003972029741184,1.9951413664206494,0.5071282618743479,0.004143391057343099,0,0.02276318584028794,0.11778662505093962
1.0,0.5,2.0,2.0,0.01,0.02,5.0,250,cond_mean,270,1.0001407584608775,1.990112218056048,0.5136151034257813,0.0018453230776991725,0,0.022679525749085577,0.11830075003672391
1.0,0.5,2.0,2.0,0.01,0.02,5.0,250,cond_mean,271,0.9999393724830579,1.9797562361020593,0.4961816187171556,0.0018060110251748409,0,0.025519478947420616,0.11772454192396253
1.0,0.5,2.0,2.0,0.01,0.02,5.0,250,cond_mean,272,1.0000749463607495,2.0051329455324183,0.5015355618513754,0.0012420332719584469,0,0.008699613748589918,0.11852149991318583
1.0,0.5,2.0,2.0,0.01,0.02,5.0,250,cond_mean,273,0.9999907644163706,1.9735906750185048,0.5059249507883569,0.00146693857315902,0,0.032197668414221836,0.11538420908618718
1.0,0.5,2.0,2.0,0.01,0.02,5.0,250,cond_mean,274,1.0002249051214664,1.9877649233418841,0.513557745326336,0.0022886399057671703,0,0.024867654531863518,0.11404754198156297
1.0,0.5,2.0,2.0,0.01,0.02,5.0,250,cond_mean,275,1.0001707032634466,2.0026433570369533,0.4992823865255292,0.0020323334457001316,0,0.010534877830579019,0.11471033294219524
1.0,0.5,2.0,2.0,0.01,0.02,5.0,250,cond_mean,276,0.9998615200115594,1.984609680808872,0.5050667156448423,0.001719582304443594,0,0.020814026473201953,0.11515675007831305
1.0,0.5,2.0,2.0,0.01,0.02,5.0,250,cond_mean,277,1.0002626585523398,2.005219070750971,0.5054710723587065,0.0021305911169286805,0,0.013784153305085221,0.11494600004516542
1.0,0.5,2.0,2.0,0.01,0.02,5.0,250,cond_mean,278,0.9996483302212765,1.9765666113389802,0.49814495964940786,0.0027243434789874653,0,0.03026718430641411,0.11472962494008243
1.0,0.5,2.0,2.0,0.01,0.02,5.0,250,cond_mean,279,1.000203364857295,1.9823946609084049,0.5039687295297648,0.003093905737863546,0,0.025830898485061912,0.11548520904034376
1.0,0.5,2.0,2.0,0.01,0.02,5.0,250,cond_mean,280,0.9999074596393825,1.9817605729670893,0.5022548854680557,0.0014230855722389042,0,0.022398583561295312,0.1145208339439705
1.0,0.5,2.0,2.0,0.01,0.02,5.0,250,cond_mean,281,0.9997811105839062,2.012717239920862,0.5034356694626779,0.0020940262177569363,0,0.01858241641686562,0.11412679101340473
1.0,0.5,2.0,2.0,0.01,0.02,5.0,250,cond_mean,282,0.9997721550269729,1.9933026956932742,0.48842694005079773,0.0020775630502699455,0,0.019511658811706672,0.11754825001116842
1.0,0.5,2.0,2.0,0.01,0.02,5.0,250,cond_mean,283,1.0002014527618392,1.9894962913322367,0.5105773740032918,0.0017716949901111006,0,0.020054021533247285,0.11377220798749477
1.0,0.5,2.0,2.0,0.01,0.02,5.0,250,cond_mean,284,1.0001441252880947,1.9977134797562832,0.5049547527019984,0.0023497825527378177,0,0.01336017697849002,0.11492958304006606
1.0,0.5,2.0,2.0,0.01,0.02,5.0,250,cond_mean,285,1.0006509266082837,1.9872754756081976,0.5203947527680775,0.002678628969179649,0,0.032096005670632546,0.11362220789305866
1.0,0.5,2.0,2.0,0.01,0.02,5.0,250,cond_mean,286,1.0001191344228855,1.9921623311075385,0.5063241658332668,0.0032253993787445543,0,0.019886240002930988,0.11487595795188099
1.0,0.5,2.0,2.0,0.01,0.02,5.0,250,cond_mean,287,0.9999454635651716,2.014678517622223,0.5120084766148918,0.0015730863291704012,0,0.024372554260151707,0.11528599995654076
1.0,0.5,2.0,2.0,0.01,0.02,5.0,250,cond_mean,288,1.000002496070312,2.0045826842045966,0.5050880909413142,0.0015818379371334505,0,0.011499130576170927,0.116216583061032
1.0,0.5,2.0,2.0,0.01,0.02,5.0,250,cond_mean,289,1.0000629042025129,2.0024585356847804,0.501975054380996,0.00285299752908986,0,0.0144949937504637,0.11367991694714874
1.0,0.5,2.0,2.0,0.01,0.02,5.0,250,cond_mean,290,1.0001956893620083,2.0279815663213734,0.4961781752982242,0.0018367278035805652,0,0.03403780422249059,0.11907345801591873
1.0,0.5,2.0,2.0,0.01,0.02,5.0,250,cond_mean,291,0.9999298964285068,2.003266572335604,0.5006328670417447,0.0020548718959246216,0,0.010811529659066905,0.11418433405924588
1.0,0.5,2.0,2.0,0.01,0.02,5.0,250,cond_mean,292,1.0001072244659595,1.9681580316103822,0.504481659572817,0.0024956493448468147,0,0.03912926149434645,0.11658291600178927
1.0,0.5,2.0,2.0,0.01,0.02,5.0,250,cond_mean,293,0.9997188826642293,1.9822937707482389,0.48955582464366737,0.0022233875496981926,0,0.026666084523526108,0.11560470797121525
1.0,0.5,2.0,2.0,0.01,0.02,5.0,250,cond_mean,294,1.0001157652305226,1.9883280617016172,0.49538003887806736,0.002505518941265283,0,0.019356453682640194,0.1158607080578804
1.0,0.5,2.0,2.0,0.01,0.02,5.0,250,cond_mean,295,1.000079986199176,1.968545007597359,0.5104101818727934,0.0029283009491942375,0,0.04121509259072506,0.11456304206512868
1.0,0.5,2.0,2.0,0.01,0.02,5.0,250,cond_mean,296,1.0000395623595588,1.9798294110040833,0.49796101240278856,0.0022467961251374587,0,0.02595498448015464,0.11543258302845061
1.0,0.5,2.0,2.0,0.01,0.02,5.0,250,cond_mean,297,1.0003357856305528,2.0129064525555007,0.5190753627121519,0.0029301012452188327,0,0.03167314208783643,0.11566699994727969
1.0,0.5,2.0,2.0,0.01,0.02,5.0,250,cond_mean,298,1.0000347120000515,2.008845114522497,0.5027907374020936,0.002155489357480976,0,0.01513509951397817,0.11534850008320063
1.0,0.5,2.0,2.0,0.01,0.02,5.0,250,cond_mean,299,0.9999409162096585,2.003704775031563,0.49532011765834255,0.002008092688228955,0,0.012321722068008939,0.11718629102688283
1.0,0.5,2.0,2.0,0.01,0.02,5.0,250,cond_mean,300,0.9995544275217783,1.9972233847819945,0.49786044892295744,0.0019330533185018986,0,0.010366762585952016,0.11493337503634393
1.0,0.5,2.0,2.0,0.01,0.02,5.0,250,cond_mean,301,0.9995639271050879,1.9997077805046592,0.510750931748464,0.002155296783995644,0,0.01838245255584665,0.11515195900574327
1.0,0.5,2.0,2.0,0.01,0.02,5.0,250,cond_mean,302,1.0001020791950666,1.978475916272282,0.5049433014995324,0.0013899791102829572,0,0.026473238095541807,0.11568908405024558
1.0,0.5,2.0,2.0,0.01,0.02,5.0,250,cond_mean,303,0.9996030641209819,2.008903211113906,0.49055800346379014,0.001963898369921074,0,0.018299512185555342,0.1149072500411421
1.0,0.5,2.0,2.0,0.01,0.02,5.0,250,cond_mean,304,1.0000154716743894,1.9930800987282888,0.5068868460753647,0.001968879416160445,0,0.0154246328112452,0.11561054096091539
1.0,0.5,2.0,2.0,0.01,0.02,5.0,250,cond_mean,305,1.0000910485396297,2.0397556271751873,0.5072359013987779,0.0025791950748677074,0,0.048310668028100585,0.11613874998874962
1.0,0.5,2.0,2.0,0.01,0.02,5.0,250,cond_mean,306,1.000132472823777,2.0025223189720385,0.500920615901243,0.001614350768843396,0,0.008507012801635265,0.11676437489222735
1.0,0.5,2.0,2.0,0.01,0.02,5.0,250,cond_mean,307,1.0002320027594287,2.0071522538489703,0.5117446487567807,0.0025642453336138463,0,0.02112404802002276,0.11570062499959022
1.0,0.5,2.0,2.0,0.01,0.02,5.0,250,cond_mean,308,1.0003171904674446,1.9700879588212505,0.512185813004809,0.0015967204805953793,0,0.03842491640599681,0.12005362496711314
1.0,0.5,2.0,2.0,0.01,0.02,5.0,250,cond_mean,309,1.000332490456272,1.9723229849610924,0.5171474068067893,0.002569120665943759,0,0.04029488079711677,0.11717600002884865
1.0,0.5,2.0,2.0,0.01,0.02,5.0,250,cond_mean,310,1.0001639982084967,2.0100571771731657,0.505326768327068,0.0015633292951746684,0,0.015410394212813691,0.11785804096143693
1.0,0.5,2.0,2.0,0.01,0.02,5.0,250,cond_mean,311,1.0003427120271327,2.010951736695064,0.5072678186882283,0.0018676581808864145,0,0.017942364820150276,0.11956095905043185
1.0,0.5,2.0,2.0,0.01,0.02,5.0,250,cond_mean,312,1.000374740467009,1.9909152117526046,0.5022099940508415,0.002067876191579375,0,0.014830180312269382,0.11527675006072968
1.0,0.5,2.0,2.0,0.01,0.02,5.0,250,cond_mean,313,1.0000052475146133,1.9839422351336475,0.4957167830296131,0.0015612633215381741,0,0.0208817152611266,0.11501583398785442
1.0,0.5,2.0,2.0,0.01,0.02,5.0,250,cond_mean,314,1.0001710237952377,2.0137779565017033,0.5095731291167944,0.003155062730035444,0,0.02515725140397515,0.11501950002275407
1.0,0.5,2.0,2.0,0.01,0.02,5.0,250,cond_mean,315,0.9998426281268452,2.0144900343243513,0.5026667136427074,0.0016756314238198038,0,0.019028359092761245,0.11498750001192093
1.0,0.5,2.0,2.0,0.01,0.02,5.0,250,cond_mean,316,0.999849495116943,2.0198441226100905,0.5079983799587237,0.0019298849958217135,0,0.026967831017515185,0.11553741700481623
1.0,0.5,2.0,2.0,0.01,0.02,5.0,250,cond_mean,317,1.0000534864062658,2.0073235510893794,0.5016559342345777,0.0018287893732643102,0,0.012503348747802167,0.11537308304104954
1.0,0.5,2.0,2.0,0.01,0.02,5.0,250,cond_mean,318,1.0003583118788588,2.022422679944653,0.5028455876135113,0.0019837503546470277,0,0.027839099018231103,0.11541758303064853
1.0,0.5,2.0,2.0,0.01,0.02,5.0,250,cond_mean,319,1.0002247085175042,1.9806202507626445,0.5051012681190403,0.0016578576238311146,0,0.024571917449678942,0.11484166595619172
1.0,0.5,2.0,2.0,0.01,0.02,5.0,250,cond_mean,320,0.999856158773031,2.002888488610004,0.49884896187030386,0.0017342568555099665,0,0.009236017706072677,0.11657037492841482
1.0,0.5,2.0,2.0,0.01,0.02,5.0,250,cond_mean,321,1.0000618444123557,2.001646683249663,0.5172887676023346,0.0015911362710876419,0,0.023787327914039064,0.11590295808855444
1.0,0.5,2.0,2.0,0.01,0.02,5.0,250,cond_mean,322,1.0006073686653774,1.9742179631065475,0.5106581023686121,0.003023153866615762,0,0.03562266036680226,0.11626887507736683
1.0,0.5,2.0,2.0,0.01,0.02,5.0,250,cond_mean,323,0.9997403324972384,2.0067145754073166,0.5070469508375526,0.0015084376111179506,0,0.014512504237384205,0.11508733290247619
1.0,0.5,2.0,2.0,0.01,0.02,5.0,250,cond_mean,324,0.9999077884189708,2.012625273165003,0.5072033163070145,0.0022885794404309536,0,0.02075884603956112,0.11494241689797491
1.0,0.5,2.0,2.0,0.01,0.02,5.0,250,cond_mean,325,1.0000370141022281,1.9945397486901904,0.4963515889491553,0.002365494779799936,0,0.014102404033124703,0.1168654999928549
1.0,0.5,2.0,2.0,0.01,0.02,5.0,250,cond_mean,326,1.0004162095113025,1.9906595373136853,0.5063590244701069,0.0023596170093428902,0,0.01759923483577531,0.11695770802907646
1.0,0.5,2.0,2.0,0.01,0.02,5.0,250,cond_mean,327,0.9998884448450557,2.0185941988485907,0.5057107249754828,0.0013715337057873872,0,0.023743742517179162,0.1162124170223251
1.0,0.5,2.0,2.0,0.01,0.02,5.0,250,cond_mean,328,1.000244543661227,1.9919517289610917,0.5186619381765669,0.0020902255999949684,0,0.02755842956620603,0.11614199995528907
1.0,0.5,2.0,2.0,0.01,0.02,5.0,250,cond_mean,329,0.9999057974145801,2.0012595001081923,0.503294388303221,0.002245516014408682,0,0.011997385650497475,0.11600395804271102
1.0,0.5,2.0,2.0,0.01,0.02,5.0,250,cond_mean,330,1.0004603216678194,1.9925597493730323,0.5128588839738886,0.0028604242893676616,0,0.022960871587790258,0.11501220799982548
1.0,0.5,2.0,2.0,0.01,0.02,5.0,250,cond_mean,331,1.0001012995504226,1.9937481554019445,0.5067879669515437,0.0013597972638920612,0,0.01310174241128527,0.11575962498318404
1.0,0.5,2.0,2.0,0.01,0.02,5.0,250,cond_mean,332,1.0000587511641301,2.0398103590884644,0.5020133121621992,0.0018928501331213145,0,0.046915032687997196,0.11457245796918869
1.0,0.5,2.0,2.0,0.01,0.02,5.0,250,cond_mean,333,1.0001032588066483,1.999171455591165,0.5062805138788852,0.002091886346655974,0,0.013051320365068722,0.11518724996130913
1.0,0.5,2.0,2.0,0.01,0.02,5.0,250,cond_mean,334,1.0001129772018693,1.9870624078474444,0.5094735687657779,0.0025715412448712315,0,0.02304406694158282,0.11517350003123283
1.0,0.5,2.0,2.0,0.01,0.02,5.0,250,cond_mean,335,0.9998251436645225,1.999746586791715,0.5050077029961914,0.0023706235238389875,0,0.013558627134002363,0.11572929203975946
1.0,0.5,2.0,2.0,0.01,0.02,5.0,250,cond_mean,336,0.9994725505767711,2.0032850149514427,0.5040962357458677,0.0036419881026038127,0,0.01950219083133219,0.11506025004200637
1.0,0.5,2.0,2.0,0.01,0.02,5.0,250,cond_mean,337,1.0001949364710163,2.000478131168684,0.5140338679081059,0.003167842723371665,0,0.023743136624341174,0.11468600004445761
1.0,0.5,2.0,2.0,0.01,0.02,5.0,250,cond_mean,338,1.0002435863289192,2.002357365860068,0.5127765364130477,0.002153955628248465,0,0.01950352151878868,0.1155951659893617
1.0,0.5,2.0,2.0,0.01,0.02,5.0,250,cond_mean,339,1.0001896369510799,2.0164080871551824,0.49979441474861225,0.00169496848742404,0,0.020719928854632707,0.11587500001769513
1.0,0.5,2.0,2.0,0.01,0.02,5.0,250,cond_mean,340,0.9999637464715846,2.005895437106928,0.5052672012419048,0.002323990782389461,0,0.014968406148850952,0.1151470000622794
1.0,0.5,2.0,2.0,0.01,0.02,5.0,250,cond_mean,341,1.0000029683930043,2.037205368484007,0.5150132032754486,0.0022453708941499177,0,0.048075637908276535,0.11667370900977403
1.0,0.5,2.0,2.0,0.01,0.02,5.0,250,cond_mean,342,0.9998541500061588,1.981214606482001,0.5026556987385535,0.0026990521927416702,0,0.02569059833846687,0.11429408309049904
1.0,0.5,2.0,2.0,0.01,0.02,5.0,250,cond_mean,343,1.0001598693599323,1.995995015574082,0.5001962604674677,0.001366960259537543,0,0.008177064763124544,0.11793549999129027
1.0,0.5,2.0,2.0,0.01,0.02,5.0,250,cond_mean,344,0.9997872144879338,1.9936566806485667,0.5024164291941359,0.002514932874868903,0,0.014821699693203927,0.11476041690912098
1.0,0.5,2.0,2.0,0.01,0.02,5.0,250,cond_mean,345,1.0002629993472194,1.9833049648017185,0.5129436819941059,0.0023581728261905135,0,0.027749213250807387,0.11494629201479256
1.0,0.5,2.0,2.0,0.01,0.02,5.0,250,cond_mean,346,1.0004077616815634,2.003774455806618,0.5092000676773325,0.0022948833426933105,0,0.016549399953277918,0.115916374954395
1.0,0.5,2.0,2.0,0.01,0.02,5.0,250,cond_mean,347,0.9999079241799209,2.029796175375601,0.5166207923438201,0.0020175617544169384,0,0.04156771254690754,0.11633854196406901
1.0,0.5,2.0,2.0,0.01,0.02,5.0,250,cond_mean,348,0.999929091133871,2.042982792246656,0.49601825502068003,0.0018341895103761198,0,0.05076018947362893,0.11684545897878706
1.0,0.5,2.0,2.0,0.01,0.02,5.0,250,cond_mean,349,1.000077855077023,1.9963632015634971,0.5073781472830398,0.001880056898938501,0,0.013853238633054033,0.1217468329705298
1.0,0.5,2.0,2.0,0.01,0.02,5.0,250,cond_mean,350,1.0001302156082414,2.0214004529092366,0.5043932312826614,0.002089862728174665,0,0.02723287220500499,0.11896070907823741
1.0,0.5,2.0,2.0,0.01,0.02,5.0,250,cond_mean,351,0.9997581659151807,2.013317829731533,0.4989032964231341,0.002032086107732697,0,0.01838296627183912,0.11542554094921798
1.0,0.5,2.0,2.0,0.01,0.02,5.0,250,cond_mean,352,1.0004475324946378,2.0016883740264984,0.5067952563403908,0.001557716519387787,0,0.011364437142767725,0.11459954094607383
1.0,0.5,2.0,2.0,0.01,0.02,5.0,250,cond_mean,353,1.0003653156728516,1.9935741654789187,0.5160129429779545,0.002061202469564008,0,0.023778958003714705,0.11504520801827312
1.0,0.5,2.0,2.0,0.01,0.02,5.0,250,cond_mean,354,0.9997245000010258,1.9982757011334045,0.5018568105625439,0.0025657962986282245,0,0.013156643113455052,0.11625375004950911
1.0,0.5,2.0,2.0,0.01,0.02,5.0,250,cond_mean,355,1.0005887207889683,1.9983753221916964,0.5013021483409212,0.002043425022661975,0,0.01053543154125162,0.11585687508340925
1.0,0.5,2.0,2.0,0.01,0.02,5.0,250,cond_mean,356,1.000402279683779,2.003658183993501,0.5055427113081011,0.002622867028082851,0,0.015092753455568474,0.1155457500135526
1.0,0.5,2.0,2.0,0.01,0.02,5.0,250,cond_mean,357,1.000343559417036,2.0189297415991643,0.5082054714074753,0.0031988271273499925,0,0.02874811054545457,0.11543341691140085
1.0,0.5,2.0,2.0,0.01,0.02,5.0,250,cond_mean,358,0.9998052131061196,2.0109270671676662,0.5129974750937598,0.0021051102653230538,0,0.02370374690048203,0.11457137495744973
1.0,0.5,2.0,2.0,0.01,0.02,5.0,250,cond_mean,359,1.0001066579333082,2.0090893239479133,0.5074153561170627,0.004070753374112823,0,0.024524315123539978,0.11481133406050503
1.0,0.5,2.0,2.0,0.01,0.02,5.0,250,cond_mean,360,0.9997716780594094,1.9886283460674992,0.5028721621782235,0.001585128703009058,0,0.015866262509559033,0.11627358302939683
1.0,0.5,2.0,2.0,0.01,0.02,5.0,250,cond_mean,361,1.000033197032303,1.976283316597337,0.5105409019644567,0.0016051349995595443,0,0.03153369062120631,0.11676358303520828
1.0,0.5,2.0,2.0,0.01,0.02,5.0,250,cond_mean,362,1.0003121568766589,1.9802349981394056,0.4929872312583891,0.002249847853331059,0,0.02732754817770652,0.11579233407974243
1.0,0.5,2.0,2.0,0.01,0.02,5.0,250,cond_mean,363,1.0000001967965535,2.032564612709242,0.4861711166383745,0.0020537553862620076,0,0.043331121574326066,0.11667287501040846
1.0,0.5,2.0,2.0,0.01,0.02,5.0,250,cond_mean,364,0.9998702301784446,1.9987186136299093,0.49249853343186645,0.0018779005563910962,0,0.013393641001994055,0.11499320901930332
1.0,0.5,2.0,2.0,0.01,0.02,5.0,250,cond_mean,365,0.9999510388751748,2.020280725152167,0.5070176519953172,0.001759858623451622,0,0.02652017923580655,0.11478412488941103
1.0,0.5,2.0,2.0,0.01,0.02,5.0,250,cond_mean,366,1.0004174836903683,2.0142510710295665,0.5099894467148851,0.002277876849663588,0,0.023309889101382604,0.11776166607160121
1.0,0.5,2.0,2.0,0.01,0.02,5.0,250,cond_mean,367,1.0000783604822732,2.0022987964364236,0.5038456731484365,0.0027429206176462304,0,0.014542685225379062,0.1170316250063479
1.0,0.5,2.0,2.0,0.01,0.02,5.0,250,cond_mean,368,1.0001153947576567,1.9922201282979108,0.5028928871851498,0.001781589070262027,0,0.013016036263339264,0.11700754205230623
1.0,0.5,2.0,2.0,0.01,0.02,5.0,250,cond_mean,369,0.9997541056709737,1.9926983214767748,0.49357138331700917,0.0016205764384222615,0,0.014089329332403687,0.1180854159174487
1.0,0.5,2.0,2.0,0.01,0.02,5.0,250,cond_mean,370,0.9997036632631517,2.004523037819698,0.4961151176337002,0.00165097642189011,0,0.010695783417318765,0.11675787507556379
1.0,0.5,2.0,2.0,0.01,0.02,5.0,250,cond_mean,371,1.0000889808641933,2.0205708157870723,0.5119986222791789,0.0017407222622812242,0,0.029529322823506832,0.11516516702249646
1.0,0.5,2.0,2.0,0.01,0.02,5.0,250,cond_mean,372,1.0001121991005404,1.9930641215837257,0.515268384802004,0.0016441743209825589,0,0.022709911959499837,0.11527325003407896
1.0,0.5,2.0,2.0,0.01,0.02,5.0,250,cond_mean,373,1.0001605697964913,2.0157466348068964,0.5122293315581753,0.00200580031462078,0,0.02586961033926784,0.1151454159989953
1.0,0.5,2.0,2.0,0.01,0.02,5.0,250,cond_mean,374,1.000330290793991,1.9689468222436428,0.5071341355955277,0.00207005446644958,0,0.03813866690521939,0.11651741690002382
1.0,0.5,2.0,2.0,0.01,0.02,5.0,250,cond_mean,375,1.000089856574692,2.0256057080538064,0.4950541081904743,0.001985548465091272,0,0.031924600626322776,0.11556616600137204
1.0,0.5,2.0,2.0,0.01,0.02,5.0,250,cond_mean,376,1.0003123660368571,2.0027288251585045,0.5062266842173354,0.001965488989334864,0,0.01268313462650344,0.11456445907242596
1.0,0.5,2.0,2.0,0.01,0.02,5.0,250,cond_mean,377,1.0002785100366172,2.0206872933245017,0.5157347443407366,0.003227186957570468,0,0.03465288987606447,0.11431670899037272
1.0,0.5,2.0,2.0,0.01,0.02,5.0,250,cond_mean,378,1.0004600602631568,1.9630220618831686,0.5032412911860874,0.002351846532749212,0,0.04430643652704242,0.11605179205071181
1.0,0.5,2.0,2.0,0.01,0.02,5.0,250,cond_mean,379,1.0000850833895703,1.9752520554683637,0.5001490839847047,0.0015936154944052097,0,0.0296227160010794,0.11569275008514524
1.0,0.5,2.0,2.0,0.01,0.02,5.0,250,cond_mean,380,0.9998524692137176,2.0028443076408564,0.5083558478350624,0.0017578253744439207,0,0.014522670922387345,0.11356358404736966
1.0,0.5,2.0,2.0,0.01,0.02,5.0,250,cond_mean,381,1.0001943924907355,1.9758259671759866,0.5024659455682583,0.0033681709281479224,0,0.03250877874605743,0.11660862492863089
1.0,0.5,2.0,2.0,0.01,0.02,5.0,250,cond_mean,382,1.0005505953731624,2.02537694412122,0.5128709483771016,0.0019311498786015284,0,0.03447511111417456,0.1159348749788478
1.0,0.5,2.0,2.0,0.01,0.02,5.0,250,cond_mean,383,1.0001728757678128,2.0255646769089233,0.5000038019077658,0.0024564265629659194,0,0.03189166944525611,0.1176386249717325
1.0,0.5,2.0,2.0,0.01,0.02,5.0,250,cond_mean,384,1.000207215247205,2.0605698049222556,0.4967230977843484,0.0014652317698915505,0,0.07059642266400917,0.11715649999678135
1.0,0.5,2.0,2.0,0.01,0.02,5.0,250,cond_mean,385,1.0002766731594033,1.9634440681025427,0.5194791189670203,0.0030098842614159063,0,0.05101876084296529,0.11472504097037017
1.0,0.5,2.0,2.0,0.01,0.02,5.0,250,cond_mean,386,1.0001051513011625,2.0025447120671287,0.5030120901772634,0.0022137788882111925,0,0.011860417404087732,0.11496616597287357
1.0,0.5,2.0,2.0,0.01,0.02,5.0,250,cond_mean,387,1.0002549943356143,2.0213227229390323,0.49868101079153637,0.0030290166499320416,0,0.028894399352349352,0.11600170796737075
1.0,0.5,2.0,2.0,0.01,0.02,5.0,250,cond_mean,388,0.9999931361740031,2.0277503347018038,0.5082040861375312,0.0015374071588621808,0,0.03448165260526035,0.11411020800005645
1.0,0.5,2.0,2.0,0.01,0.02,5.0,250,cond_mean,389,1.000075823601879,2.008184571975845,0.5061400313713433,0.002070750241299187,0,0.015956751272423506,0.1158648330019787
1.0,0.5,2.0,2.0,0.01,0.02,5.0,250,cond_mean,390,0.9999661913866345,1.988611229178859,0.5062003247781943,0.0016693699168851975,0,0.01747664354436987,0.11529262503609061
1.0,0.5,2.0,2.0,0.01,0.02,5.0,250,cond_mean,391,1.0001703793077459,1.9812103891065822,0.49623153771185385,0.0026464538407284708,0,0.02584044955954014,0.11517300002742559
1.0,0.5,2.0,2.0,0.01,0.02,5.0,250,cond_mean,392,1.0002653229284615,1.9745003345783372,0.5102261163104604,0.002908436779239691,0,0.03514931804674523,0.11567800003103912
1.0,0.5,2.0,2.0,0.01,0.02,5.0,250,cond_mean,393,1.0000793588711403,2.0028533678561824,0.4971296784457137,0.0014513708834859415,0,0.00878583988911532,0.1173093750840053
1.0,0.5,2.0,2.0,0.01,0.02,5.0,250,cond_mean,394,0.9999911646705705,1.976869813886251,0.5042182380564644,0.002030254162705035,0,0.02901735891619326,0.11713904200587422
1.0,0.5,2.0,2.0,0.01,0.02,5.0,250,cond_mean,395,0.999977740239446,2.015624159013179,0.5069362297014821,0.003177401365811238,0,0.025559528055146392,0.11456074996385723
1.0,0.5,2.0,2.0,0.01,0.02,5.0,250,cond_mean,396,1.0008308592773472,1.9916730633386885,0.5108634954083034,0.0032570646350765903,0,0.022706937749334664,0.11629466700833291
1.0,0.5,2.0,2.0,0.01,0.02,5.0,250,cond_mean,397,1.0003069741976605,2.027669877438534,0.5183529515515566,0.002048438381560379,0,0.04051964690223316,0.11581387498881668
1.0,0.5,2.0,2.0,0.01,0.02,5.0,250,cond_mean,398,0.9998437362673548,2.017062354562392,0.49399214177735046,0.0014749673154475984,0,0.022361481334442636,0.1155000840080902
1.0,0.5,2.0,2.0,0.01,0.02,5.0,250,cond_mean,399,0.9998670290058601,1.9824376520006197,0.5065170604684999,0.0021499775542596785,0,0.024475634482650308,0.11473445896990597
1.0,0.5,2.0,2.0,0.01,0.02,5.0,250,two_speed,0,1.0003083676057056,2.0061554403699455,0.5170705296770548,0.002047976799433963,0,0.024814676330961034,0.12415137502830476
1.0,0.5,2.0,2.0,0.01,0.02,5.0,250,two_speed,1,1.0002793298380561,2.0006231296654557,0.5259728272522624,0.0022349373352941494,0,0.03491511738891103,0.12549908296205103
1.0,0.5,2.0,2.0,0.01,0.02,5.0,250,two_speed,2,0.9998562163867898,1.980267789087223,0.5134103017961729,0.002715573746201649,0,0.031812128398895724,0.1223040419863537
1.0,0.5,2.0,2.0,0.01,0.02,5.0,250,two_speed,3,1.0001477948116773,2.0076198702469297,0.5222216842733326,0.002293530141397765,0,0.03193134780374681,0.1237456250237301
1.0,0.5,2.0,2.0,0.01,0.02,5.0,250,two_speed,4,0.9998783853404514,1.9751512434596161,0.5179230474973823,0.001879513540082153,0,0.0381087030326061,0.12373908399604261
1.0,0.5,2.0,2.0,0.01,0.02,5.0,250,two_speed,5,1.000465655432579,2.023652331647613,0.5321220721309774,0.0021189413712223624,0,0.049786849853166094,0.1249867919832468
1.0,0.5,2.0,2.0,0.01,0.02,5.0,250,two_speed,6,1.0003794198390532,1.9965463759988762,0.5131564733619844,0.0021599915531345317,0,0.01995009915006518,0.12399866606574506
1.0,0.5,2.0,2.0,0.01,0.02,5.0,250,two_speed,7,1.0003507355122951,2.0103829846514025,0.5228342482835667,0.0034258506882393824,0,0.03544256566149067,0.12382562493439764
1.0,0.5,2.0,2.0,0.01,0.02,5.0,250,two_speed,8,1.0003778361178686,1.9785249612290436,0.5323671653793547,0.0017297948114710013,0,0.04862620533656208,0.12524433305952698
1.0,0.5,2.0,2.0,0.01,0.02,5.0,250,two_speed,9,1.0001256923105941,2.0219677559936753,0.5197853328995,0.0017425396221142633,0,0.03679879573860636,0.12921341706532985
1.0,0.5,2.0,2.0,0.01,0.02,5.0,250,two_speed,10,0.9998528005767187,2.012109872594573,0.5185944530932534,0.0020532670570160678,0,0.029901571551128124,0.12629833305254579
1.0,0.5,2.0,2.0,0.01,0.02,5.0,250,two_speed,11,1.0004932748740383,2.0255617999856415,0.5263920146924759,0.002082415667230587,0,0.04539051879022623,0.12471941695548594
1.0,0.5,2.0,2.0,0.01,0.02,5.0,250,two_speed,12,0.9997012586895646,1.9926872283582868,0.5166648948132637,0.003320464809571039,0,0.028795193091895932,0.12440624996088445
1.0,0.5,2.0,2.0,0.01,0.02,5.0,250,two_speed,13,1.0000710456557307,2.002372244761197,0.5202706095603848,0.002597410617009,0,0.029185142293781996,0.12381012504920363
1.0,0.5,2.0,2.0,0.01,0.02,5.0,250,two_speed,14,1.0004488010887862,2.011979792382419,0.5279119289906224,0.001867866649121945,0,0.03892529802902378,0.12356012489181012
1.0,0.5,2.0,2.0,0.01,0.02,5.0,250,two_speed,15,1.000324298947647,1.9948212167682648,0.5223894280844558,0.0018902874840677243,0,0.030443571465843304,0.12385579105466604
1.0,0.5,2.0,2.0,0.01,0.02,5.0,250,two_speed,16,1.0000856717961655,2.001443171361379,0.5192159026530345,0.0020523628992087815,0,0.026869025533620673,0.12393429107032716
1.0,0.5,2.0,2.0,0.01,0.02,5.0,250,two_speed,17,0.9999806278011141,1.9889408749309998,0.5232845647499139,0.0018887943310928242,0,0.033981073048003005,0.1227227080380544
1.0,0.5,2.0,2.0,0.01,0.02,5.0,250,two_speed,18,1.0003251931222963,2.0421212934663697,0.5277409450199452,0.002138194491232596,0,0.06050847056970981,0.12387379189021885
1.0,0.5,2.0,2.0,0.01,0.02,5.0,250,two_speed,19,1.0004597646495412,2.0405736732967354,0.5158698699151251,0.0019697990456794038,0,0.05150063908278252,0.123846416012384
1.0,0.5,2.0,2.0,0.01,0.02,5.0,250,two_speed,20,0.9999009340552467,2.0004188241287237,0.5129634808828207,0.0018959403181377757,0,0.019446772258854564,0.1244506249204278
1.0,0.5,2.0,2.0,0.01,0.02,5.0,250,two_speed,21,1.000256039969197,1.9728535470989423,0.5078052107303425,0.0026680636175357704,0,0.03518184198507228,0.12471033295150846
1.0,0.5,2.0,2.0,0.01,0.02,5.0,250,two_speed,22,0.9999385107816257,2.0117200834213724,0.5158377570966262,0.002805295363100747,0,0.028332937308760756,0.126914166030474
1.0,0.5,2.0,2.0,0.01,0.02,5.0,250,two_speed,23,1.0006303648033101,2.021421335631123,0.5243971103296743,0.002935513195574354,0,0.041709507773508785,0.1311054170364514
1.0,0.5,2.0,2.0,0.01,0.02,5.0,250,two_speed,24,0.999658638083605,1.9820936477600293,0.5052182546642466,0.0017018570458295292,0,0.023553605924382395,0.1313177499687299
1.0,0.5,2.0,2.0,0.01,0.02,5.0,250,two_speed,25,1.0000074230660245,2.015127285610336,0.5237677808239001,0.0018641290775993976,0,0.03655596658794851,0.13758533401414752
1.0,0.5,2.0,2.0,0.01,0.02,5.0,250,two_speed,26,1.0006913255085204,2.0337229607785305,0.5220422592222028,0.0027612416211454673,0,0.04926665167665529,0.12966099998448044
1.0,0.5,2.0,2.0,0.01,0.02,5.0,250,two_speed,27,1.0001331393432222,2.0304928615050963,0.5346226675950523,0.002849829095466156,0,0.05769918081208879,0.12518887501209974
1.0,0.5,2.0,2.0,0.01,0.02,5.0,250,two_speed,28,1.0001212488573548,2.012548821573092,0.5209525144073861,0.0021444452239284275,0,0.03227283261655543,0.12473633291665465
1.0,0.5,2.0,2.0,0.01,0.02,5.0,250,two_speed,29,1.0001129651959726,2.0146858061580737,0.5226980999958568,0.0018653655659163712,0,0.0349122229579709,0.12179279199335724
1.0,0.5,2.0,2.0,0.01,0.02,5.0,250,two_speed,30,1.0004495475223902,1.962065639647896,0.513330725103587,0.0021735160885766156,0,0.047863285188156864,0.12423987500369549
1.0,0.5,2.0,2.0,0.01,0.02,5.0,250,two_speed,31,1.0003219200554196,1.9726392858907658,0.5128811719087186,0.002510684149351014,0,0.037506128216812734,0.12681916693691164
1.0,0.5,2.0,2.0,0.01,0.02,5.0,250,two_speed,32,1.0002909173898173,1.961964684251996,0.5162839831712814,0.002378217282976773,0,0.04958462481748441,0.12395204091444612
1.0,0.5,2.0,2.0,0.01,0.02,5.0,250,two_speed,33,1.0002924065223004,2.0205450777220872,0.5125549542417405,0.00393205830778567,0,0.03446846329910682,0.1246042080456391
1.0,0.5,2.0,2.0,0.01,0.02,5.0,250,two_speed,34,1.0000723934292681,2.024252926922316,0.5211669703980716,0.0015648142989979376,0,0.03962201961034285,0.1242089580046013
1.0,0.5,2.0,2.0,0.01,0.02,5.0,250,two_speed,35,1.0001789318322047,1.9894282830191177,0.5237918931079264,0.0013632652165909598,0,0.033460064420050006,0.12665070802904665
1.0,0.5,2.0,2.0,0.01,0.02,5.0,250,two_speed,36,1.0000242533469663,2.0050872185272857,0.5134921262215332,0.002159531861200479,0,0.02122696382857142,0.1263171249302104
1.0,0.5,2.0,2.0,0.01,0.02,5.0,250,two_speed,37,0.9999681956469346,2.012397989492151,0.5162296737073601,0.003200929714226034,0,0.030094989269293087,0.12345970806200057
1.0,0.5,2.0,2.0,0.01,0.02,5.0,250,two_speed,38,0.9999845857411518,2.0269082918771186,0.5255651647147007,0.002029238184017491,0,0.04611232605916393,0.12362262501846999
1.0,0.5,2.0,2.0,0.01,0.02,5.0,250,two_speed,39,1.0002656927956552,2.0128771407520882,0.5176572259366589,0.0018592895225462095,0,0.028380348644705268,0.12419829203281552
1.0,0.5,2.0,2.0,0.01,0.02,5.0,250,two_speed,40,1.0002329523865519,1.9935474499511423,0.5138224523338926,0.0013419458598620752,0,0.020146924646319925,0.124678541906178
1.0,0.5,2.0,2.0,0.01,0.02,5.0,250,two_speed,41,1.0001134967825354,1.9673064028917375,0.5192748435016324,0.0027116931890793176,0,0.04699682349895881,0.1243778329808265
1.0,0.5,2.0,2.0,0.01,0.02,5.0,250,two_speed,42,0.999937494733226,1.9770241030606823,0.5229604526838553,0.002830493085985502,0,0.04197575369601911,0.12406212498899549
1.0,0.5,2.0,2.0,0.01,0.02,5.0,250,two_speed,43,1.0000554782776712,1.9884442020586992,0.5188117538347933,0.002002446104078363,0,0.029323306584384697,0.12381629191804677
1.0,0.5,2.0,2.0,0.01,0.02,5.0,250,two_speed,44,1.0002576339508746,1.9997517077590823,0.5109946078932361,0.0018337928542232114,0,0.01653974834547946,0.12620962504297495
1.0,0.5,2.0,2.0,0.01,0.02,5.0,250,two_speed,45,1.0004107164770315,1.9822925564159308,0.5209906368209865,0.0027413777823404335,0,0.036025828951108986,0.12598262494429946
1.0,0.5,2.0,2.0,0.01,0.02,5.0,250,two_speed,46,1.0000330271151026,1.9620407857476434,0.5133196600088087,0.0017673290520832956,0,0.04768497219528551,0.12327983300201595
1.0,0.5,2.0,2.0,0.01,0.02,5.0,250,two_speed,47,1.0005753266961142,2.0373236632753593,0.5192418179517987,0.0030464285327003256,0,0.0513341805883929,0.1253842080477625
1.0,0.5,2.0,2.0,0.01,0.02,5.0,250,two_speed,48,1.0001681922813115,1.9707128993808891,0.5214963551842888,0.0031807920357125718,0,0.045948329284423085,0.12531204207334667
1.0,0.5,2.0,2.0,0.01,0.02,5.0,250,two_speed,49,1.0004798024332264,2.0185530742815008,0.5232590784983026,0.00283459268021126,0,0.038859047367731644,0.12241645797621459
1.0,0.5,2.0,2.0,0.01,0.02,5.0,250,two_speed,50,1.000114044970631,1.9895053833650906,0.5106509278704023,0.001606590259158587,0,0.019868012615748613,0.12953875004313886
1.0,0.5,2.0,2.0,0.01,0.02,5.0,250,two_speed,51,1.0002222084410857,1.9967536358960496,0.5273479286907593,0.0017038640595098255,0,0.036111467197218125,0.12285100005101413
1.0,0.5,2.0,2.0,0.01,0.02,5.0,250,two_speed,52,1.0003620086205505,2.0114881352750373,0.5205456471150499,0.0040847594402172996,0,0.03520327588663562,0.1241272910265252
1.0,0.5,2.0,2.0,0.01,0.02,5.0,250,two_speed,53,1.0001322342143686,2.0184329083067203,0.5227741839542971,0.0019486679711285095,0,0.03729061136338301,0.12400125002022833
1.0,0.5,2.0,2.0,0.01,0.02,5.0,250,two_speed,54,1.0002679955030611,1.98968923122037,0.5218702927187847,0.001778604188199101,0,0.03143836748822178,0.12522520800121129
1.0,0.5,2.0,2.0,0.01,0.02,5.0,250,two_speed,55,1.0002181027798551,2.041268421667879,0.5170047241831316,0.0031278210660674616,0,0.05440853138074215,0.12706891598645598
1.0,0.5,2.0,2.0,0.01,0.02,5.0,250,two_speed,56,1.000350424175753,2.010622891873948,0.5214881334476059,0.0022581478795309666,0,0.03181492991214901,0.13016658299602568
1.0,0.5,2.0,2.0,0.01,0.02,5.0,250,two_speed,57,1.0002486236885553,2.0428504177464317,0.5227372767316095,0.0020204838780526774,0,0.05778010013968593,0.21976512495893985
1.0,0.5,2.0,2.0,0.01,0.02,5.0,250,two_speed,58,1.0002813264247663,1.9824603836994794,0.525646281442936,0.002254368926665608,0,0.03999360947359318,0.1309900420019403
1.0,0.5,2.0,2.0,0.01,0.02,5.0,250,two_speed,59,1.0002207200667184,1.998905379293398,0.5115962593332379,0.0025324581737077604,0,0.019311545091451478,0.12919237499590963
1.0,0.5,2.0,2.0,0.01,0.02,5.0,250,two_speed,60,1.0001298334315265,1.9924383583355758,0.5266336564209888,0.002153728007764493,0,0.03679862688225544,0.1260286250617355
1.0,0.5,2.0,2.0,0.01,0.02,5.0,250,two_speed,61,1.000349824268329,2.002434100064078,0.527179729501485,0.0021258417245311597,0,0.036159801572004095,0.1235570409335196
1.0,0.5,2.0,2.0,0.01,0.02,5.0,250,two_speed,62,1.0003655568003764,2.011947639361236,0.5227450330247116,0.0023515294392903205,0,0.03391236701365821,0.12698412500321865
1.0,0.5,2.0,2.0,0.01,0.02,5.0,250,two_speed,63,1.0003009423764078,2.0019709546630002,0.5162819818568858,0.002800927106335589,0,0.024901481153147362,0.12322845892049372
1.0,0.5,2.0,2.0,0.01,0.02,5.0,250,two_speed,64,1.000423961511971,1.9975993196820439,0.5397262153544251,0.0017793239706574112,0,0.05111022679792598,0.12408945907372981
1.0,0.5,2.0,2.0,0.01,0.02,5.0,250,two_speed,65,1.0003671428243444,1.9988342858242225,0.5312264713538369,0.002094471824994131,0,0.04101091271976362,0.12239908298943192
1.0,0.5,2.0,2.0,0.01,0.02,5.0,250,two_speed,66,0.9997838572705224,2.0393542323166023,0.520300107477811,0.001565300945574925,0,0.05290644316218275,0.12425416707992554
1.0,0.5,2.0,2.0,0.01,0.02,5.0,250,two_speed,67,0.9999837730784331,2.0060851145113223,0.5255086405381199,0.001660728245945729,0,0.03470940945620497,0.12319395795930177
1.0,0.5,2.0,2.0,0.01,0.02,5.0,250,two_speed,68,1.0000708823906277,2.0336506732972333,0.5222873742943898,0.0014501820964494367,0,0.04856536330865246,0.1252780839568004
1.0,0.5,2.0,2.0,0.01,0.02,5.0,250,two_speed,69,0.9998949116315686,2.013987345225873,0.5136924625548445,0.0022450908199114954,0,0.026461949223423965,0.12383370799943805
1.0,0.5,2.0,2.0,0.01,0.02,5.0,250,two_speed,70,1.0000749514517058,1.9942489443224483,0.5144307353777451,0.002094286167314305,0,0.02232818500117342,0.12517999997362494
1.0,0.5,2.0,2.0,0.01,0.02,5.0,250,two_speed,71,1.0001337557974763,1.9962422101273107,0.5226822805106305,0.0016391372036092448,0,0.03054664024806004,0.124222332960926
1.0,0.5,2.0,2.0,0.01,0.02,5.0,250,two_speed,72,1.0002728518272308,2.0012475976283195,0.515920212838249,0.0015339222136579941,0,0.02159768601440028,0.1252492080675438
1.0,0.5,2.0,2.0,0.01,0.02,5.0,250,two_speed,73,1.0007009200986638,2.012988778008036,0.530541962361195,0.0027757007555947355,0,0.04325372482020417,0.12248987494967878
1.0,0.5,2.0,2.0,0.01,0.02,5.0,250,two_speed,74,1.000444122903255,2.014702426235412,0.5267285897614026,0.001619064416348607,0,0.03856692658307758,0.12421341694425792
1.0,0.5,2.0,2.0,0.01,0.02,5.0,250,two_speed,75,0.9997887301382696,2.0181490584148163,0.5167138422711842,0.0020706007369599203,0,0.0320893653906816,0.1240833749761805
1.0,0.5,2.0,2.0,0.01,0.02,5.0,250,two_speed,76,1.0003677297084541,1.9927816185667728,0.5232012621329941,0.0018685524095869972,0,0.03186932472902904,0.12501916696783155
1.0,0.5,2.0,2.0,0.01,0.02,5.0,250,two_speed,77,1.0006700803254374,2.0019413697870094,0.5410198339598251,0.0030663626407777256,0,0.05385900430733851,0.12373604194726795
1.0,0.5,2.0,2.0,0.01,0.02,5.0,250,two_speed,78,1.0001616792231594,1.9987182433094168,0.517130593417251,0.0013963311334019314,0,0.023039947775507014,0.12385954102501273
1.0,0.5,2.0,2.0,0.01,0.02,5.0,250,two_speed,79,1.0001581422314878,1.9886183347923498,0.5168301264504032,0.0031501687477674023,0,0.029703837021843732,0.1253525000065565
1.0,0.5,2.0,2.0,0.01,0.02,5.0,250,two_speed,80,1.0002472324718081,1.9819815539810959,0.5184709557395859,0.0018747118320474386,0,0.0325941434834024,0.12361008301377296
1.0,0.5,2.0,2.0,0.01,0.02,5.0,250,two_speed,81,1.000288293616948,2.0143008207215907,0.5196007272192046,0.0019623865760211045,0,0.03127895120826751,0.12682729202788323
1.0,0.5,2.0,2.0,0.01,0.02,5.0,250,two_speed,82,1.0000878993874038,1.9867468084386106,0.5196645998533125,0.001971442828766562,0,0.03112146889994585,0.12440424994565547
1.0,0.5,2.0,2.0,0.01,0.02,5.0,250,two_speed,83,1.00007854548064,2.0225452881853236,0.5102071938064147,0.0026295025704415375,0,0.031875417347547584,0.12507258297409862
1.0,0.5,2.0,2.0,0.01,0.02,5.0,250,two_speed,84,1.0003382929784745,2.005902218863635,0.5335905091457326,0.0022953429584043647,0,0.04468248119384189,0.12371212500147521
1.0,0.5,2.0,2.0,0.01,0.02,5.0,250,two_speed,85,1.0003756806683983,2.0233812001122735,0.5305433028829846,0.0025364878230647297,0,0.048491310191293414,0.12392220902256668
1.0,0.5,2.0,2.0,0.01,0.02,5.0,250,two_speed,86,0.9999890142318152,2.0335915145644687,0.5185349894856758,0.0021246087326239733,0,0.04670509785071451,0.1256597910542041
1.0,0.5,2.0,2.0,0.01,0.02,5.0,250,two_speed,87,1.0001186772646238,1.9877371774157686,0.5197161804103909,0.0019696120135049705,0,0.03053428633256044,0.12355695804581046
1.0,0.5,2.0,2.0,0.01,0.02,5.0,250,two_speed,88,1.0003693223997994,2.0086035360844616,0.5297078987746154,0.0026157330937218604,0,0.04118078794500715,0.12337525002658367
1.0,0.5,2.0,2.0,0.01,0.02,5.0,250,two_speed,89,1.000413911884634,2.0234762346168798,0.5297320719486694,0.0022356651000187,0,0.04736610695895488,0.12556299997959286
1.0,0.5,2.0,2.0,0.01,0.02,5.0,250,two_speed,90,1.0003982972505119,2.019188019521999,0.5270260777049383,0.0020308454794587473,0,0.041892614407533973,0.12415495805907995
1.0,0.5,2.0,2.0,0.01,0.02,5.0,250,two_speed,91,0.9997912622748862,1.9698737017551269,0.5152477448170758,0.0014869121366212063,0,0.04072150140587004,0.12325524992775172
1.0,0.5,2.0,2.0,0.01,0.02,5.0,250,two_speed,92,1.0005178481732222,1.9977908683827865,0.5156594463068723,0.002605340696862456,0,0.023427255019965038,0.12521929200738668
1.0,0.5,2.0,2.0,0.01,0.02,5.0,250,two_speed,93,1.0001601311512436,1.9985758929451567,0.5221490628808862,0.0017017632056164447,0,0.02968131607091498,0.12495379103347659
1.0,0.5,2.0,2.0,0.01,0.02,5.0,250,two_speed,94,1.000192794061852,2.0146333746024956,0.5247173594572322,0.0019141316579502205,0,0.03694204353535284,0.12413158291019499
1.0,0.5,2.0,2.0,0.01,0.02,5.0,250,two_speed,95,1.0003019482031552,2.0123635665535455,0.5220074741345372,0.0015842823980611832,0,0.03230860535835089,0.12394149997271597
1.0,0.5,2.0,2.0,0.01,0.02,5.0,250,two_speed,96,1.0003073876491186,2.004911742831776,0.5148221775844116,0.002090379387310218,0,0.02211500707257358,0.1240871250629425
1.0,0.5,2.0,2.0,0.01,0.02,5.0,250,two_speed,97,1.000155463286391,1.986311905568137,0.5253922776849809,0.002197764334847203,0,0.03774588069318163,0.12431245809420943
1.0,0.5,2.0,2.0,0.01,0.02,5.0,250,two_speed,98,1.0002180272127312,2.0108644434273666,0.5157395926904184,0.0028120238035861736,0,0.02737430444524678,0.1239554169587791
1.0,0.5,2.0,2.0,0.01,0.02,5.0,250,two_speed,99,0.9998877107024148,1.998073440962877,0.5220775136447673,0.0018628845665939083,0,0.030339473616914567,0.12445629097055644
1.0,0.5,2.0,2.0,0.01,0.02,5.0,250,two_speed,100,0.9999248942251913,2.0071310749056974,0.5265980343267614,0.0017101644287095415,0,0.036569591738625985,0.1232820840086788
1.0,0.5,2.0,2.0,0.01,0.02,5.0,250,two_speed,101,1.0004136945529407,2.002622098735952,0.5161433473949933,0.0026287842598212365,0,0.024230690791994507,0.12452108296565711
1.0,0.5,2.0,2.0,0.01,0.02,5.0,250,two_speed,102,0.9999278854538506,2.002940637454419,0.5212893253311054,0.003358428910455036,0,0.032429909408826764,0.12493954203091562
1.0,0.5,2.0,2.0,0.01,0.02,5.0,250,two_speed,103,1.0003774062701163,2.008053608034556,0.5216249782396641,0.002633605932255002,0,0.03170146753864235,0.1266515830066055
1.0,0.5,2.0,2.0,0.01,0.02,5.0,250,two_speed,104,1.000102321576751,2.0152822891109494,0.5186114493282556,0.0020552944320868013,0,0.031434848696864505,0.12371262500528246
1.0,0.5,2.0,2.0,0.01,0.02,5.0,250,two_speed,105,1.0000807405642562,1.9973936328329192,0.5114312858903279,0.0020009173677087828,0,0.017974670140248415,0.12424645805731416
1.0,0.5,2.0,2.0,0.01,0.02,5.0,250,two_speed,106,1.0003992424694335,1.9799291769908445,0.5213402955824674,0.002173741480728094,0,0.03698295466589172,0.12307204201351851
1.0,0.5,2.0,2.0,0.01,0.02,5.0,250,two_speed,107,0.9998613417676397,2.003550816570177,0.5251652157267561,0.0023139901377806113,0,0.03501525600370041,0.12344795791432261
1.0,0.5,2.0,2.0,0.01,0.02,5.0,250,two_speed,108,1.00033940428942,2.001349995237717,0.5136865487284391,0.0026224401167376328,0,0.021576769186048568,0.12376575008966029
1.0,0.5,2.0,2.0,0.01,0.02,5.0,250,two_speed,109,1.000148036718393,2.046406516415595,0.5361321892290061,0.0021415253581518953,0,0.0711231808541586,0.1234714169986546
1.0,0.5,2.0,2.0,0.01,0.02,5.0,250,two_speed,110,1.000419354539101,1.9809528029973713,0.5107991276352883,0.0023576081603236803,0,0.028161445417280967,0.12537162494845688
1.0,0.5,2.0,2.0,0.01,0.02,5.0,250,two_speed,111,1.0001868911729674,1.9995401167257503,0.5294882993851688,0.0014979010448477122,0,0.03850579600731789,0.12445208302233368
1.0,0.5,2.0,2.0,0.01,0.02,5.0,250,two_speed,112,1.00042828428926,1.9994048765924854,0.5322776517411859,0.0026912763759354775,0,0.04309046326608505,0.12265091703739017
1.0,0.5,2.0,2.0,0.01,0.02,5.0,250,two_speed,113,0.9997579450215817,2.018385195692067,0.5051401873332073,0.0013460373249114524,0,0.023347669877162858,0.12499691697303206
1.0,0.5,2.0,2.0,0.01,0.02,5.0,250,two_speed,114,1.0005858213712886,2.0152532888090158,0.5312368259076137,0.0026012197745106905,0,0.04495678495965068,0.12389183393679559
1.0,0.5,2.0,2.0,0.01,0.02,5.0,250,two_speed,115,1.0002857934720983,1.97764211757289,0.5278316297751299,0.0016473973166566877,0,0.044367940796531884,0.12392370798625052
1.0,0.5,2.0,2.0,0.01,0.02,5.0,250,two_speed,116,0.9999315686093958,2.018970209596603,0.520605538243007,0.001142048857972228,0,0.03496721835028518,0.1232035830616951
1.0,0.5,2.0,2.0,0.01,0.02,5.0,250,two_speed,117,1.0005824127496417,2.029249336711463,0.527842150354635,0.002430881882211721,0,0.049746175540714636,0.1248354169074446
1.0,0.5,2.0,2.0,0.01,0.02,5.0,250,two_speed,118,1.000329724032003,2.0356160440054776,0.5196938067546417,0.00191119073546971,0,0.04874617563213651,0.12622650002595037
1.0,0.5,2.0,2.0,0.01,0.02,5.0,250,two_speed,119,1.0001864287859739,2.0100916530322106,0.5169069091432172,0.0021497539668663894,0,0.026704100600802427,0.12343383301049471
1.0,0.5,2.0,2.0,0.01,0.02,5.0,250,two_speed,120,1.0003354895425849,1.977846290410366,0.5202358857736671,0.0024084708516060116,0,0.03804228347930778,0.12274916702881455
1.0,0.5,2.0,2.0,0.01,0.02,5.0,250,two_speed,121,1.0000758691332874,1.9902132085701387,0.5105954913860742,0.0014785717513221097,0,0.01913980040194006,0.12719441601075232
1.0,0.5,2.0,2.0,0.01,0.02,5.0,250,two_speed,122,1.000212972177321,2.041359610684719,0.5215148316144248,0.0018291772363939424,0,0.05546298201670934,0.12249745905864984
1.0,0.5,2.0,2.0,0.01,0.02,5.0,250,two_speed,123,1.0002986839241688,1.9666605282976815,0.5269631771417161,0.0027806298111209653,0,0.05323606340402138,0.1264549579937011
1.0,0.5,2.0,2.0,0.01,0.02,5.0,250,two_speed,124,1.0004346378581734,2.0284063997355632,0.5296310525736189,0.0020572110835829407,0,0.050403437809949284,0.12246279092505574
1.0,0.5,2.0,2.0,0.01,0.02,5.0,250,two_speed,125,1.0002506595479375,1.9775701861193609,0.5165377891836807,0.002103919975629953,0,0.034856143389434685,0.12294329202268273
1.0,0.5,2.0,2.0,0.01,0.02,5.0,250,two_speed,126,0.999982414075304,2.016425350872387,0.5288113668761023,0.002219423774477161,0,0.04292634173305682,0.12322633399162441
1.0,0.5,2.0,2.0,0.01,0.02,5.0,250,two_speed,127,1.0004499915924983,2.0113617966992496,0.5225494633439963,0.0024702719653877108,0,0.033587878532347445,0.12245791591703892
1.0,0.5,2.0,2.0,0.01,0.02,5.0,250,two_speed,128,1.0000542400615748,2.0346458297970815,0.5064584927151964,0.0016107954448623444,0,0.04151237171854711,0.12378704210277647
1.0,0.5,2.0,2.0,0.01,0.02,5.0,250,two_speed,129,1.0000006822962453,1.97641882908644,0.5163247731211111,0.0022634122638427114,0,0.03620280844970707,0.12440579105168581
1.0,0.5,2.0,2.0,0.01,0.02,5.0,250,two_speed,130,1.0003720959066464,2.017703723482619,0.5274212408200061,0.0027081112064295467,0,0.04243338857132132,0.1237227920209989
1.0,0.5,2.0,2.0,0.01,0.02,5.0,250,two_speed,131,1.0002281397464348,1.9945856971945637,0.5313010632824798,0.0026638077847467687,0,0.04265763705521167,0.12376645905897021
1.0,0.5,2.0,2.0,0.01,0.02,5.0,250,two_speed,132,1.0000544194091574,2.0248596078973455,0.5236204415845308,0.002273742205261165,0,0.04328022603101904,0.12445337499957532
1.0,0.5,2.0,2.0,0.01,0.02,5.0,250,two_speed,133,0.9997408343006554,1.984139125200833,0.5173596318837963,0.0025358178625279975,0,0.031943966509701396,0.12403304094914347
1.0,0.5,2.0,2.0,0.01,0.02,5.0,250,two_speed,134,1.0004762216917071,2.0275475138823884,0.5271235392805134,0.0025462023668377915,0,0.04800568079605868,0.1257247079629451
1.0,0.5,2.0,2.0,0.01,0.02,5.0,250,two_speed,135,1.0004860195033878,2.020118214080676,0.5210466898079481,0.0021514342091133744,0,0.0366849612666916,0.12725666700862348
1.0,0.5,2.0,2.0,0.01,0.02,5.0,250,two_speed,136,1.0000537827462128,1.9887030266161578,0.5195742590181307,0.0011663501124626267,0,0.02899367357142995,0.12930337502621114
1.0,0.5,2.0,2.0,0.01,0.02,5.0,250,two_speed,137,1.0005168283656871,1.9772139288040793,0.5339577133889887,0.002859890708676783,0,0.05218286295285066,0.1260152079630643
1.0,0.5,2.0,2.0,0.01,0.02,5.0,250,two_speed,138,1.0000518231074897,1.989390351889506,0.5205715666968691,0.0014052769427687153,0,0.02999252766478985,0.12558683298993856
1.0,0.5,2.0,2.0,0.01,0.02,5.0,250,two_speed,139,1.0001195578859068,1.9981197938626887,0.5188261142923346,0.001450244562353356,0,0.025355888898389065,0.1254097910132259
1.0,0.5,2.0,2.0,0.01,0.02,5.0,250,two_speed,140,1.000225073864209,1.993013612679266,0.5285934884644176,0.0027360603715678973,0,0.03974911995510791,0.12269658292643726
1.0,0.5,2.0,2.0,0.01,0.02,5.0,250,two_speed,141,0.9999793416080652,2.0027439097279505,0.5327324874775305,0.0021695187564527174,0,0.04380956092943565,0.12421150004956871
1.0,0.5,2.0,2.0,0.01,0.02,5.0,250,two_speed,142,1.000249060039083,2.018856653059716,0.5260828774615474,0.0022683095758577773,0,0.0409727263882353,0.12496912502683699
1.0,0.5,2.0,2.0,0.01,0.02,5.0,250,two_speed,143,1.0001858570682114,1.990450467721251,0.5280441058022298,0.0038039898447629348,0,0.04172651832825678,0.12489208299666643
1.0,0.5,2.0,2.0,0.01,0.02,5.0,250,two_speed,144,1.0004798745973866,2.011582292429214,0.5212679060861878,0.0019734469722445702,0,0.03141099920826484,0.12418720801360905
1.0,0.5,2.0,2.0,0.01,0.02,5.0,250,two_speed,145,1.0001782400964978,1.9885343204442485,0.5230083933957604,0.0025985128952306738,0,0.03465385704994903,0.12277112493757159
1.0,0.5,2.0,2.0,0.01,0.02,5.0,250,two_speed,146,1.0005094574851088,1.991262646533803,0.5278572479265666,0.002347805171502415,0,0.03834134520789322,0.12494499993044883
1.0,0.5,2.0,2.0,0.01,0.02,5.0,250,two_speed,147,1.000475243891689,2.0094342017708935,0.5207787583342601,0.002312532365948724,0,0.03050718260347577,0.1234889579936862
1.0,0.5,2.0,2.0,0.01,0.02,5.0,250,two_speed,148,1.0001182438292973,2.020470671000011,0.5156430159850911,0.001966429284021418,0,0.032315358951908846,0.12554899998940527
1.0,0.5,2.0,2.0,0.01,0.02,5.0,250,two_speed,149,1.0001133456956408,1.9848107397486079,0.5171146803484327,0.002248427863040662,0,0.03023609869282481,0.12383141706231982
1.0,0.5,2.0,2.0,0.01,0.02,5.0,250,two_speed,150,1.0004044243759767,1.984854843496869,0.5196099941805266,0.0021741255827640318,0,0.0320979191525084,0.12462437502108514
1.0,0.5,2.0,2.0,0.01,0.02,5.0,250,two_speed,151,1.000215803214363,2.0135474454831654,0.5160862992891827,0.001741764922535966,0,0.027139979004914896,0.13220279105007648
1.0,0.5,2.0,2.0,0.01,0.02,5.0,250,two_speed,152,1.000339016297729,2.011290340420973,0.5110144853902203,0.001859812207563972,0,0.021005978791459885,0.12399679201189429
1.0,0.5,2.0,2.0,0.01,0.02,5.0,250,two_speed,153,1.0003458002366619,1.9910983868444936,0.5234557058238798,0.0021056873209142368,0,0.03314489072671236,0.12270570907276124
1.0,0.5,2.0,2.0,0.01,0.02,5.0,250,two_speed,154,0.9998035273364423,1.988232179259006,0.511421487689255,0.0013101802464989148,0,0.021432751186941098,0.12377220799680799
1.0,0.5,2.0,2.0,0.01,0.02,5.0,250,two_speed,155,0.9998559895388628,1.9629387974232324,0.5199907662442622,0.0015402152139946282,0,0.050334037316287744,0.12329650006722659
1.0,0.5,2.0,2.0,0.01,0.02,5.0,250,two_speed,156,1.000117138301215,2.018356113625504,0.5273190546556419,0.0019183520199274706,0,0.04203914160125611,0.12363762501627207
1.0,0.5,2.0,2.0,0.01,0.02,5.0,250,two_speed,157,1.000106005007109,1.9750513408795636,0.5150542906946725,0.0017654150688580848,0,0.035659984471445604,0.12375637493096292
1.0,0.5,2.0,2.0,0.01,0.02,5.0,250,two_speed,158,1.0003312614563182,2.011992123251025,0.5184238873678723,0.0022084277087188416,0,0.029154353498356055,0.12419791694264859
1.0,0.5,2.0,2.0,0.01,0.02,5.0,250,two_speed,159,1.0006597737571459,2.003751748997139,0.5254435123576038,0.0032353351534892215,0,0.035895887056666013,0.12371716601774096
1.0,0.5,2.0,2.0,0.01,0.02,5.0,250,two_speed,160,1.000213922024021,1.9633896484044038,0.5292173611053039,0.0020755850887422523,0,0.05672127060566485,0.12373470806051046
1.0,0.5,2.0,2.0,0.01,0.02,5.0,250,two_speed,161,0.9998473443918365,2.026023847296427,0.5171289568335864,0.0019224417557568065,0,0.038592336037033444,0.12356175004970282
1.0,0.5,2.0,2.0,0.01,0.02,5.0,250,two_speed,162,1.0004924811784481,2.0493539580334823,0.5177454357072461,0.002911983450239714,0,0.06244699689492583,0.1246836669743061
1.0,0.5,2.0,2.0,0.01,0.02,5.0,250,two_speed,163,1.000375185519099,2.034295132768308,0.5188959066361415,0.002501998708114711,0,0.047656649118566784,0.12491629191208631
1.0,0.5,2.0,2.0,0.01,0.02,5.0,250,two_speed,164,1.0001816421498395,1.9809327365941323,0.5093575884566681,0.0017213564227162859,0,0.02631924578542948,0.12614520906936377
1.0,0.5,2.0,2.0,0.01,0.02,5.0,250,two_speed,165,1.0002698307121138,2.0018703450682733,0.5269466963537892,0.002368004269012875,0,0.03626468051049589,0.12675245897844434
1.0,0.5,2.0,2.0,0.01,0.02,5.0,250,two_speed,166,1.0003416257394804,2.030087309502306,0.5128871557626297,0.0018830000906211975,0,0.03920901928278607,0.12319262500386685
1.0,0.5,2.0,2.0,0.01,0.02,5.0,250,two_speed,167,1.0001880948677382,1.9797804898573657,0.5260309123896976,0.0016666571404982467,0,0.04147619955240347,0.12343083298765123
1.0,0.5,2.0,2.0,0.01,0.02,5.0,250,two_speed,168,1.000462489105445,1.9766821663532979,0.5277951816063625,0.0019100170241455904,0,0.04503309693401155,0.12440470803994685
1.0,0.5,2.0,2.0,0.01,0.02,5.0,250,two_speed,169,1.000427626992248,2.02927623422813,0.5319644469427759,0.002541823170910418,0,0.05400380007842976,0.12316979200113565
1.0,0.5,2.0,2.0,0.01,0.02,5.0,250,two_speed,170,0.9999655685882015,1.9842133164392073,0.5187077536330547,0.002594374960732027,0,0.033012827361507305,0.12534095800947398
1.0,0.5,2.0,2.0,0.01,0.02,5.0,250,two_speed,171,1.0003014801255623,2.0046050994222675,0.5205805460791567,0.0018360640278485263,0,0.028174288492690592,0.123244708054699
1.0,0.5,2.0,2.0,0.01,0.02,5.0,250,two_speed,172,1.0004172411804404,1.9967910384450405,0.5283988374210007,0.00264184920159221,0,0.03840121978101409,0.1229821250308305
1.0,0.5,2.0,2.0,0.01,0.02,5.0,250,two_speed,173,0.999882472585475,1.9974240592767134,0.5258574118760407,0.0018831192672665734,0,0.035067835717641396,0.12413362506777048
1.0,0.5,2.0,2.0,0.01,0.02,5.0,250,two_speed,174,1.000553663111059,1.9839162241977515,0.5262991524287784,0.0024117993207089317,0,0.03945485125726914,0.12867700005881488
1.0,0.5,2.0,2.0,0.01,0.02,5.0,250,two_speed,175,1.0003271429388394,2.0179977091594385,0.5180059210483039,0.002774105102383726,0,0.033759563161577875,0.1280480829300359
1.0,0.5,2.0,2.0,0.01,0.02,5.0,250,two_speed,176,0.9999259798126672,1.9927584745180633,0.5127876115740178,0.001468743368562115,0,0.020097801093468554,0.13473291601985693
1.0,0.5,2.0,2.0,0.01,0.02,5.0,250,two_speed,177,1.0002665505492434,1.9457750040685267,0.5225544262715578,0.0015663936764887779,0,0.06864707457395906,0.12684174999594688
1.0,0.5,2.0,2.0,0.01,0.02,5.0,250,two_speed,178,1.0004216549766003,1.9984346229676542,0.5240177162334274,0.0021189268908808965,0,0.032197401757185426,0.12521554192062467
1.0,0.5,2.0,2.0,0.01,0.02,5.0,250,two_speed,179,1.0001960692776135,1.958272118601551,0.5231975002686028,0.0019644417050272214,0,0.05682759299334843,0.12512395903468132
1.0,0.5,2.0,2.0,0.01,0.02,5.0,250,two_speed,180,1.0002655454870042,2.0403433580744776,0.5185258989216192,0.0026017605091124586,0,0.05352462043685507,0.12408899993170053
1.0,0.5,2.0,2.0,0.01,0.02,5.0,250,two_speed,181,1.000327858529617,2.0007334898019855,0.5168127892355819,0.0031912268446367856,0,0.02644459026560814,0.12470299995038658
1.0,0.5,2.0,2.0,0.01,0.02,5.0,250,two_speed,182,1.0002245515096646,2.034147087123721,0.5158081681463614,0.002217051824411773,0,0.04541606621704566,0.12382312503177673
1.0,0.5,2.0,2.0,0.01,0.02,5.0,250,two_speed,183,0.9999503053700657,1.9799442932117017,0.5131985145954051,0.0017484694009814307,0,0.030031273957167145,0.12628008401952684
1.0,0.5,2.0,2.0,0.01,0.02,5.0,250,two_speed,184,0.9996453523254754,1.9743239227590754,0.508599825175049,0.0026293777975427246,0,0.034329401233400184,0.12606754200533032
1.0,0.5,2.0,2.0,0.01,0.02,5.0,250,two_speed,185,0.9996466763306512,1.985440708707656,0.5163234989396808,0.002706054950872006,0,0.030533496298777798,0.12415158306248486
1.0,0.5,2.0,2.0,0.01,0.02,5.0,250,two_speed,186,1.0000936498204258,2.0114712541937725,0.5135842246999381,0.0026846607215379233,0,0.025609818521099278,0.1240721249487251
1.0,0.5,2.0,2.0,0.01,0.02,5.0,250,two_speed,187,1.0001225513998713,1.9817122050072904,0.5282469731833576,0.002281343747798468,0,0.043232241680997284,0.12315754091832787
1.0,0.5,2.0,2.0,0.01,0.02,5.0,250,two_speed,188,1.0002138608001654,2.018968176861892,0.5145084391238705,0.0025016991938506517,0,0.031001500910282705,0.1248547499999404
1.0,0.5,2.0,2.0,0.01,0.02,5.0,250,two_speed,189,1.000056667826164,1.9962828713820941,0.5218779259492479,0.002065215115987249,0,0.030313224618990147,0.12695445795543492
1.0,0.5,2.0,2.0,0.01,0.02,5.0,250,two_speed,190,1.0001478873653382,2.0323559643714266,0.5267686592494022,0.001470052759929687,0,0.050887461249259046,0.1268995419377461
1.0,0.5,2.0,2.0,0.01,0.02,5.0,250,two_speed,191,0.9996470519820129,2.0031350051507695,0.5182917417531944,0.0020106097341722026,0,0.026692729270377826,0.12403883296065032
1.0,0.5,2.0,2.0,0.01,0.02,5.0,250,two_speed,192,1.0000477518480697,2.006062156260084,0.5152310486162951,0.0013353803832451625,0,0.02192923010102316,0.12350300000980496
1.0,0.5,2.0,2.0,0.01,0.02,5.0,250,two_speed,193,1.0001770268397283,1.9907833383752152,0.5165894646802204,0.0016773053684416177,0,0.025102911036377462,0.12444608402438462
1.0,0.5,2.0,2.0,0.01,0.02,5.0,250,two_speed,194,1.0000079097387868,1.9884414804282162,0.5202952769700256,0.002263757188308352,0,0.031455612648596865,0.12856758397538215
1.0,0.5,2.0,2.0,0.01,0.02,5.0,250,two_speed,195,1.000161873166929,1.993233984092903,0.5228261365249218,0.0018108291526163333,0,0.031559064954633294,0.13362454192247242
1.0,0.5,2.0,2.0,0.01,0.02,5.0,250,two_speed,196,1.000225460518222,2.006018855597962,0.5272611199766929,0.0022463384414715295,0,0.037141478736329996,0.12544654100202024
1.0,0.5,2.0,2.0,0.01,0.02,5.0,250,two_speed,197,1.0006293572850553,2.0101393425364797,0.520716172903938,0.0025808014400170295,0,0.031066115551520303,0.12524337496142834
1.0,0.5,2.0,2.0,0.01,0.02,5.0,250,two_speed,198,1.0002603048834873,2.008335909414024,0.5214075744268414,0.0014484059465083446,0,0.029763543789628272,0.12456137500703335
1.0,0.5,2.0,2.0,0.01,0.02,5.0,250,two_speed,199,1.0001992827020758,1.966422106550957,0.5143657994173854,0.0015807848918760162,0,0.043310973995501593,0.12378141598310322
1.0,0.5,2.0,2.0,0.01,0.02,5.0,250,two_speed,200,0.9998852422294063,1.9708237045331125,0.5241804186143459,0.0017813312652272073,0,0.04679033366112606,0.12395500007551163
1.0,0.5,2.0,2.0,0.01,0.02,5.0,250,two_speed,201,1.0003309057517622,2.0269246223661876,0.5154432463909456,0.002978037284220924,0,0.039412928806111476,0.1239969169255346
1.0,0.5,2.0,2.0,0.01,0.02,5.0,250,two_speed,202,1.000105431895673,1.9989269269354466,0.5188242380614638,0.0022885900933561397,0,0.02681024838194493,0.12465329095721245
1.0,0.5,2.0,2.0,0.01,0.02,5.0,250,two_speed,203,1.0005108714007083,2.0344476909835585,0.5261067506104673,0.002445840198958748,0,0.052760292336827185,0.12757749995216727
1.0,0.5,2.0,2.0,0.01,0.02,5.0,250,two_speed,204,1.000323757780957,2.044960138532662,0.5238991801005839,0.0025983818899797556,0,0.06117995321244861,0.12532329093664885
1.0,0.5,2.0,2.0,0.01,0.02,5.0,250,two_speed,205,1.000031598524699,2.0071675148478985,0.5226017146862743,0.001887869743962547,0,0.031731743845839426,0.12353433296084404
1.0,0.5,2.0,2.0,0.01,0.02,5.0,250,two_speed,206,1.000113783546876,2.0009190791248086,0.5157212029423576,0.0017905857400508454,0,0.022096541599832844,0.12525300006382167
1.0,0.5,2.0,2.0,0.01,0.02,5.0,250,two_speed,207,1.0000638173551608,1.9910080496272995,0.515204156571585,0.0019063911897657542,0,0.02413639562080646,0.12526604195591062
1.0,0.5,2.0,2.0,0.01,0.02,5.0,250,two_speed,208,1.0000994077227257,2.0085607950051534,0.5209658882132586,0.0016548634235269922,0,0.029880124780916676,0.12461075000464916
1.0,0.5,2.0,2.0,0.01,0.02,5.0,250,two_speed,209,0.9999078712356368,2.0069013116743744,0.5279673742584692,0.001616155509158302,0,0.038106152157732984,0.12342279206495732
1.0,0.5,2.0,2.0,0.01,0.02,5.0,250,two_speed,210,1.0002880701593808,1.9661966534793012,0.5113456745397894,0.002464719888531946,0,0.043125666215621465,0.12534725002478808
1.0,0.5,2.0,2.0,0.01,0.02,5.0,250,two_speed,211,0.9999620569056819,1.9967056780385712,0.5207565035520095,0.002369203809082908,0,0.02959199848154221,0.12432816601358354
1.0,0.5,2.0,2.0,0.01,0.02,5.0,250,two_speed,212,1.0001767444597798,1.9830819136917857,0.5318713525574803,0.0019017879796625569,0,0.04615431951214001,0.1251159169478342
1.0,0.5,2.0,2.0,0.01,0.02,5.0,250,two_speed,213,1.0004665867098506,2.009766023106066,0.5218107786139556,0.003977506330783743,0,0.03530469459324728,0.12742054101545364
1.0,0.5,2.0,2.0,0.01,0.02,5.0,250,two_speed,214,1.0002198447362731,1.9652019486914496,0.5197837648762488,0.001674566143184081,0,0.04778382639120567,0.12674541701562703
1.0,0.5,2.0,2.0,0.01,0.02,5.0,250,two_speed,215,0.9999532881688018,1.9874648656172544,0.5172324166365871,0.002209551852733436,0,0.028859702246930276,0.12466187495738268
1.0,0.5,2.0,2.0,0.01,0.02,5.0,250,two_speed,216,1.0003430866081042,2.019326218903235,0.5184641921137495,0.002439123591058389,0,0.03438526914017946,0.13253841700498015
1.0,0.5,2.0,2.0,0.01,0.02,5.0,250,two_speed,217,1.0000903774088332,2.011203215922025,0.5249006783859339,0.002118605524072678,0,0.036030610932554184,0.1277284169336781
1.0,0.5,2.0,2.0,0.01,0.02,5.0,250,two_speed,218,1.0002819501905136,1.9797048830197563,0.520281523663247,0.0032679825158919594,0,0.038450150667427435,0.12429183395579457
1.0,0.5,2.0,2.0,0.01,0.02,5.0,250,two_speed,219,0.9996423359598291,1.9686924355701354,0.50878420505587,0.003412130104746007,0,0.0416933267691117,0.12436812499072403
1.0,0.5,2.0,2.0,0.01,0.02,5.0,250,two_speed,220,1.0000956424318423,1.9635247687751989,0.5212931038852282,0.0017086926754682388,0,0.05068775583669922,0.12436787504702806
1.0,0.5,2.0,2.0,0.01,0.02,5.0,250,two_speed,221,1.000538673212913,2.0326304119964727,0.5207590072312835,0.002044974327652517,0,0.046513077199890285,0.1244980419287458
1.0,0.5,2.0,2.0,0.01,0.02,5.0,250,two_speed,222,1.0000407072561937,1.9762534146448318,0.5167129928575624,0.0020134560904037564,0,0.03611552385197786,0.12202795897610486
1.0,0.5,2.0,2.0,0.01,0.02,5.0,250,two_speed,223,1.0000898335406698,2.0071732175954233,0.5087235445249778,0.0019035959053943503,0,0.01674546901924662,0.1269513750448823
1.0,0.5,2.0,2.0,0.01,0.02,5.0,250,two_speed,224,1.0002105341629046,1.9953775052693508,0.5162408650925686,0.002493401328012593,0,0.024683952033599226,0.12199683301150799
1.0,0.5,2.0,2.0,0.01,0.02,5.0,250,two_speed,225,1.0001881302332807,2.028243293579708,0.5135973662978807,0.0015703856344482085,0,0.037496450153330564,0.12446475005708635
1.0,0.5,2.0,2.0,0.01,0.02,5.0,250,two_speed,226,1.0000500250385624,2.0034122455901,0.523869247093877,0.0018130184703339938,0,0.03229227749208319,0.1255145410541445
1.0,0.5,2.0,2.0,0.01,0.02,5.0,250,two_speed,227,1.000520477312315,1.991981766079754,0.5213161230413526,0.002755337313992913,0,0.03142292936271673,0.12448525009676814
1.0,0.5,2.0,2.0,0.01,0.02,5.0,250,two_speed,228,1.0000783421084098,2.0007618327424876,0.5224151087881153,0.002115294388624864,0,0.030726308222025336,0.12537087500095367
1.0,0.5,2.0,2.0,0.01,0.02,5.0,250,two_speed,229,1.0000577037013023,1.992634951654635,0.5221080780825248,0.0022218333923598272,0,0.03177794679718613,0.1235117499018088
1.0,0.5,2.0,2.0,0.01,0.02,5.0,250,two_speed,230,1.0004122808925489,1.9853058112796695,0.528222008955423,0.002429345149183106,0,0.04128299219046485,0.12691562494728714
1.0,0.5,2.0,2.0,0.01,0.02,5.0,250,two_speed,231,1.0002806913312061,1.9747534530631918,0.5185440673489845,0.0027072415737560782,0,0.03940264471214134,0.12303495802916586
1.0,0.5,2.0,2.0,0.01,0.02,5.0,250,two_speed,232,1.0001373107820946,1.965001618901298,0.5208612063907602,0.001451279666618544,0,0.048618861977212206,0.12495416693855077
1.0,0.5,2.0,2.0,0.01,0.02,5.0,250,two_speed,233,1.000432368639081,1.9697340861834984,0.5268047454194571,0.001741091363717549,0,0.04917381263924429,0.12380075000692159
1.0,0.5,2.0,2.0,0.01,0.02,5.0,250,two_speed,234,1.0001448269302773,2.0141330388600465,0.5207725174237606,0.003138508362851508,0,0.03490906796067914,0.12566379189956933
1.0,0.5,2.0,2.0,0.01,0.02,5.0,250,two_speed,235,1.0001086354886164,1.986319684263448,0.5232970870832274,0.0015768662328915688,0,0.034618779802408316,0.1237670830450952
1.0,0.5,2.0,2.0,0.01,0.02,5.0,250,two_speed,236,0.9999782846721723,1.988179411377441,0.5197593400606377,0.0015768383490745647,0,0.02999050406372062,0.12346479098778218
1.0,0.5,2.0,2.0,0.01,0.02,5.0,250,two_speed,237,1.0002663753263583,2.0032575114198017,0.5172789136402597,0.001552025033579694,0,0.02351087784166578,0.12380970898084342
1.0,0.5,2.0,2.0,0.01,0.02,5.0,250,two_speed,238,1.0004343198425123,2.0045818005920086,0.5352530886741541,0.0022649676396388468,0,0.046253010782805144,0.12527304200921208
1.0,0.5,2.0,2.0,0.01,0.02,5.0,250,two_speed,239,1.000277297363679,2.003231770498337,0.5099857422995653,0.0013957826846888286,0,0.014734853070522256,0.2879330419236794
1.0,0.5,2.0,2.0,0.01,0.02,5.0,250,two_speed,240,1.000635770512455,1.9791368673607208,0.5258592444045478,0.0027452815801327812,0,0.04254442327875112,0.1268545420607552
1.0,0.5,2.0,2.0,0.01,0.02,5.0,250,two_speed,241,1.0005550187082828,2.0145901972320917,0.5155144021542247,0.003040318713693872,0,0.029503925312513828,0.12962241598870605
1.0,0.5,2.0,2.0,0.01,0.02,5.0,250,two_speed,242,1.0000599596737447,1.9905169366010804,0.5224959612098826,0.001980674411685722,0,0.03240880306821837,0.12528741697315127
1.0,0.5,2.0,2.0,0.01,0.02,5.0,250,two_speed,243,1.0003635451207153,2.0087241817101074,0.5232026737153067,0.002351315907002432,0,0.03313320659262836,0.127109415945597
1.0,0.5,2.0,2.0,0.01,0.02,5.0,250,two_speed,244,1.0004988624928293,2.0048948242127,0.5181485170279402,0.002089900299998968,0,0.025570075062840685,0.12643166701309383
1.0,0.5,2.0,2.0,0.01,0.02,5.0,250,two_speed,245,1.0005499596597285,2.01173804903848,0.5201905177926596,0.0022311569413275053,0,0.03057541886006354,0.12317808298394084
1.0,0.5,2.0,2.0,0.01,0.02,5.0,250,two_speed,246,1.0006522640422826,1.9819767459233675,0.5415687037515827,0.002963682501081245,0,0.05823550473244005,0.12505504093132913
1.0,0.5,2.0,2.0,0.01,0.02,5.0,250,two_speed,247,1.000301859899147,2.013903753377153,0.5226006357112282,0.0024645531354797797,0,0.03513588693917788,0.12272479105740786
1.0,0.5,2.0,2.0,0.01,0.02,5.0,250,two_speed,248,0.999733729226969,1.9597703237414257,0.5088538178254036,0.001433186435064355,0,0.04831653278156909,0.1250440829899162
1.0,0.5,2.0,2.0,0.01,0.02,5.0,250,two_speed,249,0.9999047140252272,1.9771280510042324,0.5225321463544544,0.0034144061720869975,0,0.04251334166833133,0.12753929197788239
1.0,0.5,2.0,2.0,0.01,0.02,5.0,250,two_speed,250,1.0002160931577622,1.9872600425383078,0.5243522509775335,0.001606883642277994,0,0.03523043073188819,0.12242266593966633
1.0,0.5,2.0,2.0,0.01,0.02,5.0,250,two_speed,251,1.0000125984904753,1.992996686329692,0.5209737819021004,0.001506613393957691,0,0.02926914318897096,0.12321741692721844
1.0,0.5,2.0,2.0,0.01,0.02,5.0,250,two_speed,252,1.0005461768928163,1.9998129392108037,0.5204495756996056,0.0030525987066014086,0,0.029701689425173757,0.1241727500455454
1.0,0.5,2.0,2.0,0.01,0.02,5.0,250,two_speed,253,1.0001801521849027,2.0028899173567662,0.526925749263986,0.0015478894748792423,0,0.035516636431102415,0.12323575001209974
1.0,0.5,2.0,2.0,0.01,0.02,5.0,250,two_speed,254,1.0001391404341138,2.0130898832057937,0.5204960010116322,0.001519129135237871,0,0.031153408039771003,0.12373841600492597
1.0,0.5,2.0,2.0,0.01,0.02,5.0,250,two_speed,255,1.0002078022326888,2.0240631533464604,0.5215229091424824,0.0019941000374600715,0,0.04013877639469398,0.12353362492285669
1.0,0.5,2.0,2.0,0.01,0.02,5.0,250,two_speed,256,1.0002249130070162,2.02619455260502,0.516122501430166,0.0033768294203845666,0,0.040179866039980944,0.12412074999883771
1.0,0.5,2.0,2.0,0.01,0.02,5.0,250,two_speed,257,1.000366306535451,2.0136763571311853,0.5243721487583877,0.002153475654504293,0,0.036086103652029175,0.12330520793329924
1.0,0.5,2.0,2.0,0.01,0.02,5.0,250,two_speed,258,1.0004951902472583,1.9741953392801728,0.5225718525502798,0.0028449693792187924,0,0.043409112177213674,0.12357091694138944
1.0,0.5,2.0,2.0,0.01,0.02,5.0,250,two_speed,259,1.000179514310589,2.013745852550228,0.5136954790361227,0.0018280130290969595,0,0.025249912855419027,0.12366491591092199
1.0,0.5,2.0,2.0,0.01,0.02,5.0,250,two_speed,260,1.0001255029294687,1.974102804051272,0.5155854793681763,0.002045959682287073,0,0.03710473769604893,0.12547404097858816
1.0,0.5,2.0,2.0,0.01,0.02,5.0,250,two_speed,261,1.0002044428436396,2.0027812605187774,0.5161615246759749,0.0023177450111304242,0,0.023750898741724192,0.12461012497078627
1.0,0.5,2.0,2.0,0.01,0.02,5.0,250,two_speed,262,1.0001626167433626,2.030257864692642,0.5166485495438549,0.0019326979988831588,0,0.041881974637782544,0.12577266606967896
1.0,0.5,2.0,2.0,0.01,0.02,5.0,250,two_speed,263,1.0000735528360263,1.9859493806043202,0.5275635488915602,0.0017726639355819605,0,0.0398918784769949,0.1239021250512451
1.0,0.5,2.0,2.0,0.01,0.02,5.0,250,two_speed,264,1.0006304267809905,1.9738203621134252,0.5155646120398982,0.003009528345656361,0,0.038640489615519934,0.12208174995612353
1.0,0.5,2.0,2.0,0.01,0.02,5.0,250,two_speed,265,1.0000252559790748,1.975572465739463,0.518395437783352,0.0020172700663381787,0,0.038164191235076764,0.1259593329159543
1.0,0.5,2.0,2.0,0.01,0.02,5.0,250,two_speed,266,1.0001579334796777,2.032664534283073,0.5165562312709895,0.0016285810196200103,0,0.043690713408523284,0.12972545891534537
1.0,0.5,2.0,2.0,0.01,0.02,5.0,250,two_speed,267,1.0000418027530151,2.00636515091469,0.5092089125521058,0.002381564571938718,0,0.01827129709012153,0.12401845899876207
1.0,0.5,2.0,2.0,0.01,0.02,5.0,250,two_speed,268,1.0003265367982597,1.9902899261882858,0.5219621302473416,0.0015304246691122425,0,0.030908014173186203,0.12594920792616904
1.0,0.5,2.0,2.0,0.01,0.02,5.0,250,two_speed,269,1.0004991400602083,1.9928287612087137,0.5219210410018214,0.00425786712924362,0,0.03548536136782718,0.12234129093121737
1.0,0.5,2.0,2.0,0.01,0.02,5.0,250,two_speed,270,1.0003201676816336,1.9853915161793076,0.529739640814897,0.0021127711013805834,0,0.04263794421169628,0.12412254209630191
1.0,0.5,2.0,2.0,0.01,0.02,5.0,250,two_speed,271,0.9999830629039187,1.9746183159063653,0.5110670436316525,0.0018380559871418972,0,0.03375021226439242,0.1241595409810543
1.0,0.5,2.0,2.0,0.01,0.02,5.0,250,two_speed,272,1.0001345957887393,2.005222144463577,0.5146432037715029,0.001231638453144631,0,0.020637599017644392,0.12383895902894437
1.0,0.5,2.0,2.0,0.01,0.02,5.0,250,two_speed,273,1.0000671516171278,1.9758847771314085,0.5223078696161717,0.001663102563319076,0,0.040678491260047654,0.1242685840697959
1.0,0.5,2.0,2.0,0.01,0.02,5.0,250,two_speed,274,1.0003306180027303,1.9817000343226592,0.5282518796350745,0.002305511326703259,0,0.0430584371643517,0.12524495797697455
1.0,0.5,2.0,2.0,0.01,0.02,5.0,250,two_speed,275,1.0003424476177647,2.0086653869514772,0.5185813893076222,0.0022930544340877073,0,0.027933947581332278,0.12576516706030816
1.0,0.5,2.0,2.0,0.01,0.02,5.0,250,two_speed,276,1.0000234642038413,1.9862247671695008,0.5212775027632698,0.0017646057753504417,0,0.03289052397792644,0.12271120795048773
1.0,0.5,2.0,2.0,0.01,0.02,5.0,250,two_speed,277,1.0003747234098985,2.003533787044009,0.5209895868063966,0.0024633728656837436,0,0.02951158635238128,0.12254250003024936
1.0,0.5,2.0,2.0,0.01,0.02,5.0,250,two_speed,278,0.9997786074073344,1.9768704347145958,0.5132740242124172,0.002719778557762725,0,0.034739571189688595,0.12371070799417794
1.0,0.5,2.0,2.0,0.01,0.02,5.0,250,two_speed,279,1.0002755596289592,1.9875947480572527,0.5189230931726764,0.003010166892787527,0,0.031746529682834757,0.12306437501683831
1.0,0.5,2.0,2.0,0.01,0.02,5.0,250,two_speed,280,0.9999917189685548,1.975362691482982,0.5157865772018017,0.0014513552349511697,0,0.03567153730739989,0.1236834580777213
1.0,0.5,2.0,2.0,0.01,0.02,5.0,250,two_speed,281,0.9997864057029427,2.007404916344878,0.5174726400056296,0.002122156784404535,0,0.026712216591178405,0.12590554193593562
1.0,0.5,2.0,2.0,0.01,0.02,5.0,250,two_speed,282,0.9998757195830021,1.9920305155044817,0.5042871402054943,0.0017728060550316008,0,0.013951999689384396,0.12678979197517037
1.0,0.5,2.0,2.0,0.01,0.02,5.0,250,two_speed,283,1.0002427742449338,1.9937900871337908,0.5256571148901004,0.001816685633209132,0,0.03472136191810426,0.12822254200000316
1.0,0.5,2.0,2.0,0.01,0.02,5.0,250,two_speed,284,1.0001952008559258,1.9957755534825572,0.519275048977327,0.0024776295459379392,0,0.027938366444013072,0.12267679104115814
1.0,0.5,2.0,2.0,0.01,0.02,5.0,250,two_speed,285,1.0007405016746123,1.9927746774587305,0.5366196634783874,0.0028743913861609093,0,0.04885224538486179,0.1244789999909699
1.0,0.5,2.0,2.0,0.01,0.02,5.0,250,two_speed,286,1.000173855888126,1.9839449750826228,0.5220856612270708,0.003051345794037902,0,0.03688695682771661,0.12400824995711446
1.0,0.5,2.0,2.0,0.01,0.02,5.0,250,two_speed,287,1.00000889017868,2.0157873425581543,0.526286471591015,0.0014748051094265087,0,0.03919456594626537,0.12319091707468033
1.0,0.5,2.0,2.0,0.01,0.02,5.0,250,two_speed,288,1.0001327614502806,2.004265403800463,0.5209061411282708,0.0018472186844268941,0,0.028760162287821783,0.12491700006648898
1.0,0.5,2.0,2.0,0.01,0.02,5.0,250,two_speed,289,1.0001828905710135,2.004635685565428,0.5155295109950339,0.0028500889128827474,0,0.02489889406621923,0.12326166697312146
1.0,0.5,2.0,2.0,0.01,0.02,5.0,250,two_speed,290,1.0003110695507496,2.0195217538416532,0.510603381998084,0.002050442628691183,0,0.027963696990970777,0.12485529202967882
1.0,0.5,2.0,2.0,0.01,0.02,5.0,250,two_speed,291,1.0000501089923504,2.008055492030799,0.5147115368985969,0.002154043658859531,0,0.023729544639980834,0.12467437505256385
1.0,0.5,2.0,2.0,0.01,0.02,5.0,250,two_speed,292,1.0001839056607233,1.968046298643818,0.5201743496354525,0.002581675341786971,0,0.04667090414414864,0.1232791249640286
1.0,0.5,2.0,2.0,0.01,0.02,5.0,250,two_speed,293,0.9998474949974518,1.9882048297319854,0.5024410331099901,0.002061387118095508,0,0.017343429431592252,0.12426137505099177
1.0,0.5,2.0,2.0,0.01,0.02,5.0,250,two_speed,294,1.0001555987398025,1.9880272763669111,0.508671565497002,0.0025790829876933406,0,0.02165267241716419,0.12769995804410428
1.0,0.5,2.0,2.0,0.01,0.02,5.0,250,two_speed,295,1.0002098842126064,1.967226774005814,0.5272150709080062,0.003152794773980526,0,0.05354288553513497,0.12401858298107982
1.0,0.5,2.0,2.0,0.01,0.02,5.0,250,two_speed,296,1.000161581398817,1.9682925975087846,0.5140530448149947,0.002220844647353849,0,0.04189526847847684,0.12559141695965081
1.0,0.5,2.0,2.0,0.01,0.02,5.0,250,two_speed,297,1.0004834701434415,2.0085420071476,0.5358667835945613,0.00327704631142646,0,0.049081280776303006,0.12336812494322658
1.0,0.5,2.0,2.0,0.01,0.02,5.0,250,two_speed,298,1.0001592553220566,2.013741880735964,0.5176083971880976,0.002343666642071696,0,0.029925183485979102,0.12303870904725045
1.0,0.5,2.0,2.0,0.01,0.02,5.0,250,two_speed,299,0.9999983971890566,2.0030818181705805,0.5087634667488748,0.002131034889625484,0,0.015898933046612537,0.12549041700549424
1.0,0.5,2.0,2.0,0.01,0.02,5.0,250,two_speed,300,0.9996273460144247,1.9968827478219828,0.5122951709737921,0.0017731414859453287,0,0.019324218801065343,0.12356474995613098
1.0,0.5,2.0,2.0,0.01,0.02,5.0,250,two_speed,301,0.9996882172511967,1.995348534256058,0.5272596020949633,0.0019893132964089832,0,0.03751868386340441,0.12541012500878423
1.0,0.5,2.0,2.0,0.01,0.02,5.0,250,two_speed,302,1.0001607785754005,1.9830880733335572,0.5200783272761813,0.001632930482447137,0,0.03324772635891121,0.12282708298880607
1.0,0.5,2.0,2.0,0.01,0.02,5.0,250,two_speed,303,0.9995918802876987,2.011531151089009,0.504198342452225,0.0020178254616049795,0,0.01784632762808981,0.12324891705065966
1.0,0.5,2.0,2.0,0.01,0.02,5.0,250,two_speed,304,1.0000862416627903,1.9889175678555433,0.5231999457406972,0.0017972711990924624,0,0.033708199632645375,0.12544420803897083
1.0,0.5,2.0,2.0,0.01,0.02,5.0,250,two_speed,305,1.0002278528139799,2.035078068617441,0.5242602968501051,0.002972623192990804,0,0.05258705353280169,0.12403366598300636
1.0,0.5,2.0,2.0,0.01,0.02,5.0,250,two_speed,306,1.0002345522309124,2.003424560543612,0.5155028783753693,0.0017697850119314496,0,0.021926880658750706,0.12380312499590218
1.0,0.5,2.0,2.0,0.01,0.02,5.0,250,two_speed,307,1.0002857490680586,2.0022673917957525,0.5255500519950517,0.002724533536902802,0,0.03536035063916517,0.12472216598689556
1.0,0.5,2.0,2.0,0.01,0.02,5.0,250,two_speed,308,1.0003715413024026,1.9750444250455321,0.524363215480388,0.0016692981895994239,0,0.04285209872885546,0.12302495806943625
1.0,0.5,2.0,2.0,0.01,0.02,5.0,250,two_speed,309,1.0005073362566086,1.9710200779666727,0.5326918555051895,0.002610403005253782,0,0.0542593250524032,0.12404533301014453
1.0,0.5,2.0,2.0,0.01,0.02,5.0,250,two_speed,310,1.0002881048922514,2.007891440827322,0.5217250848795796,0.001635975823735717,0,0.03018302761956408,0.12402216694317758
1.0,0.5,2.0,2.0,0.01,0.02,5.0,250,two_speed,311,1.0004022185866073,2.011481896282689,0.5228144900302446,0.0019379955214123884,0,0.03310512796116853,0.12434400001075119
1.0,0.5,2.0,2.0,0.01,0.02,5.0,250,two_speed,312,1.0005007111654871,1.9868691543571966,0.5177618370000064,0.002326337540781349,0,0.029198553785763973,0.12474304204806685
1.0,0.5,2.0,2.0,0.01,0.02,5.0,250,two_speed,313,1.0000892226324847,1.9840921331461179,0.510133231965054,0.0014023708978282124,0,0.02346824037225675,0.1253511250251904
1.0,0.5,2.0,2.0,0.01,0.02,5.0,250,two_speed,314,1.0002367032871042,2.011882891348172,0.5246792455789733,0.0032121378111413124,0,0.037598977324086874,0.1248476660111919
1.0,0.5,2.0,2.0,0.01,0.02,5.0,250,two_speed,315,0.9999932765603876,2.0152532551782403,0.5211105318743083,0.0017354374018056608,0,0.03359872813622203,0.12355612509418279
1.0,0.5,2.0,2.0,0.01,0.02,5.0,250,two_speed,316,0.9999050070697902,2.021488976261727,0.5214988569219361,0.001955859778953384,0,0.03856790412918556,0.12491429189685732
1.0,0.5,2.0,2.0,0.01,0.02,5.0,250,two_speed,317,1.0001323678978855,2.0096046283543605,0.5187776089268848,0.0016759658060330471,0,0.0278169858723184,0.12272512505296618
1.0,0.5,2.0,2.0,0.01,0.02,5.0,250,two_speed,318,1.0004519973570254,2.0213057221771122,0.5180298919711919,0.002242473489421652,0,0.03507008335776502,0.1247295830398798
1.0,0.5,2.0,2.0,0.01,0.02,5.0,250,two_speed,319,1.0002986246990206,1.9786487609154386,0.520061138266185,0.001836520772151466,0,0.036458074452765235,0.12381087499670684
1.0,0.5,2.0,2.0,0.01,0.02,5.0,250,two_speed,320,1.0000176076923109,2.001779326065926,0.5137442655877162,0.001806659404265729,0,0.020083833036803913,0.12559512502048165
1.0,0.5,2.0,2.0,0.01,0.02,5.0,250,two_speed,321,1.0001722897455925,2.004554804163293,0.534151401650325,0.0018671769328297636,0,0.04506425640424761,0.12306766607798636
1.0,0.5,2.0,2.0,0.01,0.02,5.0,250,two_speed,322,1.000725832538082,1.9796138058258068,0.5277211463527829,0.00315364332971859,0,0.04457234500957567,0.1236890839645639
1.0,0.5,2.0,2.0,0.01,0.02,5.0,250,two_speed,323,0.9999194365156749,2.0089752768735956,0.5236389852124254,0.001333049618109947,0,0.0331071749446614,0.12352937494870275
1.0,0.5,2.0,2.0,0.01,0.02,5.0,250,two_speed,324,0.9999357271051618,2.0122334177256116,0.5211402213813928,0.0025579639888200015,0,0.03337531790902412,0.12352591706439853
1.0,0.5,2.0,2.0,0.01,0.02,5.0,250,two_speed,325,1.0001724254367812,1.9947292749765417,0.5112640483605299,0.002258087234535104,0,0.019100557399990465,0.12346220889594406
1.0,0.5,2.0,2.0,0.01,0.02,5.0,250,two_speed,326,1.0005278000651583,1.9842232478774204,0.5231742357260424,0.0027294911961529143,0,0.036915091318947865,0.1244660000083968
1.0,0.5,2.0,2.0,0.01,0.02,5.0,250,two_speed,327,1.0000068477587116,2.01482273430696,0.5200671733045292,0.0015090338935239412,0,0.03195892599206037,0.12565362500026822
1.0,0.5,2.0,2.0,0.01,0.02,5.0,250,two_speed,328,1.0003636788581025,1.993961903960981,0.5337399961355361,0.0024129756582500434,0,0.04512982612366007,0.12258199998177588
1.0,0.5,2.0,2.0,0.01,0.02,5.0,250,two_speed,329,0.9999991579039317,1.999762975550745,0.5197223323406904,0.002236383596099276,0,0.02789451647669855,0.12388337508309633
1.0,0.5,2.0,2.0,0.01,0.02,5.0,250,two_speed,330,1.000483778838024,1.9871878391605509,0.5275941107674151,0.0030340719401083125,0,0.04078073828336406,0.12341995805036277
1.0,0.5,2.0,2.0,0.01,0.02,5.0,250,two_speed,331,1.000141771113429,1.9969189648073262,0.5211993434073343,0.00162337314093511,0,0.02860227998177655,0.12501108297146857
1.0,0.5,2.0,2.0,0.01,0.02,5.0,250,two_speed,332,1.000166272353829,2.03490011368147,0.5165626180691496,0.002087132245725552,0,0.04644475612723644,0.12352024996653199
1.0,0.5,2.0,2.0,0.01,0.02,5.0,250,two_speed,333,1.000138931306486,2.001649344345654,0.519016812848169,0.0019075901089559753,0,0.02622428789233797,0.1249987919582054
1.0,0.5,2.0,2.0,0.01,0.02,5.0,250,two_speed,334,1.0002061960418227,1.9858678469740756,0.5245299360424771,0.002555484504761804,0,0.037587804859465106,0.12428700004238635
1.0,0.5,2.0,2.0,0.01,0.02,5.0,250,two_speed,335,0.9999078577559192,2.0052754276484643,0.5224257743259114,0.0025122258521512084,0,0.03233420612062401,0.12363704200834036
1.0,0.5,2.0,2.0,0.01,0.02,5.0,250,two_speed,336,0.9995954200077641,2.0053238754893017,0.5193679518961689,0.003202211857396573,0,0.030853528394625795,0.12614145898260176
1.0,0.5,2.0,2.0,0.01,0.02,5.0,250,two_speed,337,1.0003454425315443,2.0024495811398926,0.5309832285366093,0.0031734796377448676,0,0.042558127964209116,0.12747120903804898
1.0,0.5,2.0,2.0,0.01,0.02,5.0,250,two_speed,338,1.0003089018815283,2.0058557492646485,0.5280478344156601,0.0020845724546572912,0,0.03771029693833748,0.1225242919754237
1.0,0.5,2.0,2.0,0.01,0.02,5.0,250,two_speed,339,1.0003053892337639,2.0191693961130817,0.5150714515207394,0.0016777859834236006,0,0.030233988485533013,0.12428529199678451
1.0,0.5,2.0,2.0,0.01,0.02,5.0,250,two_speed,340,1.0000126691570113,2.004187008892531,0.5194990240326088,0.0023947972803121885,0,0.028240530285192477,0.12413554103113711
1.0,0.5,2.0,2.0,0.01,0.02,5.0,250,two_speed,341,1.0000947503508804,2.039288538497198,0.5308016964050905,0.002441572510187595,0,0.06068541982533079,0.12353470805101097
1.0,0.5,2.0,2.0,0.01,0.02,5.0,250,two_speed,342,0.9999222463955285,1.9850981233901275,0.5179041965166022,0.0026676629098404928,0,0.03175962394618377,0.12453483301214874
1.0,0.5,2.0,2.0,0.01,0.02,5.0,250,two_speed,343,1.000235337014538,1.9943518694360247,0.5146884890803788,0.0015920067288648309,0,0.021261187413334777,0.1246541669825092
1.0,0.5,2.0,2.0,0.01,0.02,5.0,250,two_speed,344,0.9999213373014832,1.9907783115688629,0.5192297700613628,0.002300726168806345,0,0.029437643865400865,0.1256829999620095
1.0,0.5,2.0,2.0,0.01,0.02,5.0,250,two_speed,345,1.0003765137943164,1.9880848400500388,0.5299396660352287,0.002535916067420758,0,0.042367526381752306,0.1226739170961082
1.0,0.5,2.0,2.0,0.01,0.02,5.0,250,two_speed,346,1.000554662390048,1.9989117679396577,0.5260214769473598,0.002692728370847378,0,0.035372419041434525,0.12426904204767197
1.0,0.5,2.0,2.0,0.01,0.02,5.0,250,two_speed,347,1.000023609235549,2.0274299227582455,0.5338196953835819,0.002038849584297398,0,0.054324513095821696,0.12462433404289186
1.0,0.5,2.0,2.0,0.01,0.02,5.0,250,two_speed,348,1.000023844629908,2.0423326861052926,0.5121516915609159,0.0017353761665734914,0,0.051859334362704144,0.12271045800298452
1.0,0.5,2.0,2.0,0.01,0.02,5.0,250,two_speed,349,1.0002078553239155,1.9912173665968769,0.5228946495322118,0.0020578074725806734,0,0.032493872732593035,0.12405774998478591
1.0,0.5,2.0,2.0,0.01,0.02,5.0,250,two_speed,350,1.0002746716062672,2.01955812099334,0.5222973723357546,0.0023181127278877516,0,0.037781894481015384,0.12309337500482798
1.0,0.5,2.0,2.0,0.01,0.02,5.0,250,two_speed,351,0.9998240444985812,2.0187096068519765,0.5133550915122214,0.0020574157540041147,0,0.029665578663412708,0.12454704206902534
1.0,0.5,2.0,2.0,0.01,0.02,5.0,250,two_speed,352,1.0005105131140333,2.0029088423854917,0.521984483555473,0.001764660302086164,0,0.02913913107598787,0.12417675007600337
1.0,0.5,2.0,2.0,0.01,0.02,5.0,250,two_speed,353,1.000415320031558,1.9907726729201802,0.5305777757262299,0.0020944995574062445,0,0.04154314164863683,0.1275854998966679
1.0,0.5,2.0,2.0,0.01,0.02,5.0,250,two_speed,354,0.9998750742062642,1.9986803966811026,0.5172532187941117,0.002512738084169196,0,0.025852731539556726,0.12575041700620204
1.0,0.5,2.0,2.0,0.01,0.02,5.0,250,two_speed,355,1.0007505029919672,2.005460681605926,0.5184196198712238,0.002473565495083832,0,0.026511709233348304,0.12532208301126957
1.0,0.5,2.0,2.0,0.01,0.02,5.0,250,two_speed,356,1.0005009929463178,2.0043365674663773,0.5207675270507516,0.0028291125977558014,0,0.02999900535408821,0.1257266669999808
1.0,0.5,2.0,2.0,0.01,0.02,5.0,250,two_speed,357,1.000379334869905,2.0083959057031215,0.520487219888452,0.003331810104334862,0,0.03225930899524447,0.12480858305934817
1.0,0.5,2.0,2.0,0.01,0.02,5.0,250,two_speed,358,0.9999453323905706,2.0122697788320916,0.5296720858142636,0.0019177082772851768,0,0.041890670545159735,0.12249841599259526
1.0,0.5,2.0,2.0,0.01,0.02,5.0,250,two_speed,359,1.0001722026374296,2.0030077125280683,0.5241096183325562,0.004044185991890959,0,0.03696462170802605,0.12339829199481755
1.0,0.5,2.0,2.0,0.01,0.02,5.0,250,two_speed,360,0.9999175884456514,1.9890995739134887,0.5201887456735134,0.0015714098306804257,0,0.03019913917526553,0.12293595797382295
1.0,0.5,2.0,2.0,0.01,0.02,5.0,250,two_speed,361,1.000139707716381,1.9718493103238681,0.5268994704036042,0.0015354283788782234,0,0.04781945167746515,0.12327112501952797
1.0,0.5,2.0,2.0,0.01,0.02,5.0,250,two_speed,362,1.000430766931538,1.9741901681057756,0.5078265399825987,0.0023727449185334403,0,0.03327603811833032,0.12530733295716345
1.0,0.5,2.0,2.0,0.01,0.02,5.0,250,two_speed,363,1.000055145035518,2.0322614617629498,0.5014272155499155,0.0019026899713073693,0,0.038408797135223646,0.12516154104378074
1.0,0.5,2.0,2.0,0.01,0.02,5.0,250,two_speed,364,0.9999745442896406,2.0016864233386027,0.5084746457643481,0.002146673382335992,0,0.01545013168861915,0.12440158298704773
1.0,0.5,2.0,2.0,0.01,0.02,5.0,250,two_speed,365,0.9999698888037455,2.01154551749539,0.5217417794906951,0.0016279451925668674,0,0.03212758698204063,0.12458245793823153
1.0,0.5,2.0,2.0,0.01,0.02,5.0,250,two_speed,366,1.00049167241628,2.0075343540954105,0.5267211402281884,0.002505415386061248,0,0.03689538178889398,0.12306629191152751
1.0,0.5,2.0,2.0,0.01,0.02,5.0,250,two_speed,367,1.0002337932376708,1.9985831897861672,0.5194572082860411,0.0029342147626586416,0,0.028741084750247173,0.12340741697698832
1.0,0.5,2.0,2.0,0.01,0.02,5.0,250,two_speed,368,1.0001372026940594,1.990352797899656,0.5172470912442894,0.001797742565671683,0,0.026260287968145758,0.12281749991234392
1.0,0.5,2.0,2.0,0.01,0.02,5.0,250,two_speed,369,0.9998175784518102,2.001193012091946,0.5074955092659184,0.0015639829249322016,0,0.01284908353406227,0.12439108302351087
1.0,0.5,2.0,2.0,0.01,0.02,5.0,250,two_speed,370,0.9998103622324465,1.99834002611582,0.5109165006576872,0.0017026926567551227,0,0.016972723157421543,0.12363337504211813
1.0,0.5,2.0,2.0,0.01,0.02,5.0,250,two_speed,371,1.0001836274955063,2.0193751696922786,0.5282453157177112,0.0017880149451773972,0,0.043326797841362036,0.12397104199044406
1.0,0.5,2.0,2.0,0.01,0.02,5.0,250,two_speed,372,1.0002322179719978,1.9967548349913202,0.5300620405428876,0.0019404472231580724,0,0.0398399318658657,0.12432554096449167
1.0,0.5,2.0,2.0,0.01,0.02,5.0,250,two_speed,373,1.0002855504293713,2.0169432917384955,0.529486815612467,0.001998877654986952,0,0.04342480234882825,0.1247476669959724
1.0,0.5,2.0,2.0,0.01,0.02,5.0,250,two_speed,374,1.000319294117703,1.966170503083053,0.5195347815067858,0.002083895670453778,0,0.047030663019464035,0.12504929106216878
1.0,0.5,2.0,2.0,0.01,0.02,5.0,250,two_speed,375,1.0002264834391035,2.025666805890265,0.5121095935493384,0.0021493332811418245,0,0.03482978560416959,0.12283041700720787
1.0,0.5,2.0,2.0,0.01,0.02,5.0,250,two_speed,376,1.0004149679550929,2.0050049424892653,0.5218155827167225,0.002115739941009669,0,0.03003396602979699,0.12574395793490112
1.0,0.5,2.0,2.0,0.01,0.02,5.0,250,two_speed,377,1.0003668518807411,2.024674379244704,0.5308409052941757,0.002953167994252591,0,0.05016596559849753,0.12284524994902313
1.0,0.5,2.0,2.0,0.01,0.02,5.0,250,two_speed,378,1.0005157278808836,1.9645852236303207,0.5179526680056314,0.0027487252754458172,0,0.04816538095601485,0.12457216694019735
1.0,0.5,2.0,2.0,0.01,0.02,5.0,250,two_speed,379,1.0001897381411715,1.9791408186596233,0.5164717110040598,0.0017441446661698536,0,0.03296768080555448,0.12520495895296335
1.0,0.5,2.0,2.0,0.01,0.02,5.0,250,two_speed,380,0.9999147668857097,2.0065398153594556,0.523018479523523,0.0015871099925903675,0,0.03185739394290055,0.12322887498885393
1.0,0.5,2.0,2.0,0.01,0.02,5.0,250,two_speed,381,1.000193683726867,1.9685606046101436,0.5163620567802673,0.0032980524143949082,0,0.04450504276414623,0.12339908396825194
1.0,0.5,2.0,2.0,0.01,0.02,5.0,250,two_speed,382,1.0006001142872938,2.0319344799624193,0.5257272997587381,0.0021019566715414165,0,0.049771342872869155,0.12387299991678447
1.0,0.5,2.0,2.0,0.01,0.02,5.0,250,two_speed,383,1.0002823876477713,2.0246193541295194,0.5162453571029298,0.0023290317152073656,0,0.03684452738117183,0.12565358309075236
1.0,0.5,2.0,2.0,0.01,0.02,5.0,250,two_speed,384,1.0003139629747746,2.0565843078190036,0.5127617880053579,0.0016108301978584273,0,0.06732027395416412,0.12237512494903058
1.0,0.5,2.0,2.0,0.01,0.02,5.0,250,two_speed,385,1.0003680984100531,1.9640949898965971,0.5349119541723054,0.003104549792904945,0,0.06248322769635112,0.12491012492682785
1.0,0.5,2.0,2.0,0.01,0.02,5.0,250,two_speed,386,1.0001882169301852,2.0000134467911512,0.518067050232781,0.002403813368599842,0,0.025930652375432576,0.1235798749839887
1.0,0.5,2.0,2.0,0.01,0.02,5.0,250,two_speed,387,1.0003705818554736,2.0185001195486767,0.515048164432844,0.0032408231868117647,0,0.03246162802978122,0.12457883299794048
1.0,0.5,2.0,2.0,0.01,0.02,5.0,250,two_speed,388,1.0001548056043525,2.0238486614621287,0.524553393167677,0.0016513336080158701,0,0.04236780536814965,0.12841404089704156
1.0,0.5,2.0,2.0,0.01,0.02,5.0,250,two_speed,389,1.000127664904466,2.008849764213142,0.5205879837730837,0.002492853547774297,0,0.030942307014055797,0.12456512497738004
1.0,0.5,2.0,2.0,0.01,0.02,5.0,250,two_speed,390,1.0000248185659948,1.9908450007654936,0.5204607880070912,0.001661985202820479,0,0.02961323222110859,0.12559308297932148
1.0,0.5,2.0,2.0,0.01,0.02,5.0,250,two_speed,391,1.0002416888882988,1.9756695063864207,0.512172100805392,0.002738595280852281,0,0.03473695984055559,0.12648174993228167
1.0,0.5,2.0,2.0,0.01,0.02,5.0,250,two_speed,392,1.000372992558564,1.9703756780595585,0.5288848206855661,0.0028090493983396365,0,0.051942986085335575,0.12348016700707376
1.0,0.5,2.0,2.0,0.01,0.02,5.0,250,two_speed,393,1.000241012509889,2.0054825032479253,0.5141111583300928,0.0014156609158092377,0,0.020211580223541505,0.12499816704075783
1.0,0.5,2.0,2.0,0.01,0.02,5.0,250,two_speed,394,1.000068210633753,1.9715841587994976,0.518906367233782,0.0022888752998361447,0,0.042318609973085466,0.1232493749121204
1.0,0.5,2.0,2.0,0.01,0.02,5.0,250,two_speed,395,1.0001747343408822,2.01332214708474,0.5223590877403996,0.003023085158056437,0,0.035816975595857885,0.12349154194816947
1.0,0.5,2.0,2.0,0.01,0.02,5.0,250,two_speed,396,1.0008202355009785,1.9962757030315152,0.5229570143987429,0.003186649737239311,0,0.03273589651757188,0.12420383293647319
1.0,0.5,2.0,2.0,0.01,0.02,5.0,250,two_speed,397,1.0004448950310771,2.0313799894576876,0.5350854566963121,0.0023041873707421784,0,0.057971050659331634,0.12314891593996435
1.0,0.5,2.0,2.0,0.01,0.02,5.0,250,two_speed,398,0.9999181773136072,2.009646429791416,0.5074418134343084,0.0014665581151331315,0,0.01652497481319885,0.12387958297040313
1.0,0.5,2.0,2.0,0.01,0.02,5.0,250,two_speed,399,0.9999613809776889,1.9745654313448961,0.5226958858430029,0.0020814951001503347,0,0.04271395504905787,0.12471704196650535
