A,nu,a,at,dt,dtt,taut,n_steps,arm,seed,A_hat,xc_hat,nu_hat,fit_rms,at_bound,l2_vs_exact,runtime_s
1.0,0.5,1.5,1.5,0.005,0.01,2.0,200,cond_mean,0,1.0000373001673748,1.9916651217920778,0.5038273029471301,0.0011968881761604989,0,0.012292431586938208,0.08684091595932841
1.0,0.5,1.5,1.5,0.005,0.01,2.0,200,cond_mean,1,0.9999823477847503,2.0065090977119477,0.500020538328948,0.003112198750365021,0,0.017016151441357052,0.08669312507845461
1.0,0.5,1.5,1.5,0.005,0.01,2.0,200,cond_mean,2,0.9998880103639628,1.9982436579868723,0.49044118700625716,0.001157426004180732,0,0.0137478830447405,0.08695649995934218
1.0,0.5,1.5,1.5,0.005,0.01,2.0,200,cond_mean,3,1.0002642106529256,2.0025516527488425,0.4956203590493147,0.0015773153531266394,0,0.010505898605642867,0.08837708295322955
1.0,0.5,1.5,1.5,0.005,0.01,2.0,200,cond_mean,4,0.9997606504631357,1.9930149439208544,0.49613847462798644,0.002330174250388253,0,0.014749411187970296,0.08704400004353374
1.0,0.5,1.5,1.5,0.005,0.01,2.0,200,cond_mean,5,1.0002614818950462,2.000641272175848,0.5086061654913687,0.0020701450198002346,0,0.014825498661079867,0.08677729091141373
1.0,0.5,1.5,1.5,0.005,0.01,2.0,200,cond_mean,6,0.9999259586109909,1.975343480724714,0.4974043623271764,0.002011892056385712,0,0.03035206980027937,0.08731337508652359
1.0,0.5,1.5,1.5,0.005,0.01,2.0,200,cond_mean,7,0.9999153555932633,2.028057714849464,0.502661786748547,0.0020335784042055014,0,0.034044433005510306,0.08723012497648597
1.0,0.5,1.5,1.5,0.005,0.01,2.0,200,cond_mean,8,0.9997318231012644,1.9954306433679387,0.4886490082966788,0.0025733520872151315,0,0.019832974473642587,0.08644912496674806
1.0,0.5,1.5,1.5,0.005,0.01,2.0,200,cond_mean,9,1.0001757967185227,1.9908822785020674,0.5025446210452562,0.0019585974046416486,0,0.014568810612537909,0.08690049999859184
1.0,0.5,1.5,1.5,0.005,0.01,2.0,200,cond_mean,10,0.99988924982259,1.9913497905851991,0.49898764641773063,0.0017931372547264918,0,0.013360658001909479,0.08635250001680106
1.0,0.5,1.5,1.5,0.005,0.01,2.0,200,cond_mean,11,1.0004768968395332,2.018829505552641,0.5045942019988547,0.00232277378825746,0,0.025120533865208555,0.08685283304657787
1.0,0.5,1.5,1.5,0.005,0.01,2.0,200,cond_mean,12,0.9998056127441038,1.9935729041088592,0.4875446616002983,0.0018047474203474751,0,0.019765327773500832,0.08736283297184855
1.0,0.5,1.5,1.5,0.005,0.01,2.0,200,cond_mean,13,0.9999407185336399,2.0216438069117038,0.4958200615981379,0.002247996785808361,0,0.027847135379891384,0.08724645897746086
1.0,0.5,1.5,1.5,0.005,0.01,2.0,200,cond_mean,14,0.9997743825115607,2.007577013927933,0.4988104527962555,0.0014048959123373725,0,0.011238546314303358,0.09033579099923372
1.0,0.5,1.5,1.5,0.005,0.01,2.0,200,cond_mean,15,1.0003538857311245,1.9970772376244668,0.5043088959134628,0.002268705232158694,0,0.012721490622813704,0.09143658308312297
1.0,0.5,1.5,1.5,0.005,0.01,2.0,200,cond_mean,16,0.9998815976399617,2.0111441428888175,0.49451208752268616,0.0015846601801115434,0,0.016591230518122738,0.08984608401078731
1.0,0.5,1.5,1.5,0.005,0.01,2.0,200,cond_mean,17,1.0000831368980634,1.9888263960619283,0.498637042188402,0.0014245105545715724,0,0.014820845877275236,0.08862783305812627
1.0,0.5,1.5,1.5,0.005,0.01,2.0,200,cond_mean,18,1.000396468877369,2.011429991627288,0.4993776725901423,0.002368963645720983,0,0.01776014094747997,0.08763112500309944
1.0,0.5,1.5,1.5,0.005,0.01,2.0,200,cond_mean,19,1.0005728293017102,1.999702581409093,0.5038448327339531,0.002039540983138801,0,0.011007756203162758,0.087739875074476
1.0,0.5,1.5,1.5,0.005,0.01,2.0,200,cond_mean,20,1.0000037405699458,1.997458030088635,0.49531545692570056,0.0010998023563567293,0,0.00870338322724452,0.08839258295483887
1.0,0.5,1.5,1.5,0.005,0.01,2.0,200,cond_mean,21,1.0001303260842715,2.0193216196164756,0.5098989590252203,0.002368317709153903,0,0.02814807221118096,0.08687925001140684
1.0,0.5,1.5,1.5,0.005,0.01,2.0,200,cond_mean,22,0.9999516282149467,2.017515812892154,0.4961367460200184,0.002310349591421082,0,0.023772757335594502,0.08976591704413295
1.0,0.5,1.5,1.5,0.005,0.01,2.0,200,cond_mean,23,1.0001718645636077,1.9812135713133443,0.5020208342643576,0.002667014677286469,0,0.025439068708102353,0.08623708307277411
1.0,0.5,1.5,1.5,0.005,0.01,2.0,200,cond_mean,24,0.9995797619081204,2.008863266367547,0.4918261471792862,0.002938278037841965,0,0.02028762809421781,0.08731124992482364
1.0,0.5,1.5,1.5,0.005,0.01,2.0,200,cond_mean,25,1.0000191849981257,1.9911187590426938,0.5044935439830959,0.0028056552585191243,0,0.01807813754351294,0.08689837506972253
1.0,0.5,1.5,1.5,0.005,0.01,2.0,200,cond_mean,26,1.0001687958261833,2.011643155446059,0.5109615213376358,0.002236993600983949,0,0.022177384150420667,0.08908045897260308
1.0,0.5,1.5,1.5,0.005,0.01,2.0,200,cond_mean,27,0.9997584212418165,2.006450839525139,0.4991322149907427,0.0017052227727799903,0,0.011273103625247255,0.08624520804733038
1.0,0.5,1.5,1.5,0.005,0.01,2.0,200,cond_mean,28,1.0001004000719285,2.007258784145671,0.4994821624396658,0.0015769212789851625,0,0.011448702602185253,0.08813383302185684
1.0,0.5,1.5,1.5,0.005,0.01,2.0,200,cond_mean,29,0.999855908801762,2.011379845362965,0.49348145870980026,0.001733009569437096,0,0.017701552257054384,0.08652633405290544
1.0,0.5,1.5,1.5,0.005,0.01,2.0,200,cond_mean,30,1.000037156418701,2.008764529710231,0.5062238550498389,0.0016468454864976268,0,0.015247005798519021,0.086763208033517
1.0,0.5,1.5,1.5,0.005,0.01,2.0,200,cond_mean,31,1.0004698311918234,1.9984621268293357,0.5038953887075179,0.002030706496043897,0,0.011109775211493195,0.08682466694153845
1.0,0.5,1.5,1.5,0.005,0.01,2.0,200,cond_mean,32,0.9997684933579379,2.0197756070028694,0.5034798104833782,0.004276305123540443,0,0.03146124488215668,0.08684754103887826
1.0,0.5,1.5,1.5,0.005,0.01,2.0,200,cond_mean,33,0.9999677240470928,2.012339238294957,0.49952847651933613,0.002019782979921124,0,0.01736807244632188,0.08679245796520263
1.0,0.5,1.5,1.5,0.005,0.01,2.0,200,cond_mean,34,0.9999232989675425,2.016986668427485,0.4939465824330672,0.0016018113088901713,0,0.022583107401188202,0.08633891609497368
1.0,0.5,1.5,1.5,0.005,0.01,2.0,200,cond_mean,35,1.0003790944619264,2.0103953105419095,0.5016034391639671,0.002170435422139045,0,0.016176267055664346,0.0865852499846369
1.0,0.5,1.5,1.5,0.005,0.01,2.0,200,cond_mean,36,1.0000379377179662,1.9993801440145698,0.4966877761922008,0.001364827043098089,0,0.008063866563569286,0.08760879095643759
1.0,0.5,1.5,1.5,0.005,0.01,2.0,200,cond_mean,37,0.9999040509890156,1.984275323787586,0.49633608355530323,0.0021081431320252295,0,0.021409639543856825,0.08675883302930743
1.0,0.5,1.5,1.5,0.005,0.01,2.0,200,cond_mean,38,1.0002288858440114,1.9894120331860154,0.5058619595974924,0.0014462416188194367,0,0.015859433240353025,0.08690833300352097
1.0,0.5,1.5,1.5,0.005,0.01,2.0,200,cond_mean,39,0.9997485812889043,1.9924169109755034,0.4967513570133963,0.0022009847778531252,0,0.014430081911551438,0.09525425010360777
1.0,0.5,1.5,1.5,0.005,0.01,2.0,200,cond_mean,40,1.0000446454910188,1.9896633611663876,0.49785159368221754,0.002470911658660175,0,0.017279143036881457,0.08666633302345872
1.0,0.5,1.5,1.5,0.005,0.01,2.0,200,cond_mean,41,1.0003850669553314,2.0017393680393107,0.5127018731642289,0.001913527711679929,0,0.01855135665161117,0.0884152080398053
1.0,0.5,1.5,1.5,0.005,0.01,2.0,200,cond_mean,42,0.999817699130317,1.9962041508650001,0.4959475533422925,0.0019064929091756027,0,0.011473330449876721,0.08730399992782623
1.0,0.5,1.5,1.5,0.005,0.01,2.0,200,cond_mean,43,1.000056496624485,2.0083679681444067,0.503050712938786,0.0014147634155644855,0,0.0124962164107913,0.08775770792271942
1.0,0.5,1.5,1.5,0.005,0.01,2.0,200,cond_mean,44,0.9999247146343861,1.997583971244199,0.5023632974876893,0.0019915735036433436,0,0.010675808175177718,0.08661433402448893
1.0,0.5,1.5,1.5,0.005,0.01,2.0,200,cond_mean,45,0.9999230773728928,2.0073596058530883,0.4997919128313865,0.0014524656125803465,0,0.011096755029832117,0.08653374994173646
1.0,0.5,1.5,1.5,0.005,0.01,2.0,200,cond_mean,46,0.9999702424270859,2.0037753223115464,0.49950507216737466,0.001570953556353117,0,0.008874900862022049,0.08818891702685505
1.0,0.5,1.5,1.5,0.005,0.01,2.0,200,cond_mean,47,1.0000491053115153,2.0075487659564613,0.5071387569282539,0.002054515853340459,0,0.016201958896814587,0.08779087499715388
1.0,0.5,1.5,1.5,0.005,0.01,2.0,200,cond_mean,48,0.9997749450981173,2.0095981735541084,0.5069423361770268,0.0020562097198046684,0,0.01775808431531285,0.08787849999498576
1.0,0.5,1.5,1.5,0.005,0.01,2.0,200,cond_mean,49,0.9998183554265474,1.975993319839912,0.5020829431769295,0.0022519080239880437,0,0.02998665634199478,0.0868722089799121
1.0,0.5,1.5,1.5,0.005,0.01,2.0,200,cond_mean,50,1.0002292674332085,2.0106719881817643,0.507440715774324,0.0018699331384818588,0,0.01794418468216768,0.08695133298169822
1.0,0.5,1.5,1.5,0.005,0.01,2.0,200,cond_mean,51,0.9995584521105672,2.0222245724833843,0.4962339413863644,0.0024552442822556686,0,0.0287396824865976,0.08679904195014387
1.0,0.5,1.5,1.5,0.005,0.01,2.0,200,cond_mean,52,0.9999459816807929,1.9923843932750036,0.49131107696744264,0.0015107472553846338,0,0.016169503703202418,0.08781883295159787
1.0,0.5,1.5,1.5,0.005,0.01,2.0,200,cond_mean,53,0.9996270162487109,1.993927483939691,0.49563291482090716,0.0023890117770081864,0,0.014590336125910163,0.08735416608396918
1.0,0.5,1.5,1.5,0.005,0.01,2.0,200,cond_mean,54,1.0000809658992742,2.0124420309400235,0.5004442144925524,0.0027749897441140823,0,0.01979748974387374,0.08748900005593896
1.0,0.5,1.5,1.5,0.005,0.01,2.0,200,cond_mean,55,1.0001181155006924,1.9930855296866912,0.5039560744332584,0.003987689891198246,0,0.021726520373493072,0.08798124990426004
1.0,0.5,1.5,1.5,0.005,0.01,2.0,200,cond_mean,56,1.0002469792468764,1.990997065017905,0.5072946325661775,0.0019233616190877415,0,0.016699953407588425,0.08712162496522069
1.0,0.5,1.5,1.5,0.005,0.01,2.0,200,cond_mean,57,1.000134373927348,2.017793814214639,0.5004628155588206,0.0015238716271040395,0,0.021874681029219262,0.08850474993232638
1.0,0.5,1.5,1.5,0.005,0.01,2.0,200,cond_mean,58,0.9999578013886149,1.9974856020173921,0.5054519416157957,0.00243857259752548,0,0.014263156451655675,0.08661958295851946
1.0,0.5,1.5,1.5,0.005,0.01,2.0,200,cond_mean,59,0.9997521192327191,2.0066512251376203,0.4987339336626034,0.0015121004475367214,0,0.010794208050398364,0.08890774997416884
1.0,0.5,1.5,1.5,0.005,0.01,2.0,200,cond_mean,60,0.999968621990887,1.9959920851405089,0.5022085248138511,0.0016143631251240309,0,0.00963738254827957,0.08743787498679012
1.0,0.5,1.5,1.5,0.005,0.01,2.0,200,cond_mean,61,1.0000565142086115,2.0200401106685475,0.49984927409231106,0.002071968209834661,0,0.025278736568267648,0.087713708053343
1.0,0.5,1.5,1.5,0.005,0.01,2.0,200,cond_mean,62,1.000334453652216,1.9916460975826709,0.5054439810665,0.001898450522870321,0,0.014901290082235587,0.08716929203364998
1.0,0.5,1.5,1.5,0.005,0.01,2.0,200,cond_mean,63,0.9998706280996169,2.0113279900738785,0.49288384983732764,0.0015364855017942667,0,0.017642334212676754,0.0880673750070855
1.0,0.5,1.5,1.5,0.005,0.01,2.0,200,cond_mean,64,1.000154839806197,1.9960549646363712,0.5014408641068733,0.0024775693034253064,0,0.013082833133362712,0.09219083399511874
1.0,0.5,1.5,1.5,0.005,0.01,2.0,200,cond_mean,65,1.0001782894341376,2.0109902404557456,0.5089447156200713,0.0015319840220957164,0,0.018539279341540035,0.08630224992521107
1.0,0.5,1.5,1.5,0.005,0.01,2.0,200,cond_mean,66,1.0000684763608954,1.994100492655757,0.5038118204766857,0.0021317819368028815,0,0.013396434484409492,0.08668958290945739
1.0,0.5,1.5,1.5,0.005,0.01,2.0,200,cond_mean,67,0.9998922744510362,1.9882025406390587,0.4982577355330432,0.001533095691483099,0,0.015711102589815135,0.08741641696542501
1.0,0.5,1.5,1.5,0.005,0.01,2.0,200,cond_mean,68,0.9998244290057623,2.0229799064060443,0.5020461583792135,0.0017249376214407894,0,0.028007721396469194,0.08758500008843839
1.0,0.5,1.5,1.5,0.005,0.01,2.0,200,cond_mean,69,1.000082934321814,2.0148548199807124,0.5018491013410808,0.001308660577715937,0,0.018439993438334787,0.08712008304428309
1.0,0.5,1.5,1.5,0.005,0.01,2.0,200,cond_mean,70,1.000044650037438,2.007779310767377,0.506108935597643,0.0013657953768526129,0,0.013697604976295935,0.08807504188735038
1.0,0.5,1.5,1.5,0.005,0.01,2.0,200,cond_mean,71,1.0002290395301954,2.004212701440369,0.500486264182581,0.0019461080542137058,0,0.010762713692480096,0.0875331669813022
1.0,0.5,1.5,1.5,0.005,0.01,2.0,200,cond_mean,72,0.9999968564238438,1.9931233410246672,0.5026947647468412,0.0019546869889197163,0,0.012927099024130362,0.08596545795444399
1.0,0.5,1.5,1.5,0.005,0.01,2.0,200,cond_mean,73,0.9998398800512801,1.98925255598661,0.5051845531130988,0.0015522266851735096,0,0.016190933337483917,0.08703829103615135
1.0,0.5,1.5,1.5,0.005,0.01,2.0,200,cond_mean,74,1.0000167169393122,2.001736779116678,0.5086370383774713,0.0022464367854491563,0,0.01589944011689297,0.08668575005140156
1.0,0.5,1.5,1.5,0.005,0.01,2.0,200,cond_mean,75,0.9999365525106125,1.9928679706629941,0.5071020740502764,0.002011699143415094,0,0.01589855605224121,0.08705183293204755
1.0,0.5,1.5,1.5,0.005,0.01,2.0,200,cond_mean,76,1.0004169820188942,2.0059068508907756,0.4970359675065393,0.0023031852381995297,0,0.014188278154372092,0.08609520795289427
1.0,0.5,1.5,1.5,0.005,0.01,2.0,200,cond_mean,77,0.9999251671062939,2.042855855795366,0.49822690313309975,0.002745392917095545,0,0.0513341732899423,0.08773699996527284
1.0,0.5,1.5,1.5,0.005,0.01,2.0,200,cond_mean,78,0.999773490956268,1.989345687811037,0.49934576085936216,0.001594389930073933,0,0.014619967482781045,0.08663400006480515
1.0,0.5,1.5,1.5,0.005,0.01,2.0,200,cond_mean,79,1.0000044741866163,1.9934323820281834,0.5069318311555493,0.0015718908323261397,0,0.014101442235486435,0.08838533295784146
1.0,0.5,1.5,1.5,0.005,0.01,2.0,200,cond_mean,80,1.0003486317208157,1.991478520036577,0.5031457851942794,0.0020478226980226405,0,0.014529229913792773,0.08640695898793638
1.0,0.5,1.5,1.5,0.005,0.01,2.0,200,cond_mean,81,1.0003143541144472,1.9842305236575657,0.5056721004709436,0.0015498151604071786,0,0.020842386689055133,0.0922966250218451
1.0,0.5,1.5,1.5,0.005,0.01,2.0,200,cond_mean,82,1.0003487393555128,2.013967505503155,0.5052117860528753,0.0019417341350332147,0,0.019718292811627132,0.09114570799283683
1.0,0.5,1.5,1.5,0.005,0.01,2.0,200,cond_mean,83,0.9998792307477441,1.9938588036175204,0.49904748641212016,0.001943798357312494,0,0.011934290145513029,0.08962258300743997
1.0,0.5,1.5,1.5,0.005,0.01,2.0,200,cond_mean,84,0.9998579462085556,1.9828751971425709,0.49574137507975996,0.0012508049362078707,0,0.02141556210121541,0.09099325002171099
1.0,0.5,1.5,1.5,0.005,0.01,2.0,200,cond_mean,85,1.0002553765526385,2.007215412836096,0.49231042942097125,0.0021635696530442703,0,0.017256325771189237,0.09026454202830791
1.0,0.5,1.5,1.5,0.005,0.01,2.0,200,cond_mean,86,0.9997835967191874,1.9925968361618882,0.5029663044333367,0.0028296522075720986,0,0.016874623724126275,0.09048529108986259
1.0,0.5,1.5,1.5,0.005,0.01,2.0,200,cond_mean,87,0.9992832834680729,1.9985597860714792,0.4915705744275756,0.0026433770095627912,0,0.01643788801924334,0.092402333044447
1.0,0.5,1.5,1.5,0.005,0.01,2.0,200,cond_mean,88,1.0004407518393779,1.9840832546480234,0.5048871686065304,0.0024717888505375093,0,0.02275848844180442,0.08948679093737155
1.0,0.5,1.5,1.5,0.005,0.01,2.0,200,cond_mean,89,1.000107334816214,2.0154598458530604,0.4968182113529128,0.0022092651715373553,0,0.021381911610132663,0.09201925003435463
1.0,0.5,1.5,1.5,0.005,0.01,2.0,200,cond_mean,90,0.999960127817982,2.001359894182178,0.49990853911798494,0.0022092661477405664,0,0.01095130928492885,0.08779629191849381
1.0,0.5,1.5,1.5,0.005,0.01,2.0,200,cond_mean,91,1.0000452405470077,2.0081335256286,0.5041605119957718,0.0030592268611999,0,0.018516592119371213,0.08917024999391288
1.0,0.5,1.5,1.5,0.005,0.01,2.0,200,cond_mean,92,1.000010725633311,1.989922053230979,0.5027549137800479,0.0018282700176333751,0,0.015115606043714883,0.08716891694348305
1.0,0.5,1.5,1.5,0.005,0.01,2.0,200,cond_mean,93,1.0004015432063342,1.988619727549756,0.5078771308442058,0.0021201632492834914,0,0.01926926337068182,0.08793091704137623
1.0,0.5,1.5,1.5,0.005,0.01,2.0,200,cond_mean,94,1.0001029585100683,2.0201435900238214,0.5072056731709793,0.002060792027749496,0,0.026896427690560908,0.08677233406342566
1.0,0.5,1.5,1.5,0.005,0.01,2.0,200,cond_mean,95,1.000104035904914,2.011310839780133,0.5020669593792852,0.0014545307226153017,0,0.015093567031092686,0.08782491704914719
1.0,0.5,1.5,1.5,0.005,0.01,2.0,200,cond_mean,96,0.9997947443544564,1.9961720943865378,0.509771317360842,0.001908154347959714,0,0.016777305293428562,0.08652950008399785
1.0,0.5,1.5,1.5,0.005,0.01,2.0,200,cond_mean,97,1.0003861036687482,1.9941273294612973,0.49704309484809917,0.0028145426491298035,0,0.01620379838469551,0.08650312491226941
1.0,0.5,1.5,1.5,0.005,0.01,2.0,200,cond_mean,98,1.0000657227475733,2.0180157644158765,0.5064074009535416,0.002080258417230229,0,0.024576895813386825,0.08769845799542964
1.0,0.5,1.5,1.5,0.005,0.01,2.0,200,cond_mean,99,1.0000696336436965,1.980596255947485,0.5002185070013974,0.0021882841552786424,0,0.024844249356547075,0.08748583402484655
1.0,0.5,1.5,1.5,0.005,0.01,2.0,200,cond_mean,100,1.0002833481428222,2.010873044935136,0.509871899113518,0.0018110633367802035,0,0.01967656253863599,0.08721479203086346
1.0,0.5,1.5,1.5,0.005,0.01,2.0,200,cond_mean,101,0.9999339813116931,1.98019304852598,0.4942429490079239,0.0020329048201585473,0,0.02604447687742583,0.08657479204703122
1.0,0.5,1.5,1.5,0.005,0.01,2.0,200,cond_mean,102,1.0001224783296612,2.0040623899648,0.5076121315643363,0.0030852730665966843,0,0.018548298062753335,0.08653945801779628
1.0,0.5,1.5,1.5,0.005,0.01,2.0,200,cond_mean,103,1.0002453501858088,1.991627311406992,0.5069793870541583,0.0022353021529970167,0,0.017006088078186418,0.08637183299288154
1.0,0.5,1.5,1.5,0.005,0.01,2.0,200,cond_mean,104,1.0001275246560473,2.022251236278265,0.5063294641225986,0.001777440889208636,0,0.028246235722528584,0.08791983302216977
1.0,0.5,1.5,1.5,0.005,0.01,2.0,200,cond_mean,105,1.0002457138427052,1.9911115766139202,0.503494580079276,0.0022467680482513453,0,0.015639986056932315,0.08700733305886388
1.0,0.5,1.5,1.5,0.005,0.01,2.0,200,cond_mean,106,1.0001588671842683,2.01522040598842,0.5082598196404018,0.0019672011139228733,0,0.02258039619692415,0.08702166599687189
1.0,0.5,1.5,1.5,0.005,0.01,2.0,200,cond_mean,107,1.000083993906777,2.0135905228175806,0.5049152610648812,0.0015792484695987122,0,0.018565936095402993,0.08734987489879131
1.0,0.5,1.5,1.5,0.005,0.01,2.0,200,cond_mean,108,1.0001784430034206,2.004845617863203,0.5006485524404636,0.002002854984704282,0,0.011339618657153619,0.08796862501185387
1.0,0.5,1.5,1.5,0.005,0.01,2.0,200,cond_mean,109,0.999724026068391,2.0076224441966213,0.49599479166388466,0.001654324320901126,0,0.012904049418228666,0.08704533393029124
1.0,0.5,1.5,1.5,0.005,0.01,2.0,200,cond_mean,110,1.0000790275196008,2.012293910460091,0.49753070024362694,0.0016136923415654314,0,0.01663292754192267,0.08803075004834682
1.0,0.5,1.5,1.5,0.005,0.01,2.0,200,cond_mean,111,1.000237783575344,1.999068467383178,0.5096657275230666,0.0020642009760360245,0,0.015877494595636855,0.08991837501525879
1.0,0.5,1.5,1.5,0.005,0.01,2.0,200,cond_mean,112,0.9997088114956039,2.0188921025900046,0.5019584102960235,0.0028011406428801325,0,0.025977942119501093,0.08714029204566032
1.0,0.5,1.5,1.5,0.005,0.01,2.0,200,cond_mean,113,1.0000417483130974,2.0076415888895585,0.4960026147282893,0.0015290168474146762,0,0.01277451402469923,0.08754058298654854
1.0,0.5,1.5,1.5,0.005,0.01,2.0,200,cond_mean,114,1.000016112544313,1.9778405798134113,0.5005113047989695,0.002212560691779739,0,0.02779717281657971,0.08610799990128726
1.0,0.5,1.5,1.5,0.005,0.01,2.0,200,cond_mean,115,1.0002583172708879,1.9802744379148738,0.49939859070652237,0.0022701982782202096,0,0.025413678612528155,0.0877001250628382
1.0,0.5,1.5,1.5,0.005,0.01,2.0,200,cond_mean,116,0.9999411944866992,1.9928017204050315,0.5081913708598107,0.0014480214164883255,0,0.015369336644791032,0.08616983308456838
1.0,0.5,1.5,1.5,0.005,0.01,2.0,200,cond_mean,117,1.0002915130217958,1.980221993091844,0.5062355811089392,0.001893571703162501,0,0.025773132486746664,0.08691816707141697
1.0,0.5,1.5,1.5,0.005,0.01,2.0,200,cond_mean,118,1.0000754221377832,1.9792507765675782,0.4966402678842133,0.0024267846450904264,0,0.027214750631469886,0.08802504208870232
1.0,0.5,1.5,1.5,0.005,0.01,2.0,200,cond_mean,119,1.0000783180106405,1.98422420957998,0.4964071713676199,0.0018191031468882076,0,0.020912689644194293,0.08791358396410942
1.0,0.5,1.5,1.5,0.005,0.01,2.0,200,cond_mean,120,1.000156386520175,1.9881744934957974,0.4997117051372591,0.0017871974989001813,0,0.016261173120678638,0.0859937920467928
1.0,0.5,1.5,1.5,0.005,0.01,2.0,200,cond_mean,121,1.000177501829683,1.9825971482467162,0.5026645046373173,0.0018535144736415673,0,0.022255892208332653,0.08709945902228355
1.0,0.5,1.5,1.5,0.005,0.01,2.0,200,cond_mean,122,1.0001344192616042,2.005254545040071,0.5048252785510392,0.001930100258582157,0,0.012775626213278346,0.08690737502183765
1.0,0.5,1.5,1.5,0.005,0.01,2.0,200,cond_mean,123,0.9999989648302386,2.001279908422891,0.49802533691323536,0.0016509681063226738,0,0.008630132896748062,0.08740125002805144
1.0,0.5,1.5,1.5,0.005,0.01,2.0,200,cond_mean,124,0.9998002338768819,2.0087096757548673,0.4986842923276839,0.001698454971784095,0,0.013157038807500894,0.0869383750250563
1.0,0.5,1.5,1.5,0.005,0.01,2.0,200,cond_mean,125,1.0002847427791606,1.9999679309842042,0.5046624171466911,0.002191950620217116,0,0.012143181936043647,0.08621574996504933
1.0,0.5,1.5,1.5,0.005,0.01,2.0,200,cond_mean,126,0.9997933604245243,2.0000203681876676,0.5043310149367787,0.0020419401635041034,0,0.011763539855792933,0.08833829197101295
1.0,0.5,1.5,1.5,0.005,0.01,2.0,200,cond_mean,127,1.0004426965591326,1.9908075724299754,0.503952265758321,0.0016901500386796182,0,0.014241784827524947,0.08671895798761398
1.0,0.5,1.5,1.5,0.005,0.01,2.0,200,cond_mean,128,1.0003487952929782,1.9821771113456248,0.5000232557067211,0.0027287507580142745,0,0.02460666144382291,0.08788504195399582
1.0,0.5,1.5,1.5,0.005,0.01,2.0,200,cond_mean,129,1.0001709158869516,2.0020011196661525,0.498682256504754,0.0017432784413564705,0,0.009134814820661351,0.08697883307468146
1.0,0.5,1.5,1.5,0.005,0.01,2.0,200,cond_mean,130,0.9999355914300461,2.0137191556519207,0.4997247941560041,0.00260666321806133,0,0.020365403276392278,0.08750729204621166
1.0,0.5,1.5,1.5,0.005,0.01,2.0,200,cond_mean,131,0.9999268288367297,2.01747405231767,0.5053385378061913,0.0016600480659128432,0,0.022871252567411366,0.08803424995858222
1.0,0.5,1.5,1.5,0.005,0.01,2.0,200,cond_mean,132,1.0001083558004218,2.0079881327131006,0.4988219777147348,0.0017164163767494152,0,0.012624451292670954,0.08638987503945827
1.0,0.5,1.5,1.5,0.005,0.01,2.0,200,cond_mean,133,0.9999714502748849,1.9830331550998928,0.49056235109284085,0.002016923644111494,0,0.025294883518396163,0.08735395793337375
1.0,0.5,1.5,1.5,0.005,0.01,2.0,200,cond_mean,134,1.0000214537476988,2.0272276946610712,0.5026981259691882,0.001646405226689315,0,0.03259671064075246,0.08746412501204759
1.0,0.5,1.5,1.5,0.005,0.01,2.0,200,cond_mean,135,1.0003140857922181,2.00258727710832,0.5016987981587778,0.0026519698470916287,0,0.013503753022317362,0.08729050005786121
1.0,0.5,1.5,1.5,0.005,0.01,2.0,200,cond_mean,136,0.9998783826916128,2.004242571300885,0.5041230174200972,0.0021784196150895535,0,0.013067776137389728,0.0873271250165999
1.0,0.5,1.5,1.5,0.005,0.01,2.0,200,cond_mean,137,1.0000496433852346,2.0154169011052083,0.50239152453386,0.0022155138591248803,0,0.021072144320270877,0.08690262504387647
1.0,0.5,1.5,1.5,0.005,0.01,2.0,200,cond_mean,138,0.9999418029074629,1.989986106745841,0.4993807155560692,0.0013998420933401122,0,0.013471853228842602,0.08836499997414649
1.0,0.5,1.5,1.5,0.005,0.01,2.0,200,cond_mean,139,0.9999536808427764,2.0149934856192773,0.504141106744416,0.0017369355017862165,0,0.020033225051244333,0.08757266693282872
1.0,0.5,1.5,1.5,0.005,0.01,2.0,200,cond_mean,140,0.9997053765346215,1.9879150169366553,0.4928101379657888,0.0022210888975669105,0,0.019865077591487517,0.08848987508099526
1.0,0.5,1.5,1.5,0.005,0.01,2.0,200,cond_mean,141,0.9999686932718461,1.9785023157501496,0.49789362378103774,0.0016082619004289878,0,0.026214018190884654,0.09181754197925329
1.0,0.5,1.5,1.5,0.005,0.01,2.0,200,cond_mean,142,1.0002636302758092,1.9875590577399171,0.503917061611457,0.00217963781765279,0,0.018522145752042026,0.09616954100783914
1.0,0.5,1.5,1.5,0.005,0.01,2.0,200,cond_mean,143,0.9999257144946121,2.011417628156577,0.4927180712533895,0.0026503474121040375,0,0.020825416969086928,0.09158366697374731
1.0,0.5,1.5,1.5,0.005,0.01,2.0,200,cond_mean,144,1.000204267134948,2.0238127452830406,0.5063324392575262,0.0016477681969426744,0,0.02962639507546462,0.08736816607415676
1.0,0.5,1.5,1.5,0.005,0.01,2.0,200,cond_mean,145,1.0003096989169091,1.9919704793968693,0.4966373366415365,0.0025124913425477254,0,0.016326537988432706,0.09097083401866257
1.0,0.5,1.5,1.5,0.005,0.01,2.0,200,cond_mean,146,1.0003123261928355,2.027065726343502,0.5057097603350577,0.0017597247502026821,0,0.03310111143480073,0.09205083304550499
1.0,0.5,1.5,1.5,0.005,0.01,2.0,200,cond_mean,147,1.0004056934532608,1.9975698204800614,0.5008032803656178,0.0027166497974399667,0,0.013736487897269091,0.09415224997792393
1.0,0.5,1.5,1.5,0.005,0.01,2.0,200,cond_mean,148,1.0003716088061254,1.9894505247603695,0.5162791046230846,0.0025105660908925783,0,0.02672779955485409,0.10694804205559194
1.0,0.5,1.5,1.5,0.005,0.01,2.0,200,cond_mean,149,0.9999340316999924,1.9862758971984669,0.5000121076083157,0.0018200169058153342,0,0.018192083684667362,0.09247958299238235
1.0,0.5,1.5,1.5,0.005,0.01,2.0,200,cond_mean,150,1.000297072262094,1.991744926600838,0.508797765878028,0.002031973188468247,0,0.017618792136036114,0.09161670797038823
1.0,0.5,1.5,1.5,0.005,0.01,2.0,200,cond_mean,151,0.9998534041881907,1.9974040444705254,0.49975418904657526,0.002370525192179611,0,0.012026134892528512,0.09033183299470693
1.0,0.5,1.5,1.5,0.005,0.01,2.0,200,cond_mean,152,1.000211247840757,1.9848137684672404,0.5021825719793644,0.0015444036126831893,0,0.01925996705146051,0.09005704103037715
1.0,0.5,1.5,1.5,0.005,0.01,2.0,200,cond_mean,153,0.9999408788819383,1.9923044337004983,0.5054957365669532,0.0018012047233652347,0,0.01451498741517597,0.0868277499685064
1.0,0.5,1.5,1.5,0.005,0.01,2.0,200,cond_mean,154,1.000149568770494,2.015675217405196,0.49899509307944956,0.0013440562630498598,0,0.019351716676304198,0.08774058392737061
1.0,0.5,1.5,1.5,0.005,0.01,2.0,200,cond_mean,155,0.9995188320573405,1.9976904326807279,0.4916137168216198,0.0025968009319516424,0,0.016514545972964405,0.08695487503428012
1.0,0.5,1.5,1.5,0.005,0.01,2.0,200,cond_mean,156,0.9998566821572968,2.0035668074186797,0.5017963964271491,0.0018314305903060436,0,0.01025138443955653,0.08691474993247539
1.0,0.5,1.5,1.5,0.005,0.01,2.0,200,cond_mean,157,0.9997049476298845,1.9846297508235005,0.4966527363067781,0.0022313058326982006,0,0.021263714724338693,0.08659837499726564
1.0,0.5,1.5,1.5,0.005,0.01,2.0,200,cond_mean,158,1.0003193437474829,2.0252867975555784,0.5039638299544582,0.0038801635167871533,0,0.035173489264615394,0.087247584015131
1.0,0.5,1.5,1.5,0.005,0.01,2.0,200,cond_mean,159,0.9999729249107479,2.0021092362972515,0.5033654500574413,0.001742058425834777,0,0.009940751699723213,0.08864641597028822
1.0,0.5,1.5,1.5,0.005,0.01,2.0,200,cond_mean,160,1.0002507861518959,2.0058222389014704,0.49986867417023056,0.0018837559367315946,0,0.011504374101013813,0.08779754198621958
1.0,0.5,1.5,1.5,0.005,0.01,2.0,200,cond_mean,161,1.000085100888825,2.001165302209942,0.5076873919735715,0.0017738253214107187,0,0.013231987746025716,0.0888863749569282
1.0,0.5,1.5,1.5,0.005,0.01,2.0,200,cond_mean,162,1.0003248564787697,2.017742351813197,0.5040320782840374,0.0025098205764225385,0,0.024358890580146165,0.08667279104702175
1.0,0.5,1.5,1.5,0.005,0.01,2.0,200,cond_mean,163,1.0002971908179712,2.0183118060680405,0.5076772424887038,0.002154168630585954,0,0.025431557398651997,0.08800049999263138
1.0,0.5,1.5,1.5,0.005,0.01,2.0,200,cond_mean,164,1.0000467678987557,1.9986076539608044,0.506371447560496,0.002082922772090642,0,0.013202999187867498,0.08534820808563381
1.0,0.5,1.5,1.5,0.005,0.01,2.0,200,cond_mean,165,1.0002514518951837,2.008256713084785,0.5030168293530615,0.002202741826328085,0,0.014830819630136773,0.08781925006769598
1.0,0.5,1.5,1.5,0.005,0.01,2.0,200,cond_mean,166,1.0000056012394782,1.998473625090593,0.5042742697138015,0.0012828312311679278,0,0.008590254230329249,0.09219491598196328
1.0,0.5,1.5,1.5,0.005,0.01,2.0,200,cond_mean,167,0.9998651613870937,1.9967935043269365,0.5066000546980406,0.0012675328094252725,0,0.011495345816496343,0.09081866696942598
1.0,0.5,1.5,1.5,0.005,0.01,2.0,200,cond_mean,168,0.9999118850867565,2.0072362569989926,0.49691116098857213,0.002090933003450655,0,0.013783523211636752,0.08800966595299542
1.0,0.5,1.5,1.5,0.005,0.01,2.0,200,cond_mean,169,0.9996464501137693,1.997746253404051,0.5001267118893584,0.001964854483427175,0,0.010149196923463631,0.092729999916628
1.0,0.5,1.5,1.5,0.005,0.01,2.0,200,cond_mean,170,1.0000102798101953,2.002356963324207,0.5120741738719496,0.001613795426543405,0,0.017796203017618275,0.08761858299840242
1.0,0.5,1.5,1.5,0.005,0.01,2.0,200,cond_mean,171,1.0002514418413353,1.9967536039104554,0.49797323919986697,0.002370899670440804,0,0.012689769588223562,0.08844341698568314
1.0,0.5,1.5,1.5,0.005,0.01,2.0,200,cond_mean,172,1.00027028966531,1.9926287193950838,0.5108675995623677,0.0018373056626610736,0,0.018426888076771526,0.08844649989623576
1.0,0.5,1.5,1.5,0.005,0.01,2.0,200,cond_mean,173,0.9997194234702712,1.99378814057915,0.50431730242124,0.0016571465364808653,0,0.012563694177023245,0.08601137495134026
1.0,0.5,1.5,1.5,0.005,0.01,2.0,200,cond_mean,174,1.0003385899241615,1.9955280405897244,0.5075881839144227,0.0024502912592569304,0,0.01606245449783094,0.08739400003105402
1.0,0.5,1.5,1.5,0.005,0.01,2.0,200,cond_mean,175,1.000188955064217,1.983692026511217,0.5096350848984927,0.0011107406223926823,0,0.023024618481793165,0.08683066698722541
1.0,0.5,1.5,1.5,0.005,0.01,2.0,200,cond_mean,176,1.0001487627793104,2.007281766929196,0.5094376868533635,0.0018436604576105708,0,0.017255439725326917,0.08694237493909895
1.0,0.5,1.5,1.5,0.005,0.01,2.0,200,cond_mean,177,1.0001304504072823,2.000596888529544,0.5006960578449478,0.001648541598130118,0,0.008160615036638457,0.0883330840151757
1.0,0.5,1.5,1.5,0.005,0.01,2.0,200,cond_mean,178,1.0000156197705605,1.9811921381512785,0.5008075528892456,0.0018336470074004961,0,0.023520767432942475,0.08813691698014736
1.0,0.5,1.5,1.5,0.005,0.01,2.0,200,cond_mean,179,0.9997277789757776,2.001451772752617,0.504413674564724,0.0019914327263088607,0,0.011835823730719345,0.0886033329879865
1.0,0.5,1.5,1.5,0.005,0.01,2.0,200,cond_mean,180,0.9996586331804235,2.022701384281028,0.49930689974012105,0.0021997801657198425,0,0.028400293671066182,0.08864133292809129
1.0,0.5,1.5,1.5,0.005,0.01,2.0,200,cond_mean,181,1.0001047820536204,1.993694026093465,0.50174819239614,0.0022015407558883004,0,0.013197831173398369,0.08612770808394998
1.0,0.5,1.5,1.5,0.005,0.01,2.0,200,cond_mean,182,1.0002076142856273,2.0111104408134013,0.502773600887153,0.0031394612432140002,0,0.020327505415989874,0.08783987502101809
1.0,0.5,1.5,1.5,0.005,0.01,2.0,200,cond_mean,183,0.9999926539281048,2.0099996759596257,0.5073675909689858,0.0021808753128992673,0,0.01844447832635381,0.0867539580212906
1.0,0.5,1.5,1.5,0.005,0.01,2.0,200,cond_mean,184,1.0000172595076422,2.000786499261522,0.5036906659357819,0.0013730132196731319,0,0.008315247564313276,0.08857945899944752
1.0,0.5,1.5,1.5,0.005,0.01,2.0,200,cond_mean,185,1.0001801239490837,2.0074989980795737,0.5013703992754119,0.0023707020039132986,0,0.01458945227439232,0.09247470798436552
1.0,0.5,1.5,1.5,0.005,0.01,2.0,200,cond_mean,186,1.000277508938885,2.006982966188747,0.5113808440338722,0.0023153864811102064,0,0.0199574900583139,0.09380895900540054
1.0,0.5,1.5,1.5,0.005,0.01,2.0,200,cond_mean,187,1.0000816388782396,2.006304699212033,0.5084565513797961,0.0016342685236681832,0,0.015334535172826817,0.24705608293879777
1.0,0.5,1.5,1.5,0.005,0.01,2.0,200,cond_mean,188,0.999962279477068,2.016070933435627,0.5044164275489488,0.0020244870858792535,0,0.02184436898123548,0.35244087502360344
1.0,0.5,1.5,1.5,0.005,0.01,2.0,200,cond_mean,189,0.999933315598284,1.9973540797091214,0.49870032353815685,0.001817679729109636,0,0.00955555393284958,0.19043900002725422
1.0,0.5,1.5,1.5,0.005,0.01,2.0,200,cond_mean,190,1.0000238201430434,2.006772277210421,0.5068042348887908,0.001681954924324356,0,0.014370510379907173,0.09643629100173712
1.0,0.5,1.5,1.5,0.005,0.01,2.0,200,cond_mean,191,1.0001781687988223,1.968357533861789,0.5132683056868392,0.002262133273554695,0,0.04146138336399232,0.09662329195998609
1.0,0.5,1.5,1.5,0.005,0.01,2.0,200,cond_mean,192,0.9999204598059174,1.9953243424751916,0.5078166599893641,0.00168350833443758,0,0.014332786775542268,0.09104824997484684
1.0,0.5,1.5,1.5,0.005,0.01,2.0,200,cond_mean,193,1.000120011833044,2.0119856529112976,0.5012206035740813,0.0023231191894778364,0,0.017987662550800056,0.09144958399701864
1.0,0.5,1.5,1.5,0.005,0.01,2.0,200,cond_mean,194,1.000227184615418,2.005329274003447,0.5026093016548964,0.0014070069010565143,0,0.009744665408883486,0.08940245804842561
1.0,0.5,1.5,1.5,0.005,0.01,2.0,200,cond_mean,195,1.0001638474126167,1.987773618027653,0.5067445027544458,0.002721750887172682,0,0.02123575841185515,0.09021879092324525
1.0,0.5,1.5,1.5,0.005,0.01,2.0,200,cond_mean,196,0.9999321896706842,1.9997586528104705,0.506421098915002,0.002128462049019381,0,0.013481798539578538,0.0911565829301253
1.0,0.5,1.5,1.5,0.005,0.01,2.0,200,cond_mean,197,1.000004286626298,2.013584483753156,0.4948715841388051,0.0016722641843306023,0,0.01898416526511755,0.0926711659412831
1.0,0.5,1.5,1.5,0.005,0.01,2.0,200,cond_mean,198,0.999868309345583,2.005799317555921,0.4922387518400033,0.002201140406242881,0,0.016137003010364852,0.08999954198952764
1.0,0.5,1.5,1.5,0.005,0.01,2.0,200,cond_mean,199,1.0000268748982382,2.0030426280853537,0.4975727392111592,0.0017695819057976815,0,0.00990915916340819,0.23832345800474286
1.0,0.5,1.5,1.5,0.005,0.01,2.0,200,cond_mean,200,1.0000564813156936,2.008741069702315,0.5080814950730359,0.0028489999949150207,0,0.02015923948807374,0.11854183301329613
1.0,0.5,1.5,1.5,0.005,0.01,2.0,200,cond_mean,201,1.0000787867791554,2.014017148246726,0.49938877426288947,0.0017742808787814541,0,0.018409383943507853,0.10012254200410098
1.0,0.5,1.5,1.5,0.005,0.01,2.0,200,cond_mean,202,1.000142935855209,1.97268611657419,0.5041310019593744,0.0019875545938747704,0,0.0333287243606665,0.09240108297672123
1.0,0.5,1.5,1.5,0.005,0.01,2.0,200,cond_mean,203,1.0000882953789643,2.0092205069179445,0.5033732793712371,0.001384135006370998,0,0.013305422651552802,0.09084495902061462
1.0,0.5,1.5,1.5,0.005,0.01,2.0,200,cond_mean,204,1.0002723058876015,1.999559390739438,0.49685107384863986,0.002833362772108994,0,0.014742231859777978,0.09130533400457352
1.0,0.5,1.5,1.5,0.005,0.01,2.0,200,cond_mean,205,1.0000891583762008,1.9709728467763503,0.5039952205874347,0.0016512012151028677,0,0.03481195171996467,0.08959462493658066
1.0,0.5,1.5,1.5,0.005,0.01,2.0,200,cond_mean,206,1.0000644286506857,1.989554030406556,0.4936782118774637,0.0019023354094268522,0,0.017458379386058983,0.0958025420550257
1.0,0.5,1.5,1.5,0.005,0.01,2.0,200,cond_mean,207,1.0002966361528065,1.9902425995357724,0.509709399212921,0.0017299073690003153,0,0.01855614916676494,0.08913816697895527
1.0,0.5,1.5,1.5,0.005,0.01,2.0,200,cond_mean,208,0.9999473533129078,2.000684108830364,0.5015193752888094,0.002491365468549849,0,0.012428645975706427,0.09210912499111146
1.0,0.5,1.5,1.5,0.005,0.01,2.0,200,cond_mean,209,0.9999858011801449,2.000879497996865,0.49629276336023787,0.0019461415879993148,0,0.010750745947289144,0.0899809169350192
1.0,0.5,1.5,1.5,0.005,0.01,2.0,200,cond_mean,210,1.0001823630049804,1.998722267219153,0.5133111620764585,0.002220503695428952,0,0.02021419730440064,0.2498893339652568
1.0,0.5,1.5,1.5,0.005,0.01,2.0,200,cond_mean,211,0.9998978794419545,2.0100828925672287,0.5013422558711252,0.0021669282742206265,0,0.01588549329790173,0.09426937496755272
1.0,0.5,1.5,1.5,0.005,0.01,2.0,200,cond_mean,212,1.0002388535262952,2.000295234680154,0.5043437139033007,0.0020417362453549817,0,0.011333140187004579,0.09082199994008988
1.0,0.5,1.5,1.5,0.005,0.01,2.0,200,cond_mean,213,1.0003911552210945,1.9981374412916875,0.5059568327778473,0.00276331549458006,0,0.015490783228600993,0.09151762502733618
1.0,0.5,1.5,1.5,0.005,0.01,2.0,200,cond_mean,214,1.000096151397425,1.979315129562845,0.5043113768874093,0.0029532889107384557,0,0.028473386593476816,0.08768787491135299
1.0,0.5,1.5,1.5,0.005,0.01,2.0,200,cond_mean,215,0.9997406140100789,2.0046167330490006,0.500087402945209,0.0023659451194452904,0,0.012839697569768695,0.08992145792581141
1.0,0.5,1.5,1.5,0.005,0.01,2.0,200,cond_mean,216,1.000020183244378,1.9969847847273936,0.5153652188704005,0.0015537841366900864,0,0.021650727570796623,0.08730658295098692
1.0,0.5,1.5,1.5,0.005,0.01,2.0,200,cond_mean,217,1.0000640543292543,1.9956426669806044,0.5030973973932109,0.0016460586594350074,0,0.010287459697021158,0.08600016706623137
1.0,0.5,1.5,1.5,0.005,0.01,2.0,200,cond_mean,218,0.9999635707941001,1.9930664811909544,0.49720060837844055,0.0021937358724534316,0,0.013885346581644106,0.08800150000024587
1.0,0.5,1.5,1.5,0.005,0.01,2.0,200,cond_mean,219,1.0000141682401142,2.0090361504147234,0.49642152462178385,0.0013260841146169517,0,0.013191358798270252,0.08674970804713666
1.0,0.5,1.5,1.5,0.005,0.01,2.0,200,cond_mean,220,1.0004908418734046,1.9862520008402058,0.5078006630906576,0.00207901687025754,0,0.0210746358755643,0.08809029194526374
1.0,0.5,1.5,1.5,0.005,0.01,2.0,200,cond_mean,221,1.0000447812252538,1.9883417155762015,0.4987582518294073,0.00135671205506882,0,0.015125380620884598,0.08699533401522785
1.0,0.5,1.5,1.5,0.005,0.01,2.0,200,cond_mean,222,0.9999786810058541,2.0040335781677827,0.5039800640687746,0.0013321880878340193,0,0.009589166185266536,0.08640687493607402
1.0,0.5,1.5,1.5,0.005,0.01,2.0,200,cond_mean,223,1.000273982783367,2.0097818212644243,0.502451282576178,0.0038936641373012717,0,0.022393940641238546,0.08677041705232114
1.0,0.5,1.5,1.5,0.005,0.01,2.0,200,cond_mean,224,1.0002580509419836,1.9772911352155709,0.49829300945534966,0.0017495700361307748,0,0.027768419612619156,0.0870430419454351
1.0,0.5,1.5,1.5,0.005,0.01,2.0,200,cond_mean,225,0.9998469059299903,2.006852055547579,0.504752653578068,0.0016306729091662012,0,0.013023421904968203,0.08688387495931238
1.0,0.5,1.5,1.5,0.005,0.01,2.0,200,cond_mean,226,0.9998557001182826,2.011052970273027,0.4947337938165615,0.0020041350488105127,0,0.017426724556778045,0.08770174998790026
1.0,0.5,1.5,1.5,0.005,0.01,2.0,200,cond_mean,227,1.0000131714945304,1.9932534154088872,0.5013052771647553,0.0022429496059304943,0,0.013591233202227907,0.08833041589241475
1.0,0.5,1.5,1.5,0.005,0.01,2.0,200,cond_mean,228,1.000197130947305,2.0005640591465577,0.5003460278208736,0.002372313156591026,0,0.01168753904250304,0.08630404097493738
1.0,0.5,1.5,1.5,0.005,0.01,2.0,200,cond_mean,229,1.0003649301526065,2.003796890247292,0.5050528679345517,0.0019566644062636936,0,0.012170596304100521,0.0888531249947846
1.0,0.5,1.5,1.5,0.005,0.01,2.0,200,cond_mean,230,1.0002686435301615,1.9831538569061369,0.5019672632021274,0.0034457543590662083,0,0.025880933005688757,0.08531858306378126
1.0,0.5,1.5,1.5,0.005,0.01,2.0,200,cond_mean,231,1.0000761051164286,1.9771606729689777,0.5046953730479045,0.0025396263971164184,0,0.0297663607821808,0.08542154193855822
1.0,0.5,1.5,1.5,0.005,0.01,2.0,200,cond_mean,232,1.000137622083174,1.9834580224538558,0.5094452826796176,0.0023666434478262777,0,0.02540444259257366,0.08696624997537583
1.0,0.5,1.5,1.5,0.005,0.01,2.0,200,cond_mean,233,0.9996969859760042,2.011429647773158,0.4944953296053921,0.0022840347520392493,0,0.01856275337469055,0.08652354206424206
1.0,0.5,1.5,1.5,0.005,0.01,2.0,200,cond_mean,234,1.0000628078066656,1.997667859962644,0.5066661374688713,0.0022043522036198936,0,0.01404446738504061,0.08867425005882978
1.0,0.5,1.5,1.5,0.005,0.01,2.0,200,cond_mean,235,1.0001938950178983,2.0048036553781383,0.5006915101020195,0.003021666532821405,0,0.015852317069054694,0.08693291700910777
1.0,0.5,1.5,1.5,0.005,0.01,2.0,200,cond_mean,236,1.0002247313007007,2.020753294928894,0.4980998617909459,0.0019224391691535835,0,0.025972888204481213,0.0883596669882536
1.0,0.5,1.5,1.5,0.005,0.01,2.0,200,cond_mean,237,1.000063546824645,1.989310547688561,0.5007081568158172,0.0018907137312713788,0,0.015458178936981926,0.08755533304065466
1.0,0.5,1.5,1.5,0.005,0.01,2.0,200,cond_mean,238,0.9999126314141612,1.9996256868760411,0.4881083727566025,0.0019107224452469065,0,0.018103558855915972,0.08888808300253004
1.0,0.5,1.5,1.5,0.005,0.01,2.0,200,cond_mean,239,0.9994000507796625,2.0095657620630205,0.4969910862110931,0.0027334536949525177,0,0.017775078023650057,0.08769962505903095
1.0,0.5,1.5,1.5,0.005,0.01,2.0,200,cond_mean,240,1.0000091343731046,2.008724088396398,0.5039567898317977,0.001619516726553027,0,0.013835594070931637,0.09243841702118516
1.0,0.5,1.5,1.5,0.005,0.01,2.0,200,cond_mean,241,0.9998902554816909,2.005239572225214,0.5046342466059354,0.0025154880542890977,0,0.01510209198503097,0.08911066700238734
1.0,0.5,1.5,1.5,0.005,0.01,2.0,200,cond_mean,242,1.0004091226460312,1.9932973291537979,0.514184149155615,0.001677163748109656,0,0.021039320490938148,0.08746670791879296
1.0,0.5,1.5,1.5,0.005,0.01,2.0,200,cond_mean,243,1.0001210587081193,1.985282011658642,0.5009026497619805,0.0018702320700911853,0,0.019337390707963985,0.08894862502347678
1.0,0.5,1.5,1.5,0.005,0.01,2.0,200,cond_mean,244,1.0000622815044462,1.9907226767307225,0.5013993168090386,0.0015835082336763796,0,0.013336436574373797,0.08677537506446242
1.0,0.5,1.5,1.5,0.005,0.01,2.0,200,cond_mean,245,1.0000870019421753,2.0013210324748685,0.504701296830576,0.00241046114084325,0,0.013345207394691234,0.08744733303319663
1.0,0.5,1.5,1.5,0.005,0.01,2.0,200,cond_mean,246,1.000057914508961,2.0131356566004563,0.4992943013045626,0.0017391468442963505,0,0.01744202738430747,0.08702308393549174
1.0,0.5,1.5,1.5,0.005,0.01,2.0,200,cond_mean,247,1.0000691820068504,1.9927562828681722,0.5013315483370485,0.0020504118280062324,0,0.01317274869375885,0.08737583400215954
1.0,0.5,1.5,1.5,0.005,0.01,2.0,200,cond_mean,248,0.9997730216774354,1.9860777212548446,0.49784822728103373,0.002384963037056055,0,0.020044682518748837,0.08622874994762242
1.0,0.5,1.5,1.5,0.005,0.01,2.0,200,cond_mean,249,0.9999218917414854,1.9878835342912693,0.49104122343806683,0.002086541343453095,0,0.020858957187276723,0.09436062502209097
1.0,0.5,1.5,1.5,0.005,0.01,2.0,200,cond_mean,250,1.0005515997779932,2.0200828101744084,0.5034083063344517,0.0032806727659469436,0,0.028528255682506037,0.08933454204816371
1.0,0.5,1.5,1.5,0.005,0.01,2.0,200,cond_mean,251,1.0003860138723855,1.9944994787832022,0.5156179381079725,0.0023359453261650215,0,0.023612283976908687,0.0878404580289498
1.0,0.5,1.5,1.5,0.005,0.01,2.0,200,cond_mean,252,1.0001262373976572,2.008523624700118,0.5072332129656564,0.0016428352266117442,0,0.01568892232358699,0.08689312497153878
1.0,0.5,1.5,1.5,0.005,0.01,2.0,200,cond_mean,253,1.000112613953559,2.0063324293629745,0.5136270395516863,0.0019704931538323707,0,0.021346120293853264,0.08743200008757412
1.0,0.5,1.5,1.5,0.005,0.01,2.0,200,cond_mean,254,0.9999851873881163,1.9733622669527753,0.5113090015391143,0.0018825500883959078,0,0.035152280250204844,0.08706433302722871
1.0,0.5,1.5,1.5,0.005,0.01,2.0,200,cond_mean,255,1.0006690150325146,1.997324957758581,0.5165465328898885,0.0026964727900373395,0,0.02454440911099341,0.08864429197274148
1.0,0.5,1.5,1.5,0.005,0.01,2.0,200,cond_mean,256,0.9999448622886449,1.9766071611537799,0.5062783437427647,0.001549523127271412,0,0.029167766224883852,0.08884383400436491
1.0,0.5,1.5,1.5,0.005,0.01,2.0,200,cond_mean,257,0.9998698184467818,2.007786190769819,0.49135653682944896,0.0020699540766835937,0,0.01754636218232019,0.08716079196892679
1.0,0.5,1.5,1.5,0.005,0.01,2.0,200,cond_mean,258,0.9996761410584076,2.0076385150091287,0.50064644855548,0.0023837919032464977,0,0.014796490289037392,0.08560012502130121
1.0,0.5,1.5,1.5,0.005,0.01,2.0,200,cond_mean,259,1.0001489673847808,1.9854171922712487,0.510031000865635,0.0024407807783167566,0,0.024314022246950846,0.08669920789543539
1.0,0.5,1.5,1.5,0.005,0.01,2.0,200,cond_mean,260,0.9999923860060722,2.015622793076151,0.5089059874533156,0.0015907743624382256,0,0.022804218666681846,0.08810216700658202
1.0,0.5,1.5,1.5,0.005,0.01,2.0,200,cond_mean,261,1.000312677923472,1.993572868314916,0.5062225312869749,0.002078085593314389,0,0.014693475013558518,0.08693608292378485
1.0,0.5,1.5,1.5,0.005,0.01,2.0,200,cond_mean,262,1.0001040235220784,1.990712664992637,0.5017917962728772,0.0018024632757858284,0,0.014071617118121963,0.08664500003214926
1.0,0.5,1.5,1.5,0.005,0.01,2.0,200,cond_mean,263,0.9999450908315046,1.967649338721348,0.49820771522492924,0.0017817873672696472,0,0.038474337535803683,0.08718958299141377
1.0,0.5,1.5,1.5,0.005,0.01,2.0,200,cond_mean,264,1.000136372496657,2.0159282512115597,0.5006470909970698,0.001797117993314475,0,0.02040590368961856,0.0875103750731796
1.0,0.5,1.5,1.5,0.005,0.01,2.0,200,cond_mean,265,0.9998221807635869,2.007263884255407,0.49466442053921,0.001956850352634815,0,0.014368281585503417,0.0867117919260636
1.0,0.5,1.5,1.5,0.005,0.01,2.0,200,cond_mean,266,1.0000859521510082,1.9753972947472025,0.5012997234059002,0.0016501500326313616,0,0.029559838787192677,0.08715029200538993
1.0,0.5,1.5,1.5,0.005,0.01,2.0,200,cond_mean,267,1.0004835543914925,1.9992527744806887,0.5076252546929011,0.003989839497475439,0,0.021660118770355754,0.08724708296358585
1.0,0.5,1.5,1.5,0.005,0.01,2.0,200,cond_mean,268,1.0003107030543954,2.012968262538263,0.5005941775962983,0.001796887122852355,0,0.017424394895454828,0.08643645897973329
1.0,0.5,1.5,1.5,0.005,0.01,2.0,200,cond_mean,269,1.0001668789253784,1.9837650118451697,0.49935514063624503,0.0020012185224425895,0,0.021214358878593565,0.08700408402364701
1.0,0.5,1.5,1.5,0.005,0.01,2.0,200,cond_mean,270,1.0004894806782343,1.9923807208055933,0.5167767560692185,0.003181097345421369,0,0.02753498967369162,0.08749612502288073
1.0,0.5,1.5,1.5,0.005,0.01,2.0,200,cond_mean,271,0.999970799774726,1.9951443666571855,0.49893121574155747,0.0013971553484994643,0,0.008955902944472047,0.0866756250616163
1.0,0.5,1.5,1.5,0.005,0.01,2.0,200,cond_mean,272,1.000041778377026,2.0156086263290116,0.49874823330257695,0.0023588781959984176,0,0.021486522922592073,0.08867800002917647
1.0,0.5,1.5,1.5,0.005,0.01,2.0,200,cond_mean,273,0.9993819182584767,2.0138117528974644,0.49582456981312645,0.0017854827444846377,0,0.018882114130517037,0.08627145795617253
1.0,0.5,1.5,1.5,0.005,0.01,2.0,200,cond_mean,274,0.9998641559345447,1.9907671567977134,0.4979726839292558,0.0022452311802069816,0,0.015519850791311341,0.088272292050533
1.0,0.5,1.5,1.5,0.005,0.01,2.0,200,cond_mean,275,0.9997966632630103,2.0125998474389846,0.5074021420977962,0.0024085247420970457,0,0.021234022073786853,0.08655570901464671
1.0,0.5,1.5,1.5,0.005,0.01,2.0,200,cond_mean,276,1.0004687163805561,2.00844196558458,0.5114422266803821,0.002478708222125059,0,0.020943899124365593,0.08659541700035334
1.0,0.5,1.5,1.5,0.005,0.01,2.0,200,cond_mean,277,1.0000012068439077,2.005247844994436,0.5004046836291257,0.0012248545388935967,0,0.00854857952746314,0.08614862500689924
1.0,0.5,1.5,1.5,0.005,0.01,2.0,200,cond_mean,278,1.0003698452978942,2.020944711656895,0.505900310798046,0.0017396149080571275,0,0.026562509445834517,0.08668908302206546
1.0,0.5,1.5,1.5,0.005,0.01,2.0,200,cond_mean,279,1.000043989653656,2.011491964927571,0.49970329410496955,0.002373028575212064,0,0.01766387795001487,0.08867891610134393
1.0,0.5,1.5,1.5,0.005,0.01,2.0,200,cond_mean,280,0.9998728130849259,1.9797384225826407,0.4948884454685968,0.002320713788504276,0,0.02682133437008408,0.08706529205664992
1.0,0.5,1.5,1.5,0.005,0.01,2.0,200,cond_mean,281,1.0003154575027355,1.9996166475405488,0.4940258118396754,0.0018246463342156602,0,0.0124731630452734,0.08777279197238386
1.0,0.5,1.5,1.5,0.005,0.01,2.0,200,cond_mean,282,0.9998759158768901,1.9968063578556132,0.49237166371358493,0.002073278840080812,0,0.014586233516220218,0.08722516696434468
1.0,0.5,1.5,1.5,0.005,0.01,2.0,200,cond_mean,283,0.9999024217418192,2.021020835506529,0.5101990748513131,0.0019097635130881307,0,0.029151860110700815,0.08875720796640962
1.0,0.5,1.5,1.5,0.005,0.01,2.0,200,cond_mean,284,1.0000624989909486,2.00227113518592,0.5080046421987927,0.0019406295201998543,0,0.01427109153385569,0.08564262499567121
1.0,0.5,1.5,1.5,0.005,0.01,2.0,200,cond_mean,285,1.0000909146422277,2.007855454816982,0.5059678681601539,0.002732541999980767,0,0.017907885195471693,0.08738204196561128
1.0,0.5,1.5,1.5,0.005,0.01,2.0,200,cond_mean,286,1.0002917675576846,1.9839257626240172,0.5096867321624553,0.00159008223442483,0,0.023392464716717895,0.0873188340337947
1.0,0.5,1.5,1.5,0.005,0.01,2.0,200,cond_mean,287,1.000038742706895,2.0000584642135855,0.505502998952241,0.0022354693632803064,0,0.013071823650002147,0.08742283296305686
1.0,0.5,1.5,1.5,0.005,0.01,2.0,200,cond_mean,288,1.0000552238981437,2.011904597805788,0.5010910310907907,0.0029494654357680988,0,0.020006548855878093,0.08699416602030396
1.0,0.5,1.5,1.5,0.005,0.01,2.0,200,cond_mean,289,1.0000014639083916,2.0135459917042113,0.49960790857204423,0.0019109882306463904,0,0.018245074411019628,0.08671233302447945
1.0,0.5,1.5,1.5,0.005,0.01,2.0,200,cond_mean,290,0.9999256762112291,2.0081599379152153,0.506025662271887,0.0018783870463243914,0,0.015394346250074938,0.08809929201379418
1.0,0.5,1.5,1.5,0.005,0.01,2.0,200,cond_mean,291,0.9999898033975874,1.999746934853221,0.49657650155348404,0.0015935695471888198,0,0.009012985944360466,0.08798266702797264
1.0,0.5,1.5,1.5,0.005,0.01,2.0,200,cond_mean,292,1.000242086866111,1.9945884203726565,0.5044758972636342,0.001981043790889338,0,0.012772712608577928,0.08797029091510922
1.0,0.5,1.5,1.5,0.005,0.01,2.0,200,cond_mean,293,0.9998283706160951,1.9983208108521808,0.5011207604914072,0.001844276279979192,0,0.009465731119562637,0.08742404193617404
1.0,0.5,1.5,1.5,0.005,0.01,2.0,200,cond_mean,294,1.000007328977499,1.9807088402895616,0.49418515938926316,0.0015379518740388136,0,0.024785630093338187,0.08940349996555597
1.0,0.5,1.5,1.5,0.005,0.01,2.0,200,cond_mean,295,1.0000721492738063,1.9856192787628366,0.5000734031147603,0.0018336834208325023,0,0.01888676129714272,0.08973741601221263
1.0,0.5,1.5,1.5,0.005,0.01,2.0,200,cond_mean,296,1.0000921095964037,2.0073659038509333,0.5078386735116576,0.0015093823844981957,0,0.015064023039483974,0.09564574994146824
1.0,0.5,1.5,1.5,0.005,0.01,2.0,200,cond_mean,297,1.0005027590581876,2.005427940454373,0.509426922708433,0.002589155762649821,0,0.018208364215644264,0.08861516695469618
1.0,0.5,1.5,1.5,0.005,0.01,2.0,200,cond_mean,298,1.0004576516083237,1.9931892135754352,0.5047548295343203,0.00267492557475836,0,0.016279461801196854,0.09146612498443574
1.0,0.5,1.5,1.5,0.005,0.01,2.0,200,cond_mean,299,1.0000411397184625,2.0092444888881786,0.49498563303699045,0.0026380315545564185,0,0.018034297870248298,0.09177879092749208
1.0,0.5,1.5,1.5,0.005,0.01,2.0,200,cond_mean,300,1.0000655335357413,1.9854934786896425,0.5077655222447517,0.001636681956142773,0,0.02104212673212441,0.08790991606656462
1.0,0.5,1.5,1.5,0.005,0.01,2.0,200,cond_mean,301,1.0003672814819577,1.9932125527675513,0.5040042771467189,0.0022797813699714027,0,0.01445269712995771,0.08880516595672816
1.0,0.5,1.5,1.5,0.005,0.01,2.0,200,cond_mean,302,1.0000044303498505,2.0346741138213473,0.5023830486577985,0.002104097210130162,0,0.04140740722428042,0.09497299999929965
1.0,0.5,1.5,1.5,0.005,0.01,2.0,200,cond_mean,303,0.999918488497177,1.9963798789164988,0.49975960751771314,0.0014479605899802906,0,0.0082503788427554,0.08679458301048726
1.0,0.5,1.5,1.5,0.005,0.01,2.0,200,cond_mean,304,1.0003202070160866,2.0080187969342,0.5000528911180272,0.002830819908632167,0,0.016761197465108967,0.08984629204496741
1.0,0.5,1.5,1.5,0.005,0.01,2.0,200,cond_mean,305,0.9997334252182046,2.011064989899765,0.4926016706924089,0.002487657014923677,0,0.01990005792769701,0.10118104110006243
1.0,0.5,1.5,1.5,0.005,0.01,2.0,200,cond_mean,306,0.9999362356909806,1.9977983686340406,0.5050342988345347,0.0016480195186411835,0,0.01081894963729941,0.09540091606322676
1.0,0.5,1.5,1.5,0.005,0.01,2.0,200,cond_mean,307,1.0003344606621827,2.0121733437050318,0.5145889218149466,0.0020173221423020952,0,0.025147108556803396,0.08892170898616314
1.0,0.5,1.5,1.5,0.005,0.01,2.0,200,cond_mean,308,0.99982547229641,2.0021642953179137,0.49453864485100907,0.0022924938385582307,0,0.013404550577228827,0.09148720803204924
1.0,0.5,1.5,1.5,0.005,0.01,2.0,200,cond_mean,309,1.0001847851778134,2.0087108304609487,0.5088087529840722,0.0018486038678411066,0,0.017520288360865777,0.08895145799033344
1.0,0.5,1.5,1.5,0.005,0.01,2.0,200,cond_mean,310,0.9997866037342603,2.0321592075020307,0.4957153638082577,0.003395995337128699,0,0.04103664577796107,0.09100691694766283
1.0,0.5,1.5,1.5,0.005,0.01,2.0,200,cond_mean,311,1.0003179828855493,1.9890265287829492,0.5073318559523864,0.0018513493134945753,0,0.017984517350204336,0.09139304095879197
1.0,0.5,1.5,1.5,0.005,0.01,2.0,200,cond_mean,312,1.000476290501627,2.027981606398978,0.5093936084123791,0.00286132055478856,0,0.03684744470880433,0.09266179194673896
1.0,0.5,1.5,1.5,0.005,0.01,2.0,200,cond_mean,313,1.0002162634070546,1.9992413808075007,0.4957393833659511,0.0018630461605036704,0,0.011058380249996568,0.08997341594658792
1.0,0.5,1.5,1.5,0.005,0.01,2.0,200,cond_mean,314,0.9999197061703274,2.007616796123213,0.5017075264940918,0.0017414729163118536,0,0.012497509893732201,0.09001241601072252
1.0,0.5,1.5,1.5,0.005,0.01,2.0,200,cond_mean,315,1.000377410612252,2.0079311466059293,0.5082052254613934,0.0018525104472959162,0,0.016334084639718773,0.0879029999487102
1.0,0.5,1.5,1.5,0.005,0.01,2.0,200,cond_mean,316,1.0000789467264906,2.0089997820782455,0.5016349866454767,0.0013178873674425451,0,0.012394113974531747,0.09110808395780623
1.0,0.5,1.5,1.5,0.005,0.01,2.0,200,cond_mean,317,0.9998898397925656,1.9934268673814137,0.5088160432627116,0.0015482024242829428,0,0.015900934113982145,0.08875537500716746
1.0,0.5,1.5,1.5,0.005,0.01,2.0,200,cond_mean,318,1.0000643493072225,1.9966943644567081,0.4997199443075398,0.002107645966943205,0,0.01103627804546995,0.0905334580456838
1.0,0.5,1.5,1.5,0.005,0.01,2.0,200,cond_mean,319,0.9998982351569691,2.0089971120555017,0.495143140743527,0.0021682721221588886,0,0.01608492924739143,0.08833649998996407
1.0,0.5,1.5,1.5,0.005,0.01,2.0,200,cond_mean,320,0.9998912451527526,1.9911163779638077,0.5014791740528736,0.0020965591342625733,0,0.014693215613996634,0.09056379192043096
1.0,0.5,1.5,1.5,0.005,0.01,2.0,200,cond_mean,321,1.000025124396431,2.0048995493994077,0.5044826510167131,0.0018571026599429835,0,0.012209956310221665,0.08973583299666643
1.0,0.5,1.5,1.5,0.005,0.01,2.0,200,cond_mean,322,0.9997917116358839,1.990300050661871,0.5041835204042965,0.0014934925843299988,0,0.01463831084498877,0.09091145801357925
1.0,0.5,1.5,1.5,0.005,0.01,2.0,200,cond_mean,323,1.0001361770575472,1.9870381795652696,0.4946673290079701,0.0018101390735587052,0,0.018906762783915412,0.08776650007348508
1.0,0.5,1.5,1.5,0.005,0.01,2.0,200,cond_mean,324,1.0002677381538327,2.0034195168866176,0.5078185920807833,0.002413585260099834,0,0.01579608243556359,0.0875087920576334
1.0,0.5,1.5,1.5,0.005,0.01,2.0,200,cond_mean,325,1.0001128392596723,2.019418551073211,0.5065457500358519,0.0019473048242516127,0,0.025744872012813717,0.08769116702023894
1.0,0.5,1.5,1.5,0.005,0.01,2.0,200,cond_mean,326,1.0000573039588194,1.9960559484378688,0.4983225024326265,0.002087335546680426,0,0.011450182639503743,0.08697745797690004
1.0,0.5,1.5,1.5,0.005,0.01,2.0,200,cond_mean,327,0.9998469024050822,1.9886423263935697,0.4864206694283095,0.0024247233955830365,0,0.024953594613438393,0.08836991700809449
1.0,0.5,1.5,1.5,0.005,0.01,2.0,200,cond_mean,328,0.9998775960365487,2.003822930884166,0.49617647426983547,0.0016138754675996,0,0.010251565883672337,0.08964100002776831
1.0,0.5,1.5,1.5,0.005,0.01,2.0,200,cond_mean,329,1.0002665721401418,1.9973188827237647,0.5178670034876727,0.0022586840070062584,0,0.025497586145903323,0.0867537499871105
1.0,0.5,1.5,1.5,0.005,0.01,2.0,200,cond_mean,330,0.9996710732939933,2.0286515431146697,0.4981307978992525,0.002580504533833087,0,0.03551522336410736,0.08702670899219811
1.0,0.5,1.5,1.5,0.005,0.01,2.0,200,cond_mean,331,1.0006508834935273,2.0142572557850977,0.5134194267245338,0.002428646093357301,0,0.026054669205535622,0.0862834999570623
1.0,0.5,1.5,1.5,0.005,0.01,2.0,200,cond_mean,332,0.9995866635656959,2.0079362673399164,0.49691910680687773,0.001982813761630091,0,0.013846855562826787,0.08665900002233684
1.0,0.5,1.5,1.5,0.005,0.01,2.0,200,cond_mean,333,0.999773026074979,2.0226689440097996,0.4989353085222371,0.0016142632300142846,0,0.027397714053841078,0.08684879203792661
1.0,0.5,1.5,1.5,0.005,0.01,2.0,200,cond_mean,334,1.000033272012696,2.0059073098287716,0.503253264986902,0.0016283465959291048,0,0.011300477916067904,0.08921404101420194
1.0,0.5,1.5,1.5,0.005,0.01,2.0,200,cond_mean,335,1.0003283593507186,1.9795636273376458,0.5126693891123325,0.001942745659486958,0,0.02992508003715833,0.08653412491548806
1.0,0.5,1.5,1.5,0.005,0.01,2.0,200,cond_mean,336,1.0001921258349387,2.0064141823819766,0.5036483652107058,0.001938068332272053,0,0.0128552802428851,0.08679612504784018
1.0,0.5,1.5,1.5,0.005,0.01,2.0,200,cond_mean,337,0.9999722584298812,1.9945858325081247,0.4986186485774611,0.002042119861445907,0,0.011937527950737804,0.08797170803882182
1.0,0.5,1.5,1.5,0.005,0.01,2.0,200,cond_mean,338,0.9997706284437486,1.98817525453962,0.49562824736134575,0.0026221631386929177,0,0.019490864755454543,0.08955708309076726
1.0,0.5,1.5,1.5,0.005,0.01,2.0,200,cond_mean,339,0.9999328246565405,2.0009744205896203,0.4996607058937445,0.0013380020996780894,0,0.006672075468451744,0.09082662500441074
1.0,0.5,1.5,1.5,0.005,0.01,2.0,200,cond_mean,340,1.0001113820790175,2.0187789371563416,0.495869879470095,0.0021825499866363006,0,0.02486005791269058,0.0914662090362981
1.0,0.5,1.5,1.5,0.005,0.01,2.0,200,cond_mean,341,0.9997798581205084,1.994846177832476,0.4957665935518137,0.0021979113728615614,0,0.013376894273530076,0.08642037503886968
1.0,0.5,1.5,1.5,0.005,0.01,2.0,200,cond_mean,342,1.0000464640120614,1.9899751276664603,0.5013714999282037,0.0015809844855908936,0,0.01402714127713658,0.0880607080180198
1.0,0.5,1.5,1.5,0.005,0.01,2.0,200,cond_mean,343,1.0002993410064038,2.0044891193552696,0.5132951068865125,0.0017564105616851232,0,0.019545944275369757,0.08686637494247407
1.0,0.5,1.5,1.5,0.005,0.01,2.0,200,cond_mean,344,1.0000748114297704,2.0004212385714495,0.4970778627797567,0.0011180549256025873,0,0.006815081363926184,0.08716770901810378
1.0,0.5,1.5,1.5,0.005,0.01,2.0,200,cond_mean,345,1.0002551893241656,1.9770148028467338,0.5027514026243335,0.0018587442710711387,0,0.028207706170108156,0.089457374997437
1.0,0.5,1.5,1.5,0.005,0.01,2.0,200,cond_mean,346,0.9999518831250437,2.0004890246619684,0.49889945157696886,0.0015367172060858137,0,0.007679692990527941,0.08813441696111113
1.0,0.5,1.5,1.5,0.005,0.01,2.0,200,cond_mean,347,0.9999868591960516,2.0017459156013615,0.49406107997536675,0.0015832770810817866,0,0.011186400711027623,0.08611508400645107
1.0,0.5,1.5,1.5,0.005,0.01,2.0,200,cond_mean,348,0.999837624535579,1.9991286870719367,0.495701261381523,0.00252262563330381,0,0.013512213039465969,0.08848337503150105
1.0,0.5,1.5,1.5,0.005,0.01,2.0,200,cond_mean,349,1.0001999747826607,2.0055143893313345,0.5039941397627344,0.0016468974526371615,0,0.011374801575918898,0.08693908294662833
1.0,0.5,1.5,1.5,0.005,0.01,2.0,200,cond_mean,350,1.0000206080213856,2.0268357806133697,0.5016132523613254,0.002518288316427174,0,0.03341745110947128,0.09031866700388491
1.0,0.5,1.5,1.5,0.005,0.01,2.0,200,cond_mean,351,1.000053642513926,2.023708413276003,0.49347382572303794,0.001331786939395248,0,0.029521320131722064,0.0887964169960469
1.0,0.5,1.5,1.5,0.005,0.01,2.0,200,cond_mean,352,1.0004957224363058,1.9994855463598384,0.5142880896395359,0.0031004278554202505,0,0.023423010134834343,0.08803683309815824
1.0,0.5,1.5,1.5,0.005,0.01,2.0,200,cond_mean,353,0.9997333462339657,1.9840582020317503,0.49144694037110653,0.001599005311929595,0,0.02277311557443743,0.08903954201377928
1.0,0.5,1.5,1.5,0.005,0.01,2.0,200,cond_mean,354,0.9997800279945404,2.001133868926897,0.49524576874195475,0.0014311368105690587,0,0.00922060011906165,0.08728112489916384
1.0,0.5,1.5,1.5,0.005,0.01,2.0,200,cond_mean,355,1.0001176050065008,2.009457176801744,0.49824838419317535,0.001624299611664366,0,0.013769209361690469,0.08774512505624443
1.0,0.5,1.5,1.5,0.005,0.01,2.0,200,cond_mean,356,1.0000583948585982,1.9985801208555758,0.5092541585520819,0.001822532983282592,0,0.015030742590539428,0.08802358305547386
1.0,0.5,1.5,1.5,0.005,0.01,2.0,200,cond_mean,357,0.9998492167512425,1.9792183132115213,0.49177747678039685,0.0020574281486312896,0,0.02813240179485421,0.08759724989067763
1.0,0.5,1.5,1.5,0.005,0.01,2.0,200,cond_mean,358,0.999971835374295,2.015228241657161,0.49334271693068715,0.0029907520224106755,0,0.024598669394556533,0.08663254207931459
1.0,0.5,1.5,1.5,0.005,0.01,2.0,200,cond_mean,359,1.0002764209946693,1.9958177144304918,0.4950684750952984,0.0018055870877697157,0,0.012406053456310325,0.08674204093404114
1.0,0.5,1.5,1.5,0.005,0.01,2.0,200,cond_mean,360,0.9998564460233553,2.014179924360545,0.48727466498543587,0.0021077163378627893,0,0.025496449767733725,0.08662262500729412
1.0,0.5,1.5,1.5,0.005,0.01,2.0,200,cond_mean,361,0.999724878939632,1.9931470715680448,0.498607698411692,0.0027716039377671526,0,0.01582042452704739,0.09005395893473178
1.0,0.5,1.5,1.5,0.005,0.01,2.0,200,cond_mean,362,1.0004517645908333,2.005266638589302,0.4979307533324507,0.002539169563367563,0,0.014493589553868019,0.08807220903690904
1.0,0.5,1.5,1.5,0.005,0.01,2.0,200,cond_mean,363,1.0001728794209277,1.991447687305144,0.49991445196838336,0.002493176553841842,0,0.015745310613273198,0.08883620798587799
1.0,0.5,1.5,1.5,0.005,0.01,2.0,200,cond_mean,364,1.0000082908516228,2.012014832948881,0.497315803245102,0.001896371686450334,0,0.01709304677650734,0.08761912502814084
1.0,0.5,1.5,1.5,0.005,0.01,2.0,200,cond_mean,365,1.0000118561475742,1.9999664396435888,0.5002593844335916,0.001318265797660389,0,0.006474223056466139,0.08665049995761365
1.0,0.5,1.5,1.5,0.005,0.01,2.0,200,cond_mean,366,1.0001439424989522,2.0157217459678844,0.5072517035966647,0.0019016069102675225,0,0.022363031181677203,0.08746170904487371
1.0,0.5,1.5,1.5,0.005,0.01,2.0,200,cond_mean,367,0.9998575994189524,2.0089816682836945,0.4973241574885586,0.0023787337398486143,0,0.015966063499773153,0.086263666045852
1.0,0.5,1.5,1.5,0.005,0.01,2.0,200,cond_mean,368,0.9999998050887131,1.9980865300318875,0.49758447998074573,0.0014006079493991172,0,0.007879784847898964,0.08664075005799532
1.0,0.5,1.5,1.5,0.005,0.01,2.0,200,cond_mean,369,1.0003009130162597,1.9938770837732054,0.5138132139728403,0.0022489755929306393,0,0.021796561329770602,0.08702204201836139
1.0,0.5,1.5,1.5,0.005,0.01,2.0,200,cond_mean,370,0.9999542190881241,1.991368283058588,0.5025319328782079,0.001624715138833849,0,0.013210775695084517,0.08753170794807374
1.0,0.5,1.5,1.5,0.005,0.01,2.0,200,cond_mean,371,1.0000894131166118,1.993793998321507,0.4974040489458559,0.0016391701667502706,0,0.011379716770424009,0.0872253329725936
1.0,0.5,1.5,1.5,0.005,0.01,2.0,200,cond_mean,372,1.0003218869856678,2.0165304566028928,0.5132121409289544,0.0021836410230528474,0,0.0273534445073559,0.08669374999590218
1.0,0.5,1.5,1.5,0.005,0.01,2.0,200,cond_mean,373,0.9997810770122693,2.0050849887520887,0.5011345676696983,0.002043351008159817,0,0.0118230151810467,0.08797333296388388
1.0,0.5,1.5,1.5,0.005,0.01,2.0,200,cond_mean,374,0.9999820725102084,1.9830391601406714,0.49642247802714656,0.0016490130907656358,0,0.021736037098232165,0.08664229093119502
1.0,0.5,1.5,1.5,0.005,0.01,2.0,200,cond_mean,375,1.0001405176236358,2.0093483652067965,0.5050742932030963,0.0018792526324447974,0,0.01556414696697671,0.09086554194800556
1.0,0.5,1.5,1.5,0.005,0.01,2.0,200,cond_mean,376,1.0002533751311649,2.0088633981282253,0.5036150441272914,0.0020678948983457977,0,0.015045554073571244,0.08727016695775092
1.0,0.5,1.5,1.5,0.005,0.01,2.0,200,cond_mean,377,0.9997757583668401,1.9975091686084845,0.504373929388327,0.002730031122748856,0,0.015064862863341778,0.08631174999754876
1.0,0.5,1.5,1.5,0.005,0.01,2.0,200,cond_mean,378,1.0000015927684,1.9924605628329444,0.4989316876069101,0.0017061444711799195,0,0.012161967956939256,0.0903755419421941
1.0,0.5,1.5,1.5,0.005,0.01,2.0,200,cond_mean,379,1.0000927380011697,1.9753487422569507,0.49967522456786023,0.0016195738208941988,0,0.029569028533460832,0.08798379101790488
1.0,0.5,1.5,1.5,0.005,0.01,2.0,200,cond_mean,380,1.0002166660736986,2.0186447536116394,0.500573074074604,0.0019398142262567247,0,0.02355486745174944,0.09056308295112103
1.0,0.5,1.5,1.5,0.005,0.01,2.0,200,cond_mean,381,1.000192258780176,2.0170692170876325,0.505654795582445,0.002084506938884624,0,0.023232985780153405,0.08625195897184312
1.0,0.5,1.5,1.5,0.005,0.01,2.0,200,cond_mean,382,1.0000776448757152,2.009157006479734,0.5042464703719367,0.0020048148310199657,0,0.015424741654268983,0.08637670800089836
1.0,0.5,1.5,1.5,0.005,0.01,2.0,200,cond_mean,383,0.9999863904209186,2.0019547930091566,0.4967877509220766,0.0020105159308539586,0,0.010945481273903655,0.08770287502557039
1.0,0.5,1.5,1.5,0.005,0.01,2.0,200,cond_mean,384,1.0004767176560512,2.0107533168971834,0.5114695148862883,0.0026456135720036634,0,0.022814929697933632,0.08605945890303701
1.0,0.5,1.5,1.5,0.005,0.01,2.0,200,cond_mean,385,1.0003998735514115,2.024493824673399,0.49834530805104704,0.0029005824837376364,0,0.031850405849655004,0.08869695896282792
1.0,0.5,1.5,1.5,0.005,0.01,2.0,200,cond_mean,386,0.9999701255053023,1.9888695968472234,0.5054059196396586,0.0021605798843748886,0,0.018078036471474684,0.08609645895194262
1.0,0.5,1.5,1.5,0.005,0.01,2.0,200,cond_mean,387,1.0002206512280964,2.013466379853402,0.5048312783670081,0.0020875740180463518,0,0.019537065977805888,0.08780374994967133
1.0,0.5,1.5,1.5,0.005,0.01,2.0,200,cond_mean,388,0.9997795863498298,1.983549331485559,0.49192743937300504,0.001749298118100461,0,0.02321542820448721,0.0875694170827046
1.0,0.5,1.5,1.5,0.005,0.01,2.0,200,cond_mean,389,1.0002446595172862,1.9968385446107513,0.5022882804697094,0.0021201910954257363,0,0.011343256261353516,0.08774945791810751
1.0,0.5,1.5,1.5,0.005,0.01,2.0,200,cond_mean,390,1.0000185561047337,1.996415077644779,0.496465433477939,0.0021464250263120628,0,0.012244967282176715,0.08647154201753438
1.0,0.5,1.5,1.5,0.005,0.01,2.0,200,cond_mean,391,0.9996628393654203,2.019801580947325,0.4930180972655019,0.001477479711820262,0,0.025552976599573323,0.08618812495842576
1.0,0.5,1.5,1.5,0.005,0.01,2.0,200,cond_mean,392,1.000147443443153,2.0085360960677106,0.4981479973542418,0.001653307213690958,0,0.013081566350864842,0.08734466601163149
1.0,0.5,1.5,1.5,0.005,0.01,2.0,200,cond_mean,393,1.0000708540876628,2.003992405992962,0.49754899234375743,0.0017416575047003002,0,0.010285359786498674,0.08925708301831037
1.0,0.5,1.5,1.5,0.005,0.01,2.0,200,cond_mean,394,1.0002972671155146,1.992007576039937,0.5036378231379031,0.0015706613889378389,0,0.012770527203365148,0.08904558408539742
1.0,0.5,1.5,1.5,0.005,0.01,2.0,200,cond_mean,395,0.999946906274476,2.0016276470173504,0.49452565524370556,0.0021444423114996745,0,0.012818114285244748,0.08641174994409084
1.0,0.5,1.5,1.5,0.005,0.01,2.0,200,cond_mean,396,0.9998017919041583,2.0122753028727765,0.49831967424463214,0.0013512749999142555,0,0.01578187491754671,0.08914966695010662
1.0,0.5,1.5,1.5,0.005,0.01,2.0,200,cond_mean,397,0.9999377163386465,1.9866853522660965,0.4955973608922544,0.0017458176497320973,0,0.018518925721343442,0.08621983299963176
1.0,0.5,1.5,1.5,0.005,0.01,2.0,200,cond_mean,398,1.0000487913816158,2.0101908470405188,0.5091488620405504,0.0021926699517709684,0,0.019784712942278963,0.08750658296048641
1.0,0.5,1.5,1.5,0.005,0.01,2.0,200,cond_mean,399,0.9998945833152871,2.0064287783098913,0.5010331841468172,0.0023937168202846876,0,0.01398311087939079,0.08690570795442909
1.0,0.5,1.5,1.5,0.005,0.01,2.0,200,two_speed,0,1.0000352348427974,1.9889073719154307,0.5063025943537294,0.001287113303528867,0,0.016425603686462852,0.09483529103454202
1.0,0.5,1.5,1.5,0.005,0.01,2.0,200,two_speed,1,0.9999669067736271,2.0061793553047935,0.5022236693787142,0.0031859453282464694,0,0.017419530780061372,0.09438195801340044
1.0,0.5,1.5,1.5,0.005,0.01,2.0,200,two_speed,2,0.9999283718703624,2.000081430790899,0.49313470337585347,0.0010781398265577722,0,0.010338973117527609,0.09362045803572983
1.0,0.5,1.5,1.5,0.005,0.01,2.0,200,two_speed,3,1.0002806745046042,2.003534534289194,0.49806758306931337,0.0016308355126992895,0,0.009606404934019661,0.09810170903801918
1.0,0.5,1.5,1.5,0.005,0.01,2.0,200,two_speed,4,0.9997986983729772,1.992893311955607,0.49889321435151346,0.002202168579534904,0,0.013635554938371961,0.09834812500048429
1.0,0.5,1.5,1.5,0.005,0.01,2.0,200,two_speed,5,1.0002934230795402,2.0015314112541325,0.5106688362923454,0.00212095233441694,0,0.0170546465868893,0.0982482909457758
1.0,0.5,1.5,1.5,0.005,0.01,2.0,200,two_speed,6,0.999982983073552,1.9785380828787922,0.5006507604054669,0.0021020586432740377,0,0.0268428184069682,0.09463708300609142
1.0,0.5,1.5,1.5,0.005,0.01,2.0,200,two_speed,7,0.9999755011501544,2.0274797823692423,0.505022450841595,0.001972655805910016,0,0.03372495127030105,0.09389862499665469
1.0,0.5,1.5,1.5,0.005,0.01,2.0,200,two_speed,8,0.9997545432510508,1.9956574041752038,0.4917071704633779,0.002620145363811084,0,0.017264169517294422,0.09355170803610235
1.0,0.5,1.5,1.5,0.005,0.01,2.0,200,two_speed,9,1.0002217298049716,1.9913335127884457,0.5051268272608629,0.0020438285247364823,0,0.015500944512517502,0.09414891700726002
1.0,0.5,1.5,1.5,0.005,0.01,2.0,200,two_speed,10,0.999920869265948,1.9907760192450759,0.5023185699232479,0.0018072603747822753,0,0.014232535014428458,0.09357687493320554
1.0,0.5,1.5,1.5,0.005,0.01,2.0,200,two_speed,11,1.0004994398313545,2.017674187633682,0.507106706659895,0.0023339037441054275,0,0.02488029546534674,0.0947709169704467
1.0,0.5,1.5,1.5,0.005,0.01,2.0,200,two_speed,12,0.9998633277697754,1.993269703753672,0.491044963337487,0.0017797346968198209,0,0.01641952538818976,0.09657041693571955
1.0,0.5,1.5,1.5,0.005,0.01,2.0,200,two_speed,13,0.9999789133430654,2.0218723921223622,0.49830299800624,0.0023074991138191943,0,0.027767194491333698,0.09417383396066725
1.0,0.5,1.5,1.5,0.005,0.01,2.0,200,two_speed,14,0.9997893067357001,2.00410911213932,0.5014667117223826,0.0014692588891984102,0,0.008995478056820388,0.09505620889831334
1.0,0.5,1.5,1.5,0.005,0.01,2.0,200,two_speed,15,1.0003204686615306,1.9989788516251457,0.505024117060945,0.002110030082708451,0,0.012058146247143896,0.09350958303548396
1.0,0.5,1.5,1.5,0.005,0.01,2.0,200,two_speed,16,0.9999224952209845,2.0107685600318934,0.49703515344044563,0.0015227980298793682,0,0.01499482717529309,0.0949060000712052
1.0,0.5,1.5,1.5,0.005,0.01,2.0,200,two_speed,17,1.0001200557259278,1.9874298778649857,0.5017674350313603,0.0014647587043903052,0,0.016317330005079542,0.09383045905269682
1.0,0.5,1.5,1.5,0.005,0.01,2.0,200,two_speed,18,1.0004422203101888,2.0108018505722898,0.502303330675654,0.002460279890031501,0,0.01756479915898494,0.09331433300394565
1.0,0.5,1.5,1.5,0.005,0.01,2.0,200,two_speed,19,1.0006394843991087,1.9986125774682573,0.5070569037649861,0.0021868063518815147,0,0.013700170688270097,0.09609479201026261
1.0,0.5,1.5,1.5,0.005,0.01,2.0,200,two_speed,20,1.0000704224185117,1.9960609471143091,0.49867649172004963,0.0010922946275693745,0,0.007285671810839366,0.09943512501195073
1.0,0.5,1.5,1.5,0.005,0.01,2.0,200,two_speed,21,1.0001753994844398,2.0199309081258194,0.5128906003605189,0.0023747555846812354,0,0.030579958158671476,0.10142633400391787
1.0,0.5,1.5,1.5,0.005,0.01,2.0,200,two_speed,22,0.9999831552745673,2.017897507373226,0.4990973402572669,0.0022251068059929192,0,0.023418251660676848,0.10153458302374929
1.0,0.5,1.5,1.5,0.005,0.01,2.0,200,two_speed,23,1.0002120736878934,1.9829981498896332,0.5050514090306074,0.0027510607718178827,0,0.024626146863152103,0.09719324996694922
1.0,0.5,1.5,1.5,0.005,0.01,2.0,200,two_speed,24,0.99962719547578,2.0130455021018547,0.49570227493646674,0.002837781996964547,0,0.021141291678959846,0.09448462503496557
1.0,0.5,1.5,1.5,0.005,0.01,2.0,200,two_speed,25,1.000085829185139,1.9905046719030652,0.507307272706365,0.002784177186804722,0,0.019783566384741394,0.09488454204984009
1.0,0.5,1.5,1.5,0.005,0.01,2.0,200,two_speed,26,1.0001626047427123,2.0139629308476295,0.5136668699932689,0.002024951229133188,0,0.025650251835068427,0.09409679193049669
1.0,0.5,1.5,1.5,0.005,0.01,2.0,200,two_speed,27,0.9998517047104593,2.007397198643801,0.502787069523927,0.0016701040680540235,0,0.01248178440095349,0.09500191605184227
1.0,0.5,1.5,1.5,0.005,0.01,2.0,200,two_speed,28,1.0001484223284225,2.0050870745670446,0.5022291759965923,0.0014334045323704436,0,0.009549082955968027,0.09417745796963573
1.0,0.5,1.5,1.5,0.005,0.01,2.0,200,two_speed,29,0.9998592671074253,2.0088924746131758,0.49526443868835696,0.0017401358370302002,0,0.014608956266462922,0.0956559170736
1.0,0.5,1.5,1.5,0.005,0.01,2.0,200,two_speed,30,1.0000963067401696,2.0094134359316196,0.5094719102766083,0.0016550603697557036,0,0.018217965762577094,0.0957015419844538
1.0,0.5,1.5,1.5,0.005,0.01,2.0,200,two_speed,31,1.0005116625406913,1.9992631680135298,0.5072049001476719,0.002101901316074515,0,0.013482036791359476,0.09354966599494219
1.0,0.5,1.5,1.5,0.005,0.01,2.0,200,two_speed,32,0.9997846582325312,2.0184398535069943,0.506049511936794,0.004357912570186485,0,0.03137221330190549,0.09330624993890524
1.0,0.5,1.5,1.5,0.005,0.01,2.0,200,two_speed,33,1.0000082158221237,2.0116565322713758,0.5023003611718362,0.0018399596075638722,0,0.016455553050000526,0.09433395799715072
1.0,0.5,1.5,1.5,0.005,0.01,2.0,200,two_speed,34,0.9999654989993181,2.0161754272920493,0.4965887952079366,0.0016460862520086606,0,0.02085304462413685,0.09451754193287343
1.0,0.5,1.5,1.5,0.005,0.01,2.0,200,two_speed,35,1.0004214783962377,2.01143042869623,0.5050742574509718,0.0023472341516110667,0,0.018515695840733436,0.0942334170686081
1.0,0.5,1.5,1.5,0.005,0.01,2.0,200,two_speed,36,1.0000897030409999,1.9980349802094377,0.4988263235536421,0.0013476857349137732,0,0.0072123347770707965,0.09441008302383125
1.0,0.5,1.5,1.5,0.005,0.01,2.0,200,two_speed,37,0.9999515541743428,1.9840095163377653,0.49951514247096035,0.0020862835544360396,0,0.02112276092542971,0.09342183300759643
1.0,0.5,1.5,1.5,0.005,0.01,2.0,200,two_speed,38,1.0002596723520198,1.9888650506075363,0.5085826453730694,0.0014401235238236578,0,0.018128807529558658,0.09367204096633941
1.0,0.5,1.5,1.5,0.005,0.01,2.0,200,two_speed,39,0.9997786787433957,1.9933814388009932,0.499140631313071,0.0020854223261904553,0,0.012823599336138252,0.09691354096867144
1.0,0.5,1.5,1.5,0.005,0.01,2.0,200,two_speed,40,1.000052971573158,1.990944911322327,0.5005136547586063,0.002466868873164926,0,0.015997408336642684,0.09735437494236976
1.0,0.5,1.5,1.5,0.005,0.01,2.0,200,two_speed,41,1.0004232921154277,2.000739404960267,0.5155922959579579,0.0020478148216333454,0,0.021997272170967353,0.10158720798790455
1.0,0.5,1.5,1.5,0.005,0.01,2.0,200,two_speed,42,0.9998371199014294,1.9976253296251885,0.49968727300031074,0.0019179834964065492,0,0.009826712039907426,0.11912833293899894
1.0,0.5,1.5,1.5,0.005,0.01,2.0,200,two_speed,43,1.0001004390145638,2.0073932676100164,0.5064105451912483,0.0014938849068787691,0,0.013883433557580033,0.0992920829448849
1.0,0.5,1.5,1.5,0.005,0.01,2.0,200,two_speed,44,1.000001090977232,1.9968627577731386,0.5053664369555476,0.0020189554666396685,0,0.012667721876357497,0.10033958300482482
1.0,0.5,1.5,1.5,0.005,0.01,2.0,200,two_speed,45,0.9999715422592099,2.0083586586553603,0.5029827032555714,0.0014247042849023278,0,0.01254037849919347,0.09622224990744144
1.0,0.5,1.5,1.5,0.005,0.01,2.0,200,two_speed,46,1.0000010702171196,2.004761306226167,0.501399064825001,0.0015511565688692594,0,0.009558767499056063,0.09360441693570465
1.0,0.5,1.5,1.5,0.005,0.01,2.0,200,two_speed,47,1.0001031108201779,2.0047848816149982,0.5099580454499426,0.0021021604745361075,0,0.017348367198634106,0.094979582936503
1.0,0.5,1.5,1.5,0.005,0.01,2.0,200,two_speed,48,0.9998319030828214,2.010699171097712,0.5099898869748133,0.002009647494597808,0,0.020670867167371532,0.09480295795947313
1.0,0.5,1.5,1.5,0.005,0.01,2.0,200,two_speed,49,0.9998373543087609,1.975675734817767,0.5041352137859267,0.002302539164971068,0,0.0307707841362823,0.09230991697404534
1.0,0.5,1.5,1.5,0.005,0.01,2.0,200,two_speed,50,1.0003026009835403,2.010996945815072,0.5105928158346446,0.002131527971426397,0,0.021123510664029208,0.09308279200922698
1.0,0.5,1.5,1.5,0.005,0.01,2.0,200,two_speed,51,0.9995831438974567,2.022692191006234,0.4984883418556171,0.0024369312414349756,0,0.028899625935496706,0.09337437502108514
1.0,0.5,1.5,1.5,0.005,0.01,2.0,200,two_speed,52,1.000007897368857,1.9902483437337677,0.4944983730617343,0.0015607725602274298,0,0.015453647997818596,0.09575691702775657
1.0,0.5,1.5,1.5,0.005,0.01,2.0,200,two_speed,53,0.9996862986750152,1.9953630114505951,0.49857096378313437,0.002260657325310692,0,0.012444658541925868,0.09285462507978082
1.0,0.5,1.5,1.5,0.005,0.01,2.0,200,two_speed,54,1.0001127857436456,2.010319455362364,0.503129742456281,0.002717992016945195,0,0.018308660114323184,0.09580204193480313
1.0,0.5,1.5,1.5,0.005,0.01,2.0,200,two_speed,55,1.0001189773651833,1.9910136735267432,0.5061109205136722,0.0038922665625480044,0,0.023119363203654236,0.0941894999705255
1.0,0.5,1.5,1.5,0.005,0.01,2.0,200,two_speed,56,1.0002589350037365,1.9893661786821013,0.5100681390918858,0.001965535768409506,0,0.020069253135876066,0.09531829203478992
1.0,0.5,1.5,1.5,0.005,0.01,2.0,200,two_speed,57,1.000170012580292,2.017497755838192,0.5023267069010914,0.0015657863048756599,0,0.0217858364262135,0.09366987505927682
1.0,0.5,1.5,1.5,0.005,0.01,2.0,200,two_speed,58,0.9999796110410035,2.0005905518007245,0.5085508853650827,0.002420300285943378,0,0.016337540247313143,0.09470741602126509
1.0,0.5,1.5,1.5,0.005,0.01,2.0,200,two_speed,59,0.9997873147335464,2.0073588277814576,0.501096626848241,0.0014598735202615606,0,0.01130973325719236,0.09362120798323303
1.0,0.5,1.5,1.5,0.005,0.01,2.0,200,two_speed,60,0.9999990143869999,1.9950413147810506,0.5043675735757635,0.0017236067387595105,0,0.011699875818679359,0.09412341599818319
1.0,0.5,1.5,1.5,0.005,0.01,2.0,200,two_speed,61,1.000112444244516,2.020200971726659,0.5027381996506549,0.0018972025468663013,0,0.02532997284100079,0.09399645891971886
1.0,0.5,1.5,1.5,0.005,0.01,2.0,200,two_speed,62,1.000386911913436,1.9893814702589978,0.5083006780865846,0.002031603750087569,0,0.018734046568294287,0.09317424998153001
1.0,0.5,1.5,1.5,0.005,0.01,2.0,200,two_speed,63,0.9998735042241497,2.0113360121800885,0.4950501990256447,0.0016268353842173908,0,0.016565636513849912,0.09553158294875175
1.0,0.5,1.5,1.5,0.005,0.01,2.0,200,two_speed,64,1.0002105230274037,1.997261015632006,0.5045763665974161,0.002473458752437888,0,0.013724324126494464,0.0929179999511689
1.0,0.5,1.5,1.5,0.005,0.01,2.0,200,two_speed,65,1.00021044160046,2.0101768671805162,0.5123782330305884,0.001509371745643924,0,0.020911068080735486,0.09468991693574935
1.0,0.5,1.5,1.5,0.005,0.01,2.0,200,two_speed,66,1.0000658143261831,1.993197993335112,0.5055157261773104,0.0022394400451633996,0,0.015258730395339605,0.09468499990180135
1.0,0.5,1.5,1.5,0.005,0.01,2.0,200,two_speed,67,0.9999329970846558,1.988006549159037,0.5005940882124147,0.001475593742262559,0,0.015655926192928354,0.09623720892705023
1.0,0.5,1.5,1.5,0.005,0.01,2.0,200,two_speed,68,0.9998666514144428,2.023741837504631,0.5046191374120527,0.0017347697331117767,0,0.029346149616323088,0.09412779205013067
1.0,0.5,1.5,1.5,0.005,0.01,2.0,200,two_speed,69,1.0000659427470713,2.0167746547597396,0.503215225565868,0.0013624903736345316,0,0.020867305116215096,0.0940490000648424
1.0,0.5,1.5,1.5,0.005,0.01,2.0,200,two_speed,70,1.0001108617765595,2.007563908979334,0.5092547125591456,0.0013175023569503054,0,0.01606745298609374,0.09434079111088067
1.0,0.5,1.5,1.5,0.005,0.01,2.0,200,two_speed,71,1.000209242737132,2.0038966940235405,0.5031386900023482,0.0019223612982583265,0,0.011110540122337836,0.093969083041884
1.0,0.5,1.5,1.5,0.005,0.01,2.0,200,two_speed,72,1.0000503694694995,1.9915237360224243,0.5056686233007512,0.002119179354585263,0,0.016005870478631983,0.09410049999132752
1.0,0.5,1.5,1.5,0.005,0.01,2.0,200,two_speed,73,0.9998947430857953,1.988641363885686,0.5082653951621472,0.0014303851073011937,0,0.018463446134815112,0.09568808309268206
1.0,0.5,1.5,1.5,0.005,0.01,2.0,200,two_speed,74,1.0000634063520568,2.003716821776746,0.5114831626838346,0.002238877692310067,0,0.019001938775037207,0.09178600006271154
1.0,0.5,1.5,1.5,0.005,0.01,2.0,200,two_speed,75,0.9999198105587374,1.9934323789163697,0.5089975310241261,0.002041743447366153,0,0.017270171741721047,0.09388275002129376
1.0,0.5,1.5,1.5,0.005,0.01,2.0,200,two_speed,76,1.0004659925561885,2.0071395453273806,0.5001071967977668,0.0024160392761419956,0,0.01460968326792181,0.0944010840030387
1.0,0.5,1.5,1.5,0.005,0.01,2.0,200,two_speed,77,0.999994885430638,2.0430428383646526,0.5019816913086337,0.0026582069583467403,0,0.0514070164056145,0.0936730420216918
1.0,0.5,1.5,1.5,0.005,0.01,2.0,200,two_speed,78,0.9998474395825667,1.9889718074858118,0.5021067084496652,0.0014743196047704527,0,0.014971157004515576,0.09480974997859448
1.0,0.5,1.5,1.5,0.005,0.01,2.0,200,two_speed,79,1.0000384163965161,1.991992496660171,0.5103677065057407,0.0016280346650201832,0,0.018171094476844906,0.09536154195666313
1.0,0.5,1.5,1.5,0.005,0.01,2.0,200,two_speed,80,1.0003822727329188,1.9922864364741617,0.5061723654752911,0.0020965534234946926,0,0.015489941216094722,0.09412737493403256
1.0,0.5,1.5,1.5,0.005,0.01,2.0,200,two_speed,81,1.000323185783884,1.9851470877091548,0.508484993741737,0.001655450819114451,0,0.021601438894266918,0.09399354201741517
1.0,0.5,1.5,1.5,0.005,0.01,2.0,200,two_speed,82,1.000369563665524,2.0129304447639678,0.5078769806535133,0.0019871443498880688,0,0.020234348248247092,0.09339791594538838
1.0,0.5,1.5,1.5,0.005,0.01,2.0,200,two_speed,83,0.9999577727784289,1.9926593309787892,0.5024168945418055,0.0018723655031790657,0,0.012919605699118155,0.09429470798932016
1.0,0.5,1.5,1.5,0.005,0.01,2.0,200,two_speed,84,0.9999027114241887,1.9841199079764686,0.4985648988001069,0.0012079824708158089,0,0.01936087497547266,0.09459237498231232
1.0,0.5,1.5,1.5,0.005,0.01,2.0,200,two_speed,85,1.0002799445803894,2.0080299845648644,0.4957704192998635,0.0021758573937366767,0,0.01547566068080426,0.09726816706825048
1.0,0.5,1.5,1.5,0.005,0.01,2.0,200,two_speed,86,0.9998308130621263,1.9914273266687068,0.5065556589991059,0.0028336712309317376,0,0.019222508481926505,0.09523316705599427
1.0,0.5,1.5,1.5,0.005,0.01,2.0,200,two_speed,87,0.9993166037681883,1.9961621135061076,0.495187039305354,0.0025337244781886226,0,0.01435946458494081,0.09426329203415662
1.0,0.5,1.5,1.5,0.005,0.01,2.0,200,two_speed,88,1.00047394319386,1.9839782005140176,0.5072744622946299,0.002462858204019094,0,0.02375848300910308,0.0950781669234857
1.0,0.5,1.5,1.5,0.005,0.01,2.0,200,two_speed,89,1.0001346280686814,2.015315479349748,0.49903098326343037,0.002272687603767844,0,0.020982287848710673,0.09334033296909183
1.0,0.5,1.5,1.5,0.005,0.01,2.0,200,two_speed,90,0.9999904469285595,2.000278442184422,0.5021077276105982,0.0022651518857938553,0,0.011457857181998678,0.09344995801802725
1.0,0.5,1.5,1.5,0.005,0.01,2.0,200,two_speed,91,1.0000841295106198,2.0096387043122217,0.5071066456069167,0.0031316702702303633,0,0.021087994994982335,0.09428012499120086
1.0,0.5,1.5,1.5,0.005,0.01,2.0,200,two_speed,92,1.0000465329309036,1.9899171699020826,0.5059188869763982,0.0018284369319001427,0,0.01656062802241906,0.09655258397106081
1.0,0.5,1.5,1.5,0.005,0.01,2.0,200,two_speed,93,1.0004639332957375,1.989087265427145,0.5108210703173323,0.0022103947756554406,0,0.02124849161867871,0.09284566703718156
1.0,0.5,1.5,1.5,0.005,0.01,2.0,200,two_speed,94,1.0001190886491957,2.0205710491258078,0.5105958769429493,0.002113051842848595,0,0.029140003832713316,0.09275795798748732
1.0,0.5,1.5,1.5,0.005,0.01,2.0,200,two_speed,95,1.0001636458279364,2.012812478700139,0.5053461439581599,0.0014453524156646197,0,0.01770500551996704,0.09388862503692508
1.0,0.5,1.5,1.5,0.005,0.01,2.0,200,two_speed,96,0.9998433529280605,1.9966229344193362,0.512092038609858,0.0018477732603779317,0,0.01887443259433762,0.09574020805303007
1.0,0.5,1.5,1.5,0.005,0.01,2.0,200,two_speed,97,1.000428476334923,1.9933668409368628,0.4994854578612917,0.0028156958613871253,0,0.015991688838902528,0.09523554099723697
1.0,0.5,1.5,1.5,0.005,0.01,2.0,200,two_speed,98,1.0001166395885328,2.0181395911454167,0.5100479556180091,0.002047537719775942,0,0.026532708295813105,0.09462241700384766
1.0,0.5,1.5,1.5,0.005,0.01,2.0,200,two_speed,99,1.0000891657449533,1.9827892729797671,0.502357745151078,0.0022013550865400745,0,0.02278603478836084,0.09312291699461639
1.0,0.5,1.5,1.5,0.005,0.01,2.0,200,two_speed,100,1.0002692197915983,2.012394182496155,0.5118906873905021,0.0017748560613011649,0,0.022409919768968837,0.09339566598646343
1.0,0.5,1.5,1.5,0.005,0.01,2.0,200,two_speed,101,0.9999592174485832,1.9800786015223555,0.4968092605224144,0.002040354211917947,0,0.0254254402579659,0.09514549991581589
1.0,0.5,1.5,1.5,0.005,0.01,2.0,200,two_speed,102,1.0002089238896708,2.004258179082592,0.5113720506824153,0.003118766006536588,0,0.021560098493805125,0.09421324997674674
1.0,0.5,1.5,1.5,0.005,0.01,2.0,200,two_speed,103,1.0003069903081114,1.9922741294861719,0.5105628985407209,0.002345776415888429,0,0.019676163414604347,0.09333895903546363
1.0,0.5,1.5,1.5,0.005,0.01,2.0,200,two_speed,104,1.0001809585126737,2.023066921972778,0.5096042684235853,0.001738911962987849,0,0.030432681562407488,0.09397291706409305
1.0,0.5,1.5,1.5,0.005,0.01,2.0,200,two_speed,105,1.0003264621425734,1.9893849388580154,0.5065960331896255,0.0023945774430458315,0,0.01881170087887789,0.09371508308686316
1.0,0.5,1.5,1.5,0.005,0.01,2.0,200,two_speed,106,1.0001854343478829,2.0146488956025443,0.5105463900859828,0.001962174280308434,0,0.02359000317821211,0.09476108301896602
1.0,0.5,1.5,1.5,0.005,0.01,2.0,200,two_speed,107,1.0001033766124852,2.012300260214928,0.5072916924443914,0.0015130318341607949,0,0.01850739298046352,0.0953364169690758
1.0,0.5,1.5,1.5,0.005,0.01,2.0,200,two_speed,108,1.00019303065985,2.006260605648538,0.50318087564885,0.0019426251254925021,0,0.012541197036172316,0.09489683294668794
1.0,0.5,1.5,1.5,0.005,0.01,2.0,200,two_speed,109,0.9997258628273923,2.005211163684053,0.4974629276342052,0.0016003595153670225,0,0.010332447606214065,0.09376554097980261
1.0,0.5,1.5,1.5,0.005,0.01,2.0,200,two_speed,110,1.0001318837430844,2.009900758023349,0.5005736911838503,0.001618085208695412,0,0.013933539227598827,0.0954966249410063
1.0,0.5,1.5,1.5,0.005,0.01,2.0,200,two_speed,111,1.0003209297142601,1.999054074438897,0.5133823803033517,0.0022135321202888616,0,0.02008762856819462,0.09329495904967189
1.0,0.5,1.5,1.5,0.005,0.01,2.0,200,two_speed,112,0.9997370684850369,2.0200122948433394,0.5041410542432817,0.0026973713297038064,0,0.027244047207853436,0.09427841706201434
1.0,0.5,1.5,1.5,0.005,0.01,2.0,200,two_speed,113,1.0000967747107914,2.0082388982346653,0.4993992023764293,0.0016198301521945704,0,0.012446274531423034,0.09534595801960677
1.0,0.5,1.5,1.5,0.005,0.01,2.0,200,two_speed,114,1.0000564122903972,1.979217540894256,0.5033221288464264,0.0022730578155228465,0,0.02679626889876034,0.09534754196647555
1.0,0.5,1.5,1.5,0.005,0.01,2.0,200,two_speed,115,1.0002880336239497,1.9803857610241689,0.5027838532847217,0.002407017633828081,0,0.025752635147899532,0.0937106249621138
1.0,0.5,1.5,1.5,0.005,0.01,2.0,200,two_speed,116,0.9999845356011552,1.9924571871554244,0.5110254731003305,0.0013943131172368596,0,0.018157670931716767,0.09308299992699176
1.0,0.5,1.5,1.5,0.005,0.01,2.0,200,two_speed,117,1.0003261805487371,1.9798416088419466,0.5098451109498909,0.0019648117477293805,0,0.02796060358911466,0.09997483401093632
1.0,0.5,1.5,1.5,0.005,0.01,2.0,200,two_speed,118,1.0001460284505979,1.9792378764442167,0.5003557610254623,0.0025114338718748943,0,0.02695164397599975,0.09665016701910645
1.0,0.5,1.5,1.5,0.005,0.01,2.0,200,two_speed,119,1.0000989397835123,1.9819370811836838,0.49835055160170555,0.0018929913620087376,0,0.02298089131293021,0.0933665829943493
1.0,0.5,1.5,1.5,0.005,0.01,2.0,200,two_speed,120,1.0001929425739287,1.9882347136209622,0.5023413433140425,0.0016797978798795154,0,0.016110414198228923,0.0937364159617573
1.0,0.5,1.5,1.5,0.005,0.01,2.0,200,two_speed,121,1.0001971783672587,1.9817205492444578,0.5045344305080605,0.0018285547464211226,0,0.02354901395814795,0.09461658308282495
1.0,0.5,1.5,1.5,0.005,0.01,2.0,200,two_speed,122,1.0001691113297535,2.003911833317379,0.5074925600415457,0.0019701338987309007,0,0.01427303498867275,0.09365712502039969
1.0,0.5,1.5,1.5,0.005,0.01,2.0,200,two_speed,123,1.000038571509536,2.00081333683282,0.5017023054996333,0.0016322384407896921,0,0.008343936057537296,0.0952785830013454
1.0,0.5,1.5,1.5,0.005,0.01,2.0,200,two_speed,124,0.9998346866909652,2.0109029103893192,0.5014748742776954,0.0016578825097297305,0,0.01517453556069816,0.09357687504962087
1.0,0.5,1.5,1.5,0.005,0.01,2.0,200,two_speed,125,1.0002785194482962,2.000024391398312,0.5064963082449927,0.0020488628333840604,0,0.012850695140516176,0.09446612501051277
1.0,0.5,1.5,1.5,0.005,0.01,2.0,200,two_speed,126,0.9998305066449814,2.000974455919465,0.5069494871905328,0.002076331472717098,0,0.01394421296374384,0.09409887494985014
1.0,0.5,1.5,1.5,0.005,0.01,2.0,200,two_speed,127,1.0004440159160926,1.9899014939196666,0.5063265213454652,0.0017400253764320345,0,0.01631054999469095,0.09393112501129508
1.0,0.5,1.5,1.5,0.005,0.01,2.0,200,two_speed,128,1.0003846064739508,1.9815157368469216,0.5025420922922046,0.0027958958371494896,0,0.025510267063021713,0.09412299992982298
1.0,0.5,1.5,1.5,0.005,0.01,2.0,200,two_speed,129,1.0001648311327282,2.0028506469812695,0.5008139725270353,0.0017919654101692668,0,0.009441914718540655,0.0949711250141263
1.0,0.5,1.5,1.5,0.005,0.01,2.0,200,two_speed,130,1.0000005187697856,2.0140423627804043,0.5031302325046118,0.0026509636433584252,0,0.021146183952651446,0.09415699995588511
1.0,0.5,1.5,1.5,0.005,0.01,2.0,200,two_speed,131,0.9999602064579947,2.017955302680687,0.506893351853744,0.0017403710750864502,0,0.02416388502896779,0.09513737494125962
1.0,0.5,1.5,1.5,0.005,0.01,2.0,200,two_speed,132,1.000143990672683,2.006191596561124,0.5014566579536545,0.001640923685548914,0,0.010901466328128164,0.09421050001401454
1.0,0.5,1.5,1.5,0.005,0.01,2.0,200,two_speed,133,1.0000091044952508,1.9815145290763423,0.4933144430671533,0.002178508461748029,0,0.02552413328730183,0.09326241700910032
1.0,0.5,1.5,1.5,0.005,0.01,2.0,200,two_speed,134,1.0001046517178593,2.0275119446739778,0.5071283185158653,0.0017278022954392925,0,0.034005952476999626,0.09376870898995548
1.0,0.5,1.5,1.5,0.005,0.01,2.0,200,two_speed,135,1.0003880795014162,2.001898639069222,0.5053658708958367,0.0027475385058176073,0,0.015080746104922575,0.09471004200167954
1.0,0.5,1.5,1.5,0.005,0.01,2.0,200,two_speed,136,0.9999312103240415,2.0050678136464675,0.5074636550808336,0.0023125553313516167,0,0.016172396052080304,0.09623429202474654
1.0,0.5,1.5,1.5,0.005,0.01,2.0,200,two_speed,137,1.0000513565864677,2.0152599588636604,0.504560462336572,0.002127227978698681,0,0.02129456390868519,0.09927683393470943
1.0,0.5,1.5,1.5,0.005,0.01,2.0,200,two_speed,138,0.9999846266333668,1.99060707235996,0.5015214980143344,0.0014410332953264642,0,0.013091512763894008,0.09401716594584286
1.0,0.5,1.5,1.5,0.005,0.01,2.0,200,two_speed,139,0.9999778326425969,2.0160689731404213,0.5068343219908419,0.0017883724808329185,0,0.02233779971184033,0.09459824999794364
1.0,0.5,1.5,1.5,0.005,0.01,2.0,200,two_speed,140,0.9997245409561732,1.9885432857828769,0.49585707974888443,0.002157129803642172,0,0.017694306140976366,0.0941287080058828
1.0,0.5,1.5,1.5,0.005,0.01,2.0,200,two_speed,141,1.0000135845812113,1.978362931012323,0.5003134225072224,0.0015425845583328787,0,0.026105729637883445,0.09311974991578609
1.0,0.5,1.5,1.5,0.005,0.01,2.0,200,two_speed,142,1.0002986892787429,1.9872523760030165,0.5064045710629004,0.002201520202703289,0,0.01988156000326775,0.09326925000641495
1.0,0.5,1.5,1.5,0.005,0.01,2.0,200,two_speed,143,0.9999587596203311,2.009825877392069,0.4955883608698754,0.0027192804689444377,0,0.018451220337031216,0.09544208296574652
1.0,0.5,1.5,1.5,0.005,0.01,2.0,200,two_speed,144,1.0002425907128432,2.0232932518960864,0.5089298067621649,0.001749541216307658,0,0.0302407178238593,0.09490074997302145
1.0,0.5,1.5,1.5,0.005,0.01,2.0,200,two_speed,145,1.0003390057178332,1.9901062343234368,0.4993317215935829,0.002551180771180483,0,0.01709511926483973,0.09297462494578212
1.0,0.5,1.5,1.5,0.005,0.01,2.0,200,two_speed,146,1.000357240466425,2.029364733816267,0.5081033338780407,0.00177424932720161,0,0.0363079218729696,0.09364558302331716
1.0,0.5,1.5,1.5,0.005,0.01,2.0,200,two_speed,147,1.0004688841131242,1.9968820829310943,0.5037915041628471,0.002842706622551245,0,0.015076568849088179,0.0939236250706017
1.0,0.5,1.5,1.5,0.005,0.01,2.0,200,two_speed,148,1.000416263909929,1.988682099735778,0.5183844061465765,0.0024012320953681224,0,0.02895733813749776,0.0946229170076549
1.0,0.5,1.5,1.5,0.005,0.01,2.0,200,two_speed,149,0.9999496333874615,1.9863984197122617,0.5025717704398394,0.0018909894056100937,0,0.018537648798099285,0.0931201670318842
1.0,0.5,1.5,1.5,0.005,0.01,2.0,200,two_speed,150,1.0003348608248306,1.9911850025760047,0.5113453737381963,0.0020432897489796186,0,0.02014088147658206,0.0950937089510262
1.0,0.5,1.5,1.5,0.005,0.01,2.0,200,two_speed,151,0.9999040277252597,1.996742962873355,0.5022584728994541,0.002271146553723208,0,0.012174856952420097,0.09355250000953674
1.0,0.5,1.5,1.5,0.005,0.01,2.0,200,two_speed,152,1.0002482807957698,1.9848829241042203,0.5044414496233205,0.0015481590949859296,0,0.019756149805865007,0.09557379106990993
1.0,0.5,1.5,1.5,0.005,0.01,2.0,200,two_speed,153,0.9999874829909138,1.9889917566345305,0.5093940020417446,0.001922345822592433,0,0.020041232607385995,0.09459470899309963
1.0,0.5,1.5,1.5,0.005,0.01,2.0,200,two_speed,154,1.0002118270428264,2.0160940390403392,0.5030233176201032,0.001428587257965484,0,0.02016392697210736,0.09474075003527105
1.0,0.5,1.5,1.5,0.005,0.01,2.0,200,two_speed,155,0.9995654750555993,1.9984803836227654,0.49477048197912,0.002481509965660027,0,0.013774785276636434,0.09729337505996227
1.0,0.5,1.5,1.5,0.005,0.01,2.0,200,two_speed,156,0.9998671368817224,2.00416253249008,0.5038865564111288,0.0018443403210411657,0,0.011576546930639012,0.09574604104273021
1.0,0.5,1.5,1.5,0.005,0.01,2.0,200,two_speed,157,0.9997353705995349,1.9856807913133918,0.50016777871677,0.002266301693684724,0,0.019975820581758907,0.09854154195636511
1.0,0.5,1.5,1.5,0.005,0.01,2.0,200,two_speed,158,1.0003533646252005,2.0242717262518752,0.5063903029207573,0.00394120025437312,0,0.03493462536122492,0.09400108305271715
1.0,0.5,1.5,1.5,0.005,0.01,2.0,200,two_speed,159,0.9999764663881283,2.0010780728706448,0.5049205838879702,0.0017020700807870422,0,0.010640497494206317,0.09423454105854034
1.0,0.5,1.5,1.5,0.005,0.01,2.0,200,two_speed,160,1.0002895630074542,2.005289616109906,0.5033659104443857,0.001979562485552404,0,0.01214644107089609,0.09502208395861089
1.0,0.5,1.5,1.5,0.005,0.01,2.0,200,two_speed,161,1.0001132639290522,2.000014782647764,0.5104727539824404,0.0017678841394906805,0,0.01600859044945018,0.0941031250404194
1.0,0.5,1.5,1.5,0.005,0.01,2.0,200,two_speed,162,1.0003625936510825,2.0176787997630803,0.5062124969959958,0.002545052763806588,0,0.025058025815321718,0.10167970904149115
1.0,0.5,1.5,1.5,0.005,0.01,2.0,200,two_speed,163,1.0003201930294523,2.016602937186537,0.5105547490685898,0.0020597331828059754,0,0.025315864473915612,0.09442604100331664
1.0,0.5,1.5,1.5,0.005,0.01,2.0,200,two_speed,164,1.0001071735282474,1.998339082796949,0.5097567773689151,0.002085806014730974,0,0.01625171729166769,0.09334070794284344
1.0,0.5,1.5,1.5,0.005,0.01,2.0,200,two_speed,165,1.000281526702029,2.0087882175364142,0.5052099765046673,0.002214354262049225,0,0.01612514398800313,0.09474879095796496
1.0,0.5,1.5,1.5,0.005,0.01,2.0,200,two_speed,166,1.0000239232099886,1.9995951743470977,0.5075760326997029,0.0012325648668767622,0,0.011561221014375738,0.09370904206298292
1.0,0.5,1.5,1.5,0.005,0.01,2.0,200,two_speed,167,0.9998846865351083,1.9964933908679874,0.508960111149591,0.0012818385070384438,0,0.014096886322156022,0.09457341593224555
1.0,0.5,1.5,1.5,0.005,0.01,2.0,200,two_speed,168,0.9999527163430176,2.0070081630678653,0.5000368438837453,0.0020437370985532995,0,0.01288594686113224,0.09374849998857826
1.0,0.5,1.5,1.5,0.005,0.01,2.0,200,two_speed,169,0.9996434047365362,1.9972098228004538,0.5031542410511128,0.001984808391764033,0,0.011470229214679785,0.09480133408214897
1.0,0.5,1.5,1.5,0.005,0.01,2.0,200,two_speed,170,1.000061944358007,2.0015139932037838,0.5146686430686169,0.0016970076829025797,0,0.020779512880745123,0.09368220798205584
1.0,0.5,1.5,1.5,0.005,0.01,2.0,200,two_speed,171,1.0002803310153654,1.9988781796439776,0.5000970737070345,0.0025017248478088156,0,0.012411587536591566,0.0940160829341039
1.0,0.5,1.5,1.5,0.005,0.01,2.0,200,two_speed,172,1.0003430291911846,1.993206271767732,0.5152528985944322,0.0019711130019370443,0,0.02289322303242455,0.09508850006386638
1.0,0.5,1.5,1.5,0.005,0.01,2.0,200,two_speed,173,0.9997669559961398,1.9944791254667513,0.507923295420867,0.0016079381534979899,0,0.014860829544737667,0.09342320798896253
1.0,0.5,1.5,1.5,0.005,0.01,2.0,200,two_speed,174,1.000383411072639,1.9964530574425083,0.5107811602481247,0.002533168667713512,0,0.018724308672553536,0.0948567499872297
1.0,0.5,1.5,1.5,0.005,0.01,2.0,200,two_speed,175,1.0002404467949226,1.9834577085319989,0.5132591971812966,0.0010910928960228457,0,0.025905498908607435,0.09255999990273267
1.0,0.5,1.5,1.5,0.005,0.01,2.0,200,two_speed,176,1.0001752728065112,2.008565430842536,0.5127566079664246,0.001891558398732156,0,0.021219305709662073,0.09377083298750222
1.0,0.5,1.5,1.5,0.005,0.01,2.0,200,two_speed,177,1.000187043612617,1.9987021047387616,0.5032267881401123,0.0018200695548115878,0,0.009864481681513751,0.09460504190064967
1.0,0.5,1.5,1.5,0.005,0.01,2.0,200,two_speed,178,1.0000408458625663,1.982334920891548,0.5033158648662514,0.0018432591740408966,0,0.02269786381868388,0.09352074994239956
1.0,0.5,1.5,1.5,0.005,0.01,2.0,200,two_speed,179,0.9997718648021581,2.0021832467330856,0.5076400378378513,0.00194787724703416,0,0.014425732642554055,0.09427883301395923
1.0,0.5,1.5,1.5,0.005,0.01,2.0,200,two_speed,180,0.9996746193320651,2.023810701447061,0.5021634581325108,0.002271665254582009,0,0.029893840902310346,0.09373995789792389
1.0,0.5,1.5,1.5,0.005,0.01,2.0,200,two_speed,181,1.0001409935690915,1.9955149759726405,0.5050353169674038,0.0021007106009694513,0,0.01316163986614805,0.09370349999517202
1.0,0.5,1.5,1.5,0.005,0.01,2.0,200,two_speed,182,1.0002606059523287,2.0108337440801516,0.5055554758897116,0.0032553542683301686,0,0.021421633566912006,0.0948187499307096
1.0,0.5,1.5,1.5,0.005,0.01,2.0,200,two_speed,183,0.9999991550463481,2.0099569532664288,0.5102994765455259,0.0022770587086719763,0,0.020907342844797713,0.09275412489660084
1.0,0.5,1.5,1.5,0.005,0.01,2.0,200,two_speed,184,1.0000724441273683,2.000468372497482,0.5070075004197386,0.0014353863226022581,0,0.01144483130315083,0.09384716604836285
1.0,0.5,1.5,1.5,0.005,0.01,2.0,200,two_speed,185,1.0002392904680473,2.0085148366752668,0.504695304923632,0.002486508582682551,0,0.016691308116988643,0.09330700000282377
1.0,0.5,1.5,1.5,0.005,0.01,2.0,200,two_speed,186,1.0003312557517121,2.005377210122822,0.5140812091571567,0.0024534638120105577,0,0.022305481252607486,0.09279224998317659
1.0,0.5,1.5,1.5,0.005,0.01,2.0,200,two_speed,187,1.0001655472325943,2.0059536129968234,0.5114866882442922,0.0015576040144690815,0,0.017883070133824338,0.09414729103446007
1.0,0.5,1.5,1.5,0.005,0.01,2.0,200,two_speed,188,0.9999883093087268,2.0163448811536435,0.507162372651785,0.0020231432250913976,0,0.023287613858194348,0.09391258400864899
1.0,0.5,1.5,1.5,0.005,0.01,2.0,200,two_speed,189,0.9999430034664663,1.9987121392758402,0.5005146937719072,0.0017669383179249518,0,0.008833929930313287,0.09392529109027237
1.0,0.5,1.5,1.5,0.005,0.01,2.0,200,two_speed,190,1.0000566804713156,2.008828245421598,0.5106476252304886,0.001658738721886563,0,0.018910563973431813,0.09231616603210568
1.0,0.5,1.5,1.5,0.005,0.01,2.0,200,two_speed,191,1.0001992344297712,1.9688451212523679,0.5159243726240297,0.0021212326304021153,0,0.04227371442730262,0.09412591706495732
1.0,0.5,1.5,1.5,0.005,0.01,2.0,200,two_speed,192,0.9999226831464705,1.9955707208729416,0.5102056622906883,0.0016374797884935587,0,0.01651226723485672,0.09397637494839728
1.0,0.5,1.5,1.5,0.005,0.01,2.0,200,two_speed,193,1.0001636402028489,2.0107615216711943,0.5042146058511123,0.0023481001737225378,0,0.017735973548178827,0.09567987499758601
1.0,0.5,1.5,1.5,0.005,0.01,2.0,200,two_speed,194,1.0002563696878424,2.0059974509456886,0.5064745062141384,0.0014660924571600815,0,0.012785310324053077,0.09454891597852111
1.0,0.5,1.5,1.5,0.005,0.01,2.0,200,two_speed,195,1.0002175279007661,1.9881836692632107,0.5094276443988265,0.002732754448172372,0,0.022555304387475036,0.09373474994208664
1.0,0.5,1.5,1.5,0.005,0.01,2.0,200,two_speed,196,0.9999638598124239,1.9992336117003942,0.5089259204863588,0.00208265354398207,0,0.015559978587065334,0.0935598750365898
1.0,0.5,1.5,1.5,0.005,0.01,2.0,200,two_speed,197,1.0000493560873693,2.0134054231118608,0.4977739645881786,0.001644028993380144,0,0.017733284270586246,0.09366358397528529
1.0,0.5,1.5,1.5,0.005,0.01,2.0,200,two_speed,198,0.9998774569138796,2.007359974462733,0.494288179310301,0.002104866300111158,0,0.015221479613922282,0.09400054102297872
1.0,0.5,1.5,1.5,0.005,0.01,2.0,200,two_speed,199,1.000056794849975,2.0008086492402466,0.499856890199122,0.0016813601369346023,0,0.00830957748307294,0.0940334580373019
1.0,0.5,1.5,1.5,0.005,0.01,2.0,200,two_speed,200,1.0001400377573364,2.0086425438927855,0.5113366761085126,0.002914194399121476,0,0.022688266720488622,0.09402683295775205
1.0,0.5,1.5,1.5,0.005,0.01,2.0,200,two_speed,201,1.0000470562482409,2.0136638025425357,0.5012370099480877,0.0017378738582105714,0,0.017988785881073513,0.09351383300963789
1.0,0.5,1.5,1.5,0.005,0.01,2.0,200,two_speed,202,1.0001943984412798,1.9744304602450233,0.5064937881526101,0.0020212813738157043,0,0.03207028611278668,0.09540354204364121
1.0,0.5,1.5,1.5,0.005,0.01,2.0,200,two_speed,203,1.0001526718992477,2.0090059479825033,0.5069151670718693,0.001463429861824691,0,0.015338651187548744,0.09619279101025313
1.0,0.5,1.5,1.5,0.005,0.01,2.0,200,two_speed,204,1.0003064513518822,1.999655416749678,0.4998755647026035,0.002892437588148127,0,0.014282608234299145,0.09393724997062236
1.0,0.5,1.5,1.5,0.005,0.01,2.0,200,two_speed,205,1.0001192854787906,1.9701728323259466,0.5066929021442688,0.0016656320287788868,0,0.03633922345701545,0.0947290409822017
1.0,0.5,1.5,1.5,0.005,0.01,2.0,200,two_speed,206,1.0000712329018737,1.9885495932555848,0.4965143902054102,0.0019335718600904655,0,0.016956740451657643,0.09488487499766052
1.0,0.5,1.5,1.5,0.005,0.01,2.0,200,two_speed,207,1.0003341005433835,1.9908562537704946,0.5125645383940941,0.0017870823045492235,0,0.02084537647168614,0.09361425007227808
1.0,0.5,1.5,1.5,0.005,0.01,2.0,200,two_speed,208,0.9999957483635182,2.000013858070904,0.5039214370124078,0.0024131440083657173,0,0.012905574179447783,0.09418404195457697
1.0,0.5,1.5,1.5,0.005,0.01,2.0,200,two_speed,209,1.000054192533678,1.9994337137787024,0.49874537889655673,0.0019236587708074046,0,0.009623800010356487,0.09403804095927626
1.0,0.5,1.5,1.5,0.005,0.01,2.0,200,two_speed,210,1.000212774237417,1.999421954921579,0.5160159566690822,0.0022919133332737593,0,0.02330695533678166,0.09394470800179988
1.0,0.5,1.5,1.5,0.005,0.01,2.0,200,two_speed,211,0.9999522361734844,2.0098693545905593,0.5049876624982429,0.002018874464556902,0,0.016451622729940607,0.09329995804000646
1.0,0.5,1.5,1.5,0.005,0.01,2.0,200,two_speed,212,1.0002890341903148,2.0007673753707746,0.5070037582076286,0.0021883762834824633,0,0.013820856177526,0.09520895802415907
1.0,0.5,1.5,1.5,0.005,0.01,2.0,200,two_speed,213,1.0004607641787406,1.9998961964293551,0.5090237629857293,0.002851599968896757,0,0.017825098432826442,0.09377904201392084
1.0,0.5,1.5,1.5,0.005,0.01,2.0,200,two_speed,214,1.0001397241037628,1.9799208704532347,0.5076093727129155,0.0030248746078838746,0,0.029199310800217263,0.09336316701956093
1.0,0.5,1.5,1.5,0.005,0.01,2.0,200,two_speed,215,0.9998083744585892,2.004521860768956,0.5037144341661056,0.002381351730185835,0,0.013845162431960762,0.09447537502273917
1.0,0.5,1.5,1.5,0.005,0.01,2.0,200,two_speed,216,1.0000415684922168,1.9986928646906752,0.5179614660875363,0.001551554420984028,0,0.024535249655006867,0.09426775004249066
1.0,0.5,1.5,1.5,0.005,0.01,2.0,200,two_speed,217,1.000079435800924,1.994775946286424,0.5057762610365153,0.0016124448563568689,0,0.01238144413503727,0.09521537506952882
1.0,0.5,1.5,1.5,0.005,0.01,2.0,200,two_speed,218,0.9999933435213584,1.9907271050285136,0.4992929929856904,0.002179784662378035,0,0.015159828784408696,0.09427874989341944
1.0,0.5,1.5,1.5,0.005,0.01,2.0,200,two_speed,219,1.00004577685008,2.009967227499182,0.5002231658053431,0.001338058163774579,0,0.01325002963817755,0.09458820894360542
1.0,0.5,1.5,1.5,0.005,0.01,2.0,200,two_speed,220,1.0005186201279674,1.9881153424331672,0.5105435363489783,0.0021090276415432286,0,0.021475230171502376,0.0938100420171395
1.0,0.5,1.5,1.5,0.005,0.01,2.0,200,two_speed,221,1.0000621151827411,1.9908838320811664,0.5018250158251116,0.0014043857731284328,0,0.012773764441255513,0.09422716696280986
1.0,0.5,1.5,1.5,0.005,0.01,2.0,200,two_speed,222,1.0000243875199284,2.0044703378702335,0.506482352225685,0.0013054736278998147,0,0.011765025880381924,0.09494070906657726
1.0,0.5,1.5,1.5,0.005,0.01,2.0,200,two_speed,223,1.0002947041770078,2.010051723809998,0.5056335166823683,0.0039365549866453246,0,0.02359802690045304,0.09363787493202835
1.0,0.5,1.5,1.5,0.005,0.01,2.0,200,two_speed,224,1.0002966546186307,1.977855963679136,0.5010975212994376,0.0018586285232572507,0,0.0271806403865816,0.0932047920068726
1.0,0.5,1.5,1.5,0.005,0.01,2.0,200,two_speed,225,0.999850275963703,2.0064836755912787,0.5071376490570741,0.0016865013991016326,0,0.014745212728707218,0.09342045802623034
1.0,0.5,1.5,1.5,0.005,0.01,2.0,200,two_speed,226,0.9999119852982934,2.0122585383789695,0.4984887517198232,0.0019932374128713366,0,0.01730355162942909,0.0968203330412507
1.0,0.5,1.5,1.5,0.005,0.01,2.0,200,two_speed,227,1.0000403248147496,1.9941183981256494,0.5037118471851076,0.0022028260072958885,0,0.013642336884662003,0.09471687499899417
1.0,0.5,1.5,1.5,0.005,0.01,2.0,200,two_speed,228,1.0002237103750249,1.999509878067688,0.5030550610070392,0.0024626708327177937,0,0.01263823774721256,0.09284379193559289
1.0,0.5,1.5,1.5,0.005,0.01,2.0,200,two_speed,229,1.0003890504449178,2.0055398955044312,0.5081718033222208,0.0019821437731868,0,0.015356363258201106,0.09435254102572799
1.0,0.5,1.5,1.5,0.005,0.01,2.0,200,two_speed,230,1.0002827393966671,1.9822113473055247,0.5044859483868633,0.0034995670213710324,0,0.02733157566911716,0.09411004197318107
1.0,0.5,1.5,1.5,0.005,0.01,2.0,200,two_speed,231,1.0001295618433854,1.9752198933412344,0.5080030324289501,0.0024486850074462254,0,0.03263528051765107,0.09377916704397649
1.0,0.5,1.5,1.5,0.005,0.01,2.0,200,two_speed,232,1.0001899958987452,1.9841306689204716,0.5124196696926625,0.0024414339311214367,0,0.02702849343538418,0.09769291698466986
1.0,0.5,1.5,1.5,0.005,0.01,2.0,200,two_speed,233,0.9997635902583105,2.0084367874569344,0.49690483972018973,0.0021601428475416405,0,0.014858783726996038,0.10677266598213464
1.0,0.5,1.5,1.5,0.005,0.01,2.0,200,two_speed,234,1.0000785273579138,1.9970608126385538,0.5077487424991897,0.0021513548971064784,0,0.014875435190728986,0.09498220903333277
1.0,0.5,1.5,1.5,0.005,0.01,2.0,200,two_speed,235,1.0002366703261605,2.006230103566719,0.5030904353191779,0.0029673365635504096,0,0.016623525032398185,0.09945966699160635
1.0,0.5,1.5,1.5,0.005,0.01,2.0,200,two_speed,236,1.0002494202775671,2.0235872051218537,0.5004791849135628,0.001965522099748633,0,0.028901389886214848,0.09854154090862721
1.0,0.5,1.5,1.5,0.005,0.01,2.0,200,two_speed,237,1.0000886825593815,1.9881164432385339,0.5028002827341258,0.0019598948891498477,0,0.017097811973856396,0.09274116693995893
1.0,0.5,1.5,1.5,0.005,0.01,2.0,200,two_speed,238,0.9998947628612707,2.000861522026223,0.49009053204007247,0.0018932676203015774,0,0.01586825930245059,0.09493916702922434
1.0,0.5,1.5,1.5,0.005,0.01,2.0,200,two_speed,239,0.9994321794561869,2.008638751102599,0.5000789699653286,0.0026270263815555152,0,0.01654592917622745,0.10230720799881965
1.0,0.5,1.5,1.5,0.005,0.01,2.0,200,two_speed,240,1.0000646863209524,2.008472360237692,0.5076359107998952,0.0016109703702837138,0,0.01598426303725046,0.10846612497698516
1.0,0.5,1.5,1.5,0.005,0.01,2.0,200,two_speed,241,0.9999274871473688,2.004314079262008,0.5069353210601258,0.0024009848807005985,0,0.01573826274658479,0.1208811670076102
1.0,0.5,1.5,1.5,0.005,0.01,2.0,200,two_speed,242,1.000463127388878,1.9939048220482565,0.5164959920423599,0.001806868938558746,0,0.02354971383446661,0.1018943750532344
1.0,0.5,1.5,1.5,0.005,0.01,2.0,200,two_speed,243,1.0001767558528594,1.984318002456892,0.504333673899057,0.001946053590742844,0,0.02114287414214651,0.09783645800780505
1.0,0.5,1.5,1.5,0.005,0.01,2.0,200,two_speed,244,1.0001136185771577,1.990309941428361,0.50542937174455,0.0017457114415490593,0,0.01566063012026497,0.10544645797926933
1.0,0.5,1.5,1.5,0.005,0.01,2.0,200,two_speed,245,1.0001418776171491,2.002507403133806,0.5083586868315515,0.0026050438947508407,0,0.016902242212493007,0.09537762496620417
1.0,0.5,1.5,1.5,0.005,0.01,2.0,200,two_speed,246,1.0000887815019068,2.011926233105658,0.5013942570763663,0.0016659162194062938,0,0.016088257348200363,0.11960395891219378
1.0,0.5,1.5,1.5,0.005,0.01,2.0,200,two_speed,247,1.000134735800153,1.9937927177149797,0.504876533229299,0.0020680729046655215,0,0.013809660563997883,0.09356233302969486
1.0,0.5,1.5,1.5,0.005,0.01,2.0,200,two_speed,248,0.9997752946983226,1.9864413943232873,0.5002681850936055,0.0023892269911248813,0,0.019600542362894196,0.09901533299125731
1.0,0.5,1.5,1.5,0.005,0.01,2.0,200,two_speed,249,0.9999657000948249,1.9869554256737716,0.4939818984009162,0.0022569686463867838,0,0.02025758552095788,0.09354720800183713
1.0,0.5,1.5,1.5,0.005,0.01,2.0,200,two_speed,250,1.0005851782161925,2.0205024969374774,0.5057021245068631,0.0033222789454468507,0,0.029532884373608292,0.09705687500536442
1.0,0.5,1.5,1.5,0.005,0.01,2.0,200,two_speed,251,1.0004173974917756,1.9954639076442136,0.5176496837062885,0.0023764255054222858,0,0.02564000669470252,0.09307599999010563
1.0,0.5,1.5,1.5,0.005,0.01,2.0,200,two_speed,252,1.0002070692325056,2.0107615151150395,0.5103234733441346,0.0016532390102538728,0,0.01975528790225851,0.0990525409579277
1.0,0.5,1.5,1.5,0.005,0.01,2.0,200,two_speed,253,1.0001307860385398,2.007278674514907,0.516738321450301,0.0020774055550345396,0,0.025292235444888116,0.09556879103183746
1.0,0.5,1.5,1.5,0.005,0.01,2.0,200,two_speed,254,1.0000511385860418,1.9727766749904627,0.5144645643278766,0.0018060932390153977,0,0.03739965107989489,0.09604583296459168
1.0,0.5,1.5,1.5,0.005,0.01,2.0,200,two_speed,255,1.000693369268827,1.9977398096929675,0.5186501999463842,0.0027521292002700066,0,0.026900173425729715,0.10628945799544454
1.0,0.5,1.5,1.5,0.005,0.01,2.0,200,two_speed,256,0.9999343414039371,1.9774224891950414,0.5083759715533247,0.0016628834242580976,0,0.029341111779168188,0.09925700002349913
1.0,0.5,1.5,1.5,0.005,0.01,2.0,200,two_speed,257,0.9999136998271908,2.0100505290492965,0.49364100526605614,0.002107038293789082,0,0.017576330486173446,0.2597672080155462
1.0,0.5,1.5,1.5,0.005,0.01,2.0,200,two_speed,258,0.9997318797739435,2.007478821285432,0.503994168604378,0.002325797930749741,0,0.015482362932213587,0.10224775003734976
1.0,0.5,1.5,1.5,0.005,0.01,2.0,200,two_speed,259,1.000169132071963,1.9853585072113564,0.5136048640024795,0.0024965314627811925,0,0.027189693533146767,0.09422137506771833
1.0,0.5,1.5,1.5,0.005,0.01,2.0,200,two_speed,260,1.0000273830970228,2.0153262687765316,0.5115204583175459,0.0014875843734269373,0,0.024246353887760686,0.09635891707148403
1.0,0.5,1.5,1.5,0.005,0.01,2.0,200,two_speed,261,1.000368336875731,1.9910649006933518,0.5083899387385032,0.0021405650292141334,0,0.017928558968232124,0.0949365000706166
1.0,0.5,1.5,1.5,0.005,0.01,2.0,200,two_speed,262,1.000141700587549,1.9935113132993347,0.5041614405226442,0.0017451673386554474,0,0.012509969748792852,0.094957708963193
1.0,0.5,1.5,1.5,0.005,0.01,2.0,200,two_speed,263,0.9999826611318235,1.970201090415991,0.5007751205577514,0.001790147307385447,0,0.035509771133283595,0.09404600004199892
1.0,0.5,1.5,1.5,0.005,0.01,2.0,200,two_speed,264,1.0001867717101618,2.0166462676164465,0.5039956966581073,0.0019011861711616235,0,0.021898170657297825,0.09407949994783849
1.0,0.5,1.5,1.5,0.005,0.01,2.0,200,two_speed,265,0.9998689410860867,2.010283474930617,0.4978100313049927,0.001978009181195019,0,0.015556023218090877,0.09546450001653284
1.0,0.5,1.5,1.5,0.005,0.01,2.0,200,two_speed,266,1.0001414670668027,1.9732512147348173,0.5046328912890489,0.00177496325301681,0,0.032542963202993276,0.09325375000480562
1.0,0.5,1.5,1.5,0.005,0.01,2.0,200,two_speed,267,1.0005260795356092,1.9986840881106431,0.5097216860625204,0.004127642692653018,0,0.02352101844103784,0.09420279203914106
1.0,0.5,1.5,1.5,0.005,0.01,2.0,200,two_speed,268,1.000349061087144,2.0128353149913436,0.5042939227351418,0.0019393287234654093,0,0.01831204642564347,0.0943294579628855
1.0,0.5,1.5,1.5,0.005,0.01,2.0,200,two_speed,269,1.0001757047647941,1.9862378683024184,0.5012238155464906,0.002168268989561502,0,0.01916828417856943,0.09409208409488201
1.0,0.5,1.5,1.5,0.005,0.01,2.0,200,two_speed,270,1.0005189038145512,1.9928837422842751,0.5191297514254858,0.0031688487736875473,0,0.02968378602923317,0.0968155829468742
1.0,0.5,1.5,1.5,0.005,0.01,2.0,200,two_speed,271,1.0000069585723146,1.9943116948821102,0.5020960971793569,0.0014553637121651605,0,0.010078881269944147,0.093402583966963
1.0,0.5,1.5,1.5,0.005,0.01,2.0,200,two_speed,272,1.000085899692636,2.01562203029083,0.5012497176480605,0.002411692808532761,0,0.021619232285772602,0.09716624999418855
1.0,0.5,1.5,1.5,0.005,0.01,2.0,200,two_speed,273,0.9993835070915803,2.0134696881343497,0.49766110027153476,0.001759835472290235,0,0.018091561775675884,0.09914366703014821
1.0,0.5,1.5,1.5,0.005,0.01,2.0,200,two_speed,274,0.99990050050963,1.991407989529426,0.50088850974355,0.0021389175657989413,0,0.014514068319954125,0.09284708299674094
1.0,0.5,1.5,1.5,0.005,0.01,2.0,200,two_speed,275,0.9998138939981431,2.0116327872806274,0.5094332916043834,0.002510421637668872,0,0.022131028186301336,0.10194416693411767
1.0,0.5,1.5,1.5,0.005,0.01,2.0,200,two_speed,276,1.000490757538844,2.0104890692528494,0.5141677886078797,0.0025226904319521413,0,0.024574009361286755,0.09270329191349447
1.0,0.5,1.5,1.5,0.005,0.01,2.0,200,two_speed,277,1.000070613657126,2.004335667526088,0.5034947756136997,0.0013332108859835374,0,0.009355417896506752,0.09760787500999868
1.0,0.5,1.5,1.5,0.005,0.01,2.0,200,two_speed,278,1.0004224550196128,2.022569349745547,0.5093795099124361,0.0018205118524724485,0,0.029761571468010218,0.12272141606081277
1.0,0.5,1.5,1.5,0.005,0.01,2.0,200,two_speed,279,1.0000664694034493,2.0141249275836284,0.5016334182406269,0.0024570247044403987,0,0.020352115227260107,0.09950612497050315
1.0,0.5,1.5,1.5,0.005,0.01,2.0,200,two_speed,280,0.9999188776406426,1.9805797271702903,0.4972976507761218,0.0021365964220075276,0,0.024995167361362876,0.10270420799497515
1.0,0.5,1.5,1.5,0.005,0.01,2.0,200,two_speed,281,1.0003633991485565,1.999236315866983,0.49701925037590233,0.0017838854931639225,0,0.010109198955284919,0.10343112505506724
1.0,0.5,1.5,1.5,0.005,0.01,2.0,200,two_speed,282,0.9998927628818993,1.9957057727656862,0.49505069861103274,0.002081259660273095,0,0.012978812117875813,0.10212679207324982
1.0,0.5,1.5,1.5,0.005,0.01,2.0,200,two_speed,283,0.9999566723407275,2.0207970023167543,0.5129468122107328,0.0018329598810928,0,0.03055034583151465,0.10114320903085172
1.0,0.5,1.5,1.5,0.005,0.01,2.0,200,two_speed,284,1.0001364632779826,2.003499446818705,0.5107038934767997,0.0018960083105114644,0,0.01701535942064805,0.10133991704788059
1.0,0.5,1.5,1.5,0.005,0.01,2.0,200,two_speed,285,1.0001373088919183,2.0074562511367535,0.5086380899690045,0.002679751547387918,0,0.019210473989118713,0.09740470803808421
1.0,0.5,1.5,1.5,0.005,0.01,2.0,200,two_speed,286,1.000320889131303,1.9829219174134507,0.5118014458308691,0.0015720073292423897,0,0.02571837208878947,0.09997591702267528
1.0,0.5,1.5,1.5,0.005,0.01,2.0,200,two_speed,287,1.000072971444201,2.0030569678928236,0.5079730797808033,0.0022933639985020684,0,0.015648085772076208,0.0957779580494389
1.0,0.5,1.5,1.5,0.005,0.01,2.0,200,two_speed,288,1.0000746140901067,2.0133062370078036,0.5037733137930562,0.0030949588231817503,0,0.0221356142881706,0.09591283404733986
1.0,0.5,1.5,1.5,0.005,0.01,2.0,200,two_speed,289,1.000046597849399,2.013862839053222,0.5024509197234487,0.001970372558563434,0,0.018932988827449215,0.09572354203555733
1.0,0.5,1.5,1.5,0.005,0.01,2.0,200,two_speed,290,0.9999754514563898,2.0077792474089264,0.5088041454796061,0.0019290767767861274,0,0.01736558426967689,0.09548808296676725
1.0,0.5,1.5,1.5,0.005,0.01,2.0,200,two_speed,291,1.0000814853243236,2.000711190205067,0.49972579463832734,0.0016593443256272286,0,0.008206345658441475,0.09418445802293718
1.0,0.5,1.5,1.5,0.005,0.01,2.0,200,two_speed,292,1.000272649886875,1.9930910066570988,0.5064556202895474,0.0020106032323856772,0,0.014971632146033673,0.09570233302656561
1.0,0.5,1.5,1.5,0.005,0.01,2.0,200,two_speed,293,0.9998379165097971,1.9946859848549634,0.5037536505825603,0.0020728750160554418,0,0.013020497572012676,0.09691633307375014
1.0,0.5,1.5,1.5,0.005,0.01,2.0,200,two_speed,294,1.0000320756144587,1.9794734954524345,0.49655211841841373,0.0016336658331176108,0,0.0254658919863868,0.09485104202758521
1.0,0.5,1.5,1.5,0.005,0.01,2.0,200,two_speed,295,1.000088125367965,1.9876843382551157,0.503234385358585,0.0018173568061703408,0,0.017258953704990435,0.09527245804201812
1.0,0.5,1.5,1.5,0.005,0.01,2.0,200,two_speed,296,1.0001252889683456,2.010003143156057,0.5103312713542328,0.0014703935306685488,0,0.01891847499420784,0.09558141592424363
1.0,0.5,1.5,1.5,0.005,0.01,2.0,200,two_speed,297,1.000517044155142,2.007268369040366,0.5117215337651762,0.0026574454622043677,0,0.02112045874801932,0.09757462504785508
1.0,0.5,1.5,1.5,0.005,0.01,2.0,200,two_speed,298,1.0005007557827268,1.9922614467493356,0.5077854378125971,0.002757372282991368,0,0.018705524378840318,0.09520683297887444
1.0,0.5,1.5,1.5,0.005,0.01,2.0,200,two_speed,299,1.0001124245033621,2.0085910709781816,0.4987395539558888,0.0026306731619843136,0,0.016388149580711144,0.09554358304012567
1.0,0.5,1.5,1.5,0.005,0.01,2.0,200,two_speed,300,1.0000934983990246,1.9862595800189822,0.5106546665836539,0.0016224980862930515,0,0.022357930520822286,0.09786933404393494
1.0,0.5,1.5,1.5,0.005,0.01,2.0,200,two_speed,301,1.000433664085179,1.9928308446518639,0.5077063204551624,0.0023961891336926854,0,0.01715100003213934,0.10057866701390594
1.0,0.5,1.5,1.5,0.005,0.01,2.0,200,two_speed,302,1.0000387667104913,2.033611308703651,0.504796812901812,0.0021784716144966883,0,0.04062286831745093,0.11578008299693465
1.0,0.5,1.5,1.5,0.005,0.01,2.0,200,two_speed,303,0.9999364104920482,1.994840600593087,0.5016181887438262,0.0015088792204206371,0,0.009766126290227535,0.09763987502083182
1.0,0.5,1.5,1.5,0.005,0.01,2.0,200,two_speed,304,1.0003672075398424,2.0068442034156426,0.5030544800997226,0.002921868515418204,0,0.01676554741079131,0.0958920830162242
1.0,0.5,1.5,1.5,0.005,0.01,2.0,200,two_speed,305,0.9997686153284152,2.0121391229602112,0.4953681154290442,0.0024036502184578523,0,0.019161193026343705,0.09938766702543944
1.0,0.5,1.5,1.5,0.005,0.01,2.0,200,two_speed,306,0.9999588658005651,1.9972530162055677,0.5069889695612412,0.0017249864385159913,0,0.012908774156096325,0.09624900005292147
1.0,0.5,1.5,1.5,0.005,0.01,2.0,200,two_speed,307,1.0003694364950477,2.0138106087065117,0.5173965407052907,0.002064492275685981,0,0.028928015429616986,0.10174137505237013
1.0,0.5,1.5,1.5,0.005,0.01,2.0,200,two_speed,308,0.9998884281866985,2.0009081018105848,0.4978155513916502,0.002438459373059061,0,0.012301896127580545,0.0930070000467822
1.0,0.5,1.5,1.5,0.005,0.01,2.0,200,two_speed,309,1.0002219200663498,2.007374976567814,0.5118748646260886,0.0018060028940491324,0,0.019428019027963064,0.09679325006436557
1.0,0.5,1.5,1.5,0.005,0.01,2.0,200,two_speed,310,0.9998345195416802,2.0319791342229423,0.4982334192303963,0.0033416752998900357,0,0.04045488854353115,0.09304483304731548
1.0,0.5,1.5,1.5,0.005,0.01,2.0,200,two_speed,311,1.0003330442230225,1.9909601221603639,0.5102435064123377,0.001917008606324461,0,0.018961451018022803,0.1021403749473393
1.0,0.5,1.5,1.5,0.005,0.01,2.0,200,two_speed,312,1.0005212161254284,2.028076111888846,0.5122825542999642,0.0029991011803927907,0,0.03843656958947146,0.09353966696653515
1.0,0.5,1.5,1.5,0.005,0.01,2.0,200,two_speed,313,1.0002487960741862,2.000774781851256,0.49834868801802795,0.0018697122383696963,0,0.009668908472453133,0.0973210409283638
1.0,0.5,1.5,1.5,0.005,0.01,2.0,200,two_speed,314,0.9999625553479599,2.0097221665532463,0.5039727927651194,0.0017263550002112368,0,0.015014327252400308,0.09387645800597966
1.0,0.5,1.5,1.5,0.005,0.01,2.0,200,two_speed,315,1.0004068445946346,2.0077456189203593,0.5116219263931895,0.0019532675116651532,0,0.019465594343956512,0.09215675003360957
1.0,0.5,1.5,1.5,0.005,0.01,2.0,200,two_speed,316,1.0000960613585392,2.00893168295607,0.5040239434832144,0.001374667961597705,0,0.013309259627740188,0.09388983307871968
1.0,0.5,1.5,1.5,0.005,0.01,2.0,200,two_speed,317,0.9999336218453324,1.9922557987532135,0.5113440506404644,0.0015280019337750386,0,0.01892509939595853,0.0940836250083521
1.0,0.5,1.5,1.5,0.005,0.01,2.0,200,two_speed,318,1.0000877987962868,1.9954531014438621,0.5025190014536779,0.0021130875627701634,0,0.012027345668096783,0.09378595906309783
1.0,0.5,1.5,1.5,0.005,0.01,2.0,200,two_speed,319,0.9999512431177469,2.0083529640534925,0.49870400341249893,0.0021885076218542574,0,0.014514790330815236,0.09494779095984995
1.0,0.5,1.5,1.5,0.005,0.01,2.0,200,two_speed,320,0.9999373527628472,1.9906014717774814,0.5050769250424194,0.002115628989878952,0,0.016469527819393336,0.09425650001503527
1.0,0.5,1.5,1.5,0.005,0.01,2.0,200,two_speed,321,1.0000736980231992,2.004835099195342,0.5080277277652925,0.0019035317582710212,0,0.015023892146700215,0.0941948329564184
1.0,0.5,1.5,1.5,0.005,0.01,2.0,200,two_speed,322,0.9998445738738673,1.990366606961119,0.5070571268234594,0.0014858974333464283,0,0.01635466850459116,0.09293641708791256
1.0,0.5,1.5,1.5,0.005,0.01,2.0,200,two_speed,323,1.0001994916414285,1.9880474468011626,0.49790569937810725,0.002034304869600678,0,0.01735268037569241,0.09473458293359727
1.0,0.5,1.5,1.5,0.005,0.01,2.0,200,two_speed,324,1.0003294751083789,2.0037595974884717,0.5120154513598972,0.0022963667305148784,0,0.01926229391580025,0.09377775003667921
1.0,0.5,1.5,1.5,0.005,0.01,2.0,200,two_speed,325,1.0001581084808235,2.0178210609615013,0.5093215764386705,0.0020347301265856454,0,0.025759717714683324,0.09664820798207074
1.0,0.5,1.5,1.5,0.005,0.01,2.0,200,two_speed,326,1.0001004214316889,1.99835638568811,0.5008284445807922,0.002118502842492144,0,0.010607753515711967,0.09238054195884615
1.0,0.5,1.5,1.5,0.005,0.01,2.0,200,two_speed,327,0.9998324357944248,1.9898193638556514,0.4886675430998249,0.0023522197911246168,0,0.021991499384641566,0.09755579195916653
1.0,0.5,1.5,1.5,0.005,0.01,2.0,200,two_speed,328,0.9999321059965769,2.002276233348272,0.49976992617121674,0.0015471746166612205,0,0.008038827002448295,0.09278841596096754
1.0,0.5,1.5,1.5,0.005,0.01,2.0,200,two_speed,329,1.0003143619117592,1.994460180621916,0.520776473109484,0.0023000085756621175,0,0.029443085720090967,0.09521850000601262
1.0,0.5,1.5,1.5,0.005,0.01,2.0,200,two_speed,330,0.9997033952315082,2.0272749541179254,0.5014471930913385,0.002623430143447821,0,0.034140366263057643,0.09481733292341232
1.0,0.5,1.5,1.5,0.005,0.01,2.0,200,two_speed,331,1.0006173225816382,2.0142363219346815,0.5153269604152299,0.002334218171725258,0,0.027474636041412415,0.09298262500669807
1.0,0.5,1.5,1.5,0.005,0.01,2.0,200,two_speed,332,0.9996354729416149,2.007880216834906,0.4994000178684758,0.0019315252336479444,0,0.013236108009589272,0.09673716698307544
1.0,0.5,1.5,1.5,0.005,0.01,2.0,200,two_speed,333,0.999818950784602,2.0233477939563755,0.5023067053896497,0.0014692472310993806,0,0.028095165731387078,0.09353537508286536
1.0,0.5,1.5,1.5,0.005,0.01,2.0,200,two_speed,334,1.0000673758020886,2.006415540182425,0.5062230637285174,0.0016678470443311937,0,0.013615574651469495,0.09803737502079457
1.0,0.5,1.5,1.5,0.005,0.01,2.0,200,two_speed,335,1.000327623097444,1.980126912720361,0.5156339687314403,0.0018636524926983022,0,0.03152148679413078,0.09299683303106576
1.0,0.5,1.5,1.5,0.005,0.01,2.0,200,two_speed,336,1.0002214504656017,2.0067602868301018,0.5059801208869174,0.00199683842215999,0,0.014570388026732111,0.09996787505224347
1.0,0.5,1.5,1.5,0.005,0.01,2.0,200,two_speed,337,0.999997256855367,1.9966910200450256,0.500522952253489,0.001934183498655799,0,0.01025153147433177,0.09679674997460097
1.0,0.5,1.5,1.5,0.005,0.01,2.0,200,two_speed,338,0.9998074031807276,1.9876311456680202,0.4980057769989605,0.0026978494368040348,0,0.019608030405426302,0.09552862495183945
1.0,0.5,1.5,1.5,0.005,0.01,2.0,200,two_speed,339,0.9999700272004315,2.0000244364155537,0.5027105537209684,0.0012861635618549004,0,0.00727068510215309,0.09456520795356482
1.0,0.5,1.5,1.5,0.005,0.01,2.0,200,two_speed,340,1.0001122893325154,2.0193111398267845,0.4971780221870152,0.002107614198870291,0,0.024909493415913878,0.09519329201430082
1.0,0.5,1.5,1.5,0.005,0.01,2.0,200,two_speed,341,0.9998287462713946,1.997267269097124,0.49863000409678987,0.0022367389018150643,0,0.011533634906487043,0.0959249169100076
1.0,0.5,1.5,1.5,0.005,0.01,2.0,200,two_speed,342,1.0001062863246217,1.9906627706072308,0.5050142797216457,0.0015181464822101908,0,0.014523929120499043,0.09668949991464615
1.0,0.5,1.5,1.5,0.005,0.01,2.0,200,two_speed,343,1.000343649726887,2.005362255061164,0.5160148397784328,0.0017367993350837177,0,0.022782993207693163,0.09488079091534019
1.0,0.5,1.5,1.5,0.005,0.01,2.0,200,two_speed,344,1.0001045728495663,1.9995074890988096,0.5004455858754804,0.001236671679829732,0,0.0061207659889805305,0.09440083301160485
1.0,0.5,1.5,1.5,0.005,0.01,2.0,200,two_speed,345,1.0002938599883895,1.975304566191727,0.5053856738507901,0.0018652654085099302,0,0.030558329913811955,0.09296591591555625
1.0,0.5,1.5,1.5,0.005,0.01,2.0,200,two_speed,346,0.9999823154600687,1.9985945786277555,0.5015564904626887,0.0015783731222014518,0,0.008179381865647348,0.09299195907078683
1.0,0.5,1.5,1.5,0.005,0.01,2.0,200,two_speed,347,1.0000105336161198,2.001062835755242,0.4967770586430269,0.0016703668319566713,0,0.009318512122414293,0.09299433405976743
1.0,0.5,1.5,1.5,0.005,0.01,2.0,200,two_speed,348,0.9998787618955011,2.0036246087313505,0.498385486186876,0.002457209551142651,0,0.012902862298063313,0.09376724995672703
1.0,0.5,1.5,1.5,0.005,0.01,2.0,200,two_speed,349,1.0002370945167316,2.0058431745353515,0.5069317649267181,0.0017614129094757906,0,0.013937494852538389,0.09351195802446455
1.0,0.5,1.5,1.5,0.005,0.01,2.0,200,two_speed,350,1.0000765502745583,2.0291954473554217,0.5050699606155986,0.002575311808465359,0,0.036558103759900394,0.09398825000971556
1.0,0.5,1.5,1.5,0.005,0.01,2.0,200,two_speed,351,1.0001048066660059,2.0228844516764215,0.49678724365074195,0.0014146008882341204,0,0.027712370349160666,0.09259104100055993
1.0,0.5,1.5,1.5,0.005,0.01,2.0,200,two_speed,352,1.000532986925102,1.9977739300513837,0.5173855335585738,0.003240472045675574,0,0.027069085246990827,0.09273037489037961
1.0,0.5,1.5,1.5,0.005,0.01,2.0,200,two_speed,353,0.999773673603959,1.9823140736549307,0.49375104902313927,0.0014750401757583952,0,0.023084646430681012,0.09369654103647918
1.0,0.5,1.5,1.5,0.005,0.01,2.0,200,two_speed,354,0.9998137434135063,2.000210566834282,0.49858085258255735,0.0014343190960560473,0,0.007235080623415735,0.09289266599807888
1.0,0.5,1.5,1.5,0.005,0.01,2.0,200,two_speed,355,1.0001491711066157,2.0095287857995494,0.49986584886682506,0.0016924624425082842,0,0.013807433886777855,0.09269491699524224
1.0,0.5,1.5,1.5,0.005,0.01,2.0,200,two_speed,356,1.000102573284604,1.9970271240982869,0.5118392091619471,0.0018336902818031763,0,0.018032971738688997,0.09254537499509752
1.0,0.5,1.5,1.5,0.005,0.01,2.0,200,two_speed,357,0.9998868104883273,1.9821604540226894,0.49364973464505685,0.002050985623265589,0,0.024351568445478318,0.09777150000445545
1.0,0.5,1.5,1.5,0.005,0.01,2.0,200,two_speed,358,1.0000405581953895,2.0150741897404765,0.49699300595636725,0.0031135752066989374,0,0.023559896051833534,0.09257816604804248
1.0,0.5,1.5,1.5,0.005,0.01,2.0,200,two_speed,359,1.0003042983714552,1.9931896939008045,0.49670958705375096,0.001908586222273982,0,0.013285533542052351,0.09321537497453392
1.0,0.5,1.5,1.5,0.005,0.01,2.0,200,two_speed,360,0.9998931823375958,2.013103347192282,0.49034276057786563,0.0021067683082296876,0,0.022236273192492984,0.10829387500416487
1.0,0.5,1.5,1.5,0.005,0.01,2.0,200,two_speed,361,0.9997681896747771,1.9941154361641187,0.5014743760228899,0.0027794340132046365,0,0.01546586912392107,0.09386779204942286
1.0,0.5,1.5,1.5,0.005,0.01,2.0,200,two_speed,362,1.0004470705805562,2.005358577736465,0.4995788555865138,0.0025583974380880736,0,0.01421453925717386,0.10594791697803885
1.0,0.5,1.5,1.5,0.005,0.01,2.0,200,two_speed,363,1.0001902454241047,1.9891730121160045,0.5012903024598411,0.0026112205939618663,0,0.017947314576112067,0.10036183299962431
1.0,0.5,1.5,1.5,0.005,0.01,2.0,200,two_speed,364,1.0000770060279212,2.0119456743023463,0.5004870786548273,0.0017874036049265719,0,0.016353311627142778,0.09446908393874764
1.0,0.5,1.5,1.5,0.005,0.01,2.0,200,two_speed,365,1.0000447202926919,1.9960365435766174,0.5032167254796195,0.0013091323420910377,0,0.008893318328212206,0.09424241597298533
1.0,0.5,1.5,1.5,0.005,0.01,2.0,200,two_speed,366,1.0002072665256814,2.0142949445383507,0.5102622257244744,0.0018910367243544614,0,0.022935893589542653,0.09416237496770918
1.0,0.5,1.5,1.5,0.005,0.01,2.0,200,two_speed,367,0.9999056430241379,2.0085069866594263,0.5001030970298624,0.0024189250883457736,0,0.015411731871911803,0.09537641704082489
1.0,0.5,1.5,1.5,0.005,0.01,2.0,200,two_speed,368,1.0000548841230383,2.000440876295808,0.5013863488104883,0.0014310946800696353,0,0.007243664415115465,0.09417095803655684
1.0,0.5,1.5,1.5,0.005,0.01,2.0,200,two_speed,369,1.0003668678619204,1.9929965543107149,0.5166281973246304,0.0023129547551253614,0,0.0251640451157303,0.09665254200808704
1.0,0.5,1.5,1.5,0.005,0.01,2.0,200,two_speed,370,0.9999608972977976,1.9914099028326395,0.5055671733226352,0.0016606999764209617,0,0.014798847993244744,0.09664629201870412
1.0,0.5,1.5,1.5,0.005,0.01,2.0,200,two_speed,371,1.0000847774832804,1.9931130143070401,0.49968280466514314,0.0016795803347474994,0,0.011474156386774476,0.0943963750032708
1.0,0.5,1.5,1.5,0.005,0.01,2.0,200,two_speed,372,1.0003859291077568,2.0166523316378657,0.516736279229671,0.002360708352917292,0,0.03063169887778519,0.09352891705930233
1.0,0.5,1.5,1.5,0.005,0.01,2.0,200,two_speed,373,0.9998055959628983,2.0033724557368133,0.5041120125518356,0.0018144578727314169,0,0.01134959532014114,0.09350399998947978
1.0,0.5,1.5,1.5,0.005,0.01,2.0,200,two_speed,374,1.0000314350416366,1.9814261953768944,0.4995749661143256,0.001643590551721798,0,0.022925940977939437,0.09314687503501773
1.0,0.5,1.5,1.5,0.005,0.01,2.0,200,two_speed,375,1.0001939978398298,2.0086249235898594,0.5079827263458615,0.0020021807975376424,0,0.01724406715438282,0.09284508298151195
1.0,0.5,1.5,1.5,0.005,0.01,2.0,200,two_speed,376,1.000229046079442,2.0104854713245617,0.5051408414359687,0.0021135028447023855,0,0.017143501610522305,0.09277520794421434
1.0,0.5,1.5,1.5,0.005,0.01,2.0,200,two_speed,377,0.9998275846514224,1.9972673814223123,0.5076049683175424,0.0026211901952105715,0,0.01677759606143647,0.09265358303673565
1.0,0.5,1.5,1.5,0.005,0.01,2.0,200,two_speed,378,1.0000403635077977,1.9913812969265579,0.5014845229736934,0.0016480477664499512,0,0.012952226614444933,0.09231762506533414
1.0,0.5,1.5,1.5,0.005,0.01,2.0,200,two_speed,379,1.0001225614376945,1.9755169879738819,0.501775876576654,0.0016623554154483254,0,0.029468126833055552,0.09312529198359698
1.0,0.5,1.5,1.5,0.005,0.01,2.0,200,two_speed,380,1.0002368302295286,2.0191069735814575,0.5035166568058539,0.0018771273368560271,0,0.0242459116374944,0.09281912504229695
1.0,0.5,1.5,1.5,0.005,0.01,2.0,200,two_speed,381,1.0002392017836084,2.017577470911761,0.5086675313030001,0.002196795309970525,0,0.02534060341034889,0.09280979190953076
1.0,0.5,1.5,1.5,0.005,0.01,2.0,200,two_speed,382,1.000136198287141,2.0107674893137926,0.5074927797456257,0.002051617998171036,0,0.018626072324226726,0.09255525004118681
1.0,0.5,1.5,1.5,0.005,0.01,2.0,200,two_speed,383,1.0000612093280392,2.004589729088744,0.5001510097113908,0.0019383337497093538,0,0.010888905775032128,0.09375641599763185
1.0,0.5,1.5,1.5,0.005,0.01,2.0,200,two_speed,384,1.0005227782690718,2.0106943902896988,0.5146510209821561,0.0029016397960746603,0,0.026138561464339086,0.09336670802440494
1.0,0.5,1.5,1.5,0.005,0.01,2.0,200,two_speed,385,1.0004265165672923,2.024854132793553,0.50164360886081,0.003012211238268271,0,0.032351216825262846,0.11122708395123482
1.0,0.5,1.5,1.5,0.005,0.01,2.0,200,two_speed,386,1.0000003431731364,1.9886786434488193,0.5077759465042122,0.0022386798239768003,0,0.01980463488071602,0.18944325007032603
1.0,0.5,1.5,1.5,0.005,0.01,2.0,200,two_speed,387,1.0002509819967809,2.0124051104477068,0.5078552293538364,0.0021662620928058515,0,0.020355091060692946,0.09553437493741512
1.0,0.5,1.5,1.5,0.005,0.01,2.0,200,two_speed,388,0.99979329109879,1.9843753752743383,0.49457236050199704,0.001739130305020369,0,0.021078705983620372,0.09471679199486971
1.0,0.5,1.5,1.5,0.005,0.01,2.0,200,two_speed,389,1.00026112678816,1.9984880161719492,0.5046619010350986,0.0021518605878287802,0,0.012103100825101637,0.09675745805725455
1.0,0.5,1.5,1.5,0.005,0.01,2.0,200,two_speed,390,1.0000656324221366,1.9955486876695552,0.4992486446562397,0.00225560979243359,0,0.012254164358626262,0.09544862492475659
1.0,0.5,1.5,1.5,0.005,0.01,2.0,200,two_speed,391,0.999700123608277,2.0187157546782184,0.49508562778691256,0.0015383107431724253,0,0.023711800389159512,0.09521912503987551
1.0,0.5,1.5,1.5,0.005,0.01,2.0,200,two_speed,392,1.0001907251912738,2.0085747651848362,0.5010307816501024,0.001617716123162884,0,0.012746766296862017,0.09471366705838591
1.0,0.5,1.5,1.5,0.005,0.01,2.0,200,two_speed,393,1.0000952797587215,2.0067454757707712,0.5002137695031502,0.001878589758053559,0,0.0120718072143007,0.10860637505538762
1.0,0.5,1.5,1.5,0.005,0.01,2.0,200,two_speed,394,1.0003013618049923,1.9937857724501857,0.5051402757617165,0.0016016015032594862,0,0.012322200416467699,0.09851087490096688
1.0,0.5,1.5,1.5,0.005,0.01,2.0,200,two_speed,395,0.9999938111956151,2.0008358675139126,0.4970861854909375,0.002246334705740996,0,0.011698765207694315,0.09508441702928394
1.0,0.5,1.5,1.5,0.005,0.01,2.0,200,two_speed,396,0.9998368337106298,2.0119117735371996,0.5009518355291808,0.001387151694667555,0,0.015438123973156139,0.09365379193332046
1.0,0.5,1.5,1.5,0.005,0.01,2.0,200,two_speed,397,0.9999618593602572,1.9866609754807967,0.49826109961967247,0.001642675825278367,0,0.017535323931996746,0.09451887500472367
1.0,0.5,1.5,1.5,0.005,0.01,2.0,200,two_speed,398,1.0001020550212079,2.010470228686157,0.5119767832104506,0.0021746202121902657,0,0.02221733771545937,0.09635675000026822
1.0,0.5,1.5,1.5,0.005,0.01,2.0,200,two_speed,399,0.9999162902140182,2.0059096439755746,0.5042518335754684,0.002403638893818879,0,0.014766277717985216,0.09500616602599621
