A,nu,a,at,dt,dtt,taut,n_steps,arm,seed,A_hat,xc_hat,nu_hat,fit_rms,at_bound,l2_vs_exact,runtime_s
1.0,0.5,4.0,4.0,0.01,0.02,1.0,50,cond_mean,0,1.000024090767232,1.9768039327317113,0.4976684136544332,0.0014720846723273084,0,0.027941802044908544,0.024561707978136837
1.0,0.5,4.0,4.0,0.01,0.02,1.0,50,cond_mean,1,1.0000021781715134,2.004029947267038,0.4933933199669002,0.003006559528048768,0,0.017773664604139247,0.024710791069082916
1.0,0.5,4.0,4.0,0.01,0.02,1.0,50,cond_mean,2,1.000032178871998,1.9983465990232405,0.5057877431225009,0.0020720691976872,0,0.01277511935518082,0.022935083019547164
1.0,0.5,4.0,4.0,0.01,0.02,1.0,50,cond_mean,3,0.9998393649445676,2.0107288605923253,0.49571570965005196,0.0016745691017046036,0,0.01579106318233768,0.023316500009968877
1.0,0.5,4.0,4.0,0.01,0.02,1.0,50,cond_mean,4,0.9999612533900402,2.0114660162046016,0.497916025995153,0.0027142858117345185,0,0.018954804846858887,0.02299600001424551
1.0,0.5,4.0,4.0,0.01,0.02,1.0,50,cond_mean,5,1.0004224677663982,1.9997485539887327,0.5063844758232396,0.0025346298935710137,0,0.014624432257713895,0.02331529196817428
1.0,0.5,4.0,4.0,0.01,0.02,1.0,50,cond_mean,6,0.9998942414878165,1.9789492400597992,0.4986247190039324,0.0027512405041449596,0,0.027851844444859813,0.022867957944981754
1.0,0.5,4.0,4.0,0.01,0.02,1.0,50,cond_mean,7,0.9999752141160455,1.9890110062833108,0.5028623742708404,0.001727702985029439,0,0.01571726474183514,0.023990374989807606
1.0,0.5,4.0,4.0,0.01,0.02,1.0,50,cond_mean,8,1.0002007037214653,1.9915851893501304,0.5062218952928863,0.0024842190334272932,0,0.01737451135142543,0.02591445902362466
1.0,0.5,4.0,4.0,0.01,0.02,1.0,50,cond_mean,9,0.9999515493540387,2.0029181967947203,0.5049829497799763,0.0014743616883336036,0,0.010375522810300544,0.023714957991614938
1.0,0.5,4.0,4.0,0.01,0.02,1.0,50,cond_mean,10,1.0000500846112796,1.9984598646355294,0.5122765288523016,0.00242907913125052,0,0.01993407142556807,0.023269166005775332
1.0,0.5,4.0,4.0,0.01,0.02,1.0,50,cond_mean,11,0.9998562524191181,1.995885681424019,0.5040692242891347,0.0022892633575143637,0,0.013445341560413566,0.024065124918706715
1.0,0.5,4.0,4.0,0.01,0.02,1.0,50,cond_mean,12,1.0001925651910342,2.020457933476171,0.5081307117140473,0.002145536498623575,0,0.027714916675862743,0.023322332999669015
1.0,0.5,4.0,4.0,0.01,0.02,1.0,50,cond_mean,13,1.0001950051451856,2.002889696930694,0.5053155985700013,0.0018594573383830962,0,0.011738655960490998,0.023343708948232234
1.0,0.5,4.0,4.0,0.01,0.02,1.0,50,cond_mean,14,1.0002333858671628,1.9865674188018516,0.5040213066688434,0.0017172667453474097,0,0.018276143615672355,0.02321274997666478
1.0,0.5,4.0,4.0,0.01,0.02,1.0,50,cond_mean,15,0.9998813605845086,2.001980297424722,0.4975223137272825,0.0018694572039926625,0,0.009924212186690467,0.02342383307404816
1.0,0.5,4.0,4.0,0.01,0.02,1.0,50,cond_mean,16,1.0002244660286723,2.0062935293290876,0.4999085513656885,0.0017801009342955593,0,0.011420638527688248,0.027626957977190614
1.0,0.5,4.0,4.0,0.01,0.02,1.0,50,cond_mean,17,0.9999657797273045,2.004782148600332,0.5043588045890165,0.0017806552948168453,0,0.011818599379536925,0.023791749961674213
1.0,0.5,4.0,4.0,0.01,0.02,1.0,50,cond_mean,18,0.9999228381102981,1.9894516176710977,0.508178857024315,0.0014755019138332041,0,0.01781044705989332,0.023282250040210783
1.0,0.5,4.0,4.0,0.01,0.02,1.0,50,cond_mean,19,1.0000440737731582,1.9841325370114866,0.5070031698067379,0.0015551859071605315,0,0.021769275814853016,0.022879833006300032
1.0,0.5,4.0,4.0,0.01,0.02,1.0,50,cond_mean,20,1.0003058796640074,2.0128223864749666,0.5028061076674486,0.0016046636172428622,0,0.017069781240405684,0.02367525000590831
1.0,0.5,4.0,4.0,0.01,0.02,1.0,50,cond_mean,21,0.9999179275643574,1.997289755456888,0.49697921016898255,0.0015574571495536604,0,0.00908782938389078,0.02316379197873175
1.0,0.5,4.0,4.0,0.01,0.02,1.0,50,cond_mean,22,0.9999746054833509,2.0024196707518227,0.5047783434803743,0.001604667951681829,0,0.010461587057802618,0.02316104096826166
1.0,0.5,4.0,4.0,0.01,0.02,1.0,50,cond_mean,23,1.0002616639644646,1.9828598890388045,0.5096934438106026,0.0018625468205688582,0,0.024840844869241364,0.024290749919600785
1.0,0.5,4.0,4.0,0.01,0.02,1.0,50,cond_mean,24,1.0001897465634908,1.9902341927091218,0.49645156131962825,0.0017310820621278635,0,0.015038708627752166,0.023667333065532148
1.0,0.5,4.0,4.0,0.01,0.02,1.0,50,cond_mean,25,1.0003485889680928,1.984087626168112,0.5058332396995121,0.002206918281893689,0,0.022407950286865173,0.02412808290682733
1.0,0.5,4.0,4.0,0.01,0.02,1.0,50,cond_mean,26,0.9999824798202331,1.987869414688395,0.5010298650701603,0.0011406679224166291,0,0.01514421597705985,0.02327820798382163
1.0,0.5,4.0,4.0,0.01,0.02,1.0,50,cond_mean,27,1.000441969855291,1.9948606219704945,0.5097793900802349,0.0017471650957772732,0,0.01587577734851398,0.02372679195832461
1.0,0.5,4.0,4.0,0.01,0.02,1.0,50,cond_mean,28,0.9998341763994091,2.0129164048780592,0.4938280321950582,0.001708520549738704,0,0.018851975773858692,0.023490290972404182
1.0,0.5,4.0,4.0,0.01,0.02,1.0,50,cond_mean,29,0.9996465108438807,1.9973244549176163,0.49815647260944057,0.0020427388936652396,0,0.010726998022818296,0.02331870805937797
1.0,0.5,4.0,4.0,0.01,0.02,1.0,50,cond_mean,30,1.0001438266115878,2.007038603039525,0.49919029554835204,0.001981115223821594,0,0.012759099303602184,0.024450166965834796
1.0,0.5,4.0,4.0,0.01,0.02,1.0,50,cond_mean,31,0.999978639516477,2.0037978480547767,0.5088941820905459,0.0011914224720758375,0,0.01375938445009742,0.025796958012506366
1.0,0.5,4.0,4.0,0.01,0.02,1.0,50,cond_mean,32,1.0002774007218596,1.9993012494654678,0.5061017918282528,0.0022413681894324776,0,0.013341270244032897,0.02350770798511803
1.0,0.5,4.0,4.0,0.01,0.02,1.0,50,cond_mean,33,0.9999037368223936,2.004051679347634,0.5007234590288686,0.0025670948812799056,0,0.013487954880581977,0.02287883299868554
1.0,0.5,4.0,4.0,0.01,0.02,1.0,50,cond_mean,34,1.000058533665578,2.0152782429813136,0.50550278278167,0.001576499165475603,0,0.020473391973344583,0.023340375046245754
1.0,0.5,4.0,4.0,0.01,0.02,1.0,50,cond_mean,35,1.0000159182251969,2.000176637372257,0.500733559193867,0.0018926955746004692,0,0.00933266813920362,0.02364341600332409
1.0,0.5,4.0,4.0,0.01,0.02,1.0,50,cond_mean,36,1.0001602347638514,2.0084737567406323,0.5013073387178644,0.002069199039727498,0,0.014184296121325813,0.023668540990911424
1.0,0.5,4.0,4.0,0.01,0.02,1.0,50,cond_mean,37,1.0002881394597753,1.9965482668526056,0.5087017414140494,0.0020166756169358304,0,0.015202108005079202,0.02409012510906905
1.0,0.5,4.0,4.0,0.01,0.02,1.0,50,cond_mean,38,1.0001147940965733,1.987036596625348,0.5026517664491076,0.0014813290393454687,0,0.016927030329459067,0.022946084034629166
1.0,0.5,4.0,4.0,0.01,0.02,1.0,50,cond_mean,39,1.0000869097620324,2.004000179193621,0.496424504560024,0.0019314628015146048,0,0.011629717444471391,0.023166208993643522
1.0,0.5,4.0,4.0,0.01,0.02,1.0,50,cond_mean,40,1.0000565033212854,1.985504958603535,0.5079236315156503,0.0017031204666030024,0,0.0212982408540587,0.02309129200875759
1.0,0.5,4.0,4.0,0.01,0.02,1.0,50,cond_mean,41,1.0000457174622768,2.0000499377686944,0.49586568824324073,0.002097432839311124,0,0.011679115082832469,0.02270816604141146
1.0,0.5,4.0,4.0,0.01,0.02,1.0,50,cond_mean,42,1.0000220376092064,2.005702363795561,0.5106346646146291,0.0017991863494620267,0,0.017646473271273482,0.023407375090755522
1.0,0.5,4.0,4.0,0.01,0.02,1.0,50,cond_mean,43,0.9999048544461899,1.991506221149014,0.4979827893693897,0.0015614893320381755,0,0.01269883329032823,0.023850874975323677
1.0,0.5,4.0,4.0,0.01,0.02,1.0,50,cond_mean,44,1.0002033987164556,1.9791257288777309,0.5068105164709669,0.0018769527874368888,0,0.02712514596954891,0.02282679104246199
1.0,0.5,4.0,4.0,0.01,0.02,1.0,50,cond_mean,45,0.9999140951753583,1.994324355582526,0.496159302956006,0.002229716213332392,0,0.01363739094833168,0.02363454201258719
1.0,0.5,4.0,4.0,0.01,0.02,1.0,50,cond_mean,46,1.0000077497347624,2.00036855869631,0.49909730842316374,0.0014960808131939554,0,0.00744846085009966,0.02407041599508375
1.0,0.5,4.0,4.0,0.01,0.02,1.0,50,cond_mean,47,1.0001880883485683,1.9979351999445105,0.5031856083778531,0.0015869575359004607,0,0.009010300252383977,0.024325500009581447
1.0,0.5,4.0,4.0,0.01,0.02,1.0,50,cond_mean,48,1.0000299299700592,2.00104547767483,0.5107025516800522,0.002092131630043358,0,0.017300565579141388,0.02380712504964322
1.0,0.5,4.0,4.0,0.01,0.02,1.0,50,cond_mean,49,0.999783286280357,1.9959929899035258,0.4995890849260577,0.0031430208313802097,0,0.016124798549239636,0.023131957976147532
1.0,0.5,4.0,4.0,0.01,0.02,1.0,50,cond_mean,50,1.0001410737521619,1.9991609801105135,0.5060216934787701,0.0015269332391153574,0,0.010709265213779025,0.02306475001387298
1.0,0.5,4.0,4.0,0.01,0.02,1.0,50,cond_mean,51,0.9997647928917496,1.9957256019982321,0.4994682968948861,0.0024070269614119393,0,0.012843027904905132,0.025128250010311604
1.0,0.5,4.0,4.0,0.01,0.02,1.0,50,cond_mean,52,0.9999992462158773,1.9971129374919172,0.4980280449647191,0.0024692353902666226,0,0.012832616910067382,0.025356583995744586
1.0,0.5,4.0,4.0,0.01,0.02,1.0,50,cond_mean,53,0.9999670723607134,2.0002367376444714,0.5039034400233998,0.0019592734524411007,0,0.0109267621245447,0.024554208968766034
1.0,0.5,4.0,4.0,0.01,0.02,1.0,50,cond_mean,54,1.000127878349927,2.001616316205135,0.5053332031387447,0.0015655428660407353,0,0.010374247442327022,0.02329633303452283
1.0,0.5,4.0,4.0,0.01,0.02,1.0,50,cond_mean,55,1.0000438523551807,2.007998905814633,0.5034311836161935,0.001565207488391247,0,0.012774578371876368,0.0236563750077039
1.0,0.5,4.0,4.0,0.01,0.02,1.0,50,cond_mean,56,0.9997559590445915,1.993874871275662,0.49620435618769826,0.0017430564755924294,0,0.011999505623158945,0.023796374909579754
1.0,0.5,4.0,4.0,0.01,0.02,1.0,50,cond_mean,57,0.9998292707130154,1.9932628174533318,0.49783728719591397,0.0021038430600828512,0,0.013174266975114144,0.023273500031791627
1.0,0.5,4.0,4.0,0.01,0.02,1.0,50,cond_mean,58,0.9999851975210867,1.9968263209641084,0.501195976042119,0.0014095302782404417,0,0.007986895825954419,0.02405258407816291
1.0,0.5,4.0,4.0,0.01,0.02,1.0,50,cond_mean,59,1.0002525862660374,2.0166567533352793,0.49939007017728,0.0022493385612171817,0,0.022257151794532425,0.024094625026918948
1.0,0.5,4.0,4.0,0.01,0.02,1.0,50,cond_mean,60,0.9998901832154471,1.9966762824467672,0.497425645452097,0.001834543875965266,0,0.010291847448309408,0.024688082979992032
1.0,0.5,4.0,4.0,0.01,0.02,1.0,50,cond_mean,61,1.0000385177909008,1.9905013166008627,0.49526273711420754,0.0017068407396540993,0,0.015193136136886524,0.027882167021743953
1.0,0.5,4.0,4.0,0.01,0.02,1.0,50,cond_mean,62,1.0006170315314247,2.0158256181332037,0.512279249987579,0.0033707837301379753,0,0.028846706818667613,0.024992833961732686
1.0,0.5,4.0,4.0,0.01,0.02,1.0,50,cond_mean,63,1.00017054779594,1.992835652232562,0.5036043516711595,0.0022152976837379163,0,0.014363239153933192,0.026436540996655822
1.0,0.5,4.0,4.0,0.01,0.02,1.0,50,cond_mean,64,0.999868686098321,1.999707383508946,0.504947255087254,0.0015274600562272225,0,0.010102519211619414,0.02559208299499005
1.0,0.5,4.0,4.0,0.01,0.02,1.0,50,cond_mean,65,1.000173569535476,2.002086353484715,0.5102191126028692,0.0015024094690159247,0,0.015135550343002745,0.029928916017524898
1.0,0.5,4.0,4.0,0.01,0.02,1.0,50,cond_mean,66,0.9998793713216979,2.016174930360913,0.4983161936149874,0.0021632800849576703,0,0.02157914735272259,0.02573925000615418
1.0,0.5,4.0,4.0,0.01,0.02,1.0,50,cond_mean,67,0.9999220769130626,1.9916669307196337,0.4955508438929039,0.0027421554099727,0,0.017534831499300164,0.023214916931465268
1.0,0.5,4.0,4.0,0.01,0.02,1.0,50,cond_mean,68,1.0002716171820916,2.0000789586563275,0.5055970920036902,0.0027358940535291247,0,0.015067565055268704,0.023923125001601875
1.0,0.5,4.0,4.0,0.01,0.02,1.0,50,cond_mean,69,1.0001630729507913,1.99422302923318,0.5048706684794699,0.0016206954503887733,0,0.012015781942658996,0.023460084106773138
1.0,0.5,4.0,4.0,0.01,0.02,1.0,50,cond_mean,70,1.0001183727496774,1.9782445624195235,0.5025343837907693,0.0017217178268507222,0,0.026660412155652263,0.022635500063188374
1.0,0.5,4.0,4.0,0.01,0.02,1.0,50,cond_mean,71,1.0002704136277287,2.007348493138929,0.5031239902723627,0.0025926257771530462,0,0.01572305521509412,0.02299149997998029
1.0,0.5,4.0,4.0,0.01,0.02,1.0,50,cond_mean,72,1.0003129872316034,2.0063263925549277,0.507779511046328,0.0018491768175108727,0,0.015066122871510173,0.02406779199372977
1.0,0.5,4.0,4.0,0.01,0.02,1.0,50,cond_mean,73,1.0002424715377456,1.9892801702432859,0.5083224243371575,0.003509864512754869,0,0.023666899912126147,0.02313654194585979
1.0,0.5,4.0,4.0,0.01,0.02,1.0,50,cond_mean,74,0.9996319030404148,1.9917910986492213,0.4948977639758027,0.0019335863101241288,0,0.01474851941989505,0.023055374971590936
1.0,0.5,4.0,4.0,0.01,0.02,1.0,50,cond_mean,75,1.000046314903918,1.9900177403470223,0.5073582608652304,0.0014875937621420716,0,0.01660593331760495,0.022821374936029315
1.0,0.5,4.0,4.0,0.01,0.02,1.0,50,cond_mean,76,1.0004133893762093,1.9966503788842853,0.5094415457291193,0.0031743299581487583,0,0.019828050569730797,0.02315020898822695
1.0,0.5,4.0,4.0,0.01,0.02,1.0,50,cond_mean,77,1.0006445539503566,1.9998198070627502,0.5106616055163405,0.0026596677842775154,0,0.018365346402344128,0.022577709052711725
1.0,0.5,4.0,4.0,0.01,0.02,1.0,50,cond_mean,78,0.999854245738935,1.9869116198065582,0.4970242494174916,0.0028016591256974253,0,0.02073357660762641,0.02302325004711747
1.0,0.5,4.0,4.0,0.01,0.02,1.0,50,cond_mean,79,1.0001717614632344,2.0030561071098685,0.5044036613296172,0.0014798315886366683,0,0.009732919362625226,0.022555166971869767
1.0,0.5,4.0,4.0,0.01,0.02,1.0,50,cond_mean,80,1.000080724394068,2.010342186345004,0.4907230993249219,0.0012059470073438234,0,0.018270446313201426,0.02278704196214676
1.0,0.5,4.0,4.0,0.01,0.02,1.0,50,cond_mean,81,1.000003564115369,1.9974084194016581,0.4980807572754999,0.0018385127407260313,0,0.009832283929666901,0.02306612499523908
1.0,0.5,4.0,4.0,0.01,0.02,1.0,50,cond_mean,82,1.000128196164903,2.000011778787194,0.5008793234995604,0.0017674080388575806,0,0.008731759075125621,0.02294179203454405
1.0,0.5,4.0,4.0,0.01,0.02,1.0,50,cond_mean,83,1.0000961478884536,2.0121906163082066,0.49997105383330936,0.002859501529109925,0,0.019874997746654986,0.023155041970312595
1.0,0.5,4.0,4.0,0.01,0.02,1.0,50,cond_mean,84,1.000238896775321,1.9978860155526905,0.505078877434861,0.00220666689007714,0,0.012723496753970711,0.022382583003491163
1.0,0.5,4.0,4.0,0.01,0.02,1.0,50,cond_mean,85,1.0000655211281821,2.0061960463127204,0.5050884872101026,0.0018696023409320646,0,0.01331821382176206,0.02264224993996322
1.0,0.5,4.0,4.0,0.01,0.02,1.0,50,cond_mean,86,0.9999626978260842,2.004373612043426,0.5042101113010771,0.001456857478046733,0,0.010382941291983876,0.022304250043816864
1.0,0.5,4.0,4.0,0.01,0.02,1.0,50,cond_mean,87,0.9999084459496883,1.9980005792232862,0.5030120541673719,0.002408264883216988,0,0.012727296627122143,0.02467079204507172
1.0,0.5,4.0,4.0,0.01,0.02,1.0,50,cond_mean,88,0.9999540263665915,1.996314719090864,0.5009443530136621,0.0020887462695219146,0,0.011175177961254916,0.02368204202502966
1.0,0.5,4.0,4.0,0.01,0.02,1.0,50,cond_mean,89,0.999855894347496,1.9947672680366377,0.5056401219259288,0.0021820966996504232,0,0.014486005994575241,0.022780959028750658
1.0,0.5,4.0,4.0,0.01,0.02,1.0,50,cond_mean,90,1.0001619333177094,2.009124857801832,0.49740034791212084,0.001552713591048757,0,0.01356887173638862,0.022687958902679384
1.0,0.5,4.0,4.0,0.01,0.02,1.0,50,cond_mean,91,0.9998625425221235,2.011657429318894,0.49719876989881195,0.001996963333822565,0,0.016998209875450015,0.022793208016082644
1.0,0.5,4.0,4.0,0.01,0.02,1.0,50,cond_mean,92,0.9998418146919992,2.001352551749341,0.5003508333719273,0.0022367401717696463,0,0.011133624266688203,0.022517459001392126
1.0,0.5,4.0,4.0,0.01,0.02,1.0,50,cond_mean,93,1.0000992454912372,1.9842780200382424,0.5012821392391404,0.0017145433953107152,0,0.0200535951335574,0.023053625016473234
1.0,0.5,4.0,4.0,0.01,0.02,1.0,50,cond_mean,94,1.0002747048643683,1.9991541049385475,0.49767590965898345,0.002469135797019882,0,0.012751013265628807,0.023126541054807603
1.0,0.5,4.0,4.0,0.01,0.02,1.0,50,cond_mean,95,1.000303409647915,1.995679327074052,0.5077759658047362,0.0021569990923660633,0,0.015128607540921558,0.022430415963754058
1.0,0.5,4.0,4.0,0.01,0.02,1.0,50,cond_mean,96,1.00035374147663,2.0040003616330866,0.5180868171860353,0.0017936757239462022,0,0.024908749718525216,0.02285716705955565
1.0,0.5,4.0,4.0,0.01,0.02,1.0,50,cond_mean,97,1.0002964312013467,2.015015134818117,0.5189886752058064,0.0019531105230548805,0,0.031176471836234395,0.022263374994508922
1.0,0.5,4.0,4.0,0.01,0.02,1.0,50,cond_mean,98,1.000202801125013,1.985083229303593,0.5031895885324397,0.002028549468331346,0,0.020242126989510834,0.023194917012006044
1.0,0.5,4.0,4.0,0.01,0.02,1.0,50,cond_mean,99,0.999952902756168,2.0044238508932772,0.5051499324007866,0.0016993683767687713,0,0.011917637363724639,0.022667457931675017
1.0,0.5,4.0,4.0,0.01,0.02,1.0,50,cond_mean,100,0.9998811651842849,1.995278392250507,0.4961573953054263,0.002010648713602014,0,0.012244098171821621,0.02324437501374632
1.0,0.5,4.0,4.0,0.01,0.02,1.0,50,cond_mean,101,0.9997598603786322,2.0136339341984737,0.49562018302229627,0.003259072630424157,0,0.02304123394031272,0.023504000040702522
1.0,0.5,4.0,4.0,0.01,0.02,1.0,50,cond_mean,102,0.9998872740078947,1.9985515798930875,0.5013178988434328,0.001554946796186423,0,0.0080681570027516,0.022772416938096285
1.0,0.5,4.0,4.0,0.01,0.02,1.0,50,cond_mean,103,0.9997791221761397,2.0115722252167907,0.5010848516981761,0.0016631822732961943,0,0.015795040141204118,0.02272566605824977
1.0,0.5,4.0,4.0,0.01,0.02,1.0,50,cond_mean,104,1.000047483196502,2.0101211165003394,0.49145133741904645,0.0019449705921278984,0,0.018968331366285295,0.022950040991418064
1.0,0.5,4.0,4.0,0.01,0.02,1.0,50,cond_mean,105,0.9999070029401864,1.9989114107130224,0.5087518950984091,0.0018816340285136494,0,0.014896652416312006,0.022903500008396804
1.0,0.5,4.0,4.0,0.01,0.02,1.0,50,cond_mean,106,1.000157569807715,2.001328649945311,0.49694903292413406,0.002279475827701687,0,0.012120465355224114,0.023346791975200176
1.0,0.5,4.0,4.0,0.01,0.02,1.0,50,cond_mean,107,1.0002487897157608,1.9908238270147032,0.5037210483267551,0.00245090913943485,0,0.016618958716085905,0.022470374940894544
1.0,0.5,4.0,4.0,0.01,0.02,1.0,50,cond_mean,108,1.0003009462934718,1.9893757860463077,0.4992746447423837,0.001769669629686036,0,0.0151728531631916,0.022349916980601847
1.0,0.5,4.0,4.0,0.01,0.02,1.0,50,cond_mean,109,1.0001600962143,2.0124720767268736,0.5041411906015859,0.0019442270702646394,0,0.017985526822291886,0.02254083310253918
1.0,0.5,4.0,4.0,0.01,0.02,1.0,50,cond_mean,110,1.0001484872823228,2.013901724323942,0.50579154355531,0.0017896513343848481,0,0.019682211671134126,0.02273645903915167
1.0,0.5,4.0,4.0,0.01,0.02,1.0,50,cond_mean,111,1.000132050460614,1.9962449607581554,0.5062733678739023,0.002840545626343769,0,0.01663334323731381,0.0228958340594545
1.0,0.5,4.0,4.0,0.01,0.02,1.0,50,cond_mean,112,1.0001676840655869,1.9829265688972677,0.4978108918210886,0.0021748473465672655,0,0.022679796987070053,0.022653541062027216
1.0,0.5,4.0,4.0,0.01,0.02,1.0,50,cond_mean,113,1.000243303742659,1.9858597819702155,0.5057711484890521,0.0022799501621578533,0,0.020971310503246875,0.022401791997253895
1.0,0.5,4.0,4.0,0.01,0.02,1.0,50,cond_mean,114,1.0001021729962054,2.004320944593332,0.503241275855177,0.0013487912152881176,0,0.009222096977238114,0.023004167014732957
1.0,0.5,4.0,4.0,0.01,0.02,1.0,50,cond_mean,115,1.0000697101237594,1.9956303377204985,0.5050663478883405,0.0022473606808567684,0,0.013768443671511442,0.023714833077974617
1.0,0.5,4.0,4.0,0.01,0.02,1.0,50,cond_mean,116,1.000109763957016,1.9923596649358362,0.508238905748174,0.002263511579197946,0,0.017677776749740297,0.023741167038679123
1.0,0.5,4.0,4.0,0.01,0.02,1.0,50,cond_mean,117,1.0001355906034786,1.9967780520526976,0.5039106813526446,0.002368204058229481,0,0.01314497121323852,0.022594334091991186
1.0,0.5,4.0,4.0,0.01,0.02,1.0,50,cond_mean,118,0.9999754718679875,1.9874452971657006,0.49441776768299783,0.0018739559194985015,0,0.018704738036736723,0.02245641697663814
1.0,0.5,4.0,4.0,0.01,0.02,1.0,50,cond_mean,119,0.9996663019126695,2.00136357619046,0.49970848156699665,0.0029404062122284275,0,0.014588355416464902,0.022516499971970916
1.0,0.5,4.0,4.0,0.01,0.02,1.0,50,cond_mean,120,0.999954975209476,1.9965720270456395,0.49339249930876466,0.0016936116019544995,0,0.012584803256628922,0.02259137504734099
1.0,0.5,4.0,4.0,0.01,0.02,1.0,50,cond_mean,121,0.9996837726172261,2.008615853932354,0.4951900582838886,0.002010464154855394,0,0.015178296952853908,0.023113040952011943
1.0,0.5,4.0,4.0,0.01,0.02,1.0,50,cond_mean,122,0.9998728674632325,1.9904396640176694,0.49364072273731796,0.00171217080720547,0,0.016098840404769707,0.02309470809996128
1.0,0.5,4.0,4.0,0.01,0.02,1.0,50,cond_mean,123,0.999840243967272,2.027734648481537,0.4945747733414369,0.0018941083812546182,0,0.03408814525581274,0.022913249908015132
1.0,0.5,4.0,4.0,0.01,0.02,1.0,50,cond_mean,124,1.0002306300002106,1.9880613325640601,0.5040773595508939,0.0020130281127354586,0,0.01765794885320012,0.022270415909588337
1.0,0.5,4.0,4.0,0.01,0.02,1.0,50,cond_mean,125,1.000133919322264,1.994009907588628,0.509758934848432,0.0015844920134613337,0,0.016249399268865115,0.022703042021021247
1.0,0.5,4.0,4.0,0.01,0.02,1.0,50,cond_mean,126,0.9999562988990975,2.007903266952908,0.5062342679031631,0.0019472893562135405,0,0.0155521041044857,0.02301591692958027
1.0,0.5,4.0,4.0,0.01,0.02,1.0,50,cond_mean,127,0.9999578791779612,2.0065435260383584,0.4998957480570526,0.0019570434961881304,0,0.012218628089938134,0.023674958967603743
1.0,0.5,4.0,4.0,0.01,0.02,1.0,50,cond_mean,128,1.0001101877259329,1.9979511324157542,0.5056610719411323,0.001711875697997375,0,0.011304485025269198,0.023741874960251153
1.0,0.5,4.0,4.0,0.01,0.02,1.0,50,cond_mean,129,1.0001837414677186,1.9924796734974266,0.5048107879610801,0.002079531517996308,0,0.014672288470869613,0.02278270898386836
1.0,0.5,4.0,4.0,0.01,0.02,1.0,50,cond_mean,130,1.0001555139201508,1.9908212559516778,0.5029622262399104,0.0018451076449381648,0,0.014392904835996893,0.022620417061261833
1.0,0.5,4.0,4.0,0.01,0.02,1.0,50,cond_mean,131,0.9999085151191015,2.0036717313704226,0.5041163559422938,0.001761567343291129,0,0.01112104830125727,0.023408708977513015
1.0,0.5,4.0,4.0,0.01,0.02,1.0,50,cond_mean,132,1.0002223110151103,2.0034331550747324,0.49941304958291016,0.0020822048756587615,0,0.011073082120160378,0.02299612492788583
1.0,0.5,4.0,4.0,0.01,0.02,1.0,50,cond_mean,133,0.9998922032642016,1.9991711201493285,0.4974269071699883,0.0017678508797306224,0,0.009284155535593402,0.02304204204119742
1.0,0.5,4.0,4.0,0.01,0.02,1.0,50,cond_mean,134,1.0002540244667901,1.9934679390329597,0.5011529269613871,0.0025082885559953726,0,0.014510204949604796,0.022554832976311445
1.0,0.5,4.0,4.0,0.01,0.02,1.0,50,cond_mean,135,1.0004340029006975,2.0014953489229823,0.5090635330907443,0.002781253080549155,0,0.017687124549943003,0.023004624992609024
1.0,0.5,4.0,4.0,0.01,0.02,1.0,50,cond_mean,136,1.000016391156238,2.0068114438238553,0.4998929984371508,0.0014470980886775338,0,0.010596432696365357,0.022849166998639703
1.0,0.5,4.0,4.0,0.01,0.02,1.0,50,cond_mean,137,1.000035045450202,2.01470110128149,0.5059847636818359,0.0014152820048575474,0,0.01987011049062128,0.023437040974386036
1.0,0.5,4.0,4.0,0.01,0.02,1.0,50,cond_mean,138,1.000200070294615,1.9856049146036407,0.508400012487593,0.003311762239044156,0,0.025586533408270953,0.022555625066161156
1.0,0.5,4.0,4.0,0.01,0.02,1.0,50,cond_mean,139,1.0001374663707026,1.9950498141097268,0.5034430530146622,0.0016401249019825565,0,0.010751053140785014,0.02241770806722343
1.0,0.5,4.0,4.0,0.01,0.02,1.0,50,cond_mean,140,1.000003795372953,2.0105540904439123,0.5100915355771437,0.0013160852829820963,0,0.01904979401570769,0.022471458069048822
1.0,0.5,4.0,4.0,0.01,0.02,1.0,50,cond_mean,141,1.0000605616422475,2.012283471426814,0.5026489728915463,0.002450526237859352,0,0.018892032850898254,0.022596833994612098
1.0,0.5,4.0,4.0,0.01,0.02,1.0,50,cond_mean,142,0.999856728267237,1.9728696797413283,0.4993044415991918,0.0014293417269205123,0,0.03212429866229383,0.023315917002037168
1.0,0.5,4.0,4.0,0.01,0.02,1.0,50,cond_mean,143,0.9998876915985054,1.9964967897429682,0.5018061335553583,0.0021394600358337792,0,0.011556081825161208,0.023461999953724444
1.0,0.5,4.0,4.0,0.01,0.02,1.0,50,cond_mean,144,0.9999406132877441,1.9870598116296394,0.5000381115385982,0.0015067703465603702,0,0.01667194327874201,0.022468250012025237
1.0,0.5,4.0,4.0,0.01,0.02,1.0,50,cond_mean,145,0.9998165744196823,2.0074835456981277,0.4950070929744146,0.0027128381393420943,0,0.017017740862689142,0.02247512503527105
1.0,0.5,4.0,4.0,0.01,0.02,1.0,50,cond_mean,146,1.0002337847020661,2.0022132703236935,0.5013175292476362,0.001768891328647633,0,0.00918679284880787,0.022887542028911412
1.0,0.5,4.0,4.0,0.01,0.02,1.0,50,cond_mean,147,0.9999790555312505,2.0000593732180936,0.507271569568129,0.0022483935284514016,0,0.014585984029344981,0.023179583018645644
1.0,0.5,4.0,4.0,0.01,0.02,1.0,50,cond_mean,148,1.0000243191432456,2.0166234122219673,0.5062590140977095,0.002282436801147756,0,0.023646226982482445,0.022764042019844055
1.0,0.5,4.0,4.0,0.01,0.02,1.0,50,cond_mean,149,0.9998371617739198,2.012331702184876,0.4970446809299383,0.0020428517746030384,0,0.01780234514419577,0.022473583929240704
1.0,0.5,4.0,4.0,0.01,0.02,1.0,50,cond_mean,150,1.0002105639285255,1.9988887520560272,0.4995645824032108,0.0034037782729289187,0,0.01680233135711314,0.022284958977252245
1.0,0.5,4.0,4.0,0.01,0.02,1.0,50,cond_mean,151,1.0004288716386738,1.9946662293041875,0.507369748983617,0.0018148471319237823,0,0.014026791383866645,0.022985707968473434
1.0,0.5,4.0,4.0,0.01,0.02,1.0,50,cond_mean,152,0.9999329507366531,1.9956649285608339,0.5009461501461976,0.0014759138240822748,0,0.008915221749172343,0.022784249973483384
1.0,0.5,4.0,4.0,0.01,0.02,1.0,50,cond_mean,153,1.0002107513273306,1.9976786927944719,0.5048120800615943,0.0027944467169654,0,0.015184215404823983,0.02314987499266863
1.0,0.5,4.0,4.0,0.01,0.02,1.0,50,cond_mean,154,1.0001384358438112,1.9892082140054135,0.5048230775260646,0.002333006188664059,0,0.017949703177523056,0.022548166918568313
1.0,0.5,4.0,4.0,0.01,0.02,1.0,50,cond_mean,155,0.9997782794685642,1.9985916367231797,0.4980273523148441,0.002516571477749828,0,0.012662467680605404,0.02253729198127985
1.0,0.5,4.0,4.0,0.01,0.02,1.0,50,cond_mean,156,0.9999653522555583,1.9844768791294023,0.49810235002097336,0.0012625885746826346,0,0.019127431407394816,0.022690791985951364
1.0,0.5,4.0,4.0,0.01,0.02,1.0,50,cond_mean,157,0.9999736739410369,2.0068063374974403,0.5000660767614191,0.0017047140171948085,0,0.011477783625257408,0.02262229099869728
1.0,0.5,4.0,4.0,0.01,0.02,1.0,50,cond_mean,158,0.9999241171655967,2.0145213228234167,0.5000553443178326,0.002000756323632913,0,0.019432345891346455,0.02333908306900412
1.0,0.5,4.0,4.0,0.01,0.02,1.0,50,cond_mean,159,0.9999033484909003,1.9715800807540693,0.49713534067202975,0.001453132400123274,0,0.03381007148561956,0.02333270898088813
1.0,0.5,4.0,4.0,0.01,0.02,1.0,50,cond_mean,160,1.0005170160646772,1.9942454092804833,0.5049386311462799,0.0026263979381924182,0,0.015629850635273102,0.02298474998679012
1.0,0.5,4.0,4.0,0.01,0.02,1.0,50,cond_mean,161,1.0002549580595983,2.006691458875298,0.5080111341071105,0.0024529315726747524,0,0.017445780940605882,0.022704666946083307
1.0,0.5,4.0,4.0,0.01,0.02,1.0,50,cond_mean,162,0.9998898020241985,1.9959531044788574,0.49934162256457354,0.0013876864456151808,0,0.008296705877184512,0.022848459077067673
1.0,0.5,4.0,4.0,0.01,0.02,1.0,50,cond_mean,163,1.000130341842577,1.9930497384443664,0.5040675646897728,0.0020641357433182155,0,0.01387798186108237,0.02245487505570054
1.0,0.5,4.0,4.0,0.01,0.02,1.0,50,cond_mean,164,0.9998270827833593,2.013330489970383,0.506357674597946,0.001799249672383118,0,0.01972842506949484,0.023095374926924706
1.0,0.5,4.0,4.0,0.01,0.02,1.0,50,cond_mean,165,0.9999926316813689,1.9976313516453617,0.500600462026802,0.002141985249546855,0,0.010887297466909304,0.023337291087955236
1.0,0.5,4.0,4.0,0.01,0.02,1.0,50,cond_mean,166,0.9999269989902142,1.9804277862817634,0.5064821984850622,0.0014685571828929227,0,0.02517781239287189,0.022603125078603625
1.0,0.5,4.0,4.0,0.01,0.02,1.0,50,cond_mean,167,1.0004236325674645,1.9846976083114718,0.5076447720319543,0.0023776486189830853,0,0.0231053374275178,0.022747957962565124
1.0,0.5,4.0,4.0,0.01,0.02,1.0,50,cond_mean,168,0.9999990353787577,2.0031380246401915,0.5025627498825909,0.002255050170332632,0,0.012115771547122898,0.023142624995671213
1.0,0.5,4.0,4.0,0.01,0.02,1.0,50,cond_mean,169,1.0000084546877515,2.0036581111356098,0.5021475490242929,0.0023444204209689787,0,0.01257153815818772,0.023184208082966506
1.0,0.5,4.0,4.0,0.01,0.02,1.0,50,cond_mean,170,1.0002587550505269,2.006105177929021,0.5037738147312153,0.0016903978182736857,0,0.011774466748546564,0.022813750081695616
1.0,0.5,4.0,4.0,0.01,0.02,1.0,50,cond_mean,171,1.000001237902951,1.9959534725515413,0.5003410570486461,0.0020680004104720266,0,0.01117599609852268,0.02265820896718651
1.0,0.5,4.0,4.0,0.01,0.02,1.0,50,cond_mean,172,0.9998712363582475,2.012225463201465,0.4939526759007541,0.0016523248475767615,0,0.01806733931233566,0.023055166006088257
1.0,0.5,4.0,4.0,0.01,0.02,1.0,50,cond_mean,173,0.9998982296122741,1.9828793591193727,0.5087931515035956,0.0018893870545546863,0,0.024680658702813087,0.02270387497264892
1.0,0.5,4.0,4.0,0.01,0.02,1.0,50,cond_mean,174,1.0001262787152316,2.0179999273675393,0.4960587217256413,0.0016894540182557565,0,0.023058366144336765,0.023330832947976887
1.0,0.5,4.0,4.0,0.01,0.02,1.0,50,cond_mean,175,1.0001096317291527,2.0039365263326823,0.5070012250764937,0.0015302863744332718,0,0.012534071733540382,0.02334404201246798
1.0,0.5,4.0,4.0,0.01,0.02,1.0,50,cond_mean,176,1.0000259411830579,1.9871777132821733,0.5045088589647095,0.0017214293213618846,0,0.018006223811859786,0.022816041950136423
1.0,0.5,4.0,4.0,0.01,0.02,1.0,50,cond_mean,177,1.0002759291170524,1.992057075406401,0.5075737433938279,0.0016021145566815366,0,0.015283911697718117,0.02298004098702222
1.0,0.5,4.0,4.0,0.01,0.02,1.0,50,cond_mean,178,1.0001901124800847,2.0038321386044546,0.5061578851216181,0.0022197205666321194,0,0.014017544909461409,0.022582874982617795
1.0,0.5,4.0,4.0,0.01,0.02,1.0,50,cond_mean,179,0.9999125115281252,2.0038792466365036,0.49478193561765194,0.0012352519535588863,0,0.010070989981611557,0.02275441598612815
1.0,0.5,4.0,4.0,0.01,0.02,1.0,50,cond_mean,180,1.0000185964493773,1.9963956726795355,0.5027988029600415,0.002016741853587253,0,0.01132283488962174,0.0223868329776451
1.0,0.5,4.0,4.0,0.01,0.02,1.0,50,cond_mean,181,1.0000915239010237,1.9987733745393514,0.50029378340665,0.001619429408910052,0,0.008081022569625125,0.022974624997004867
1.0,0.5,4.0,4.0,0.01,0.02,1.0,50,cond_mean,182,1.0000323699955822,2.0046001701812632,0.5073096236021076,0.002347153990263564,0,0.015842440528766346,0.02291654096916318
1.0,0.5,4.0,4.0,0.01,0.02,1.0,50,cond_mean,183,0.9999279941567177,1.998778706842795,0.4965731176337545,0.0023883413036714807,0,0.012572409693529874,0.022768916911445558
1.0,0.5,4.0,4.0,0.01,0.02,1.0,50,cond_mean,184,1.000275240123704,2.0025103491724883,0.4985995260837222,0.0023788052472169816,0,0.012328324002608032,0.023338417056947947
1.0,0.5,4.0,4.0,0.01,0.02,1.0,50,cond_mean,185,1.0000781565451482,2.0169858259895745,0.5031410015691768,0.0017357021340968681,0,0.021711916684473812,0.02331454202067107
1.0,0.5,4.0,4.0,0.01,0.02,1.0,50,cond_mean,186,1.0001928227343204,2.0078959986042193,0.49768109832289764,0.0019409211719996734,0,0.013652157871875962,0.02399162494111806
1.0,0.5,4.0,4.0,0.01,0.02,1.0,50,cond_mean,187,0.9999362837671908,2.013780979968317,0.49654586683496754,0.00161777182679722,0,0.01835101689141839,0.023127291933633387
1.0,0.5,4.0,4.0,0.01,0.02,1.0,50,cond_mean,188,1.0000038301364043,2.0102115820960273,0.49875317889587684,0.0020557408341954483,0,0.015609402381375054,0.022663375013507903
1.0,0.5,4.0,4.0,0.01,0.02,1.0,50,cond_mean,189,1.0008795501323287,2.0088248631971846,0.5183841477146185,0.003849490771245362,0,0.03111950560401758,0.02276362502016127
1.0,0.5,4.0,4.0,0.01,0.02,1.0,50,cond_mean,190,0.999832718012048,1.9826617590691915,0.4946185983840604,0.003029961449472389,0,0.025806814261676178,0.023852208047173917
1.0,0.5,4.0,4.0,0.01,0.02,1.0,50,cond_mean,191,1.000199208559051,2.008740099111711,0.5076094542572042,0.0017360373453254856,0,0.016259530194639146,0.02340966695919633
1.0,0.5,4.0,4.0,0.01,0.02,1.0,50,cond_mean,192,1.000571246326222,1.999480318154365,0.5137261491707105,0.002750145716722027,0,0.02167921525886386,0.022455875063315034
1.0,0.5,4.0,4.0,0.01,0.02,1.0,50,cond_mean,193,1.000113577511942,2.0077998398057995,0.5088969634178176,0.0017461125251823496,0,0.0168447721152224,0.022809957969002426
1.0,0.5,4.0,4.0,0.01,0.02,1.0,50,cond_mean,194,1.000340752087683,2.014771841940347,0.5113878770286986,0.002702613183192676,0,0.025884021655694922,0.02294395910575986
1.0,0.5,4.0,4.0,0.01,0.02,1.0,50,cond_mean,195,1.00015401261113,1.9990646194312078,0.5038796832453672,0.0030023059724771386,0,0.015523335477022513,0.023343499982729554
1.0,0.5,4.0,4.0,0.01,0.02,1.0,50,cond_mean,196,0.9998718512491686,1.998754572840999,0.5062927167711224,0.001626011395792029,0,0.011762549013621894,0.022355667082592845
1.0,0.5,4.0,4.0,0.01,0.02,1.0,50,cond_mean,197,0.9997808319335088,1.9952080010051954,0.4958953847761471,0.0016061493826188581,0,0.010860022639785662,0.02300795796327293
1.0,0.5,4.0,4.0,0.01,0.02,1.0,50,cond_mean,198,1.000076548974664,2.010610372529685,0.49974158833425797,0.0020836791710188273,0,0.015968651829838934,0.022664708085358143
1.0,0.5,4.0,4.0,0.01,0.02,1.0,50,cond_mean,199,1.0002448388407548,1.9820989960764386,0.5090403893831066,0.0018731876139906811,0,0.025204696535272388,0.022575999959371984
1.0,0.5,4.0,4.0,0.01,0.02,1.0,50,cond_mean,200,1.0001854553761123,2.012271140840291,0.5116297868560874,0.001702753946878108,0,0.022064970524154848,0.02351695892866701
1.0,0.5,4.0,4.0,0.01,0.02,1.0,50,cond_mean,201,1.000232742016561,1.9960425528331311,0.5022276364609681,0.0016580809392031204,0,0.009694629126816809,0.023029709002003074
1.0,0.5,4.0,4.0,0.01,0.02,1.0,50,cond_mean,202,1.0003072187558946,2.00883410967591,0.5087850163789086,0.0018945436039482164,0,0.017576211952550554,0.023047209018841386
1.0,0.5,4.0,4.0,0.01,0.02,1.0,50,cond_mean,203,1.0002430247779535,2.003541270894065,0.5068996922870608,0.002219377766939823,0,0.014471677177683741,0.022759375046007335
1.0,0.5,4.0,4.0,0.01,0.02,1.0,50,cond_mean,204,1.0001789024311414,2.010629663858565,0.5005609222341296,0.0017602093085051708,0,0.015030303414645323,0.022910624975338578
1.0,0.5,4.0,4.0,0.01,0.02,1.0,50,cond_mean,205,1.0002250573543547,1.979576529775863,0.4964692037711998,0.0017808425199535374,0,0.025717543072920707,0.022622917080298066
1.0,0.5,4.0,4.0,0.01,0.02,1.0,50,cond_mean,206,0.9999375686343431,2.0075114846937323,0.5024088173908331,0.002533999171805879,0,0.015508487555471736,0.02303224999923259
1.0,0.5,4.0,4.0,0.01,0.02,1.0,50,cond_mean,207,0.9999050206452131,1.9874587572855882,0.49701250027150473,0.0018715940461634768,0,0.0175856367173933,0.023112625000067055
1.0,0.5,4.0,4.0,0.01,0.02,1.0,50,cond_mean,208,1.0001713538273267,2.0148780611896524,0.49755961714701696,0.0021537486561045887,0,0.020514114433525556,0.022998625063337386
1.0,0.5,4.0,4.0,0.01,0.02,1.0,50,cond_mean,209,1.0002411031542122,1.9949861305412155,0.5081204427760778,0.0017698743219390584,0,0.014547021823408536,0.022771709016524255
1.0,0.5,4.0,4.0,0.01,0.02,1.0,50,cond_mean,210,1.00025270727748,2.0156572857757094,0.5036003364702756,0.0014771889003389247,0,0.01992368580653679,0.02452649991028011
1.0,0.5,4.0,4.0,0.01,0.02,1.0,50,cond_mean,211,1.0001340760615496,1.9974279688618428,0.49793224582840595,0.002226152291359483,0,0.011723099330811402,0.023605082998983562
1.0,0.5,4.0,4.0,0.01,0.02,1.0,50,cond_mean,212,1.000188233691749,1.9958924069367499,0.5015250534423155,0.0017167669629875606,0,0.009831953280286191,0.02279600000474602
1.0,0.5,4.0,4.0,0.01,0.02,1.0,50,cond_mean,213,1.000049892989344,1.9935087563411107,0.5026146781162923,0.002626441018712836,0,0.015255856151822829,0.02267287508584559
1.0,0.5,4.0,4.0,0.01,0.02,1.0,50,cond_mean,214,0.9999202471438883,1.9828751212593296,0.5051196375419572,0.001718992038749797,0,0.022548640078583614,0.022358749993145466
1.0,0.5,4.0,4.0,0.01,0.02,1.0,50,cond_mean,215,1.0000349870383372,1.9830565504591549,0.5020520685303371,0.0020493182677058727,0,0.022122531055340913,0.0238949169870466
1.0,0.5,4.0,4.0,0.01,0.02,1.0,50,cond_mean,216,0.9999777202793041,1.983822967501685,0.5022837969769591,0.0015408139315870374,0,0.020344653648634803,0.023244000039994717
1.0,0.5,4.0,4.0,0.01,0.02,1.0,50,cond_mean,217,0.9998805495816389,2.0035149500918115,0.4946505885504932,0.0015849017143975722,0,0.01110278373369624,0.023170458967797458
1.0,0.5,4.0,4.0,0.01,0.02,1.0,50,cond_mean,218,1.0001254579392527,2.00030433051963,0.5053531684858666,0.0018224347387449035,0,0.011212460530111514,0.023202666896395385
1.0,0.5,4.0,4.0,0.01,0.02,1.0,50,cond_mean,219,1.0002288815456006,1.9924900543864008,0.4971896482784799,0.002400166753764068,0,0.015236171259488052,0.022858332959003747
1.0,0.5,4.0,4.0,0.01,0.02,1.0,50,cond_mean,220,1.000078281183577,1.9959502331805052,0.5038552292009105,0.0013356386193769726,0,0.009412724357412488,0.022788041038438678
1.0,0.5,4.0,4.0,0.01,0.02,1.0,50,cond_mean,221,0.9999913703108516,2.018573002084575,0.5086658666856912,0.002061345428344087,0,0.0262272447539859,0.022716250037774444
1.0,0.5,4.0,4.0,0.01,0.02,1.0,50,cond_mean,222,1.0001422417210384,2.000531349178756,0.4997357643498659,0.00195442851230469,0,0.009649514006054207,0.023161083925515413
1.0,0.5,4.0,4.0,0.01,0.02,1.0,50,cond_mean,223,1.000160544496673,2.0008668338791424,0.5033456339359647,0.0032499509955378303,0,0.016495238988657006,0.023684917017817497
1.0,0.5,4.0,4.0,0.01,0.02,1.0,50,cond_mean,224,1.000220959003488,2.001542013667358,0.5061354914512304,0.0023644068178846757,0,0.013998634006014369,0.023767624981701374
1.0,0.5,4.0,4.0,0.01,0.02,1.0,50,cond_mean,225,0.9996562685101756,1.996900089955716,0.5001337451330132,0.002130193041408608,0,0.011188468877399547,0.024053167086094618
1.0,0.5,4.0,4.0,0.01,0.02,1.0,50,cond_mean,226,1.0000213970005531,2.0007268312539455,0.5015971335127457,0.0015366958729096233,0,0.007855033972796271,0.023549540899693966
1.0,0.5,4.0,4.0,0.01,0.02,1.0,50,cond_mean,227,1.0003386389023146,1.9876633916405242,0.5064342250031189,0.0026152479199991452,0,0.020688503642916047,0.022943709045648575
1.0,0.5,4.0,4.0,0.01,0.02,1.0,50,cond_mean,228,1.0000873259490777,1.983031738075518,0.506025330571411,0.0016059350560307147,0,0.022424406827926967,0.022974624997004867
1.0,0.5,4.0,4.0,0.01,0.02,1.0,50,cond_mean,229,1.000220753624936,2.01348941476003,0.5033048164741714,0.00199703546302295,0,0.018816359668032114,0.022858832962810993
1.0,0.5,4.0,4.0,0.01,0.02,1.0,50,cond_mean,230,1.000244634279952,1.9961923334962062,0.5002042699706828,0.0017954199419306766,0,0.009906180660927674,0.022856084047816694
1.0,0.5,4.0,4.0,0.01,0.02,1.0,50,cond_mean,231,0.9999352063059972,1.9952927099081368,0.49886187311605074,0.0017016258160713728,0,0.01005472860565832,0.02265625004656613
1.0,0.5,4.0,4.0,0.01,0.02,1.0,50,cond_mean,232,1.0000943058283742,2.002555507361162,0.5007916942916267,0.0016199156968167991,0,0.00852738752326071,0.022679375018924475
1.0,0.5,4.0,4.0,0.01,0.02,1.0,50,cond_mean,233,1.0003186045618215,2.006758251588982,0.5122157595355612,0.0016248471544886157,0,0.01897245154288071,0.02260141703300178
1.0,0.5,4.0,4.0,0.01,0.02,1.0,50,cond_mean,234,0.9999723309032237,1.97714367300555,0.49987260903977293,0.00233072230093339,0,0.028769046036130855,0.022363374941051006
1.0,0.5,4.0,4.0,0.01,0.02,1.0,50,cond_mean,235,1.0002364992874953,2.0144638673067115,0.5077052350053942,0.0019691031306007458,0,0.02149172406446492,0.022978125023655593
1.0,0.5,4.0,4.0,0.01,0.02,1.0,50,cond_mean,236,1.0002025857000656,1.9995519378700328,0.5036904360524485,0.0020390845187795124,0,0.01097689218953928,0.02273670898284763
1.0,0.5,4.0,4.0,0.01,0.02,1.0,50,cond_mean,237,1.0000217798144133,2.0006727788768788,0.5065025216707146,0.001200074168058398,0,0.010331238184468386,0.022500541992485523
1.0,0.5,4.0,4.0,0.01,0.02,1.0,50,cond_mean,238,0.9998798279554223,2.0161417193341746,0.4988122932961739,0.001611912818954795,0,0.02029814224322103,0.022710999939590693
1.0,0.5,4.0,4.0,0.01,0.02,1.0,50,cond_mean,239,1.0000398936833155,2.0044247981762893,0.4970732714971923,0.001358822726238378,0,0.009282527805863408,0.022989209042862058
1.0,0.5,4.0,4.0,0.01,0.02,1.0,50,cond_mean,240,1.0002621646339336,1.991356140467073,0.5007422918796275,0.0020920097173282486,0,0.014366914533199321,0.02279829198960215
1.0,0.5,4.0,4.0,0.01,0.02,1.0,50,cond_mean,241,1.0003032629595363,2.0018968303227904,0.5090783544017056,0.001965773329709017,0,0.015016448357387618,0.02358162496238947
1.0,0.5,4.0,4.0,0.01,0.02,1.0,50,cond_mean,242,1.0001951976812273,1.990985412563739,0.5085057447951447,0.0027498211517394066,0,0.0201682594910537,0.02343754202593118
1.0,0.5,4.0,4.0,0.01,0.02,1.0,50,cond_mean,243,1.0003203184182927,2.0019901847412456,0.5101395026987854,0.0024810120791617716,0,0.01774290525627899,0.022788541042245924
1.0,0.5,4.0,4.0,0.01,0.02,1.0,50,cond_mean,244,0.9998236318157243,2.003630657125247,0.50411651867021,0.0017908229745258286,0,0.011328944856820919,0.02255283307749778
1.0,0.5,4.0,4.0,0.01,0.02,1.0,50,cond_mean,245,1.0001060462207416,2.01303041657728,0.5037719256694587,0.002510658390944558,0,0.0200041502981835,0.022315542097203434
1.0,0.5,4.0,4.0,0.01,0.02,1.0,50,cond_mean,246,1.0003738264209283,2.0110229823501813,0.5085320465895332,0.00251019828273758,0,0.020609013890673985,0.022794832941144705
1.0,0.5,4.0,4.0,0.01,0.02,1.0,50,cond_mean,247,1.0000526404844587,2.0187296448912324,0.49879621232990073,0.0016259305779439345,0,0.023121922523959015,0.022820500074885786
1.0,0.5,4.0,4.0,0.01,0.02,1.0,50,cond_mean,248,1.000017130546085,1.9957608032730978,0.5053869986953475,0.0018298210283870936,0,0.012394418758691659,0.023647333960980177
1.0,0.5,4.0,4.0,0.01,0.02,1.0,50,cond_mean,249,1.000583258405334,1.9969814377655994,0.5123136773929267,0.002376074694005488,0,0.01937041683815948,0.022876709001138806
1.0,0.5,4.0,4.0,0.01,0.02,1.0,50,cond_mean,250,0.9998300334379846,1.9981841894243164,0.5031204126467912,0.002030982723209085,0,0.011138324375320753,0.02283341600559652
1.0,0.5,4.0,4.0,0.01,0.02,1.0,50,cond_mean,251,1.0000608492806422,1.992804420260977,0.5012625578825499,0.0022847354252093282,0,0.014039765021054678,0.02327091700863093
1.0,0.5,4.0,4.0,0.01,0.02,1.0,50,cond_mean,252,1.0001315888861937,2.019027305374594,0.5063418108307011,0.0015739450274269537,0,0.024600990951375246,0.023091915994882584
1.0,0.5,4.0,4.0,0.01,0.02,1.0,50,cond_mean,253,0.9999849551904485,1.986670837501853,0.49559706263035713,0.0018482821967011776,0,0.018800348726612858,0.02272050001192838
1.0,0.5,4.0,4.0,0.01,0.02,1.0,50,cond_mean,254,0.9999124980865387,1.9995681836452304,0.5028874210949956,0.0015272478810368704,0,0.008500944828003813,0.02279362501576543
1.0,0.5,4.0,4.0,0.01,0.02,1.0,50,cond_mean,255,1.0000527396719918,2.0038301592500276,0.5007985581743288,0.0016248368817252028,0,0.009163913253369427,0.022646915982477367
1.0,0.5,4.0,4.0,0.01,0.02,1.0,50,cond_mean,256,1.0002702872985771,1.9815612861203928,0.5049774337012812,0.0026928516116817556,0,0.025770757275053794,0.02276458404958248
1.0,0.5,4.0,4.0,0.01,0.02,1.0,50,cond_mean,257,1.0002292198320408,2.002853174342942,0.5065521001200888,0.0020203115605470566,0,0.013225606366933004,0.0227733749197796
1.0,0.5,4.0,4.0,0.01,0.02,1.0,50,cond_mean,258,0.9998129381436964,2.003204708441284,0.5020799691046368,0.001854996054643833,0,0.010340207811582191,0.023099791957065463
1.0,0.5,4.0,4.0,0.01,0.02,1.0,50,cond_mean,259,1.0003479469099714,1.9918698604760958,0.5055631471154559,0.002577258657685673,0,0.01713595261356145,0.023367583053186536
1.0,0.5,4.0,4.0,0.01,0.02,1.0,50,cond_mean,260,0.9999647977166657,2.011838696874336,0.5009175274373792,0.002525882040588233,0,0.018492369655062627,0.02284133294597268
1.0,0.5,4.0,4.0,0.01,0.02,1.0,50,cond_mean,261,0.9999791430410537,1.9995931438385246,0.5007086216458979,0.0022980413016654567,0,0.011324274810435535,0.022752625052817166
1.0,0.5,4.0,4.0,0.01,0.02,1.0,50,cond_mean,262,0.9998934035920372,2.003798401025642,0.5040122902268571,0.0034653764300040624,0,0.018403413670166516,0.022962833987548947
1.0,0.5,4.0,4.0,0.01,0.02,1.0,50,cond_mean,263,1.0002449217204905,1.9952019038221265,0.5100998407763948,0.002263658314686965,0,0.017743815969056116,0.021968582994304597
1.0,0.5,4.0,4.0,0.01,0.02,1.0,50,cond_mean,264,1.0002116390658604,1.9945113227926894,0.5016813510148488,0.0022370625072725726,0,0.012824152165559185,0.023209000006318092
1.0,0.5,4.0,4.0,0.01,0.02,1.0,50,cond_mean,265,1.0000049320374604,1.9907947303403075,0.5012674322380779,0.0019129490915637338,0,0.014270609923685292,0.02374158299062401
1.0,0.5,4.0,4.0,0.01,0.02,1.0,50,cond_mean,266,1.0000443516364175,2.0078483897134523,0.5058099069992018,0.00167573326607792,0,0.014335191448090331,0.022889417014084756
1.0,0.5,4.0,4.0,0.01,0.02,1.0,50,cond_mean,267,1.000031974304477,1.9952270859627952,0.4990103353017984,0.0015252005864409624,0,0.009391868156789659,0.022554707946255803
1.0,0.5,4.0,4.0,0.01,0.02,1.0,50,cond_mean,268,0.9998962605689509,1.99015874342011,0.4966322810417667,0.002329704925190492,0,0.016646751229944096,0.02262866694945842
1.0,0.5,4.0,4.0,0.01,0.02,1.0,50,cond_mean,269,1.000069886638047,2.013073318327758,0.5111114600238815,0.0015458666517774522,0,0.022117946802469243,0.023495249915868044
1.0,0.5,4.0,4.0,0.01,0.02,1.0,50,cond_mean,270,1.0002215114945516,1.996457106078961,0.49671909366462186,0.002376755391876033,0,0.013304757156783758,0.022702709073200822
1.0,0.5,4.0,4.0,0.01,0.02,1.0,50,cond_mean,271,1.0000275906663816,2.0293125199187103,0.5057157213606582,0.0014211175497232155,0,0.035233543915556075,0.023103583022020757
1.0,0.5,4.0,4.0,0.01,0.02,1.0,50,cond_mean,272,1.0005135845109552,2.002652278841985,0.5059500175310649,0.0025312642916985747,0,0.014618809577098166,0.022838792065158486
1.0,0.5,4.0,4.0,0.01,0.02,1.0,50,cond_mean,273,1.000429279346465,1.977697291158695,0.5136180582202353,0.002226960632786398,0,0.032555183265112565,0.02262404200155288
1.0,0.5,4.0,4.0,0.01,0.02,1.0,50,cond_mean,274,0.99992473822337,1.9833658048190745,0.5034397262869844,0.0021471648230587588,0,0.02239052586272244,0.022535666939802468
1.0,0.5,4.0,4.0,0.01,0.02,1.0,50,cond_mean,275,1.0000513380348657,1.9959629369117529,0.5035719301866635,0.0015657790806082063,0,0.010083267726151156,0.02336733299307525
1.0,0.5,4.0,4.0,0.01,0.02,1.0,50,cond_mean,276,1.0001199160322671,2.01187740904587,0.49731489257189876,0.0026914444011655065,0,0.01944509454073278,0.022806374938227236
1.0,0.5,4.0,4.0,0.01,0.02,1.0,50,cond_mean,277,1.0001814127151445,2.000187942260071,0.5017720043716398,0.00242799647408225,0,0.01209403894026994,0.022882292047142982
1.0,0.5,4.0,4.0,0.01,0.02,1.0,50,cond_mean,278,1.0001190189050877,2.0022354666199336,0.5107704465586574,0.0011112229764773367,0,0.015082794125068723,0.022753166034817696
1.0,0.5,4.0,4.0,0.01,0.02,1.0,50,cond_mean,279,0.9998830579393349,1.9889576590959612,0.49915280707954335,0.0015113394355178982,0,0.014789339456192685,0.02356345800217241
1.0,0.5,4.0,4.0,0.01,0.02,1.0,50,cond_mean,280,0.9996420947068168,1.985606730712326,0.5008664868616014,0.002254261022754609,0,0.020115736778680067,0.02262629196047783
1.0,0.5,4.0,4.0,0.01,0.02,1.0,50,cond_mean,281,0.9998598927136326,2.006830640731855,0.49781618836776953,0.001861062616940794,0,0.012358875874037955,0.022770832991227508
1.0,0.5,4.0,4.0,0.01,0.02,1.0,50,cond_mean,282,1.0004812734216066,1.9941229752886767,0.5059479340987534,0.002405580830607246,0,0.015332615882050102,0.022657749941572547
1.0,0.5,4.0,4.0,0.01,0.02,1.0,50,cond_mean,283,1.000446945302006,1.99699616348709,0.512700146998971,0.0022249119883205664,0,0.019499873928268706,0.022269542096182704
1.0,0.5,4.0,4.0,0.01,0.02,1.0,50,cond_mean,284,1.0000708932719145,2.000504903736739,0.505669248019436,0.0019431155150034696,0,0.01199728221868711,0.02277799998410046
1.0,0.5,4.0,4.0,0.01,0.02,1.0,50,cond_mean,285,1.0002518466432286,1.9980319447539483,0.5039257615128672,0.002508872441427205,0,0.013379202042542816,0.02318770799320191
1.0,0.5,4.0,4.0,0.01,0.02,1.0,50,cond_mean,286,1.0002203464899235,2.0001519325062658,0.5088444901191845,0.0028194924543068593,0,0.017749881136871835,0.023108749999664724
1.0,0.5,4.0,4.0,0.01,0.02,1.0,50,cond_mean,287,1.0002742859321336,2.0074352336194248,0.5029505119271808,0.0016682210835757929,0,0.01235378511480106,0.023071917006745934
1.0,0.5,4.0,4.0,0.01,0.02,1.0,50,cond_mean,288,1.0000603927454639,2.004743093780301,0.5068805166615882,0.001460061521027129,0,0.012623803002124269,0.022519374964758754
1.0,0.5,4.0,4.0,0.01,0.02,1.0,50,cond_mean,289,0.9998633094870989,1.992165873805954,0.49167106943548,0.0014372854555774297,0,0.015701332678594946,0.022513833013363183
1.0,0.5,4.0,4.0,0.01,0.02,1.0,50,cond_mean,290,0.9998149575947586,2.0239090679077423,0.5041202937195857,0.0019002795707001752,0,0.029662660754833932,0.022940499940887094
1.0,0.5,4.0,4.0,0.01,0.02,1.0,50,cond_mean,291,1.000172217400452,2.0046540579143897,0.5116076816969471,0.002145654236528806,0,0.018969715539998475,0.02317533304449171
1.0,0.5,4.0,4.0,0.01,0.02,1.0,50,cond_mean,292,0.9999670001151952,2.0025465986862905,0.49765493018371576,0.0017340043392974312,0,0.009495266524064454,0.02346237504389137
1.0,0.5,4.0,4.0,0.01,0.02,1.0,50,cond_mean,293,1.0001424990907222,1.9989502260226095,0.5008484034123551,0.0020001493035111243,0,0.009938422084669381,0.022776333964429796
1.0,0.5,4.0,4.0,0.01,0.02,1.0,50,cond_mean,294,0.9999992683999921,2.001980762889996,0.5030315828759011,0.001644141003275608,0,0.009272648605114162,0.02238870901055634
1.0,0.5,4.0,4.0,0.01,0.02,1.0,50,cond_mean,295,0.9999996947832803,1.9921598438748302,0.49987145928573445,0.002399358599444028,0,0.014851936766515727,0.022606083075515926
1.0,0.5,4.0,4.0,0.01,0.02,1.0,50,cond_mean,296,0.9998915500802039,2.0039998111147486,0.4953796856147001,0.001695255636666822,0,0.011168587173443106,0.023356499965302646
1.0,0.5,4.0,4.0,0.01,0.02,1.0,50,cond_mean,297,1.0004977781148103,2.000604704471757,0.5103799661195829,0.002524603800290997,0,0.017775591960897955,0.023501040996052325
1.0,0.5,4.0,4.0,0.01,0.02,1.0,50,cond_mean,298,1.0000144555841708,1.9853984347175049,0.5090734683071337,0.0018547801229853813,0,0.022493027325928432,0.022795917000621557
1.0,0.5,4.0,4.0,0.01,0.02,1.0,50,cond_mean,299,0.9999400482722953,1.995640503285634,0.4982332106679579,0.0015396545037146116,0,0.009337102775155521,0.022636582958512008
1.0,0.5,4.0,4.0,0.01,0.02,1.0,50,cond_mean,300,1.0000178634241705,1.9853654768239228,0.5084552980450787,0.0017670227023825057,0,0.021893543206540824,0.022892999928444624
1.0,0.5,4.0,4.0,0.01,0.02,1.0,50,cond_mean,301,0.999865313280137,1.9928350203348075,0.4927462479834185,0.0013511319163613058,0,0.014089731274094273,0.023610917036421597
1.0,0.5,4.0,4.0,0.01,0.02,1.0,50,cond_mean,302,0.9999871665602361,1.9950185950526034,0.4935073278901112,0.0026777642446843266,0,0.016714334695888775,0.02287116600200534
1.0,0.5,4.0,4.0,0.01,0.02,1.0,50,cond_mean,303,1.0000149313925386,2.0020164536154437,0.5039026818617894,0.0016301647420260365,0,0.009748173991500055,0.022498250007629395
1.0,0.5,4.0,4.0,0.01,0.02,1.0,50,cond_mean,304,1.0001230125567637,2.005623224377708,0.5048274432076711,0.0015958580511990785,0,0.01184172404795675,0.02272737503517419
1.0,0.5,4.0,4.0,0.01,0.02,1.0,50,cond_mean,305,0.9998174513984527,1.99743126250552,0.5011741805545658,0.002763971039004297,0,0.014031739790021867,0.02272195799741894
1.0,0.5,4.0,4.0,0.01,0.02,1.0,50,cond_mean,306,1.0003184637180758,2.0046954396771905,0.5113576465806039,0.003953937025741196,0,0.024727847178358655,0.02286841708701104
1.0,0.5,4.0,4.0,0.01,0.02,1.0,50,cond_mean,307,0.9999791173311242,2.0128084087668063,0.4977867822715811,0.001736105875410284,0,0.017311556286620046,0.023420084035024047
1.0,0.5,4.0,4.0,0.01,0.02,1.0,50,cond_mean,308,1.0001561054574264,2.0125739717531563,0.4980443185005662,0.001660832426095306,0,0.016925761688750304,0.022829582914710045
1.0,0.5,4.0,4.0,0.01,0.02,1.0,50,cond_mean,309,0.9998611340706511,2.0001098307829728,0.4886794695693345,0.0020226218927114482,0,0.017650771843748442,0.022991167032159865
1.0,0.5,4.0,4.0,0.01,0.02,1.0,50,cond_mean,310,1.00005339656421,1.9946729077466416,0.504107837974258,0.0011972064809061876,0,0.009996009013113611,0.02237129199784249
1.0,0.5,4.0,4.0,0.01,0.02,1.0,50,cond_mean,311,1.0002851988264696,2.0081266031667715,0.5049093894044554,0.0029851009382457477,0,0.01833228569329282,0.022816333919763565
1.0,0.5,4.0,4.0,0.01,0.02,1.0,50,cond_mean,312,1.0003337283050073,2.005418080369046,0.5055953975480668,0.0017955694151157206,0,0.012760339578126945,0.022815832984633744
1.0,0.5,4.0,4.0,0.01,0.02,1.0,50,cond_mean,313,1.0001620283784811,2.0118884486712827,0.4930255670291687,0.002734597192110367,0,0.021516987987245693,0.023803374962881207
1.0,0.5,4.0,4.0,0.01,0.02,1.0,50,cond_mean,314,1.000354687555878,2.0072694486576976,0.5058652175936148,0.0018151519314142984,0,0.01414138835313216,0.022764749941416085
1.0,0.5,4.0,4.0,0.01,0.02,1.0,50,cond_mean,315,1.0001881837169067,2.0043011167344003,0.5101196927559942,0.0017956819110032923,0,0.01636209700557314,0.02295416605193168
1.0,0.5,4.0,4.0,0.01,0.02,1.0,50,cond_mean,316,0.9998092291180453,1.999038763314749,0.49818423993248256,0.0014469139989945182,0,0.007495819072400205,0.023262458038516343
1.0,0.5,4.0,4.0,0.01,0.02,1.0,50,cond_mean,317,1.0000465040048598,2.004435048842537,0.49866805868597275,0.0017829675148898646,0,0.01030677666747517,0.02297941700089723
1.0,0.5,4.0,4.0,0.01,0.02,1.0,50,cond_mean,318,1.000029477857514,1.9890304308613858,0.5015280725927039,0.001406633160084815,0,0.014542718098440273,0.022551833069883287
1.0,0.5,4.0,4.0,0.01,0.02,1.0,50,cond_mean,319,1.0002665264744195,2.006876378790696,0.5060904452487248,0.0031891849821239202,0,0.019100347581394308,0.023058000020682812
1.0,0.5,4.0,4.0,0.01,0.02,1.0,50,cond_mean,320,1.000247084555184,2.0142567612522337,0.5017004204651018,0.001520850271945914,0,0.018168683410078407,0.022879666998051107
1.0,0.5,4.0,4.0,0.01,0.02,1.0,50,cond_mean,321,0.9999775226388605,2.0058526956672043,0.4978240355235247,0.0016127762467703223,0,0.010785894583517343,0.022696540923789144
1.0,0.5,4.0,4.0,0.01,0.02,1.0,50,cond_mean,322,1.0002997830414055,2.0074522410413604,0.5054969241605566,0.0017393594549764046,0,0.013833228862290218,0.022790917078964412
1.0,0.5,4.0,4.0,0.01,0.02,1.0,50,cond_mean,323,1.000141559810778,1.9952789258014272,0.503038297989431,0.0021314514744610433,0,0.012351782720818527,0.02319091698154807
1.0,0.5,4.0,4.0,0.01,0.02,1.0,50,cond_mean,324,1.0004228133433006,2.006677506231029,0.5052164898988615,0.001933979026630189,0,0.01371287374961374,0.02312741696368903
1.0,0.5,4.0,4.0,0.01,0.02,1.0,50,cond_mean,325,1.0001854794331053,2.004550182224351,0.49441704610996773,0.0016396685387194932,0,0.012392632079530152,0.022818333003669977
1.0,0.5,4.0,4.0,0.01,0.02,1.0,50,cond_mean,326,1.0000890388694363,1.9918192601102702,0.5017208970371809,0.0019527763331735769,0,0.013613839989210787,0.022307041916064918
1.0,0.5,4.0,4.0,0.01,0.02,1.0,50,cond_mean,327,1.0001503044585915,1.9973275134032669,0.5061627968967402,0.0017685885216548302,0,0.01205960989028009,0.022646707948297262
1.0,0.5,4.0,4.0,0.01,0.02,1.0,50,cond_mean,328,0.9999621695496942,2.002938946620042,0.5047602223114305,0.0015523105689099475,0,0.010451661846721744,0.023272958933375776
1.0,0.5,4.0,4.0,0.01,0.02,1.0,50,cond_mean,329,0.9998942873697096,1.9961296847841443,0.49494742226444716,0.002264194109175652,0,0.01358676919979276,0.02267687499988824
1.0,0.5,4.0,4.0,0.01,0.02,1.0,50,cond_mean,330,0.9998752702212916,1.9836605941908738,0.49819969978016176,0.0026742527630210897,0,0.02307597926791487,0.02257958403788507
1.0,0.5,4.0,4.0,0.01,0.02,1.0,50,cond_mean,331,0.9998489513934775,2.010127352092675,0.5028033685536901,0.0017802336138125015,0,0.015145049245244258,0.022883708006702363
1.0,0.5,4.0,4.0,0.01,0.02,1.0,50,cond_mean,332,1.0000454711489744,2.0109428848669753,0.5028846618876726,0.002020436922804196,0,0.016472908216347188,0.023924792069010437
1.0,0.5,4.0,4.0,0.01,0.02,1.0,50,cond_mean,333,1.0001942564459083,2.0001442749575795,0.4944318005542425,0.0029100014531205413,0,0.01627613981829174,0.02375074999872595
1.0,0.5,4.0,4.0,0.01,0.02,1.0,50,cond_mean,334,1.0003844207601251,2.0015595778248714,0.5096253378666188,0.002481035633562994,0,0.017130082095094548,0.0227870000526309
1.0,0.5,4.0,4.0,0.01,0.02,1.0,50,cond_mean,335,1.0002296963128992,1.9912134481681074,0.506681996335887,0.003345466632909012,0,0.021046682249500775,0.02244374994188547
1.0,0.5,4.0,4.0,0.01,0.02,1.0,50,cond_mean,336,0.9997800476113318,2.0185087254332794,0.5022958759987396,0.0015890909031476255,0,0.023018617222373725,0.02257187501527369
1.0,0.5,4.0,4.0,0.01,0.02,1.0,50,cond_mean,337,1.000185087651739,2.0067312661483925,0.5059166482730886,0.0018037069755550638,0,0.013877189486296073,0.023305624956265092
1.0,0.5,4.0,4.0,0.01,0.02,1.0,50,cond_mean,338,0.9998318927428557,1.9991708753701343,0.4932258621357896,0.0019576993190181836,0,0.012905805388378638,0.022906208992935717
1.0,0.5,4.0,4.0,0.01,0.02,1.0,50,cond_mean,339,1.0000515485872472,1.99982595568148,0.5057025631120508,0.0020202746871242926,0,0.012342525388921282,0.02329791698139161
1.0,0.5,4.0,4.0,0.01,0.02,1.0,50,cond_mean,340,1.0001002521036837,1.9938100581346363,0.4979889940587607,0.00301398636502469,0,0.016670849322670822,0.022641582996584475
1.0,0.5,4.0,4.0,0.01,0.02,1.0,50,cond_mean,341,1.0003110491708174,1.98204375237307,0.5024331064445126,0.0020690233843423684,0,0.023240921118035832,0.023450083914212883
1.0,0.5,4.0,4.0,0.01,0.02,1.0,50,cond_mean,342,0.9999100674341368,1.9950861034766474,0.5055069451487061,0.001950017701250102,0,0.013328451756307378,0.022405791096389294
1.0,0.5,4.0,4.0,0.01,0.02,1.0,50,cond_mean,343,1.0001595433212878,1.9936643068391844,0.5088299316251912,0.0017116805127454166,0,0.015788771931638985,0.02293695800472051
1.0,0.5,4.0,4.0,0.01,0.02,1.0,50,cond_mean,344,1.000119390250377,1.9788190837677009,0.5036919696657536,0.0019712560761243076,0,0.026670576841944942,0.02288354199845344
1.0,0.5,4.0,4.0,0.01,0.02,1.0,50,cond_mean,345,1.0000202208191882,2.0120527062127787,0.5072840177210333,0.0015148298003907607,0,0.01836406764688026,0.022716791951097548
1.0,0.5,4.0,4.0,0.01,0.02,1.0,50,cond_mean,346,0.999989813767562,1.9862476942332103,0.49409571644178607,0.0016444151312282513,0,0.019444405398571733,0.022824250045232475
1.0,0.5,4.0,4.0,0.01,0.02,1.0,50,cond_mean,347,1.0004759195257478,1.997129894949026,0.5045099154885858,0.002677585817723177,0,0.014562664188690217,0.02282312500756234
1.0,0.5,4.0,4.0,0.01,0.02,1.0,50,cond_mean,348,1.000152065398973,1.9898271359890236,0.4975444320090391,0.002272128835112399,0,0.016589726077038104,0.022771166055463254
1.0,0.5,4.0,4.0,0.01,0.02,1.0,50,cond_mean,349,1.0000372823989248,1.9975790788326877,0.4997551557125191,0.0014366834292043164,0,0.007593798081054966,0.022355750086717308
1.0,0.5,4.0,4.0,0.01,0.02,1.0,50,cond_mean,350,1.0000279644034733,2.00157748760721,0.5108478988417406,0.0021498679931034504,0,0.017703459770658816,0.02316345798317343
1.0,0.5,4.0,4.0,0.01,0.02,1.0,50,cond_mean,351,1.000290361694322,2.003942548273703,0.5104631326536074,0.002520936920955895,0,0.018616363543066138,0.022872166940942407
1.0,0.5,4.0,4.0,0.01,0.02,1.0,50,cond_mean,352,1.0000057502569724,1.992655116193535,0.5049198448067764,0.00198513557427132,0,0.014386727680359014,0.02299845905508846
1.0,0.5,4.0,4.0,0.01,0.02,1.0,50,cond_mean,353,1.0004803159289481,1.9994434097211957,0.5077759171924022,0.0025433611301903664,0,0.015639375438923984,0.02274941699579358
1.0,0.5,4.0,4.0,0.01,0.02,1.0,50,cond_mean,354,1.000166293898709,1.9815236589860583,0.502377517444888,0.0020464169894193647,0,0.02372242177279749,0.022487291018478572
1.0,0.5,4.0,4.0,0.01,0.02,1.0,50,cond_mean,355,0.9998983437872577,1.9965950206516954,0.5002721347392336,0.0021527642332923994,0,0.011291816588244515,0.022430250071920455
1.0,0.5,4.0,4.0,0.01,0.02,1.0,50,cond_mean,356,1.0005868416236907,2.004539598333471,0.510732097009531,0.0033043478116018864,0,0.021503995968856757,0.022870875080116093
1.0,0.5,4.0,4.0,0.01,0.02,1.0,50,cond_mean,357,1.0002038270971592,2.00142601808986,0.5073635970694879,0.0017856548325100128,0,0.012852323434326953,0.023327749921008945
1.0,0.5,4.0,4.0,0.01,0.02,1.0,50,cond_mean,358,0.9997396726492901,2.0073775807188032,0.49485741559766744,0.0021809150333555417,0,0.015047747711777184,0.023038708022795618
1.0,0.5,4.0,4.0,0.01,0.02,1.0,50,cond_mean,359,0.9998058493786466,2.020789172476263,0.5030880431055994,0.0015672312823345874,0,0.02557909404981995,0.022748459014110267
1.0,0.5,4.0,4.0,0.01,0.02,1.0,50,cond_mean,360,0.9997024914431673,1.9983757921502914,0.4956849073567896,0.0020169300456781966,0,0.011329360596737932,0.0234632920473814
1.0,0.5,4.0,4.0,0.01,0.02,1.0,50,cond_mean,361,0.9999220356829039,1.9979183796950546,0.49854064229338874,0.0017925044373204738,0,0.009288409212297778,0.022895999951288104
1.0,0.5,4.0,4.0,0.01,0.02,1.0,50,cond_mean,362,0.999696825827873,2.0108276185550853,0.4988792556215008,0.002382487149207719,0,0.01719303982996614,0.022741083055734634
1.0,0.5,4.0,4.0,0.01,0.02,1.0,50,cond_mean,363,0.9999633853915622,2.0055829235230003,0.5016436437768739,0.0013284474855424573,0,0.00943169474556279,0.022551374975591898
1.0,0.5,4.0,4.0,0.01,0.02,1.0,50,cond_mean,364,1.0000974399466875,2.002187252134114,0.5077182080811355,0.0016975597950432365,0,0.013170474398522095,0.02255133306607604
1.0,0.5,4.0,4.0,0.01,0.02,1.0,50,cond_mean,365,1.0000594687414428,2.0055641636406016,0.5038239297251311,0.001527379758522139,0,0.011007077137966672,0.02266399993095547
1.0,0.5,4.0,4.0,0.01,0.02,1.0,50,cond_mean,366,1.0000533931867395,1.9942970036848104,0.506786621269932,0.0015920634462600462,0,0.0134283453867995,0.023197915987111628
1.0,0.5,4.0,4.0,0.01,0.02,1.0,50,cond_mean,367,1.000047253880231,1.9990682049891637,0.5046820556444659,0.001338590024835444,0,0.008975056210983521,0.023234040942043066
1.0,0.5,4.0,4.0,0.01,0.02,1.0,50,cond_mean,368,1.000300908967629,1.9939068290929522,0.5025004648420777,0.0022413674494644502,0,0.013382656043175662,0.02260945795569569
1.0,0.5,4.0,4.0,0.01,0.02,1.0,50,cond_mean,369,0.9999893202116985,1.9894090478646747,0.5107969809157423,0.0014857448555570308,0,0.01999594365259119,0.022585749975405633
1.0,0.5,4.0,4.0,0.01,0.02,1.0,50,cond_mean,370,1.0001573761610918,2.0054080355654356,0.506467394065656,0.0020400162787378097,0,0.014320001381730996,0.02285270905122161
1.0,0.5,4.0,4.0,0.01,0.02,1.0,50,cond_mean,371,1.000578573626652,1.9922979893022301,0.5105929313205759,0.003162368822109623,0,0.022069492633342184,0.02322841703426093
1.0,0.5,4.0,4.0,0.01,0.02,1.0,50,cond_mean,372,1.0000176026016934,2.010129011427915,0.5052582038102642,0.0021083337224519173,0,0.01705818555097594,0.02333545801229775
1.0,0.5,4.0,4.0,0.01,0.02,1.0,50,cond_mean,373,0.999949095352327,1.9929278780659643,0.4995467078529266,0.002077368520907292,0,0.013073261147227833,0.022735833073966205
1.0,0.5,4.0,4.0,0.01,0.02,1.0,50,cond_mean,374,1.0000542296645527,2.0070769553131242,0.505882520013272,0.0016048688550144169,0,0.013656862538485052,0.022747375071048737
1.0,0.5,4.0,4.0,0.01,0.02,1.0,50,cond_mean,375,1.0000789128664356,2.002138287018286,0.4959884130716508,0.0021067531501554543,0,0.011937406407289812,0.022592916036956012
1.0,0.5,4.0,4.0,0.01,0.02,1.0,50,cond_mean,376,1.0000326757094316,1.9934642886114078,0.49432446222071885,0.0019561928216335314,0,0.014388964122586095,0.02341491705738008
1.0,0.5,4.0,4.0,0.01,0.02,1.0,50,cond_mean,377,0.999871219313867,1.984068437357599,0.49774417370222307,0.0024532514047404617,0,0.022189130267781448,0.023080541053786874
1.0,0.5,4.0,4.0,0.01,0.02,1.0,50,cond_mean,378,1.0000380650505543,2.0065029765469538,0.5082955214406498,0.002354239030272475,0,0.01743082331749353,0.02272437501233071
1.0,0.5,4.0,4.0,0.01,0.02,1.0,50,cond_mean,379,1.000057731085152,2.0084964282434457,0.506699587022211,0.001794883831374162,0,0.01574252878679671,0.022595582995563745
1.0,0.5,4.0,4.0,0.01,0.02,1.0,50,cond_mean,380,0.9996115577957838,1.9954510526475904,0.4987290808267515,0.0015604476224963069,0,0.009479078926073959,0.022761125001125038
1.0,0.5,4.0,4.0,0.01,0.02,1.0,50,cond_mean,381,1.0003429289637533,1.9930978726526292,0.507070658179088,0.0018868877158330173,0,0.014967715860703529,0.02285366610158235
1.0,0.5,4.0,4.0,0.01,0.02,1.0,50,cond_mean,382,1.000396916211273,2.0092415095550824,0.4996603120023002,0.001735735016455781,0,0.013826274501473659,0.02346533292438835
1.0,0.5,4.0,4.0,0.01,0.02,1.0,50,cond_mean,383,0.9995244193172009,2.006553261357557,0.4943225448212883,0.0023655043461907888,0,0.015412820302813707,0.023184999939985573
1.0,0.5,4.0,4.0,0.01,0.02,1.0,50,cond_mean,384,1.000273543461178,1.9978099163842369,0.5097229248179446,0.0018914322673825473,0,0.015500191742805217,0.022910207975655794
1.0,0.5,4.0,4.0,0.01,0.02,1.0,50,cond_mean,385,1.0001077671790612,1.9913195671729849,0.4995886607959556,0.00134152252806398,0,0.012024572696937085,0.022497333004139364
1.0,0.5,4.0,4.0,0.01,0.02,1.0,50,cond_mean,386,0.9999527565709894,2.0017092359983915,0.49711875651849596,0.001857253289826768,0,0.010024587540010423,0.0227464169729501
1.0,0.5,4.0,4.0,0.01,0.02,1.0,50,cond_mean,387,1.0004135508424052,2.0106582796125942,0.5047071765055453,0.0020749047518020098,0,0.01691570106026528,0.022921707946807146
1.0,0.5,4.0,4.0,0.01,0.02,1.0,50,cond_mean,388,0.9994856146100035,1.9978621467379647,0.4867282540028793,0.0026357230892191034,0,0.021050750171222276,0.02249204204417765
1.0,0.5,4.0,4.0,0.01,0.02,1.0,50,cond_mean,389,1.000078655777643,1.9981892895429894,0.5066605306079635,0.0014791752915087897,0,0.011400469580171189,0.023364458931609988
1.0,0.5,4.0,4.0,0.01,0.02,1.0,50,cond_mean,390,0.9999299666572669,2.001586448379911,0.5028796732071616,0.001836520915449338,0,0.009993875746736535,0.0231839579064399
1.0,0.5,4.0,4.0,0.01,0.02,1.0,50,cond_mean,391,1.0001344719562066,2.0000158984666325,0.49985684689609544,0.0016781419618711398,0,0.008267164720572939,0.02308745903428644
1.0,0.5,4.0,4.0,0.01,0.02,1.0,50,cond_mean,392,1.0001547957128087,1.9783443586237253,0.49926213588608365,0.0011352026676112752,0,0.02567076373928058,0.02314687496982515
1.0,0.5,4.0,4.0,0.01,0.02,1.0,50,cond_mean,393,1.0003062931929887,1.9895911665592136,0.5122040181776668,0.001988073337367067,0,0.02175491223407032,0.02249054203275591
1.0,0.5,4.0,4.0,0.01,0.02,1.0,50,cond_mean,394,1.000368148130719,2.012909568224675,0.5015457228052234,0.0022862897781803803,0,0.018755455442217534,0.022690041922032833
1.0,0.5,4.0,4.0,0.01,0.02,1.0,50,cond_mean,395,0.9995956383961768,2.000294072633938,0.49783537128198435,0.0022108121820641185,0,0.011167286888221887,0.02344308397732675
1.0,0.5,4.0,4.0,0.01,0.02,1.0,50,cond_mean,396,1.0000227352979034,1.9829299314225803,0.4982878523171396,0.0018199357086703452,0,0.02178610967465636,0.023281375062651932
1.0,0.5,4.0,4.0,0.01,0.02,1.0,50,cond_mean,397,0.999986676835129,1.9959770442896532,0.5022111895838894,0.0014653344416359184,0,0.00903713869115668,0.022911083069629967
1.0,0.5,4.0,4.0,0.01,0.02,1.0,50,cond_mean,398,1.0001741035422993,1.9987387517000772,0.49681791612817827,0.002022774398004699,0,0.011051800944545123,0.022540042060427368
1.0,0.5,4.0,4.0,0.01,0.02,1.0,50,cond_mean,399,0.9999658878547153,2.0044660604822546,0.5003723748287988,0.002195528123709701,0,0.011956002051232581,0.02344212494790554
1.0,0.5,4.0,4.0,0.01,0.02,1.0,50,two_speed,0,1.000197514743461,1.9801407068076877,0.5219199828453033,0.0015798961401706228,0,0.03695679353798255,0.025213874992914498
1.0,0.5,4.0,4.0,0.01,0.02,1.0,50,two_speed,1,1.0002689069487256,1.9992816515421021,0.5145223967041418,0.0031243350314700182,0,0.023972548985928203,0.025839332956820726
1.0,0.5,4.0,4.0,0.01,0.02,1.0,50,two_speed,2,1.0003626650914481,2.005864394032547,0.5338558564428374,0.0019649009268800145,0,0.04450198778671242,0.025090540992096066
1.0,0.5,4.0,4.0,0.01,0.02,1.0,50,two_speed,3,1.0002341922363662,2.00868692254141,0.5233174343833419,0.002098869543275213,0,0.03312444940732386,0.024997957982122898
1.0,0.5,4.0,4.0,0.01,0.02,1.0,50,two_speed,4,1.0001957844210219,2.004143999364193,0.5216955363131914,0.0023551540143078114,0,0.030515798292914224,0.024362624972127378
1.0,0.5,4.0,4.0,0.01,0.02,1.0,50,two_speed,5,1.0006016271146707,2.0015966681817097,0.530473840214885,0.0025251107915129456,0,0.04034792399592445,0.0246403330238536
1.0,0.5,4.0,4.0,0.01,0.02,1.0,50,two_speed,6,1.0001969059721756,1.977815585208271,0.5199266218273157,0.00284598970643805,0,0.03872462313482474,0.02500079106539488
1.0,0.5,4.0,4.0,0.01,0.02,1.0,50,two_speed,7,1.0002367301829589,1.9839367118611266,0.5248596923590317,0.001981183883594136,0,0.03801424072486381,0.025870790937915444
1.0,0.5,4.0,4.0,0.01,0.02,1.0,50,two_speed,8,1.0004949815244017,1.9950016795397292,0.5298997480098878,0.00275374680910974,0,0.04057953461217739,0.02535591705236584
1.0,0.5,4.0,4.0,0.01,0.02,1.0,50,two_speed,9,1.0000779529788897,2.001886755421886,0.5254938543240053,0.0018890730628054173,0,0.034236290251832176,0.02516587497666478
1.0,0.5,4.0,4.0,0.01,0.02,1.0,50,two_speed,10,1.000279389586883,1.9956298046452323,0.5344273963911521,0.00228750111248412,0,0.0455444471291839,0.02498162491247058
1.0,0.5,4.0,4.0,0.01,0.02,1.0,50,two_speed,11,1.000147919327822,1.9887936526792938,0.5289719709132022,0.001875475805654856,0,0.04034285758343939,0.025051250006072223
1.0,0.5,4.0,4.0,0.01,0.02,1.0,50,two_speed,12,1.0004477037078996,2.022498608517143,0.5332912688861736,0.0024168372400038946,0,0.05079688207293022,0.02548541605938226
1.0,0.5,4.0,4.0,0.01,0.02,1.0,50,two_speed,13,1.0004414745443277,2.001916531130914,0.5281599009118857,0.0020630980354048225,0,0.037117134392359585,0.025239082984626293
1.0,0.5,4.0,4.0,0.01,0.02,1.0,50,two_speed,14,1.000435664939197,1.982976432598862,0.5283442613915971,0.002130771005634683,0,0.04210269407661066,0.02470854192506522
1.0,0.5,4.0,4.0,0.01,0.02,1.0,50,two_speed,15,1.000145158223826,2.0045196563731524,0.5212015209657583,0.0018364084551107966,0,0.029214410059526665,0.02516279194969684
1.0,0.5,4.0,4.0,0.01,0.02,1.0,50,two_speed,16,1.0006094152165443,2.0075975372422947,0.5241399667922373,0.0024119502419829475,0,0.033636597829927124,0.025559166097082198
1.0,0.5,4.0,4.0,0.01,0.02,1.0,50,two_speed,17,1.0002758140897072,2.0044857156649294,0.5289107997208767,0.0013883937701354573,0,0.03788859166424508,0.02505175000987947
1.0,0.5,4.0,4.0,0.01,0.02,1.0,50,two_speed,18,1.0001305817251347,1.9899765119675905,0.532055052324097,0.0017200847345138137,0,0.0435679310171036,0.024933582986705005
1.0,0.5,4.0,4.0,0.01,0.02,1.0,50,two_speed,19,1.0003418815380036,1.9899643381394,0.5297600450281318,0.0017784397558587995,0,0.04047424911056002,0.024800750077702105
1.0,0.5,4.0,4.0,0.01,0.02,1.0,50,two_speed,20,1.0003875159149425,2.0128851274105948,0.5252027122920842,0.0019609451652396344,0,0.03643202367073765,0.024805833003483713
1.0,0.5,4.0,4.0,0.01,0.02,1.0,50,two_speed,21,1.0002741203362828,2.0005692633566814,0.5236900685299325,0.001573166725421181,0,0.031145921629792586,0.024877874995581806
1.0,0.5,4.0,4.0,0.01,0.02,1.0,50,two_speed,22,1.0001772557038977,2.0032800014081626,0.5274522847833708,0.0019630964858642123,0,0.03669824902065445,0.025278916000388563
1.0,0.5,4.0,4.0,0.01,0.02,1.0,50,two_speed,23,1.000395329113761,1.9856632717493152,0.5316369291984828,0.0025192304525175017,0,0.04494013859823202,0.024683916941285133
1.0,0.5,4.0,4.0,0.01,0.02,1.0,50,two_speed,24,1.0003537075437345,1.9992195656133323,0.5192077079725747,0.0017628454943136947,0,0.02580242782085442,0.02514541696291417
1.0,0.5,4.0,4.0,0.01,0.02,1.0,50,two_speed,25,1.0007953328121295,1.9825393793144281,0.5324443430891879,0.0035909899207019974,0,0.04856057353963173,0.02461249998304993
1.0,0.5,4.0,4.0,0.01,0.02,1.0,50,two_speed,26,1.0002558308918854,1.9867292563286285,0.5243971849244269,0.0011744512393617912,0,0.03508086733799434,0.024981207912787795
1.0,0.5,4.0,4.0,0.01,0.02,1.0,50,two_speed,27,1.0008181057142769,2.001655206549337,0.5330502348181863,0.002301129232458796,0,0.04281317599715833,0.025066958041861653
1.0,0.5,4.0,4.0,0.01,0.02,1.0,50,two_speed,28,1.0000393456501144,2.0127410591186594,0.5149861210805768,0.0020114995493677075,0,0.026248705333817526,0.024538374971598387
1.0,0.5,4.0,4.0,0.01,0.02,1.0,50,two_speed,29,1.0001069882898015,1.9920313551504405,0.5240496960951453,0.002155147662448548,0,0.03399100882893839,0.02483358304016292
1.0,0.5,4.0,4.0,0.01,0.02,1.0,50,two_speed,30,1.0004887539672718,2.006697560837687,0.5293780074127395,0.002631150787744161,0,0.04012344001759047,0.025061459047719836
1.0,0.5,4.0,4.0,0.01,0.02,1.0,50,two_speed,31,1.0002909705254357,2.0064586669594333,0.5320103517532931,0.0015373623121188015,0,0.04215222201058202,0.02540550008416176
1.0,0.5,4.0,4.0,0.01,0.02,1.0,50,two_speed,32,1.0005268306571773,2.0015007973040464,0.5295784137633172,0.002764410274019818,0,0.039864284502607185,0.025196666014380753
1.0,0.5,4.0,4.0,0.01,0.02,1.0,50,two_speed,33,1.0001775837566327,1.9982952635998787,0.5246289378851623,0.0020628070417059996,0,0.03315991126752704,0.024735083105042577
1.0,0.5,4.0,4.0,0.01,0.02,1.0,50,two_speed,34,1.0004654684387746,2.0119923091373133,0.5318208634801214,0.0018987417573678755,0,0.04349498597396721,0.024382959003560245
1.0,0.5,4.0,4.0,0.01,0.02,1.0,50,two_speed,35,1.000213726131369,1.9948910172729766,0.5245056369724451,0.002454611273234695,0,0.034180168696427114,0.02474391704890877
1.0,0.5,4.0,4.0,0.01,0.02,1.0,50,two_speed,36,1.0003315171579719,2.0132193465557724,0.5253590258117635,0.0026320661751144283,0,0.03798075319635135,0.025072666932828724
1.0,0.5,4.0,4.0,0.01,0.02,1.0,50,two_speed,37,1.0005575084826037,1.9934041348076614,0.53347902392866,0.0021004372908825825,0,0.04413292556914445,0.02508787508122623
1.0,0.5,4.0,4.0,0.01,0.02,1.0,50,two_speed,38,1.0004195950600823,1.99021268537376,0.5267752395174856,0.0024025562420719976,0,0.0376189111691459,0.02463841694407165
1.0,0.5,4.0,4.0,0.01,0.02,1.0,50,two_speed,39,1.0003602558939162,2.0055249758621785,0.5195688948781991,0.0020654729143757366,0,0.027453296833651435,0.024584542028605938
1.0,0.5,4.0,4.0,0.01,0.02,1.0,50,two_speed,40,1.000384336430952,1.989826015962126,0.5336036604296845,0.0015990211386638245,0,0.044882608303431645,0.02453720907215029
1.0,0.5,4.0,4.0,0.01,0.02,1.0,50,two_speed,41,1.0002132211500505,2.0014242152557364,0.5205926447916829,0.0018883601696702609,0,0.02789411136272063,0.0253739170730114
1.0,0.5,4.0,4.0,0.01,0.02,1.0,50,two_speed,42,1.0001532035609386,2.007481228587615,0.5355287723830727,0.0016000412906861524,0,0.046928395302811864,0.025110875023528934
1.0,0.5,4.0,4.0,0.01,0.02,1.0,50,two_speed,43,1.00017123828862,1.9936995207508577,0.5231660249630923,0.0018340334276371634,0,0.03188930399431529,0.024594665970653296
1.0,0.5,4.0,4.0,0.01,0.02,1.0,50,two_speed,44,1.00042003692446,1.9852127735913268,0.5300956342362385,0.0026811878944602028,0,0.043826008568303196,0.02442329202312976
1.0,0.5,4.0,4.0,0.01,0.02,1.0,50,two_speed,45,1.0000371689845005,1.9933592063069543,0.5182652476639658,0.0017440337290809335,0,0.02630663303853465,0.02560629101935774
1.0,0.5,4.0,4.0,0.01,0.02,1.0,50,two_speed,46,1.0003158261516492,1.9973700606845344,0.5237964902471018,0.0018750508823243532,0,0.031804499435288396,0.024641582975164056
1.0,0.5,4.0,4.0,0.01,0.02,1.0,50,two_speed,47,1.000422743793478,1.9942225996359046,0.5264424375969023,0.0021521613330623365,0,0.03578061508094433,0.02466762496624142
1.0,0.5,4.0,4.0,0.01,0.02,1.0,50,two_speed,48,1.0003246710478313,2.0021167504815214,0.5336145679110657,0.0023144428176705848,0,0.04426089015243781,0.024561666999943554
1.0,0.5,4.0,4.0,0.01,0.02,1.0,50,two_speed,49,1.0000242469503697,1.996951693832412,0.5232749317885825,0.0025000472514448576,0,0.032672901861172984,0.025011208024807274
1.0,0.5,4.0,4.0,0.01,0.02,1.0,50,two_speed,50,1.0003539241687214,1.9991444693028448,0.5306014099612915,0.0017581725470488477,0,0.03982830386022428,0.025338292005471885
1.0,0.5,4.0,4.0,0.01,0.02,1.0,50,two_speed,51,0.999914623702444,1.9969221696359285,0.5236786636217411,0.0024019821129229626,0,0.033131135281115366,0.026366707985289395
1.0,0.5,4.0,4.0,0.01,0.02,1.0,50,two_speed,52,1.000208968296921,2.000907859343592,0.5225289664261881,0.0025554449838483323,0,0.03151188340776101,0.02481387509033084
1.0,0.5,4.0,4.0,0.01,0.02,1.0,50,two_speed,53,1.0002971461585317,2.001043105662329,0.5297327211404957,0.0022459412267682014,0,0.039548032212628564,0.024700916022993624
1.0,0.5,4.0,4.0,0.01,0.02,1.0,50,two_speed,54,1.0003908710545815,1.997304069120712,0.5282494812645321,0.001787479389386317,0,0.03703361064248281,0.025453540962189436
1.0,0.5,4.0,4.0,0.01,0.02,1.0,50,two_speed,55,1.000127655680778,2.0079975581839857,0.5236469604660526,0.0019405107346998109,0,0.0331491327153547,0.02503970800898969
1.0,0.5,4.0,4.0,0.01,0.02,1.0,50,two_speed,56,0.9999160599686658,1.9909857077116921,0.5208403999551162,0.0020628813323545947,0,0.030842548460769958,0.02497041702736169
1.0,0.5,4.0,4.0,0.01,0.02,1.0,50,two_speed,57,1.0000794728345916,1.9917387394863637,0.5255965348432831,0.0022613159060898592,0,0.03612332919764782,0.024943958967924118
1.0,0.5,4.0,4.0,0.01,0.02,1.0,50,two_speed,58,1.0000601340806752,1.9941973490669123,0.5242369792714612,0.0017977619376947432,0,0.033190054633973516,0.024649790953844786
1.0,0.5,4.0,4.0,0.01,0.02,1.0,50,two_speed,59,1.0004966961405457,2.0159032870483666,0.5243158094151149,0.0024310631091218077,0,0.03741004712635943,0.02505116700194776
1.0,0.5,4.0,4.0,0.01,0.02,1.0,50,two_speed,60,1.0001457973535597,1.9928759640160834,0.5194822576928739,0.0019301441530886177,0,0.027950683784130195,0.025000541005283594
1.0,0.5,4.0,4.0,0.01,0.02,1.0,50,two_speed,61,1.000307653862901,1.991412420718909,0.5191236719210723,0.0024338815169100145,0,0.028828740689126515,0.025344999972730875
1.0,0.5,4.0,4.0,0.01,0.02,1.0,50,two_speed,62,1.0007544272917623,2.0102132366937346,0.5327459826412985,0.0036042528142436747,0,0.04631949093500533,0.024382415926083922
1.0,0.5,4.0,4.0,0.01,0.02,1.0,50,two_speed,63,1.0004537029751919,1.991716355417686,0.5299370403689133,0.0023756631066941467,0,0.040804880288938326,0.02472350001335144
1.0,0.5,4.0,4.0,0.01,0.02,1.0,50,two_speed,64,0.9999747782698534,2.0022479624443967,0.5269303959391333,0.0011001064653663527,0,0.03537910699048368,0.024682417046278715
1.0,0.5,4.0,4.0,0.01,0.02,1.0,50,two_speed,65,1.0004544387605225,2.010038193693,0.5372958187016176,0.00188707057000247,0,0.049486651907265235,0.02531520905904472
1.0,0.5,4.0,4.0,0.01,0.02,1.0,50,two_speed,66,1.0000528671661129,2.0134825141568617,0.5185825216094546,0.0021561238264175635,0,0.030506930917323403,0.025449874927289784
1.0,0.5,4.0,4.0,0.01,0.02,1.0,50,two_speed,67,1.0001576451513379,1.989294054405397,0.5213670881478657,0.002916989499735819,0,0.03321773036319815,0.02460124995559454
1.0,0.5,4.0,4.0,0.01,0.02,1.0,50,two_speed,68,1.000501180480754,2.0045433212879322,0.5306695939823063,0.0033787310743025574,0,0.04251922961706217,0.024984959047287703
1.0,0.5,4.0,4.0,0.01,0.02,1.0,50,two_speed,69,1.0003105737509206,1.9964871783763811,0.5261672440058639,0.0018826237087212132,0,0.03480300176226385,0.024590958026237786
1.0,0.5,4.0,4.0,0.01,0.02,1.0,50,two_speed,70,1.0004681255551586,1.9806410914540797,0.5313997795841364,0.002303479829742798,0,0.046906694327116256,0.024826499982737005
1.0,0.5,4.0,4.0,0.01,0.02,1.0,50,two_speed,71,1.0004220281278544,2.0098340479226335,0.5265503760198964,0.002379482702456206,0,0.037274815421367305,0.025575334089808166
1.0,0.5,4.0,4.0,0.01,0.02,1.0,50,two_speed,72,1.00048035226383,2.010009179326318,0.5252919956931126,0.0022574634284073347,0,0.03563029733274324,0.024674750049598515
1.0,0.5,4.0,4.0,0.01,0.02,1.0,50,two_speed,73,1.0004120654693307,1.9897503699517014,0.5268259073739967,0.004125720738164245,0,0.04145196138427812,0.025231875013560057
1.0,0.5,4.0,4.0,0.01,0.02,1.0,50,two_speed,74,0.9998345295140465,1.9920532433644065,0.5173480870610356,0.0017027122360047929,0,0.025979547109617026,0.02541941707022488
1.0,0.5,4.0,4.0,0.01,0.02,1.0,50,two_speed,75,1.0002795588669486,1.9936177052375645,0.5298416003671768,0.0016733217939584007,0,0.03961662461617676,0.024591084104031324
1.0,0.5,4.0,4.0,0.01,0.02,1.0,50,two_speed,76,1.0005888340203946,1.9947256518016347,0.532137865725401,0.003337210186450671,0,0.044131988444530354,0.024484500056132674
1.0,0.5,4.0,4.0,0.01,0.02,1.0,50,two_speed,77,1.0008207450014783,2.006399676454242,0.5331850538499365,0.0030957256799242,0,0.044788971409966065,0.02503433299716562
1.0,0.5,4.0,4.0,0.01,0.02,1.0,50,two_speed,78,1.0001862403280535,1.9914893914196192,0.5238652131863125,0.002175491337912326,0,0.0338799621536461,0.024843999999575317
1.0,0.5,4.0,4.0,0.01,0.02,1.0,50,two_speed,79,1.0003650078703243,1.9980993648496979,0.5255140701323128,0.0017884619789378237,0,0.033651134043647356,0.026218084036372602
1.0,0.5,4.0,4.0,0.01,0.02,1.0,50,two_speed,80,1.0003378963384149,2.0089975830748266,0.5147568539921247,0.0017483366532321427,0,0.022931412031315972,0.026080750045366585
1.0,0.5,4.0,4.0,0.01,0.02,1.0,50,two_speed,81,1.0002626230296394,1.992820885447523,0.5239578738427909,0.0021175608851642914,0,0.033357699243140325,0.025214459048584104
1.0,0.5,4.0,4.0,0.01,0.02,1.0,50,two_speed,82,1.0002898107065117,2.005711139801615,0.52253788665771,0.0014105382759272034,0,0.030181704820183116,0.024676040979102254
1.0,0.5,4.0,4.0,0.01,0.02,1.0,50,two_speed,83,1.0002895974395116,2.0160111602919826,0.5230620102873366,0.0033791112521413718,0,0.038573779488059734,0.024820542079396546
1.0,0.5,4.0,4.0,0.01,0.02,1.0,50,two_speed,84,1.0005138155125153,2.001129902530328,0.5256642773902674,0.0029676264224043477,0,0.03555795222383603,0.025363416061736643
1.0,0.5,4.0,4.0,0.01,0.02,1.0,50,two_speed,85,1.0003786914225727,2.0074171107890053,0.5314093841065689,0.002245983849222611,0,0.04224698682364232,0.025093583040870726
1.0,0.5,4.0,4.0,0.01,0.02,1.0,50,two_speed,86,1.0002236492254404,2.00463155299306,0.5302542492625364,0.0016923268339870086,0,0.039909051364201704,0.025926082977093756
1.0,0.5,4.0,4.0,0.01,0.02,1.0,50,two_speed,87,1.0001166026520698,1.9988537878536066,0.5273338024949136,0.0019150456269554949,0,0.03634550265582661,0.024602291989140213
1.0,0.5,4.0,4.0,0.01,0.02,1.0,50,two_speed,88,1.0000166386519738,1.9939375266426358,0.5237439878017498,0.0018178152756280455,0,0.03276743599914529,0.025151042034849524
1.0,0.5,4.0,4.0,0.01,0.02,1.0,50,two_speed,89,1.0000466935404722,1.994629548521565,0.5266495696146727,0.002084166786476209,0,0.03638049463041072,0.02510445797815919
1.0,0.5,4.0,4.0,0.01,0.02,1.0,50,two_speed,90,1.0004823838397277,2.0118340495448943,0.5228857165618701,0.0024409306608764274,0,0.03407645968805312,0.0265454170294106
1.0,0.5,4.0,4.0,0.01,0.02,1.0,50,two_speed,91,1.0000117739317465,2.0217813169715972,0.5164118188392705,0.002197736136684189,0,0.03462778513966894,0.02593645907472819
1.0,0.5,4.0,4.0,0.01,0.02,1.0,50,two_speed,92,1.0001212966991035,1.9954180278129534,0.5255209884326193,0.0021730814554265297,0,0.03483223712358021,0.024590374901890755
1.0,0.5,4.0,4.0,0.01,0.02,1.0,50,two_speed,93,1.0003060710070428,1.9832119720510561,0.5276753085432243,0.0021207328989278334,0,0.04142466689411472,0.02515741705428809
1.0,0.5,4.0,4.0,0.01,0.02,1.0,50,two_speed,94,1.0003813373548756,2.0031423762875207,0.5178561028238223,0.0024670667061788597,0,0.02587266642304157,0.02447116596158594
1.0,0.5,4.0,4.0,0.01,0.02,1.0,50,two_speed,95,1.0005315022418972,1.9995903555248078,0.5340487888631764,0.0024143974585627403,0,0.04457454089691119,0.024678374989889562
1.0,0.5,4.0,4.0,0.01,0.02,1.0,50,two_speed,96,1.000525962029814,2.0062533448169084,0.5427058098332975,0.002084930168405684,0,0.055366763233587725,0.025606291950680315
1.0,0.5,4.0,4.0,0.01,0.02,1.0,50,two_speed,97,1.0005075697945973,2.0175341155546227,0.544054402940934,0.002123569908668431,0,0.06004838707918426,0.02480345801450312
1.0,0.5,4.0,4.0,0.01,0.02,1.0,50,two_speed,98,1.000447685494752,1.9812862163878318,0.528788978619114,0.0025511700535695197,0,0.04409491823918865,0.02491691696923226
1.0,0.5,4.0,4.0,0.01,0.02,1.0,50,two_speed,99,1.0002273488802662,2.0056300723257108,0.5283885806382925,0.0018155123818738802,0,0.037914475512370024,0.025581208989024162
1.0,0.5,4.0,4.0,0.01,0.02,1.0,50,two_speed,100,1.0000119933842804,1.9921517455352802,0.5182307229392993,0.002350460972416843,0,0.02787916927317212,0.02492970903404057
1.0,0.5,4.0,4.0,0.01,0.02,1.0,50,two_speed,101,1.0000180729706838,2.014799933710323,0.5164493951467671,0.0028647442746013736,0,0.030768343936313114,0.02518904092721641
1.0,0.5,4.0,4.0,0.01,0.02,1.0,50,two_speed,102,1.0000637133503116,1.998839512821907,0.5228809574824202,0.0015713186936360658,0,0.030500741249962007,0.0255052080610767
1.0,0.5,4.0,4.0,0.01,0.02,1.0,50,two_speed,103,1.000060807166748,2.009472171656671,0.5238775065984546,0.0014207319012054566,0,0.03338978751382119,0.025107165914960206
1.0,0.5,4.0,4.0,0.01,0.02,1.0,50,two_speed,104,1.0001816058445163,2.0120168548739996,0.5120224406424475,0.0018949391885436783,0,0.022549984929177678,0.02678329194895923
1.0,0.5,4.0,4.0,0.01,0.02,1.0,50,two_speed,105,1.0000912994565587,1.9924694191809702,0.532414040276931,0.0021674485051069105,0,0.043907089361721933,0.02575958298984915
1.0,0.5,4.0,4.0,0.01,0.02,1.0,50,two_speed,106,1.0003900124043732,2.008210727105919,0.5218018437918897,0.0028088685313633383,0,0.032312588500925714,0.024955792003311217
1.0,0.5,4.0,4.0,0.01,0.02,1.0,50,two_speed,107,1.0004160845984273,1.9920861239556493,0.5255942538700916,0.0025779897434918394,0,0.035880974010606526,0.024874874972738326
1.0,0.5,4.0,4.0,0.01,0.02,1.0,50,two_speed,108,1.0004723150573633,1.9909760395500984,0.5204531479930925,0.00226206626535471,0,0.029886768741362726,0.024704750045202672
1.0,0.5,4.0,4.0,0.01,0.02,1.0,50,two_speed,109,1.0003928317346196,2.005714415026494,0.5315824722947957,0.0023405332223741244,0,0.04230542348585285,0.02482074999716133
1.0,0.5,4.0,4.0,0.01,0.02,1.0,50,two_speed,110,1.0001515613740601,2.015711421162591,0.5278325739450085,0.001609506317056433,0,0.04078716479443459,0.025819582981057465
1.0,0.5,4.0,4.0,0.01,0.02,1.0,50,two_speed,111,1.0005249986285185,1.9962200530506813,0.5326995760128911,0.0030129990790077866,0,0.04412395625788895,0.024926959071308374
1.0,0.5,4.0,4.0,0.01,0.02,1.0,50,two_speed,112,1.0002979540967554,1.9824866795397555,0.5223339382294138,0.0021087236962905598,0,0.03626068078251177,0.024635332985781133
1.0,0.5,4.0,4.0,0.01,0.02,1.0,50,two_speed,113,1.0003851004587345,1.984813288152838,0.5276029866905989,0.002419850880578559,0,0.04078001555092359,0.025014332961291075
1.0,0.5,4.0,4.0,0.01,0.02,1.0,50,two_speed,114,1.000237128606511,2.000986330753165,0.526451121915011,0.0016408298213931468,0,0.03479336593377196,0.024740624940022826
1.0,0.5,4.0,4.0,0.01,0.02,1.0,50,two_speed,115,1.0002399021515813,1.9944507525862603,0.5287247556347788,0.002101825797042524,0,0.0387418687739717,0.025126707972958684
1.0,0.5,4.0,4.0,0.01,0.02,1.0,50,two_speed,116,1.0003884300880264,1.9861020036442436,0.532930572768319,0.002839042246600532,0,0.046882768699785936,0.024638624978251755
1.0,0.5,4.0,4.0,0.01,0.02,1.0,50,two_speed,117,1.0004316934888313,2.0004161163967074,0.5266185168990417,0.002800481503622021,0,0.03646556086349139,0.024473416968248785
1.0,0.5,4.0,4.0,0.01,0.02,1.0,50,two_speed,118,1.0001969433126487,1.9858114939924547,0.5192619883813991,0.0018432561479213858,0,0.030800704060250542,0.024791666073724627
1.0,0.5,4.0,4.0,0.01,0.02,1.0,50,two_speed,119,1.0000019784417282,2.0013053155959986,0.5256337919374423,0.0022468317381333105,0,0.034913909068466226,0.02566283300984651
1.0,0.5,4.0,4.0,0.01,0.02,1.0,50,two_speed,120,1.0001946045801744,2.0039897501270123,0.5154099231331088,0.0016442228723831654,0,0.021748319711965565,0.025667125009931624
1.0,0.5,4.0,4.0,0.01,0.02,1.0,50,two_speed,121,0.9999118325575601,2.0037444207158286,0.517738360358791,0.001783061363291251,0,0.025143678523532085,0.02459883305709809
1.0,0.5,4.0,4.0,0.01,0.02,1.0,50,two_speed,122,1.0000525958740356,1.9924505246821245,0.5207128109588076,0.0019967410273582903,0,0.02972200712636754,0.024515083990991116
1.0,0.5,4.0,4.0,0.01,0.02,1.0,50,two_speed,123,1.0000908574295082,2.0325277999640416,0.5187779084814079,0.002012445834818551,0,0.04556498611780416,0.024740625056438148
1.0,0.5,4.0,4.0,0.01,0.02,1.0,50,two_speed,124,1.0004588311755458,1.9927894231788306,0.5281381408970927,0.0023530792020600086,0,0.03831740306292053,0.024750000098720193
1.0,0.5,4.0,4.0,0.01,0.02,1.0,50,two_speed,125,1.0003892739361269,1.992787392122712,0.5311785900086882,0.001800781050397469,0,0.04142793362874405,0.025942499982193112
1.0,0.5,4.0,4.0,0.01,0.02,1.0,50,two_speed,126,1.0002676431281123,2.00903825674593,0.5316032410521286,0.0017539692946204638,0,0.042397879327648554,0.02518370794132352
1.0,0.5,4.0,4.0,0.01,0.02,1.0,50,two_speed,127,1.00012753044927,2.0065162122044584,0.5214637983444201,0.0017091017312747842,0,0.02978259189696508,0.024695541011169553
1.0,0.5,4.0,4.0,0.01,0.02,1.0,50,two_speed,128,1.0004291737327344,1.9992495659093432,0.5313186089856397,0.0023153018025430933,0,0.04136501694745355,0.024667916004545987
1.0,0.5,4.0,4.0,0.01,0.02,1.0,50,two_speed,129,1.0004685343949393,1.9894046536718806,0.5316052409277803,0.0024634594091518646,0,0.04361220906691282,0.02447812503669411
1.0,0.5,4.0,4.0,0.01,0.02,1.0,50,two_speed,130,1.0003613613635693,1.998442211052039,0.5268463479909893,0.002226401841811109,0,0.0359109355853229,0.02494445804040879
1.0,0.5,4.0,4.0,0.01,0.02,1.0,50,two_speed,131,1.000204040426152,2.0019228668428646,0.5276287680773633,0.0016837804621282313,0,0.036339945581167495,0.025056000100448728
1.0,0.5,4.0,4.0,0.01,0.02,1.0,50,two_speed,132,1.0003652865161705,2.0003952533918246,0.5197129768590982,0.0022293541907128134,0,0.027272023700811002,0.024988666060380638
1.0,0.5,4.0,4.0,0.01,0.02,1.0,50,two_speed,133,1.000249461637217,1.9968178224706445,0.525743858544399,0.0015575769709692817,0,0.03393733520047322,0.025637667044065893
1.0,0.5,4.0,4.0,0.01,0.02,1.0,50,two_speed,134,1.000440793726898,1.9998493227986422,0.5249357011048561,0.002869988503602882,0,0.03458104844691594,0.024362958036363125
1.0,0.5,4.0,4.0,0.01,0.02,1.0,50,two_speed,135,1.0007395139870607,1.9975447299723663,0.532820527852108,0.0027301907569448614,0,0.043371922126970656,0.02460424997843802
1.0,0.5,4.0,4.0,0.01,0.02,1.0,50,two_speed,136,1.0002795861774079,2.0024911570391613,0.5246301104441684,0.0017769627703055687,0,0.03275487716271187,0.024733833968639374
1.0,0.5,4.0,4.0,0.01,0.02,1.0,50,two_speed,137,1.000285777392057,2.0222624170227217,0.5311748720291957,0.0017863163327088891,0,0.04793231161297638,0.024673499981872737
1.0,0.5,4.0,4.0,0.01,0.02,1.0,50,two_speed,138,1.0004292960699592,1.9885216620588755,0.5326563535791367,0.003132661220452803,0,0.04623661378222083,0.02468783303629607
1.0,0.5,4.0,4.0,0.01,0.02,1.0,50,two_speed,139,1.0002928003910005,1.9944750899307513,0.5245175186889007,0.0019271124242213832,0,0.03326677960071035,0.02463287499267608
1.0,0.5,4.0,4.0,0.01,0.02,1.0,50,two_speed,140,1.000245878198945,2.014951880798571,0.5343454591739363,0.0015285432545367455,0,0.04768121870653181,0.02471908403094858
1.0,0.5,4.0,4.0,0.01,0.02,1.0,50,two_speed,141,1.0002389080254057,2.0121110315351025,0.5250618000526975,0.0023959061194232904,0,0.036949013424671474,0.02464874996803701
1.0,0.5,4.0,4.0,0.01,0.02,1.0,50,two_speed,142,1.0001727815380885,1.9716580714476577,0.5216195395208347,0.0013595790609918729,0,0.0431880633610945,0.024950374965555966
1.0,0.5,4.0,4.0,0.01,0.02,1.0,50,two_speed,143,1.0000926601888949,1.99503167769218,0.5254979984707634,0.0017537172460478105,0,0.03434771707430767,0.02501383307389915
1.0,0.5,4.0,4.0,0.01,0.02,1.0,50,two_speed,144,1.000168059940468,1.9850872603522658,0.5234903434940397,0.0017297814491276694,0,0.03570696270037322,0.025163749931380153
1.0,0.5,4.0,4.0,0.01,0.02,1.0,50,two_speed,145,1.0001274962704323,2.009147157080674,0.5194989996293672,0.0029177579016273396,0,0.030791911911328334,0.02591808291617781
1.0,0.5,4.0,4.0,0.01,0.02,1.0,50,two_speed,146,1.0004830633818675,1.9999519551425462,0.5269282550140889,0.002058813991555546,0,0.03550720440775412,0.024602457997389138
1.0,0.5,4.0,4.0,0.01,0.02,1.0,50,two_speed,147,1.0000790063512512,1.9943896570867417,0.5279768563229756,0.0023256397298762554,0,0.03836280594404207,0.024669291102327406
1.0,0.5,4.0,4.0,0.01,0.02,1.0,50,two_speed,148,1.0002993793250683,2.0177493677756315,0.5290996716908885,0.002817653232700436,0,0.04462249052057161,0.024484000052325428
1.0,0.5,4.0,4.0,0.01,0.02,1.0,50,two_speed,149,1.0000871192302847,2.009298247841631,0.5218358407786496,0.0015857649265429107,0,0.031073645144065274,0.025323583045974374
1.0,0.5,4.0,4.0,0.01,0.02,1.0,50,two_speed,150,1.0005553921448538,1.9966863981471352,0.5285710675384081,0.004065911607543456,0,0.04146214629702783,0.02487529197242111
1.0,0.5,4.0,4.0,0.01,0.02,1.0,50,two_speed,151,1.000621651857119,1.9964209997173172,0.5316547446962301,0.0021849872973217083,0,0.04143938382695541,0.024580374942161143
1.0,0.5,4.0,4.0,0.01,0.02,1.0,50,two_speed,152,1.000078439889981,1.9905694025269671,0.5229900315022492,0.0013313572076975924,0,0.03223092976934872,0.024624082958325744
1.0,0.5,4.0,4.0,0.01,0.02,1.0,50,two_speed,153,1.0003821220451656,1.9941620604068284,0.5278152611856383,0.0038012753649396417,0,0.040639663268219696,0.024865875020623207
1.0,0.5,4.0,4.0,0.01,0.02,1.0,50,two_speed,154,1.000497531967976,1.9885849513058524,0.5321865172938772,0.0030422773853118878,0,0.04536152427541402,0.02565654192585498
1.0,0.5,4.0,4.0,0.01,0.02,1.0,50,two_speed,155,1.0000528812672096,1.997950499986768,0.5233826745604248,0.001819640724905579,0,0.031535969707661815,0.025759374955669045
1.0,0.5,4.0,4.0,0.01,0.02,1.0,50,two_speed,156,1.0002736482644479,1.9886204078172258,0.5236712576280962,0.0019345318842297048,0,0.03428493785521203,0.024714041966944933
1.0,0.5,4.0,4.0,0.01,0.02,1.0,50,two_speed,157,1.0001609716164674,2.008798453793274,0.5220405822460757,0.0018375692341311,0,0.0312773781248376,0.024688957957550883
1.0,0.5,4.0,4.0,0.01,0.02,1.0,50,two_speed,158,1.0001439265153858,2.001938086963214,0.5224593919906368,0.002114573313499422,0,0.03074488632224951,0.024679332971572876
1.0,0.5,4.0,4.0,0.01,0.02,1.0,50,two_speed,159,1.000142610373914,1.9796737326418514,0.5190775953265028,0.0019217724192286125,0,0.035056126832143396,0.024633875000290573
1.0,0.5,4.0,4.0,0.01,0.02,1.0,50,two_speed,160,1.0006079209500993,1.9909160688740817,0.5280806330564392,0.00314447158899605,0,0.04002486600725314,0.02507870807312429
1.0,0.5,4.0,4.0,0.01,0.02,1.0,50,two_speed,161,1.0005423611857287,2.0092535058151073,0.5315759634796561,0.0025648428988370646,0,0.04316105057289294,0.024776624981313944
1.0,0.5,4.0,4.0,0.01,0.02,1.0,50,two_speed,162,1.0000949521319897,2.0022906001793577,0.520450703618503,0.0020643866738199344,0,0.028388915520248095,0.025085291010327637
1.0,0.5,4.0,4.0,0.01,0.02,1.0,50,two_speed,163,1.0003669744707047,1.9982079020104793,0.5297565055421336,0.0020443019165656334,0,0.039233138668885295,0.027005000039935112
1.0,0.5,4.0,4.0,0.01,0.02,1.0,50,two_speed,164,1.000108692039845,2.01198678299816,0.5314096502921649,0.0015088465490756225,0,0.04318943520894974,0.025332167046144605
1.0,0.5,4.0,4.0,0.01,0.02,1.0,50,two_speed,165,1.0002844199035938,2.003431987722172,0.52478859184905,0.0023232188922577726,0,0.03376742017442116,0.024828082998283207
1.0,0.5,4.0,4.0,0.01,0.02,1.0,50,two_speed,166,1.0001066028212995,1.982463919357437,0.5290934496024307,0.0015910340771263694,0,0.04307100909399466,0.024447084055282176
1.0,0.5,4.0,4.0,0.01,0.02,1.0,50,two_speed,167,1.0006988116029774,1.9838980244682918,0.5355694866960249,0.0030382151068059043,0,0.05067287917162008,0.024699000059626997
1.0,0.5,4.0,4.0,0.01,0.02,1.0,50,two_speed,168,1.0002581449262569,2.0032229682115386,0.5289378513622953,0.0025116446291373502,0,0.03906164966437527,0.02463437500409782
1.0,0.5,4.0,4.0,0.01,0.02,1.0,50,two_speed,169,1.0003993775097124,1.999765719805123,0.5278725818471095,0.002646241022182832,0,0.03767727672511122,0.024736916995607316
1.0,0.5,4.0,4.0,0.01,0.02,1.0,50,two_speed,170,1.000487855947965,2.0034547488228216,0.5249970560667505,0.0020135576869910864,0,0.03325247799193813,0.024577458039857447
1.0,0.5,4.0,4.0,0.01,0.02,1.0,50,two_speed,171,1.0002191249697776,1.992920126799638,0.5248345085671732,0.0018349768090686965,0,0.033929906798457164,0.025225084042176604
1.0,0.5,4.0,4.0,0.01,0.02,1.0,50,two_speed,172,1.000017528571514,2.0117139449373784,0.5158715017752739,0.0018997736246943074,0,0.026283325148484856,0.02542999992147088
1.0,0.5,4.0,4.0,0.01,0.02,1.0,50,two_speed,173,1.0000804850474352,1.9721187641670042,0.5338843700855176,0.002037078688283443,0,0.054784777929949804,0.02499170892406255
1.0,0.5,4.0,4.0,0.01,0.02,1.0,50,two_speed,174,1.0003623001186173,2.0178559925127857,0.5212009683930201,0.0017615826296672713,0,0.03486491932413585,0.024906208971515298
1.0,0.5,4.0,4.0,0.01,0.02,1.0,50,two_speed,175,1.0003400114264036,2.0030463566892283,0.5315929747042939,0.0017443219215433799,0,0.04130210936293706,0.025232417043298483
1.0,0.5,4.0,4.0,0.01,0.02,1.0,50,two_speed,176,1.000336933278672,1.9901553084244017,0.5291302587377048,0.0019093274349145863,0,0.03986856677697355,0.02527062501758337
1.0,0.5,4.0,4.0,0.01,0.02,1.0,50,two_speed,177,1.0004258977097704,1.9912780981484905,0.5303081295573251,0.0016871646203079705,0,0.040525345176195084,0.024560999940149486
1.0,0.5,4.0,4.0,0.01,0.02,1.0,50,two_speed,178,1.00040981431542,2.002616980036431,0.5308097525450427,0.002188435252185433,0,0.04052811991630326,0.024609750020317733
1.0,0.5,4.0,4.0,0.01,0.02,1.0,50,two_speed,179,1.0002214722149858,2.0036415112276393,0.5184134596237514,0.0012660071390101283,0,0.02465335323423894,0.025029166019521654
1.0,0.5,4.0,4.0,0.01,0.02,1.0,50,two_speed,180,1.000233128575909,1.9928380223918023,0.5244599656766207,0.0019708491486160875,0,0.03379438435387327,0.024763749912381172
1.0,0.5,4.0,4.0,0.01,0.02,1.0,50,two_speed,181,1.0002344039951045,1.9987562227015043,0.5264041536378677,0.001886894104705881,0,0.035054704896054376,0.02551062498241663
1.0,0.5,4.0,4.0,0.01,0.02,1.0,50,two_speed,182,1.0002735922737227,2.005663563129704,0.5343561510856075,0.0025421456740832363,0,0.04610256900520846,0.025286125019192696
1.0,0.5,4.0,4.0,0.01,0.02,1.0,50,two_speed,183,1.0000884811834927,2.005773466415543,0.5204604765988208,0.002604554062910912,0,0.029976663600082765,0.024658167036250234
1.0,0.5,4.0,4.0,0.01,0.02,1.0,50,two_speed,184,1.0004769262785627,2.0007797622417955,0.5222890420143125,0.002458135958537057,0,0.03062952082408688,0.02524258301127702
1.0,0.5,4.0,4.0,0.01,0.02,1.0,50,two_speed,185,1.000258801681109,2.020278089979043,0.525794518367607,0.0017777565359184944,0,0.041141121527256505,0.02473408298101276
1.0,0.5,4.0,4.0,0.01,0.02,1.0,50,two_speed,186,1.000399260877784,2.0080177858357837,0.5246298737939532,0.0022413809687459197,0,0.034388612612782796,0.025595541927032173
1.0,0.5,4.0,4.0,0.01,0.02,1.0,50,two_speed,187,1.0000730624553391,2.0148338040757423,0.5200539578621296,0.0014812979370714416,0,0.031778731084667916,0.02566741604823619
1.0,0.5,4.0,4.0,0.01,0.02,1.0,50,two_speed,188,1.000219401299087,2.01629955198933,0.5234784492750681,0.002129455536452141,0,0.03681658670520243,0.024815332959406078
1.0,0.5,4.0,4.0,0.01,0.02,1.0,50,two_speed,189,1.001150944122228,2.0107914733007926,0.5420183298296888,0.004364320170558067,0,0.05796048160547394,0.024552749935537577
1.0,0.5,4.0,4.0,0.01,0.02,1.0,50,two_speed,190,1.0000494603168626,1.9812882053579364,0.5181224646940514,0.0032331365912682633,0,0.03565515248820633,0.025211125030182302
1.0,0.5,4.0,4.0,0.01,0.02,1.0,50,two_speed,191,1.0003607590206383,2.008704323902358,0.5328647223825849,0.00231619661638238,0,0.04438673286541909,0.024845290929079056
1.0,0.5,4.0,4.0,0.01,0.02,1.0,50,two_speed,192,1.0007627397568017,1.9976225062830155,0.5348265281318926,0.003224727376099549,0,0.0466296584747963,0.024954249965958297
1.0,0.5,4.0,4.0,0.01,0.02,1.0,50,two_speed,193,1.0003979216999046,2.0069988829696976,0.5334669760235643,0.0021306561480690356,0,0.04452186145661301,0.024348124978132546
1.0,0.5,4.0,4.0,0.01,0.02,1.0,50,two_speed,194,1.000614407226768,2.0178531909083564,0.5343339003658184,0.0033268271855800896,0,0.050676550326908675,0.02478333399631083
1.0,0.5,4.0,4.0,0.01,0.02,1.0,50,two_speed,195,1.0005279806544845,1.9981443685637061,0.5277965734817056,0.0029179401931282607,0,0.037930792234973525,0.02483524999115616
1.0,0.5,4.0,4.0,0.01,0.02,1.0,50,two_speed,196,1.000061628336183,2.0037345230306873,0.530986376062867,0.0017681289717418104,0,0.04112566575792835,0.028018958983011544
1.0,0.5,4.0,4.0,0.01,0.02,1.0,50,two_speed,197,1.0001850126235765,1.9900442332591952,0.520614612745603,0.0012478748118347179,0,0.029388961103620263,0.024621083051897585
1.0,0.5,4.0,4.0,0.01,0.02,1.0,50,two_speed,198,1.0003139856313479,2.012201619217287,0.5256080543650044,0.0022479167391791432,0,0.03709614330952917,0.02489649993367493
1.0,0.5,4.0,4.0,0.01,0.02,1.0,50,two_speed,199,1.0005463729333257,1.9825956399177385,0.5346609817065174,0.002200191407897799,0,0.04917572522560872,0.02520579192787409
1.0,0.5,4.0,4.0,0.01,0.02,1.0,50,two_speed,200,1.0003499130404363,2.0124991913348502,0.5327530391944207,0.0017665914061709294,0,0.044889942029760405,0.024845457985065877
1.0,0.5,4.0,4.0,0.01,0.02,1.0,50,two_speed,201,1.0004506762387426,1.9937964879171735,0.5260982713581965,0.0020588083635929687,0,0.03527191122226916,0.024722040980122983
1.0,0.5,4.0,4.0,0.01,0.02,1.0,50,two_speed,202,1.00045427663554,2.0090780097045404,0.5280575487040272,0.0021543415703611807,0,0.03849994355314633,0.026395500055514276
1.0,0.5,4.0,4.0,0.01,0.02,1.0,50,two_speed,203,1.0004491435238576,2.00340402105492,0.5311000570330082,0.002446994642384437,0,0.04147729890127101,0.0303351660259068
1.0,0.5,4.0,4.0,0.01,0.02,1.0,50,two_speed,204,1.0005602382648946,2.011087015435225,0.5281830000277696,0.002354913112007739,0,0.039448309200705016,0.024993915925733745
1.0,0.5,4.0,4.0,0.01,0.02,1.0,50,two_speed,205,1.0004767411854558,1.975197337312047,0.520100183510765,0.0022141412535797086,0,0.03955735001987949,0.025047375005669892
1.0,0.5,4.0,4.0,0.01,0.02,1.0,50,two_speed,206,1.000171832727704,2.0077648260695407,0.525972548140994,0.002669239810774949,0,0.03675905232923142,0.024866624968126416
1.0,0.5,4.0,4.0,0.01,0.02,1.0,50,two_speed,207,1.000218928802943,1.9912817304346702,0.5234121207281667,0.0026560090996120478,0,0.034124042283980915,0.024493333999998868
1.0,0.5,4.0,4.0,0.01,0.02,1.0,50,two_speed,208,1.0003724199895396,2.0125671570100208,0.5193630301163209,0.0022402857434264552,0,0.030437158032698294,0.024864375009201467
1.0,0.5,4.0,4.0,0.01,0.02,1.0,50,two_speed,209,1.0005447240433691,1.9962650660536212,0.5347145639925164,0.0021834841414361985,0,0.0453539400701286,0.02503004192840308
1.0,0.5,4.0,4.0,0.01,0.02,1.0,50,two_speed,210,1.0006423513315115,2.0139035192909627,0.5310782726826669,0.002229077462176551,0,0.04350097387638024,0.024925500038079917
1.0,0.5,4.0,4.0,0.01,0.02,1.0,50,two_speed,211,1.0004392568898222,2.0014059187955624,0.5231688435453167,0.0024061589061366126,0,0.03164939593146163,0.025128667009994388
1.0,0.5,4.0,4.0,0.01,0.02,1.0,50,two_speed,212,1.0003075027956885,1.9967735927949213,0.524558732471267,0.0016600944825568838,0,0.03255990625822715,0.024904958088882267
1.0,0.5,4.0,4.0,0.01,0.02,1.0,50,two_speed,213,1.0003624357507839,1.997523231241643,0.5280128841584388,0.003237753948516834,0,0.03913551194668423,0.026652875007130206
1.0,0.5,4.0,4.0,0.01,0.02,1.0,50,two_speed,214,1.0001178604614758,1.978696812415805,0.5299859884762546,0.0015710370143376872,0,0.0462191320727135,0.025107832974754274
1.0,0.5,4.0,4.0,0.01,0.02,1.0,50,two_speed,215,1.0003020013143746,1.98267818203115,0.5280104092145103,0.00271194185870486,0,0.04287543816314632,0.024985625059343874
1.0,0.5,4.0,4.0,0.01,0.02,1.0,50,two_speed,216,1.0002427000485077,1.9798687328686646,0.5265438939328579,0.0018036710370071217,0,0.04184124992461537,0.02458929200656712
1.0,0.5,4.0,4.0,0.01,0.02,1.0,50,two_speed,217,0.9999444148343322,2.0046054951691166,0.5160967530151926,0.0018552988443610672,0,0.023577387400874412,0.024825999978929758
1.0,0.5,4.0,4.0,0.01,0.02,1.0,50,two_speed,218,1.0003712309896373,2.002453225168933,0.5312846400050822,0.0022008440852913534,0,0.041317207728163406,0.02507341606542468
1.0,0.5,4.0,4.0,0.01,0.02,1.0,50,two_speed,219,1.0003571318789726,1.994136518758622,0.5193019821359839,0.002552920215307336,0,0.028270799928817675,0.024537875084206462
1.0,0.5,4.0,4.0,0.01,0.02,1.0,50,two_speed,220,1.0001729629276879,1.9972546934624285,0.5223256002292029,0.001731822638597411,0,0.030004497690605106,0.02459437504876405
1.0,0.5,4.0,4.0,0.01,0.02,1.0,50,two_speed,221,1.0001602633017221,2.017990516726983,0.5323841837525175,0.0018805334300915548,0,0.04712803624824255,0.02438629197422415
1.0,0.5,4.0,4.0,0.01,0.02,1.0,50,two_speed,222,1.0003010208507264,1.9989637494901287,0.5212750093667577,0.0021229264096171018,0,0.029065277524812926,0.024760166998021305
1.0,0.5,4.0,4.0,0.01,0.02,1.0,50,two_speed,223,1.000416750472458,1.998856628267254,0.5249849896558065,0.003246914195838087,0,0.03547032506427766,0.024671708000823855
1.0,0.5,4.0,4.0,0.01,0.02,1.0,50,two_speed,224,1.0004350660847612,2.009120111606759,0.5293285316570147,0.002154798573475728,0,0.04009065149724778,0.024758874904364347
1.0,0.5,4.0,4.0,0.01,0.02,1.0,50,two_speed,225,0.9997866100622503,2.00157411649341,0.5226791506113193,0.002217302409122923,0,0.03175682240553438,0.024747875053435564
1.0,0.5,4.0,4.0,0.01,0.02,1.0,50,two_speed,226,1.0001710328817421,1.999549282507679,0.5206133567287795,0.0015711620901693946,0,0.02752746022178966,0.024777790997177362
1.0,0.5,4.0,4.0,0.01,0.02,1.0,50,two_speed,227,1.0006085289269164,1.9888255080045336,0.5301824792486052,0.002968266210550436,0,0.042673916171103964,0.025594542035833
1.0,0.5,4.0,4.0,0.01,0.02,1.0,50,two_speed,228,1.0003061955535952,1.9890919165551566,0.5296402942123404,0.0017815451088019566,0,0.04068324672401574,0.026963624986819923
1.0,0.5,4.0,4.0,0.01,0.02,1.0,50,two_speed,229,1.000477324447352,2.011216466837558,0.527997806081518,0.0023223822867356565,0,0.039318864025484485,0.025156541960313916
1.0,0.5,4.0,4.0,0.01,0.02,1.0,50,two_speed,230,1.0003551760110667,1.9993262000871679,0.5201511072822667,0.0021096887535155887,0,0.027575943548173335,0.02485400007572025
1.0,0.5,4.0,4.0,0.01,0.02,1.0,50,two_speed,231,1.000271089658279,1.9937037647477298,0.5241507422613099,0.002001142379182208,0,0.03317938746312445,0.024694375111721456
1.0,0.5,4.0,4.0,0.01,0.02,1.0,50,two_speed,232,1.000338691140862,2.002032934001949,0.5252482343006134,0.0022974345362169685,0,0.03414528511249475,0.024348208913579583
1.0,0.5,4.0,4.0,0.01,0.02,1.0,50,two_speed,233,1.0005687570896094,2.0006154501657414,0.5380907572573057,0.0023448851184764783,0,0.049524574089309985,0.02491391694638878
1.0,0.5,4.0,4.0,0.01,0.02,1.0,50,two_speed,234,1.0002848194063907,1.9736072594306084,0.525120902670072,0.002027428956383942,0,0.045019817662350206,0.024809582973830402
1.0,0.5,4.0,4.0,0.01,0.02,1.0,50,two_speed,235,1.0004028416264636,2.014047877889152,0.5324618277306145,0.002277403932439193,0,0.045491264900732596,0.024447625037282705
1.0,0.5,4.0,4.0,0.01,0.02,1.0,50,two_speed,236,1.0004268892715502,2.000361673910651,0.5277620448444398,0.002326033278603454,0,0.03695543563445176,0.024930791929364204
1.0,0.5,4.0,4.0,0.01,0.02,1.0,50,two_speed,237,1.0002443084673858,1.998974882302907,0.5317783292031082,0.001688035872760575,0,0.04148282585920003,0.025783083052374423
1.0,0.5,4.0,4.0,0.01,0.02,1.0,50,two_speed,238,1.0000439499289344,2.020381010951891,0.5227849281621595,0.0014312749598078937,0,0.038255991052311165,0.025352916913107038
1.0,0.5,4.0,4.0,0.01,0.02,1.0,50,two_speed,239,1.0003172069926434,2.006430523634631,0.5203299527427762,0.0018392241315557203,0,0.028345324298059672,0.025034875026904047
1.0,0.5,4.0,4.0,0.01,0.02,1.0,50,two_speed,240,1.0005043543512457,1.9927853312805623,0.525317039477545,0.0026092771028117944,0,0.035405738056761525,0.025031458004377782
1.0,0.5,4.0,4.0,0.01,0.02,1.0,50,two_speed,241,1.0004998228435857,2.006849164361945,0.5334959556689252,0.0021301163385536812,0,0.04430154377140044,0.02479454199783504
1.0,0.5,4.0,4.0,0.01,0.02,1.0,50,two_speed,242,1.0004077935181643,1.9915515683508793,0.530532102581322,0.002987802643939354,0,0.04256374118263667,0.02466454089153558
1.0,0.5,4.0,4.0,0.01,0.02,1.0,50,two_speed,243,1.000585503428492,1.9979537685891495,0.5380389896195193,0.003082620455177901,0,0.05054935622540988,0.0252745000179857
1.0,0.5,4.0,4.0,0.01,0.02,1.0,50,two_speed,244,1.000166447740436,1.9993981473849585,0.5308767927850748,0.0019409725930168143,0,0.040677672960684017,0.024679334019310772
1.0,0.5,4.0,4.0,0.01,0.02,1.0,50,two_speed,245,1.000368870287101,2.015025498879239,0.5291720380022799,0.0022443344645146,0,0.042367027264956204,0.024623624980449677
1.0,0.5,4.0,4.0,0.01,0.02,1.0,50,two_speed,246,1.0005348317997433,2.013046220834835,0.5299417954264524,0.0027919142126523,0,0.042968180195660004,0.024848041939549148
1.0,0.5,4.0,4.0,0.01,0.02,1.0,50,two_speed,247,1.0002688529861063,2.0171487121825273,0.5221876739056083,0.0019571046685399637,0,0.03578995705464834,0.024933667038567364
1.0,0.5,4.0,4.0,0.01,0.02,1.0,50,two_speed,248,1.0001427267886114,1.9960477567063757,0.5264708934754401,0.0017213467179436161,0,0.03533245460869747,0.026224166969768703
1.0,0.5,4.0,4.0,0.01,0.02,1.0,50,two_speed,249,1.0006715136064634,1.9976201952158839,0.5355109946629522,0.002377234755647981,0,0.04621863212603313,0.025020165950991213
1.0,0.5,4.0,4.0,0.01,0.02,1.0,50,two_speed,250,1.0001166009970817,2.000036441405185,0.5291646360265743,0.0020012444325807487,0,0.03875408970794889,0.024642833042889833
1.0,0.5,4.0,4.0,0.01,0.02,1.0,50,two_speed,251,1.000194604525609,1.9909333982478534,0.5231341869289692,0.002831623316657848,0,0.03441781214695865,0.0248548329109326
1.0,0.5,4.0,4.0,0.01,0.02,1.0,50,two_speed,252,1.00038515011301,2.021980959298477,0.5324465403621201,0.0017370045430818257,0,0.0489923859677206,0.02499020891264081
1.0,0.5,4.0,4.0,0.01,0.02,1.0,50,two_speed,253,1.000257089572558,1.9907337758687205,0.5197371164121264,0.0024345628589201493,0,0.02982329580256325,0.0249347920762375
1.0,0.5,4.0,4.0,0.01,0.02,1.0,50,two_speed,254,1.0000331150034176,1.996934363565968,0.5246683385768276,0.0018007046119053384,0,0.03326135318626602,0.024623541976325214
1.0,0.5,4.0,4.0,0.01,0.02,1.0,50,two_speed,255,1.0003787548468144,2.0008040710947737,0.5268659637038047,0.0021840294394200946,0,0.03583644829229173,0.03629916696809232
1.0,0.5,4.0,4.0,0.01,0.02,1.0,50,two_speed,256,1.0005627397979933,1.9888595956899884,0.5307070522692414,0.003082140682346871,0,0.04358923952510904,0.02594858396332711
1.0,0.5,4.0,4.0,0.01,0.02,1.0,50,two_speed,257,1.0004632553957957,2.009476874257271,0.5300176940769119,0.002220023105114813,0,0.04085478635132317,0.02468708297237754
1.0,0.5,4.0,4.0,0.01,0.02,1.0,50,two_speed,258,1.0000679881842847,1.998245713621754,0.5256765713874073,0.0014840626798905303,0,0.03396346877905368,0.02611008402891457
1.0,0.5,4.0,4.0,0.01,0.02,1.0,50,two_speed,259,1.0004928894067433,1.991877322243527,0.5281268863511629,0.0028770260924879543,0,0.03941788463322685,0.025640667066909373
1.0,0.5,4.0,4.0,0.01,0.02,1.0,50,two_speed,260,1.000255359741407,2.010798315397505,0.5286727648965086,0.0027593300867777785,0,0.04110477165599019,0.024720042012631893
1.0,0.5,4.0,4.0,0.01,0.02,1.0,50,two_speed,261,1.0002277969566173,1.9978792122913456,0.5247407614996634,0.002313911099914953,0,0.03374341770218454,0.024986375006847084
1.0,0.5,4.0,4.0,0.01,0.02,1.0,50,two_speed,262,1.000245010765369,2.004702026830492,0.5312654850817634,0.003970263717533357,0,0.044753246249282314,0.024558458011597395
1.0,0.5,4.0,4.0,0.01,0.02,1.0,50,two_speed,263,1.0004817903228893,1.9964994540140968,0.5353708334743764,0.0022580668467126965,0,0.046198707963393,0.024743290967307985
1.0,0.5,4.0,4.0,0.01,0.02,1.0,50,two_speed,264,1.0003262425645592,1.997593074654379,0.5256361077350017,0.0022944346325229244,0,0.034649050762084806,0.024893000023439527
1.0,0.5,4.0,4.0,0.01,0.02,1.0,50,two_speed,265,1.0002456293467104,1.9885638883978263,0.524678367207162,0.0018284444763749957,0,0.03526393939752599,0.026166959083639085
1.0,0.5,4.0,4.0,0.01,0.02,1.0,50,two_speed,266,1.000382882356553,2.0100822885328986,0.5290529979574385,0.0017836031390789132,0,0.039498156662659226,0.02642829203978181
1.0,0.5,4.0,4.0,0.01,0.02,1.0,50,two_speed,267,1.0002642280691338,1.9960383905088555,0.5203265850636338,0.0021601906332977135,0,0.028419434765479434,0.02457308303564787
1.0,0.5,4.0,4.0,0.01,0.02,1.0,50,two_speed,268,1.0000767980551275,1.983982423936363,0.5202587512934438,0.002425555493207949,0,0.034121688221857106,0.02456533396616578
1.0,0.5,4.0,4.0,0.01,0.02,1.0,50,two_speed,269,1.0002599872325344,2.017161233037031,0.5346602569881768,0.0015282119076070282,0,0.04893133389165005,0.024985291995108128
1.0,0.5,4.0,4.0,0.01,0.02,1.0,50,two_speed,270,1.000355744200454,1.9941528262594863,0.5190970331450484,0.002672822553182588,0,0.02830151065690024,0.02436787507031113
1.0,0.5,4.0,4.0,0.01,0.02,1.0,50,two_speed,271,1.000355094380626,2.0334007090778328,0.5318137629896067,0.0022102354453921048,0,0.056411573178306015,0.025743957958184183
1.0,0.5,4.0,4.0,0.01,0.02,1.0,50,two_speed,272,1.0007286713408294,2.0006179621757414,0.5277015669374777,0.0032313483313103067,0,0.038178948308107905,0.02498104202095419
1.0,0.5,4.0,4.0,0.01,0.02,1.0,50,two_speed,273,1.0006604428813985,1.9787219208110391,0.5388018104718288,0.0025238174369314995,0,0.05586410035853595,0.024605499929748476
1.0,0.5,4.0,4.0,0.01,0.02,1.0,50,two_speed,274,1.000154440651227,1.983486194744578,0.5274224290806685,0.0020656120683205286,0,0.041230438232988165,0.024853375041857362
1.0,0.5,4.0,4.0,0.01,0.02,1.0,50,two_speed,275,1.0003075168848314,1.9951682688283812,0.5287862147792771,0.001556427011955697,0,0.037859852338835626,0.024380624992772937
1.0,0.5,4.0,4.0,0.01,0.02,1.0,50,two_speed,276,1.0003099540453109,2.0140495111857715,0.5209464270721722,0.0031480033302554848,0,0.03466947587792609,0.02465091599151492
1.0,0.5,4.0,4.0,0.01,0.02,1.0,50,two_speed,277,1.0004681811917446,1.9983207132627947,0.5252574844838039,0.0023107640280578207,0,0.03387453127688779,0.024485624977387488
1.0,0.5,4.0,4.0,0.01,0.02,1.0,50,two_speed,278,1.0003453617489788,2.00084487332397,0.5344400223164755,0.0017306222018341217,0,0.04467856896047219,0.024636332993395627
1.0,0.5,4.0,4.0,0.01,0.02,1.0,50,two_speed,279,1.0000848460258525,1.9906185269479044,0.5215878157694968,0.0016595972492910176,0,0.030917917858440346,0.02498708397615701
1.0,0.5,4.0,4.0,0.01,0.02,1.0,50,two_speed,280,1.000027900487919,1.980550116070236,0.5252295948703262,0.0017016745125614401,0,0.04028824012050829,0.027001374983228743
1.0,0.5,4.0,4.0,0.01,0.02,1.0,50,two_speed,281,1.0000647196899946,2.0016816532727466,0.5212729364304075,0.0018456125708226998,0,0.02902857313549577,0.02554704190697521
1.0,0.5,4.0,4.0,0.01,0.02,1.0,50,two_speed,282,1.0006410241320456,1.989560444036154,0.5281664673973061,0.0029158360711903936,0,0.03992389268809557,0.024704499985091388
1.0,0.5,4.0,4.0,0.01,0.02,1.0,50,two_speed,283,1.0006737814649334,2.001839515515213,0.5356669807630546,0.002390959295917266,0,0.04643905176316593,0.024402207927778363
1.0,0.5,4.0,4.0,0.01,0.02,1.0,50,two_speed,284,1.0001814272405083,2.0032679020883624,0.5245815154037601,0.002050458268377902,0,0.033225746014895634,0.025190832908265293
1.0,0.5,4.0,4.0,0.01,0.02,1.0,50,two_speed,285,1.0004213349238724,1.9947449002764772,0.5279708663059622,0.00250568079276732,0,0.03792837468464582,0.024830957991071045
1.0,0.5,4.0,4.0,0.01,0.02,1.0,50,two_speed,286,1.000461380406648,2.001399752673504,0.5342569125956085,0.003062481345260314,0,0.045943562582740786,0.024530917056836188
1.0,0.5,4.0,4.0,0.01,0.02,1.0,50,two_speed,287,1.0004814125553398,2.006801718898459,0.5267250140427878,0.002345724110607732,0,0.036492905617227796,0.024956915993243456
1.0,0.5,4.0,4.0,0.01,0.02,1.0,50,two_speed,288,1.0003290563496492,2.006649805354824,0.5316115415795453,0.0015754574501512062,0,0.041622781434127246,0.024935583001933992
1.0,0.5,4.0,4.0,0.01,0.02,1.0,50,two_speed,289,1.0002633054586205,1.9933202921548938,0.5164691848297069,0.0014894584312927506,0,0.023414419409619566,0.02459970908239484
1.0,0.5,4.0,4.0,0.01,0.02,1.0,50,two_speed,290,0.999981406700979,2.020749048688959,0.5291055526388654,0.0017863663044731149,0,0.045234622383751914,0.024616208975203335
1.0,0.5,4.0,4.0,0.01,0.02,1.0,50,two_speed,291,1.0003810988175497,2.0000347056553056,0.5369515260070074,0.002118528357185202,0,0.04810256144727168,0.025037082959897816
1.0,0.5,4.0,4.0,0.01,0.02,1.0,50,two_speed,292,1.0002319703191813,1.9969940240777857,0.5206387272486603,0.0022105798411090984,0,0.02874047545082865,0.02478666603565216
1.0,0.5,4.0,4.0,0.01,0.02,1.0,50,two_speed,293,1.0005292254428813,1.9962568289594453,0.5300010769771702,0.002876600797557719,0,0.040646459671576526,0.02478320908267051
1.0,0.5,4.0,4.0,0.01,0.02,1.0,50,two_speed,294,1.0001772395776427,2.0026119179210786,0.5263681953909581,0.0019525576923390537,0,0.03529287786964548,0.02443450002465397
1.0,0.5,4.0,4.0,0.01,0.02,1.0,50,two_speed,295,1.0003152704766918,1.9870543535266707,0.526754924008619,0.002350319602073287,0,0.03869263538698937,0.024391749990172684
1.0,0.5,4.0,4.0,0.01,0.02,1.0,50,two_speed,296,1.0002503255053887,2.003557710667501,0.5180463142531784,0.001583754049191903,0,0.024618496541384,0.02516275004018098
1.0,0.5,4.0,4.0,0.01,0.02,1.0,50,two_speed,297,1.0007005701894045,2.0032400179351186,0.5365488949964186,0.0030744829069068716,0,0.04859537083565389,0.025235415901988745
1.0,0.5,4.0,4.0,0.01,0.02,1.0,50,two_speed,298,1.0001648995443233,1.985345832401399,0.5299183783495426,0.002259469144404257,0,0.04336758293841217,0.02449158299714327
1.0,0.5,4.0,4.0,0.01,0.02,1.0,50,two_speed,299,1.0001711053616171,1.9954897896456822,0.5225579088395539,0.0012915731384720104,0,0.030060045894847884,0.024583791033364832
1.0,0.5,4.0,4.0,0.01,0.02,1.0,50,two_speed,300,1.0002461397836864,1.991429784532959,0.5311598995141664,0.0017971611359053113,0,0.041923638969435094,0.024405500036664307
1.0,0.5,4.0,4.0,0.01,0.02,1.0,50,two_speed,301,1.0001356261650556,1.9949282795363665,0.5182322495969516,0.0011008251830847133,0,0.024706086162914392,0.024756999919191003
1.0,0.5,4.0,4.0,0.01,0.02,1.0,50,two_speed,302,1.0002427552740483,1.9928197445281577,0.5168578607152432,0.0028780218101324647,0,0.026941002589091337,0.025203041965141892
1.0,0.5,4.0,4.0,0.01,0.02,1.0,50,two_speed,303,1.0002385111143313,2.0037434554171556,0.5270345509266663,0.0017114024283312122,0,0.03577136835592795,0.024780499981716275
1.0,0.5,4.0,4.0,0.01,0.02,1.0,50,two_speed,304,1.0003141391723316,1.9997066171988478,0.5291275331004521,0.0017421336997188986,0,0.03803318917413872,0.024969541933387518
1.0,0.5,4.0,4.0,0.01,0.02,1.0,50,two_speed,305,1.0000913302905297,2.004394409445941,0.5268434502339397,0.0027981609963671442,0,0.03753273953366048,0.02488145907409489
1.0,0.5,4.0,4.0,0.01,0.02,1.0,50,two_speed,306,1.00054340511586,2.003601695111219,0.5340179141944559,0.004370000411935852,0,0.048415914688592104,0.024973000050522387
1.0,0.5,4.0,4.0,0.01,0.02,1.0,50,two_speed,307,1.0001216924161636,2.015273239327451,0.5205850484256426,0.00205361658031733,0,0.03336621912685169,0.024990833015181124
1.0,0.5,4.0,4.0,0.01,0.02,1.0,50,two_speed,308,1.0003469886888001,2.014705141617096,0.5220005257920198,0.0018318311107808612,0,0.033811745785292724,0.024717666092328727
1.0,0.5,4.0,4.0,0.01,0.02,1.0,50,two_speed,309,1.0000844636501895,1.998900390242003,0.5106593815075191,0.0022440913531229733,0,0.017619049779584672,0.024701250018551946
1.0,0.5,4.0,4.0,0.01,0.02,1.0,50,two_speed,310,1.000251860414626,1.9872263977130344,0.5261295895387602,0.0014648958269995916,0,0.0371259561489799,0.0249379170127213
1.0,0.5,4.0,4.0,0.01,0.02,1.0,50,two_speed,311,1.0005164211056194,2.0088203465710026,0.5275371226630347,0.003374808460835482,0,0.0396315285041939,0.025379167054779828
1.0,0.5,4.0,4.0,0.01,0.02,1.0,50,two_speed,312,1.000654567266655,2.006357312862226,0.5324849539412012,0.0025258325892627337,0,0.04334214408925581,0.02477658400312066
1.0,0.5,4.0,4.0,0.01,0.02,1.0,50,two_speed,313,1.000325777335488,2.0085965620277357,0.5153394141574148,0.0030011927450629573,0,0.02623881449504638,0.02501345903147012
1.0,0.5,4.0,4.0,0.01,0.02,1.0,50,two_speed,314,1.000509308638892,2.0079052407110964,0.529954650638121,0.0021930264917524073,0,0.04035509125204257,0.024821041035465896
1.0,0.5,4.0,4.0,0.01,0.02,1.0,50,two_speed,315,1.0003832157466959,2.0029741799656064,0.5320080285420954,0.0019758669140425133,0,0.04199060918645487,0.026020165998488665
1.0,0.5,4.0,4.0,0.01,0.02,1.0,50,two_speed,316,1.0001067514364261,1.9998154303465199,0.5225239903592873,0.0012518568245416444,0,0.029664210627031066,0.02497604105155915
1.0,0.5,4.0,4.0,0.01,0.02,1.0,50,two_speed,317,1.0001595903304874,2.003016273429502,0.5195605576459951,0.0018903683962065987,0,0.026915696560967536,0.024850082932971418
1.0,0.5,4.0,4.0,0.01,0.02,1.0,50,two_speed,318,1.0002822796836912,1.9941770084229082,0.5242374405142912,0.001694457874110921,0,0.03265360933785417,0.025245332974009216
1.0,0.5,4.0,4.0,0.01,0.02,1.0,50,two_speed,319,1.000337792620738,2.002435127467407,0.5269205313385945,0.0037806484683301222,0,0.03905848152105914,0.02502929198089987
1.0,0.5,4.0,4.0,0.01,0.02,1.0,50,two_speed,320,1.0004539688831677,2.014115899584049,0.5231340653499005,0.0017109684698927328,0,0.03434856623322549,0.02522404200863093
1.0,0.5,4.0,4.0,0.01,0.02,1.0,50,two_speed,321,1.000221608620438,2.0019423077986778,0.5207612637518786,0.0017697274310176563,0,0.028036636949679606,0.025948750087991357
1.0,0.5,4.0,4.0,0.01,0.02,1.0,50,two_speed,322,1.0004458260332174,2.0059021541842887,0.5257128788387645,0.0020219674265993656,0,0.034638539351712454,0.02519449999090284
1.0,0.5,4.0,4.0,0.01,0.02,1.0,50,two_speed,323,1.000307870241151,1.9985556175439567,0.52624056894601,0.002581171641834803,0,0.035799340123642005,0.025092707946896553
1.0,0.5,4.0,4.0,0.01,0.02,1.0,50,two_speed,324,1.000675396926311,2.008914617292408,0.5326042011997111,0.002287718712760689,0,0.04363493359394328,0.02457941707689315
1.0,0.5,4.0,4.0,0.01,0.02,1.0,50,two_speed,325,1.000360650937106,2.008054660642522,0.5199466503240932,0.0019221161750925544,0,0.02843223902921026,0.025480042095296085
1.0,0.5,4.0,4.0,0.01,0.02,1.0,50,two_speed,326,1.0003305026047773,2.000994586773806,0.527664169896965,0.0021650001130620313,0,0.03675417576544431,0.025332916993647814
1.0,0.5,4.0,4.0,0.01,0.02,1.0,50,two_speed,327,1.0003221616264881,1.9972047459555182,0.5286548780696738,0.0025985158927184374,0,0.03882471519332393,0.024825291940942407
1.0,0.5,4.0,4.0,0.01,0.02,1.0,50,two_speed,328,1.0001462529201852,1.9997725085422275,0.526175078640411,0.0017183202418417046,0,0.03468601006381407,0.025029166019521654
1.0,0.5,4.0,4.0,0.01,0.02,1.0,50,two_speed,329,1.0000969104126451,1.9912081524305314,0.5186667100227307,0.001778928659546227,0,0.027430764235144463,0.02523754199501127
1.0,0.5,4.0,4.0,0.01,0.02,1.0,50,two_speed,330,1.00008588434256,1.9856258827332562,0.5213287330276688,0.0026208352210365217,0,0.034682452648653835,0.025299166911281645
1.0,0.5,4.0,4.0,0.01,0.02,1.0,50,two_speed,331,1.0001914767331617,2.0065277843153697,0.5280802518181493,0.002031365129959268,0,0.03813606237849803,0.025175750022754073
1.0,0.5,4.0,4.0,0.01,0.02,1.0,50,two_speed,332,1.0002508297322552,2.0069754289513897,0.525635116082526,0.002402838629563139,0,0.03573779344186321,0.024446750059723854
1.0,0.5,4.0,4.0,0.01,0.02,1.0,50,two_speed,333,1.0003797227966233,2.0037879644115364,0.5200921823765008,0.0028035894169386693,0,0.029228799403822038,0.02427299995906651
1.0,0.5,4.0,4.0,0.01,0.02,1.0,50,two_speed,334,1.000574874055001,2.0108975115036984,0.534369855441927,0.0030484148063426187,0,0.04765177111045959,0.025028083007782698
1.0,0.5,4.0,4.0,0.01,0.02,1.0,50,two_speed,335,1.0004447113176234,1.9870036702139215,0.5299559668351168,0.0036772822723460837,0,0.04471585961261303,0.025132040958851576
1.0,0.5,4.0,4.0,0.01,0.02,1.0,50,two_speed,336,1.0000640678087653,2.01750207122036,0.5263266358269688,0.001580360681311184,0,0.04018182531039091,0.02502529206685722
1.0,0.5,4.0,4.0,0.01,0.02,1.0,50,two_speed,337,1.0004345275706763,2.0019481919824953,0.5261909820437061,0.0023780576680937477,0,0.035213990676808714,0.024857875076122582
1.0,0.5,4.0,4.0,0.01,0.02,1.0,50,two_speed,338,1.0001124509946198,2.0019664505308548,0.5203324762177062,0.0019212306750344308,0,0.027924807441141855,0.02432291698642075
1.0,0.5,4.0,4.0,0.01,0.02,1.0,50,two_speed,339,1.0002818145774093,2.0012629391692225,0.5302256568484107,0.0023192214557410133,0,0.040248931723151596,0.02473641699180007
1.0,0.5,4.0,4.0,0.01,0.02,1.0,50,two_speed,340,1.0003135684117435,1.9926876653133954,0.5232137208451905,0.002938316154447454,0,0.03388607755336694,0.0246854160213843
1.0,0.5,4.0,4.0,0.01,0.02,1.0,50,two_speed,341,1.0005445215571969,1.9845138309216215,0.5220680133000194,0.002409931545372359,0,0.03493276548093144,0.024894791073165834
1.0,0.5,4.0,4.0,0.01,0.02,1.0,50,two_speed,342,1.0001489418433243,1.9959196085655333,0.5283248314248616,0.0016085550751165692,0,0.03740211834266365,0.02487270801793784
1.0,0.5,4.0,4.0,0.01,0.02,1.0,50,two_speed,343,1.0003937229446327,1.993621675436191,0.5314622409069425,0.0020631056075669113,0,0.04185110225700331,0.025117582990787923
1.0,0.5,4.0,4.0,0.01,0.02,1.0,50,two_speed,344,1.0004123713253035,1.9796514480861038,0.5287748570659349,0.002470110459109071,0,0.045004653910814534,0.02437116694636643
1.0,0.5,4.0,4.0,0.01,0.02,1.0,50,two_speed,345,1.0002775101792842,2.014987523908407,0.5324702689894601,0.0017147751825786833,0,0.04549190037547439,0.024922832963056862
1.0,0.5,4.0,4.0,0.01,0.02,1.0,50,two_speed,346,1.0002342746063637,1.990853058101247,0.5172439631176565,0.0016780301821790506,0,0.025689203204018934,0.025818750029429793
1.0,0.5,4.0,4.0,0.01,0.02,1.0,50,two_speed,347,1.0007361726895594,1.9983068421184298,0.5260256215854108,0.0033939881391223314,0,0.03664504921653348,0.024350458988919854
1.0,0.5,4.0,4.0,0.01,0.02,1.0,50,two_speed,348,1.0003368657504004,1.9877016051330982,0.5194586052339375,0.002605601590150069,0,0.031215281994240417,0.025032583042047918
1.0,0.5,4.0,4.0,0.01,0.02,1.0,50,two_speed,349,1.0002508807893595,1.997649099425266,0.5243883033109757,0.0017504240586021587,0,0.03246506927398294,0.02529779204633087
1.0,0.5,4.0,4.0,0.01,0.02,1.0,50,two_speed,350,1.0002460947928324,2.0038037903698793,0.5383727042803371,0.002550792264293582,0,0.050836833905178305,0.02533462503924966
1.0,0.5,4.0,4.0,0.01,0.02,1.0,50,two_speed,351,1.0005329747586063,1.9959338680325545,0.5334314690417228,0.002777118888021807,0,0.044605073586815466,0.025939707993529737
1.0,0.5,4.0,4.0,0.01,0.02,1.0,50,two_speed,352,1.000280953337096,1.9886469476306767,0.5260203271919351,0.0017711477201688237,0,0.03659540210925076,0.02509474998805672
1.0,0.5,4.0,4.0,0.01,0.02,1.0,50,two_speed,353,1.0007689433508218,1.9982870926091196,0.5336622939658145,0.0029777335275351347,0,0.04470157550189825,0.024561083992011845
1.0,0.5,4.0,4.0,0.01,0.02,1.0,50,two_speed,354,1.0003514001738976,1.9816423977454438,0.5277497952901332,0.0023502732793115456,0,0.042587805460814275,0.02478916698601097
1.0,0.5,4.0,4.0,0.01,0.02,1.0,50,two_speed,355,1.0002251641243678,2.0017038790106416,0.5282772813446928,0.0022907977235483968,0,0.03791320435356878,0.024546333006583154
1.0,0.5,4.0,4.0,0.01,0.02,1.0,50,two_speed,356,1.0008716498126282,2.0029887054444355,0.533802975661398,0.003915806460594923,0,0.04664973821029011,0.024895999929867685
1.0,0.5,4.0,4.0,0.01,0.02,1.0,50,two_speed,357,1.0002169069152116,1.9965314891809294,0.529091620422515,0.0017094217154970685,0,0.03839994450007846,0.02483583299908787
1.0,0.5,4.0,4.0,0.01,0.02,1.0,50,two_speed,358,0.9998760546054145,2.00774214100959,0.5185685802738275,0.002315610302211551,0,0.02836033735804944,0.024893916910514235
1.0,0.5,4.0,4.0,0.01,0.02,1.0,50,two_speed,359,1.0001247048097464,2.0206146964396607,0.5295034042917863,0.001218396846183576,0,0.044980962247727505,0.024697541957721114
1.0,0.5,4.0,4.0,0.01,0.02,1.0,50,two_speed,360,0.9998436380172024,1.9986364831428731,0.5170890469100096,0.0017732720286367173,0,0.024201017809361916,0.024913583998568356
1.0,0.5,4.0,4.0,0.01,0.02,1.0,50,two_speed,361,1.0004140439852167,2.0011508155241953,0.5255629743576867,0.0021341432519894855,0,0.03402911285738093,0.024896624963730574
1.0,0.5,4.0,4.0,0.01,0.02,1.0,50,two_speed,362,0.9999386315033861,2.0060326175224956,0.5223078171198438,0.001733629355237852,0,0.030999601023474613,0.02448091597761959
1.0,0.5,4.0,4.0,0.01,0.02,1.0,50,two_speed,363,1.0001859150495391,2.01054341596863,0.5241537208623883,0.0014475064280963085,0,0.033923922136432076,0.024715583072975278
1.0,0.5,4.0,4.0,0.01,0.02,1.0,50,two_speed,364,1.0003789659429176,2.0054092785239277,0.5347160736069051,0.0019566383267966493,0,0.0455805962508772,0.025725999963469803
1.0,0.5,4.0,4.0,0.01,0.02,1.0,50,two_speed,365,1.0002435526730444,2.002834325958441,0.5284511457000531,0.00180379406742959,0,0.037508710163886474,0.02534520800691098
1.0,0.5,4.0,4.0,0.01,0.02,1.0,50,two_speed,366,1.0002516408485134,1.9984170237119965,0.5287220424343145,0.001472162780042006,0,0.0374445899690365,0.02445858297869563
1.0,0.5,4.0,4.0,0.01,0.02,1.0,50,two_speed,367,1.0002513007072409,2.0016589257576474,0.5281553354786316,0.0015737913431926821,0,0.03679821399720926,0.02479295793455094
1.0,0.5,4.0,4.0,0.01,0.02,1.0,50,two_speed,368,1.0004443036831563,1.9877699217814588,0.5262799744368271,0.002649740727998758,0,0.03842789721956493,0.02501383307389915
1.0,0.5,4.0,4.0,0.01,0.02,1.0,50,two_speed,369,1.0003096209966933,1.984534085120608,0.5353628453566202,0.001566463644827376,0,0.04896414609470052,0.024481584085151553
1.0,0.5,4.0,4.0,0.01,0.02,1.0,50,two_speed,370,1.000483070571712,2.0058984539775193,0.528240754448277,0.0024010589016719955,0,0.038166188256630644,0.024922583950683475
1.0,0.5,4.0,4.0,0.01,0.02,1.0,50,two_speed,371,1.0007662496472227,1.991893694260058,0.5325428595656295,0.0035696033617365515,0,0.04544144800688788,0.025047290953807533
1.0,0.5,4.0,4.0,0.01,0.02,1.0,50,two_speed,372,1.0002822371638407,2.008075838214387,0.5281504183405863,0.0022321363033337392,0,0.03871991631473244,0.025112582952715456
1.0,0.5,4.0,4.0,0.01,0.02,1.0,50,two_speed,373,1.0002001366357922,1.9901997879688345,0.5238465151508982,0.0019711620627852196,0,0.03385955610685666,0.025716166011989117
1.0,0.5,4.0,4.0,0.01,0.02,1.0,50,two_speed,374,1.0002745888615092,2.006887390861233,0.5291244291762448,0.001903314478976657,0,0.03919944051597304,0.02522216597571969
1.0,0.5,4.0,4.0,0.01,0.02,1.0,50,two_speed,375,1.0003473201778403,1.9923225642808882,0.5207511392032862,0.0022149021761065303,0,0.029712581413144774,0.02434237499255687
1.0,0.5,4.0,4.0,0.01,0.02,1.0,50,two_speed,376,1.000435261173535,1.995284355018387,0.5233737408889253,0.0027077968161876736,0,0.03283962600797995,0.02479433303233236
1.0,0.5,4.0,4.0,0.01,0.02,1.0,50,two_speed,377,1.000116519137447,1.9850202807328354,0.5231558344648587,0.0025327598262041315,0,0.03639307719058152,0.024838624987751245
1.0,0.5,4.0,4.0,0.01,0.02,1.0,50,two_speed,378,1.0003416909688114,2.0040312419112185,0.5317682185325119,0.0023145070381812034,0,0.04221083545454603,0.024569166940636933
1.0,0.5,4.0,4.0,0.01,0.02,1.0,50,two_speed,379,1.000421742440474,2.003845421114512,0.5347242185046417,0.0021124613166770803,0,0.04549685379573363,0.02469925000332296
1.0,0.5,4.0,4.0,0.01,0.02,1.0,50,two_speed,380,1.000075063232518,2.0002379069927287,0.5253968271475552,0.0016285214264426136,0,0.03377930551843177,0.02495975000783801
1.0,0.5,4.0,4.0,0.01,0.02,1.0,50,two_speed,381,1.000748637601404,1.989494893912776,0.5301049777515621,0.002690271472510852,0,0.04172776376000757,0.02490545902401209
1.0,0.5,4.0,4.0,0.01,0.02,1.0,50,two_speed,382,1.0006846991410836,2.0119277413147993,0.5252498251653898,0.0025841483225409684,0,0.036711050190821486,0.02510441595222801
1.0,0.5,4.0,4.0,0.01,0.02,1.0,50,two_speed,383,0.9997389846166032,2.0145388943391858,0.5194712611280011,0.0019023110291822192,0,0.03205455419924177,0.024638583068735898
1.0,0.5,4.0,4.0,0.01,0.02,1.0,50,two_speed,384,1.000455917551387,1.999624686241519,0.5348245944692226,0.00231398981946372,0,0.045496524753981304,0.0245363749563694
1.0,0.5,4.0,4.0,0.01,0.02,1.0,50,two_speed,385,1.0002607986431273,1.986414777838681,0.5223890916107559,0.001722760053706643,0,0.03365601943423819,0.025391249917447567
1.0,0.5,4.0,4.0,0.01,0.02,1.0,50,two_speed,386,1.0001944049319824,2.0005342022252055,0.5217245903725476,0.0021787158695938617,0,0.02986009540329448,0.025094041018746793
1.0,0.5,4.0,4.0,0.01,0.02,1.0,50,two_speed,387,1.0007126790531773,2.0054894330421975,0.5265269422814535,0.00254048816990116,0,0.03598765561236008,0.024661417002789676
1.0,0.5,4.0,4.0,0.01,0.02,1.0,50,two_speed,388,0.9997024970370153,1.995589115803955,0.5119024900466093,0.0021667681155719733,0,0.020011297080350536,0.024597832933068275
1.0,0.5,4.0,4.0,0.01,0.02,1.0,50,two_speed,389,1.00028975543465,1.9928558782396013,0.5309990729465908,0.0016266214182963405,0,0.041107492226517744,0.025024125003255904
1.0,0.5,4.0,4.0,0.01,0.02,1.0,50,two_speed,390,1.0002532934965205,2.003943578508543,0.52855182441739,0.0018837821100788335,0,0.03779749223645897,0.02507120801601559
1.0,0.5,4.0,4.0,0.01,0.02,1.0,50,two_speed,391,1.0002950041650203,1.997565320361436,0.5205970442128385,0.0018412487128597274,0,0.027842330034154535,0.024836499942466617
1.0,0.5,4.0,4.0,0.01,0.02,1.0,50,two_speed,392,1.0003868191731753,1.9794161741498526,0.5278225673088598,0.001524031239828196,0,0.042980037029629256,0.024800291983410716
1.0,0.5,4.0,4.0,0.01,0.02,1.0,50,two_speed,393,1.0005580525090236,1.9978831943449213,0.5388839130439854,0.0025360464351461107,0,0.05076351420608849,0.024901916040107608
1.0,0.5,4.0,4.0,0.01,0.02,1.0,50,two_speed,394,1.0005045283503082,2.0117369024999983,0.5241398111108688,0.0025501399873085286,0,0.035551572555848066,0.0244519169209525
1.0,0.5,4.0,4.0,0.01,0.02,1.0,50,two_speed,395,0.9998639506513092,2.0042028425619587,0.5218718197969828,0.001615690155420588,0,0.030067754059138453,0.02492804208304733
1.0,0.5,4.0,4.0,0.01,0.02,1.0,50,two_speed,396,1.0003519500436242,1.981283903747408,0.525661206339567,0.001785553048481214,0,0.039821628829959474,0.025464209029451013
1.0,0.5,4.0,4.0,0.01,0.02,1.0,50,two_speed,397,1.0001525264924098,2.0015889565271108,0.5266287797001162,0.0015260939866059732,0,0.03498696457698937,0.024725041002966464
1.0,0.5,4.0,4.0,0.01,0.02,1.0,50,two_speed,398,1.0003578661875485,2.004500657410524,0.5193923135136821,0.0020720291573976994,0,0.027091956067602056,0.024950916995294392
1.0,0.5,4.0,4.0,0.01,0.02,1.0,50,two_speed,399,1.0001259513882381,2.0088799663138515,0.5250660811638536,0.0018001730634328906,0,0.034936546373487795,0.025047375005669892
